{
    "instrumentation": {
        "_type": "ResponseInstrumentation"
    }, 
    "_type": "Images", 
    "webSearchUrl": "https://www.bing.com/images/search?q=site:(thepaper.cn or chinadaily.com.cn or china.com.cn or chinanews.com or youth.cn or sina.com.cn or xinhuanet.com or cri.cn or 163.com or cankaoxiaoxi.com or cctv.com or ifeng.com or qq.com or takungpao.com or people.com.cn or southcn.com or southcn.com or cnr.cn or people.com.cn or cyol.com or bjnews.com.cn or gmw.cn or dahe.cn or xfrb.com.cn or cqnews.net or lifeweek.com.cn or cpd.com.cn or haiwainet.cn or yidianzixun.com or ftchinese.com or guancha.cn or zhcw.com or huanqiu.com or ihuawen.com or nytimes.com or flickr.com or quanjing.com or vcg.com or gettyimages.co.uk or paixin.com) 更 钱&FORM=OIIARP", 
    "value": [
        {
            "contentUrl": "http://n.sinaimg.cn/astro/transform/20160114/HxSa-fxnqriz9612763.jpg", 
            "insightsMetadata": {
                "pagesIncludingCount": 3, 
                "availableSizesCount": 3
            }, 
            "height": 300, 
            "accentColor": "487E83", 
            "hostPageDisplayUrl": "astro.sina.com.cn/xl/hl/2016-01-14/doc-ifxnqriy2841759.shtml", 
            "name": "婚恋心理：恋爱时更缺钱的3个真相(图)_新浪星座_新浪网", 
            "width": 450, 
            "imageInsightsToken": "ccid_a2ViRMkA*mid_D89FB44E52F7B3B985F9650BD24DCB589C6752FC*simid_608008501284439072*thid_OIP.a2ViRMkA02ZeqOz0VEZt4QHaE8", 
            "imageId": "D89FB44E52F7B3B985F9650BD24DCB589C6752FC", 
            "isFamilyFriendly": true, 
            "datePublished": "2018-11-02T07:23:00.0000000Z", 
            "encodingFormat": "jpeg", 
            "webSearchUrl": "https://www.bing.com/images/search?view=detailv2&FORM=OIIRPO&q=site%3a(thepaper.cn+or+chinadaily.com.cn+or+china.com.cn+or+chinanews.com+or+youth.cn+or+sina.com.cn+or+xinhuanet.com+or+cri.cn+or+163.com+or+cankaoxiaoxi.com+or+cctv.com+or+ifeng.com+or+qq.com+or+takungpao.com+or+people.com.cn+or+southcn.com+or+southcn.com+or+cnr.cn+or+people.com.cn+or+cyol.com+or+bjnews.com.cn+or+gmw.cn+or+dahe.cn+or+xfrb.com.cn+or+cqnews.net+or+lifeweek.com.cn+or+cpd.com.cn+or+haiwainet.cn+or+yidianzixun.com+or+ftchinese.com+or+guancha.cn+or+zhcw.com+or+huanqiu.com+or+ihuawen.com+or+nytimes.com+or+flickr.com+or+quanjing.com+or+vcg.com+or+gettyimages.co.uk+or+paixin.com)+%e6%9b%b4+%e9%92%b1&id=D89FB44E52F7B3B985F9650BD24DCB589C6752FC&simid=608008501284439072", 
            "hostPageUrl": "http://astro.sina.com.cn/xl/hl/2016-01-14/doc-ifxnqriy2841759.shtml", 
            "thumbnailUrl": "https://tse1.mm.bing.net/th?id=OIP.a2ViRMkA02ZeqOz0VEZt4QHaE8&pid=Api", 
            "thumbnail": {
                "width": 474, 
                "height": 316
            }, 
            "contentSize": "20893 B"
        }, 
        {
            "contentUrl": "http://img1.gtimg.com/astro/pics/hv1/84/139/2264/147252129.jpg", 
            "insightsMetadata": {
                "pagesIncludingCount": 1, 
                "availableSizesCount": 1
            }, 
            "height": 300, 
            "accentColor": "66AE17", 
            "hostPageDisplayUrl": "astro.fashion.qq.com/a/20180226/002197.htm", 
            "name": "2018你能挣更多钱吗_星座_腾讯网", 
            "width": 400, 
            "imageInsightsToken": "ccid_apht8kAF*mid_0ADAF9A44A6F4A1FF06835BCC418B046CACB3C39*simid_608025045489944412*thid_OIP.apht8kAF9Ns9UIwrUXR9xQAAAA", 
            "imageId": "0ADAF9A44A6F4A1FF06835BCC418B046CACB3C39", 
            "isFamilyFriendly": true, 
            "datePublished": "2018-02-27T01:38:00.0000000Z", 
            "encodingFormat": "jpeg", 
            "webSearchUrl": "https://www.bing.com/images/search?view=detailv2&FORM=OIIRPO&q=site%3a(thepaper.cn+or+chinadaily.com.cn+or+china.com.cn+or+chinanews.com+or+youth.cn+or+sina.com.cn+or+xinhuanet.com+or+cri.cn+or+163.com+or+cankaoxiaoxi.com+or+cctv.com+or+ifeng.com+or+qq.com+or+takungpao.com+or+people.com.cn+or+southcn.com+or+southcn.com+or+cnr.cn+or+people.com.cn+or+cyol.com+or+bjnews.com.cn+or+gmw.cn+or+dahe.cn+or+xfrb.com.cn+or+cqnews.net+or+lifeweek.com.cn+or+cpd.com.cn+or+haiwainet.cn+or+yidianzixun.com+or+ftchinese.com+or+guancha.cn+or+zhcw.com+or+huanqiu.com+or+ihuawen.com+or+nytimes.com+or+flickr.com+or+quanjing.com+or+vcg.com+or+gettyimages.co.uk+or+paixin.com)+%e6%9b%b4+%e9%92%b1&id=0ADAF9A44A6F4A1FF06835BCC418B046CACB3C39&simid=608025045489944412", 
            "hostPageUrl": "http://astro.fashion.qq.com/a/20180226/002197.htm", 
            "thumbnailUrl": "https://tse1.mm.bing.net/th?id=OIP.apht8kAF9Ns9UIwrUXR9xQAAAA&pid=Api", 
            "thumbnail": {
                "width": 400, 
                "height": 300
            }, 
            "contentSize": "23350 B"
        }, 
        {
            "contentUrl": "http://img1.gtimg.com/astro/pics/hv1/160/231/689/44861290.jpg", 
            "insightsMetadata": {
                "pagesIncludingCount": 1, 
                "availableSizesCount": 1
            }, 
            "height": 300, 
            "accentColor": "AA2128", 
            "hostPageDisplayUrl": "astro.lady.qq.com/a/20101222/000008.htm", 
            "name": "要爱更要钱的星座女_星座_腾讯网", 
            "width": 400, 
            "imageInsightsToken": "ccid_WugJiB00*mid_B57DD6A6EC663CEF6EAF21760A58BA89B5641AD3*simid_608054538980164603*thid_OIP.WugJiB00087oonwYr-CyrQAAAA", 
            "imageId": "B57DD6A6EC663CEF6EAF21760A58BA89B5641AD3", 
            "isFamilyFriendly": false, 
            "datePublished": "2010-12-22T01:40:00.0000000Z", 
            "encodingFormat": "jpeg", 
            "webSearchUrl": "https://www.bing.com/images/search?view=detailv2&FORM=OIIRPO&q=site%3a(thepaper.cn+or+chinadaily.com.cn+or+china.com.cn+or+chinanews.com+or+youth.cn+or+sina.com.cn+or+xinhuanet.com+or+cri.cn+or+163.com+or+cankaoxiaoxi.com+or+cctv.com+or+ifeng.com+or+qq.com+or+takungpao.com+or+people.com.cn+or+southcn.com+or+southcn.com+or+cnr.cn+or+people.com.cn+or+cyol.com+or+bjnews.com.cn+or+gmw.cn+or+dahe.cn+or+xfrb.com.cn+or+cqnews.net+or+lifeweek.com.cn+or+cpd.com.cn+or+haiwainet.cn+or+yidianzixun.com+or+ftchinese.com+or+guancha.cn+or+zhcw.com+or+huanqiu.com+or+ihuawen.com+or+nytimes.com+or+flickr.com+or+quanjing.com+or+vcg.com+or+gettyimages.co.uk+or+paixin.com)+%e6%9b%b4+%e9%92%b1&id=B57DD6A6EC663CEF6EAF21760A58BA89B5641AD3&simid=608054538980164603", 
            "hostPageUrl": "http://astro.lady.qq.com/a/20101222/000008.htm", 
            "thumbnailUrl": "https://tse2.explicit.bing.net/th?id=OIP.WugJiB00087oonwYr-CyrQAAAA&pid=Api", 
            "thumbnail": {
                "width": 400, 
                "height": 300
            }, 
            "contentSize": "58240 B"
        }, 
        {
            "contentUrl": "http://i2.sinaimg.cn/edu/2015/0715/U3649P42DT20150715162304.jpg", 
            "insightsMetadata": {
                "pagesIncludingCount": 11, 
                "availableSizesCount": 3
            }, 
            "height": 336, 
            "accentColor": "418A88", 
            "hostPageDisplayUrl": "edu.sina.com.cn/en/2015-07-15/162391077.shtml", 
            "name": "双语：屌丝没有春天 有钱更利于婚姻(组图)_新浪教育_新浪网", 
            "width": 510, 
            "imageInsightsToken": "ccid_hBCqzRxw*mid_BF6850667508E15DC0CD46E59E3FAED08BA3F51B*simid_607989221150491452*thid_OIP.hBCqzRxw8qczpj3EVXK8fQEsDF", 
            "imageId": "BF6850667508E15DC0CD46E59E3FAED08BA3F51B", 
            "isFamilyFriendly": true, 
            "datePublished": "2015-07-15T12:00:00.0000000Z", 
            "encodingFormat": "jpeg", 
            "webSearchUrl": "https://www.bing.com/images/search?view=detailv2&FORM=OIIRPO&q=site%3a(thepaper.cn+or+chinadaily.com.cn+or+china.com.cn+or+chinanews.com+or+youth.cn+or+sina.com.cn+or+xinhuanet.com+or+cri.cn+or+163.com+or+cankaoxiaoxi.com+or+cctv.com+or+ifeng.com+or+qq.com+or+takungpao.com+or+people.com.cn+or+southcn.com+or+southcn.com+or+cnr.cn+or+people.com.cn+or+cyol.com+or+bjnews.com.cn+or+gmw.cn+or+dahe.cn+or+xfrb.com.cn+or+cqnews.net+or+lifeweek.com.cn+or+cpd.com.cn+or+haiwainet.cn+or+yidianzixun.com+or+ftchinese.com+or+guancha.cn+or+zhcw.com+or+huanqiu.com+or+ihuawen.com+or+nytimes.com+or+flickr.com+or+quanjing.com+or+vcg.com+or+gettyimages.co.uk+or+paixin.com)+%e6%9b%b4+%e9%92%b1&id=BF6850667508E15DC0CD46E59E3FAED08BA3F51B&simid=607989221150491452", 
            "hostPageUrl": "http://edu.sina.com.cn/en/2015-07-15/162391077.shtml", 
            "thumbnailUrl": "https://tse4.mm.bing.net/th?id=OIP.hBCqzRxw8qczpj3EVXK8fQEsDF&pid=Api", 
            "thumbnail": {
                "width": 300, 
                "height": 197
            }, 
            "contentSize": "55055 B"
        }, 
        {
            "contentUrl": "http://img5.cache.netease.com/lady/2016/2/6/201602060925219e3cb_300.jpg", 
            "insightsMetadata": {
                "pagesIncludingCount": 2, 
                "availableSizesCount": 2
            }, 
            "height": 450, 
            "accentColor": "357C82", 
            "hostPageDisplayUrl": "lady.163.com/16/0214/00/BFOARU0800264IIU.html", 
            "name": "为什么说女人管钱更利于婚姻的幸福？_网易女人", 
            "width": 300, 
            "imageInsightsToken": "ccid_AKXIeA37*mid_FAF6A6A8903BC08E6131BF0150EC8F3B70CE8DC4*simid_608045824503711513*thid_OIP.AKXIeA37mK-1gq80IrH5hAAAAA", 
            "imageId": "FAF6A6A8903BC08E6131BF0150EC8F3B70CE8DC4", 
            "isFamilyFriendly": true, 
            "datePublished": "2016-02-14T10:02:00.0000000Z", 
            "encodingFormat": "jpeg", 
            "webSearchUrl": "https://www.bing.com/images/search?view=detailv2&FORM=OIIRPO&q=site%3a(thepaper.cn+or+chinadaily.com.cn+or+china.com.cn+or+chinanews.com+or+youth.cn+or+sina.com.cn+or+xinhuanet.com+or+cri.cn+or+163.com+or+cankaoxiaoxi.com+or+cctv.com+or+ifeng.com+or+qq.com+or+takungpao.com+or+people.com.cn+or+southcn.com+or+southcn.com+or+cnr.cn+or+people.com.cn+or+cyol.com+or+bjnews.com.cn+or+gmw.cn+or+dahe.cn+or+xfrb.com.cn+or+cqnews.net+or+lifeweek.com.cn+or+cpd.com.cn+or+haiwainet.cn+or+yidianzixun.com+or+ftchinese.com+or+guancha.cn+or+zhcw.com+or+huanqiu.com+or+ihuawen.com+or+nytimes.com+or+flickr.com+or+quanjing.com+or+vcg.com+or+gettyimages.co.uk+or+paixin.com)+%e6%9b%b4+%e9%92%b1&id=FAF6A6A8903BC08E6131BF0150EC8F3B70CE8DC4&simid=608045824503711513", 
            "hostPageUrl": "http://lady.163.com/16/0214/00/BFOARU0800264IIU.html", 
            "thumbnailUrl": "https://tse3.mm.bing.net/th?id=OIP.AKXIeA37mK-1gq80IrH5hAAAAA&pid=Api", 
            "thumbnail": {
                "width": 300, 
                "height": 450
            }, 
            "contentSize": "35106 B"
        }, 
        {
            "contentUrl": "http://i3.sinaimg.cn/edu/2015/0715/U3649P42DT20150715162305.jpg", 
            "insightsMetadata": {
                "pagesIncludingCount": 3, 
                "availableSizesCount": 2
            }, 
            "height": 337, 
            "accentColor": "09B692", 
            "hostPageDisplayUrl": "edu.sina.com.cn/en/2015-07-15/162391077.shtml", 
            "name": "双语：屌丝没有春天 有钱更利于婚姻(组图)_新浪教育_新浪网", 
            "width": 510, 
            "imageInsightsToken": "ccid_7K4xMDq5*mid_BF6850667508E15DC0CD49BCAC71299B0360D2D7*simid_608028876560011072*thid_OIP.7K4xMDq5BDidsBXIF9u2iAHaE5", 
            "imageId": "BF6850667508E15DC0CD49BCAC71299B0360D2D7", 
            "isFamilyFriendly": true, 
            "datePublished": "2015-07-15T12:00:00.0000000Z", 
            "encodingFormat": "jpeg", 
            "webSearchUrl": "https://www.bing.com/images/search?view=detailv2&FORM=OIIRPO&q=site%3a(thepaper.cn+or+chinadaily.com.cn+or+china.com.cn+or+chinanews.com+or+youth.cn+or+sina.com.cn+or+xinhuanet.com+or+cri.cn+or+163.com+or+cankaoxiaoxi.com+or+cctv.com+or+ifeng.com+or+qq.com+or+takungpao.com+or+people.com.cn+or+southcn.com+or+southcn.com+or+cnr.cn+or+people.com.cn+or+cyol.com+or+bjnews.com.cn+or+gmw.cn+or+dahe.cn+or+xfrb.com.cn+or+cqnews.net+or+lifeweek.com.cn+or+cpd.com.cn+or+haiwainet.cn+or+yidianzixun.com+or+ftchinese.com+or+guancha.cn+or+zhcw.com+or+huanqiu.com+or+ihuawen.com+or+nytimes.com+or+flickr.com+or+quanjing.com+or+vcg.com+or+gettyimages.co.uk+or+paixin.com)+%e6%9b%b4+%e9%92%b1&id=BF6850667508E15DC0CD49BCAC71299B0360D2D7&simid=608028876560011072", 
            "hostPageUrl": "http://edu.sina.com.cn/en/2015-07-15/162391077.shtml", 
            "thumbnailUrl": "https://tse4.mm.bing.net/th?id=OIP.7K4xMDq5BDidsBXIF9u2iAHaE5&pid=Api", 
            "thumbnail": {
                "width": 474, 
                "height": 313
            }, 
            "contentSize": "53462 B"
        }, 
        {
            "contentUrl": "http://img1.gtimg.com/astro/pics/hv1/198/121/2210/143736303.jpg", 
            "insightsMetadata": {
                "pagesIncludingCount": 2, 
                "availableSizesCount": 2
            }, 
            "height": 300, 
            "accentColor": "68AF1A", 
            "hostPageDisplayUrl": "astro.fashion.qq.com/a/20170518/006452.htm", 
            "name": "测你更易有权or有钱_星座_腾讯网", 
            "width": 401, 
            "imageInsightsToken": "ccid_sk6GadZB*mid_FED11AE49EEBAB53153365B0110408E43A11368E*simid_608049166035781361*thid_OIP.sk6GadZBAP6d0k5ftsOmdQEhDY", 
            "imageId": "FED11AE49EEBAB53153365B0110408E43A11368E", 
            "isFamilyFriendly": true, 
            "datePublished": "2017-05-18T00:25:00.0000000Z", 
            "encodingFormat": "jpeg", 
            "webSearchUrl": "https://www.bing.com/images/search?view=detailv2&FORM=OIIRPO&q=site%3a(thepaper.cn+or+chinadaily.com.cn+or+china.com.cn+or+chinanews.com+or+youth.cn+or+sina.com.cn+or+xinhuanet.com+or+cri.cn+or+163.com+or+cankaoxiaoxi.com+or+cctv.com+or+ifeng.com+or+qq.com+or+takungpao.com+or+people.com.cn+or+southcn.com+or+southcn.com+or+cnr.cn+or+people.com.cn+or+cyol.com+or+bjnews.com.cn+or+gmw.cn+or+dahe.cn+or+xfrb.com.cn+or+cqnews.net+or+lifeweek.com.cn+or+cpd.com.cn+or+haiwainet.cn+or+yidianzixun.com+or+ftchinese.com+or+guancha.cn+or+zhcw.com+or+huanqiu.com+or+ihuawen.com+or+nytimes.com+or+flickr.com+or+quanjing.com+or+vcg.com+or+gettyimages.co.uk+or+paixin.com)+%e6%9b%b4+%e9%92%b1&id=FED11AE49EEBAB53153365B0110408E43A11368E&simid=608049166035781361", 
            "hostPageUrl": "http://astro.fashion.qq.com/a/20170518/006452.htm", 
            "thumbnailUrl": "https://tse2.mm.bing.net/th?id=OIP.sk6GadZBAP6d0k5ftsOmdQEhDY&pid=Api", 
            "thumbnail": {
                "width": 289, 
                "height": 216
            }, 
            "contentSize": "15282 B"
        }, 
        {
            "contentUrl": "http://www.people.com.cn/mediafile/pic/20171218/48/6989889041598744492.jpg", 
            "insightsMetadata": {
                "pagesIncludingCount": 2, 
                "availableSizesCount": 1
            }, 
            "height": 283, 
            "accentColor": "9E752D", 
            "hostPageDisplayUrl": "sn.people.com.cn/n2/2017/1218/c190199-31041208.html", 
            "name": "让百姓花“钱”更踏实--陕西频道--人民网", 
            "width": 400, 
            "imageInsightsToken": "ccid_6l8tAUCW*mid_696B591A7EF3F305DBB00B4231959D1324467B61*simid_608046503123880215*thid_OIP.6l8tAUCWPr1oJrocEtdzjgAAAA", 
            "imageId": "696B591A7EF3F305DBB00B4231959D1324467B61", 
            "isFamilyFriendly": true, 
            "datePublished": "2017-12-17T23:07:00.0000000Z", 
            "encodingFormat": "jpeg", 
            "webSearchUrl": "https://www.bing.com/images/search?view=detailv2&FORM=OIIRPO&q=site%3a(thepaper.cn+or+chinadaily.com.cn+or+china.com.cn+or+chinanews.com+or+youth.cn+or+sina.com.cn+or+xinhuanet.com+or+cri.cn+or+163.com+or+cankaoxiaoxi.com+or+cctv.com+or+ifeng.com+or+qq.com+or+takungpao.com+or+people.com.cn+or+southcn.com+or+southcn.com+or+cnr.cn+or+people.com.cn+or+cyol.com+or+bjnews.com.cn+or+gmw.cn+or+dahe.cn+or+xfrb.com.cn+or+cqnews.net+or+lifeweek.com.cn+or+cpd.com.cn+or+haiwainet.cn+or+yidianzixun.com+or+ftchinese.com+or+guancha.cn+or+zhcw.com+or+huanqiu.com+or+ihuawen.com+or+nytimes.com+or+flickr.com+or+quanjing.com+or+vcg.com+or+gettyimages.co.uk+or+paixin.com)+%e6%9b%b4+%e9%92%b1&id=696B591A7EF3F305DBB00B4231959D1324467B61&simid=608046503123880215", 
            "hostPageUrl": "http://sn.people.com.cn/n2/2017/1218/c190199-31041208.html", 
            "thumbnailUrl": "https://tse3.mm.bing.net/th?id=OIP.6l8tAUCWPr1oJrocEtdzjgAAAA&pid=Api", 
            "thumbnail": {
                "width": 400, 
                "height": 283
            }, 
            "contentSize": "29873 B"
        }, 
        {
            "contentUrl": "http://img4.cache.netease.com/sports/2015/2/12/20150212155939a52ec_550.png", 
            "insightsMetadata": {
                "pagesIncludingCount": 2, 
                "availableSizesCount": 1
            }, 
            "height": 557, 
            "accentColor": "AA3021", 
            "hostPageDisplayUrl": "sports.163.com/15/0212/15/AI916K3C00051C89.html", 
            "name": "塔尔德利:来中国更多考虑钱 踢中超无碍进巴西队_网易体育", 
            "width": 550, 
            "imageInsightsToken": "ccid_0KQgCgM/*mid_146EA44FB1EFFB4A05A468547116AAF8592F732F*simid_608039777250641952*thid_OIP.0KQgCgM!_aZ3CMajXL1y22QHaHg", 
            "imageId": "146EA44FB1EFFB4A05A468547116AAF8592F732F", 
            "isFamilyFriendly": true, 
            "datePublished": "2015-02-12T07:59:00.0000000Z", 
            "encodingFormat": "png", 
            "webSearchUrl": "https://www.bing.com/images/search?view=detailv2&FORM=OIIRPO&q=site%3a(thepaper.cn+or+chinadaily.com.cn+or+china.com.cn+or+chinanews.com+or+youth.cn+or+sina.com.cn+or+xinhuanet.com+or+cri.cn+or+163.com+or+cankaoxiaoxi.com+or+cctv.com+or+ifeng.com+or+qq.com+or+takungpao.com+or+people.com.cn+or+southcn.com+or+southcn.com+or+cnr.cn+or+people.com.cn+or+cyol.com+or+bjnews.com.cn+or+gmw.cn+or+dahe.cn+or+xfrb.com.cn+or+cqnews.net+or+lifeweek.com.cn+or+cpd.com.cn+or+haiwainet.cn+or+yidianzixun.com+or+ftchinese.com+or+guancha.cn+or+zhcw.com+or+huanqiu.com+or+ihuawen.com+or+nytimes.com+or+flickr.com+or+quanjing.com+or+vcg.com+or+gettyimages.co.uk+or+paixin.com)+%e6%9b%b4+%e9%92%b1&id=146EA44FB1EFFB4A05A468547116AAF8592F732F&simid=608039777250641952", 
            "hostPageUrl": "http://sports.163.com/15/0212/15/AI916K3C00051C89.html", 
            "thumbnailUrl": "https://tse2.mm.bing.net/th?id=OIP.0KQgCgM_aZ3CMajXL1y22QHaHg&pid=Api", 
            "thumbnail": {
                "width": 474, 
                "height": 480
            }, 
            "contentSize": "237208 B"
        }, 
        {
            "contentUrl": "http://i3.sinaimg.cn/dy/c/2015-05-22/1432250482_1C42H7.jpg", 
            "insightsMetadata": {
                "pagesIncludingCount": 1, 
                "availableSizesCount": 1
            }, 
            "height": 300, 
            "accentColor": "9E5B2D", 
            "hostPageDisplayUrl": "news.sina.com.cn/c/2015-05-22/072031863128.shtml", 
            "name": "“没权也有人塞钱”更是警示_新浪新闻", 
            "width": 400, 
            "imageInsightsToken": "ccid_j6RA0nj/*mid_580AA4E714BE9FF96B70544A89E18760EACA30CF*simid_608049406535534466*thid_OIP.j6RA0nj!_pnBhgC!_5Iq3sTAAAAA", 
            "imageId": "580AA4E714BE9FF96B70544A89E18760EACA30CF", 
            "isFamilyFriendly": true, 
            "datePublished": "2015-05-22T02:07:00.0000000Z", 
            "encodingFormat": "jpeg", 
            "webSearchUrl": "https://www.bing.com/images/search?view=detailv2&FORM=OIIRPO&q=site%3a(thepaper.cn+or+chinadaily.com.cn+or+china.com.cn+or+chinanews.com+or+youth.cn+or+sina.com.cn+or+xinhuanet.com+or+cri.cn+or+163.com+or+cankaoxiaoxi.com+or+cctv.com+or+ifeng.com+or+qq.com+or+takungpao.com+or+people.com.cn+or+southcn.com+or+southcn.com+or+cnr.cn+or+people.com.cn+or+cyol.com+or+bjnews.com.cn+or+gmw.cn+or+dahe.cn+or+xfrb.com.cn+or+cqnews.net+or+lifeweek.com.cn+or+cpd.com.cn+or+haiwainet.cn+or+yidianzixun.com+or+ftchinese.com+or+guancha.cn+or+zhcw.com+or+huanqiu.com+or+ihuawen.com+or+nytimes.com+or+flickr.com+or+quanjing.com+or+vcg.com+or+gettyimages.co.uk+or+paixin.com)+%e6%9b%b4+%e9%92%b1&id=580AA4E714BE9FF96B70544A89E18760EACA30CF&simid=608049406535534466", 
            "hostPageUrl": "http://news.sina.com.cn/c/2015-05-22/072031863128.shtml", 
            "thumbnailUrl": "https://tse2.mm.bing.net/th?id=OIP.j6RA0nj_pnBhgC_5Iq3sTAAAAA&pid=Api", 
            "thumbnail": {
                "width": 400, 
                "height": 300
            }, 
            "contentSize": "37575 B"
        }
    ], 
    "nextOffset": 10, 
    "queryContext": {
        "alterationMethod": "AM_JustChangeIt", 
        "alterationType": "CombinedAlterationsChained", 
        "originalQuery": "site:(thepaper.cn or chinadaily.com.cn or china.com.cn or chinanews.com or youth.cn or sina.com.cn or xinhuanet.com or cri.cn or 163.com or cankaoxiaoxi.com or cctv.com or ifeng.com or qq.com or takungpao.com or people.com.cn or southcn.com or southcn.com or cnr.cn or people.com.cn or cyol.com or bjnews.com.cn or gmw.cn or dahe.cn or xfrb.com.cn or cqnews.net or lifeweek.com.cn or cpd.com.cn or haiwainet.cn or yidianzixun.com or ftchinese.com or guancha.cn or zhcw.com or huanqiu.com or ihuawen.com or nytimes.com or flickr.com or quanjing.com or vcg.com or gettyimages.co.uk or paixin.com) 更 钱", 
        "alterationOverrideQuery": "+site:(thepaper.cn or chinadaily.com.cn or china.com.cn or chinanews.com or youth.cn or sina.com.cn or xinhuanet.com or cri.cn or 163.com or cankaoxiaoxi.com or cctv.com or ifeng.com or qq.com or takungpao.com or people.com.cn or southcn.com or southcn.com or cnr.cn or people.com.cn or cyol.com or bjnews.com.cn or gmw.cn or dahe.cn or xfrb.com.cn or cqnews.net or lifeweek.com.cn or cpd.com.cn or haiwainet.cn or yidianzixun.com or ftchinese.com or guancha.cn or zhcw.com or huanqiu.com or ihuawen.com or nytimes.com or flickr.com or quanjing.com or vcg.com or gettyimages.co.uk or paixin.com) 更 钱", 
        "alterationDisplayQuery": "更 钱"
    }, 
    "currentOffset": 0, 
    "readLink": "images/search?q=site:(thepaper.cn or chinadaily.com.cn or china.com.cn or chinanews.com or youth.cn or sina.com.cn or xinhuanet.com or cri.cn or 163.com or cankaoxiaoxi.com or cctv.com or ifeng.com or qq.com or takungpao.com or people.com.cn or southcn.com or southcn.com or cnr.cn or people.com.cn or cyol.com or bjnews.com.cn or gmw.cn or dahe.cn or xfrb.com.cn or cqnews.net or lifeweek.com.cn or cpd.com.cn or haiwainet.cn or yidianzixun.com or ftchinese.com or guancha.cn or zhcw.com or huanqiu.com or ihuawen.com or nytimes.com or flickr.com or quanjing.com or vcg.com or gettyimages.co.uk or paixin.com) 更 钱", 
    "totalEstimatedMatches": 100
}