{
    "instrumentation": {
        "_type": "ResponseInstrumentation"
    }, 
    "_type": "Images", 
    "webSearchUrl": "https://www.bing.com/images/search?q=site:(thepaper.cn or chinadaily.com.cn or china.com.cn or chinanews.com or youth.cn or sina.com.cn or xinhuanet.com or cri.cn or 163.com or cankaoxiaoxi.com or cctv.com or ifeng.com or qq.com or takungpao.com or people.com.cn or southcn.com or southcn.com or cnr.cn or people.com.cn or cyol.com or bjnews.com.cn or gmw.cn or dahe.cn or xfrb.com.cn or cqnews.net or lifeweek.com.cn or cpd.com.cn or haiwainet.cn or yidianzixun.com or ftchinese.com or guancha.cn or zhcw.com or huanqiu.com or ihuawen.com or nytimes.com or flickr.com or quanjing.com or vcg.com or gettyimages.co.uk or paixin.com) 常见 反应 舞台&FORM=OIIARP", 
    "value": [
        {
            "contentUrl": "http://img1.gtimg.com/ent/pics/hv1/112/12/1698/110415622.jpg", 
            "insightsMetadata": {
                "pagesIncludingCount": 2, 
                "availableSizesCount": 2
            }, 
            "height": 426, 
            "accentColor": "9B6730", 
            "hostPageDisplayUrl": "ent.qq.com/a/20140904/062365.htm", 
            "name": "邱振哲原创歌曲 黄舒骏听后产生“生理反应”_娱乐_腾讯网", 
            "width": 640, 
            "imageInsightsToken": "ccid_GUlccJr3*mid_D26578D9E8F73EAE3C47E50382B04123C787C73B*simid_608003450367640780*thid_OIP.GUlccJr3qg97d!_qqRRjtQwHaE7", 
            "imageId": "D26578D9E8F73EAE3C47E50382B04123C787C73B", 
            "isFamilyFriendly": true, 
            "datePublished": "2014-09-04T10:58:00.0000000Z", 
            "encodingFormat": "jpeg", 
            "webSearchUrl": "https://www.bing.com/images/search?view=detailv2&FORM=OIIRPO&q=site%3a(thepaper.cn+or+chinadaily.com.cn+or+china.com.cn+or+chinanews.com+or+youth.cn+or+sina.com.cn+or+xinhuanet.com+or+cri.cn+or+163.com+or+cankaoxiaoxi.com+or+cctv.com+or+ifeng.com+or+qq.com+or+takungpao.com+or+people.com.cn+or+southcn.com+or+southcn.com+or+cnr.cn+or+people.com.cn+or+cyol.com+or+bjnews.com.cn+or+gmw.cn+or+dahe.cn+or+xfrb.com.cn+or+cqnews.net+or+lifeweek.com.cn+or+cpd.com.cn+or+haiwainet.cn+or+yidianzixun.com+or+ftchinese.com+or+guancha.cn+or+zhcw.com+or+huanqiu.com+or+ihuawen.com+or+nytimes.com+or+flickr.com+or+quanjing.com+or+vcg.com+or+gettyimages.co.uk+or+paixin.com)+%e5%b8%b8%e8%a7%81+%e5%8f%8d%e5%ba%94+%e8%88%9e%e5%8f%b0&id=D26578D9E8F73EAE3C47E50382B04123C787C73B&simid=608003450367640780", 
            "hostPageUrl": "http://ent.qq.com/a/20140904/062365.htm", 
            "thumbnailUrl": "https://tse2.mm.bing.net/th?id=OIP.GUlccJr3qg97d_qqRRjtQwHaE7&pid=Api", 
            "thumbnail": {
                "width": 474, 
                "height": 315
            }, 
            "contentSize": "27725 B"
        }, 
        {
            "contentUrl": "http://img1.gtimg.com/ent/pics/hv1/123/12/1698/110415633.jpg", 
            "insightsMetadata": {
                "pagesIncludingCount": 1, 
                "availableSizesCount": 1
            }, 
            "height": 800, 
            "accentColor": "5D2E9D", 
            "hostPageDisplayUrl": "ent.qq.com/a/20140904/062365.htm", 
            "name": "邱振哲原创歌曲 黄舒骏听后产生“生理反应”_娱乐_腾讯网", 
            "width": 533, 
            "imageInsightsToken": "ccid_yH4OiC0j*mid_D26578D9E8F73EAE3C47264188FEC7294430FC79*simid_608042568947271442*thid_OIP.yH4OiC0jyGh0qrzxD75jIAHaLH", 
            "imageId": "D26578D9E8F73EAE3C47264188FEC7294430FC79", 
            "isFamilyFriendly": true, 
            "datePublished": "2014-09-04T10:58:00.0000000Z", 
            "encodingFormat": "jpeg", 
            "webSearchUrl": "https://www.bing.com/images/search?view=detailv2&FORM=OIIRPO&q=site%3a(thepaper.cn+or+chinadaily.com.cn+or+china.com.cn+or+chinanews.com+or+youth.cn+or+sina.com.cn+or+xinhuanet.com+or+cri.cn+or+163.com+or+cankaoxiaoxi.com+or+cctv.com+or+ifeng.com+or+qq.com+or+takungpao.com+or+people.com.cn+or+southcn.com+or+southcn.com+or+cnr.cn+or+people.com.cn+or+cyol.com+or+bjnews.com.cn+or+gmw.cn+or+dahe.cn+or+xfrb.com.cn+or+cqnews.net+or+lifeweek.com.cn+or+cpd.com.cn+or+haiwainet.cn+or+yidianzixun.com+or+ftchinese.com+or+guancha.cn+or+zhcw.com+or+huanqiu.com+or+ihuawen.com+or+nytimes.com+or+flickr.com+or+quanjing.com+or+vcg.com+or+gettyimages.co.uk+or+paixin.com)+%e5%b8%b8%e8%a7%81+%e5%8f%8d%e5%ba%94+%e8%88%9e%e5%8f%b0&id=D26578D9E8F73EAE3C47264188FEC7294430FC79&simid=608042568947271442", 
            "hostPageUrl": "http://ent.qq.com/a/20140904/062365.htm", 
            "thumbnailUrl": "https://tse1.mm.bing.net/th?id=OIP.yH4OiC0jyGh0qrzxD75jIAHaLH&pid=Api", 
            "thumbnail": {
                "width": 474, 
                "height": 711
            }, 
            "contentSize": "56170 B"
        }, 
        {
            "contentUrl": "http://img1.cache.netease.com/catchpic/2/26/26E0D8DB8A451DA4CF19FE841CED6F83.jpg", 
            "insightsMetadata": {
                "pagesIncludingCount": 12, 
                "availableSizesCount": 4
            }, 
            "height": 766, 
            "accentColor": "1E60AD", 
            "hostPageDisplayUrl": "news.163.com/14/0227/14/9M3L1QEJ00014JB6_all.html", 
            "name": "EXO成员五官点评：kris眉毛霸气鹿晗樱桃小嘴(图)_网易新闻", 
            "width": 550, 
            "imageInsightsToken": "ccid_Hi05JiVG*mid_08D19C1E4DEE58040A9A35E7B89BFB62431A50EB*simid_608046099385746265*thid_OIP.Hi05JiVGhZIlfIs5PueblQHaKU", 
            "imageId": "08D19C1E4DEE58040A9A35E7B89BFB62431A50EB", 
            "isFamilyFriendly": true, 
            "datePublished": "2018-09-29T11:38:00.0000000Z", 
            "encodingFormat": "jpeg", 
            "webSearchUrl": "https://www.bing.com/images/search?view=detailv2&FORM=OIIRPO&q=site%3a(thepaper.cn+or+chinadaily.com.cn+or+china.com.cn+or+chinanews.com+or+youth.cn+or+sina.com.cn+or+xinhuanet.com+or+cri.cn+or+163.com+or+cankaoxiaoxi.com+or+cctv.com+or+ifeng.com+or+qq.com+or+takungpao.com+or+people.com.cn+or+southcn.com+or+southcn.com+or+cnr.cn+or+people.com.cn+or+cyol.com+or+bjnews.com.cn+or+gmw.cn+or+dahe.cn+or+xfrb.com.cn+or+cqnews.net+or+lifeweek.com.cn+or+cpd.com.cn+or+haiwainet.cn+or+yidianzixun.com+or+ftchinese.com+or+guancha.cn+or+zhcw.com+or+huanqiu.com+or+ihuawen.com+or+nytimes.com+or+flickr.com+or+quanjing.com+or+vcg.com+or+gettyimages.co.uk+or+paixin.com)+%e5%b8%b8%e8%a7%81+%e5%8f%8d%e5%ba%94+%e8%88%9e%e5%8f%b0&id=08D19C1E4DEE58040A9A35E7B89BFB62431A50EB&simid=608046099385746265", 
            "hostPageUrl": "http://news.163.com/14/0227/14/9M3L1QEJ00014JB6_all.html", 
            "thumbnailUrl": "https://tse1.mm.bing.net/th?id=OIP.Hi05JiVGhZIlfIs5PueblQHaKU&pid=Api", 
            "thumbnail": {
                "width": 474, 
                "height": 660
            }, 
            "contentSize": "55983 B"
        }, 
        {
            "contentUrl": "http://n.sinaimg.cn/ent/transform/w452h450/20180108/NuVx-fyqincv3041067.jpg", 
            "insightsMetadata": {
                "pagesIncludingCount": 4, 
                "availableSizesCount": 1
            }, 
            "height": 450, 
            "accentColor": "9F6E2C", 
            "hostPageDisplayUrl": "ent.sina.com.cn/y/yrihan/2018-01-08/doc-ifyqkarr7897190...", 
            "name": "唱一半火烧舞台！韩饶舌歌手“机智伸脚”|独岛里|DinDin|饶舌 ...", 
            "width": 452, 
            "imageInsightsToken": "ccid_X1VBJqTA*mid_83A8196FC3E4DEC6EAAEA89F33E183522033A048*simid_608019328858589146*thid_OIP.X1VBJqTA!_dTpHqUA6Ba5TQAAAA", 
            "imageId": "83A8196FC3E4DEC6EAAEA89F33E183522033A048", 
            "isFamilyFriendly": true, 
            "datePublished": "2018-01-08T05:43:00.0000000Z", 
            "encodingFormat": "jpeg", 
            "webSearchUrl": "https://www.bing.com/images/search?view=detailv2&FORM=OIIRPO&q=site%3a(thepaper.cn+or+chinadaily.com.cn+or+china.com.cn+or+chinanews.com+or+youth.cn+or+sina.com.cn+or+xinhuanet.com+or+cri.cn+or+163.com+or+cankaoxiaoxi.com+or+cctv.com+or+ifeng.com+or+qq.com+or+takungpao.com+or+people.com.cn+or+southcn.com+or+southcn.com+or+cnr.cn+or+people.com.cn+or+cyol.com+or+bjnews.com.cn+or+gmw.cn+or+dahe.cn+or+xfrb.com.cn+or+cqnews.net+or+lifeweek.com.cn+or+cpd.com.cn+or+haiwainet.cn+or+yidianzixun.com+or+ftchinese.com+or+guancha.cn+or+zhcw.com+or+huanqiu.com+or+ihuawen.com+or+nytimes.com+or+flickr.com+or+quanjing.com+or+vcg.com+or+gettyimages.co.uk+or+paixin.com)+%e5%b8%b8%e8%a7%81+%e5%8f%8d%e5%ba%94+%e8%88%9e%e5%8f%b0&id=83A8196FC3E4DEC6EAAEA89F33E183522033A048&simid=608019328858589146", 
            "hostPageUrl": "http://ent.sina.com.cn/y/yrihan/2018-01-08/doc-ifyqkarr7897190.shtml", 
            "thumbnailUrl": "https://tse3.mm.bing.net/th?id=OIP.X1VBJqTA_dTpHqUA6Ba5TQAAAA&pid=Api", 
            "thumbnail": {
                "width": 452, 
                "height": 450
            }, 
            "contentSize": "65046 B"
        }, 
        {
            "contentUrl": "http://p0.ifengimg.com/pmop/2017/0822/6971905492361EFF6B1099DF1DE7066850406285_size41_w630_h590.jpeg", 
            "insightsMetadata": {
                "pagesIncludingCount": 3, 
                "availableSizesCount": 2
            }, 
            "height": 590, 
            "accentColor": "9A6031", 
            "hostPageDisplayUrl": "news.ifeng.com/a/20170822/51720329_0.shtml", 
            "name": "不用感叹吴樾凭《杀破狼·贪狼》翻身了，在演戏上，他端正的像 ...", 
            "width": 630, 
            "imageInsightsToken": "ccid_6xiuArym*mid_8B287C87E0F625923A20D58153BD2885E27E4295*simid_608034004786086071*thid_OIP.6xiuArymD8CVCgpAB1E5MQHaG7", 
            "imageId": "8B287C87E0F625923A20D58153BD2885E27E4295", 
            "isFamilyFriendly": true, 
            "datePublished": "2017-08-22T13:39:00.0000000Z", 
            "encodingFormat": "jpeg", 
            "webSearchUrl": "https://www.bing.com/images/search?view=detailv2&FORM=OIIRPO&q=site%3a(thepaper.cn+or+chinadaily.com.cn+or+china.com.cn+or+chinanews.com+or+youth.cn+or+sina.com.cn+or+xinhuanet.com+or+cri.cn+or+163.com+or+cankaoxiaoxi.com+or+cctv.com+or+ifeng.com+or+qq.com+or+takungpao.com+or+people.com.cn+or+southcn.com+or+southcn.com+or+cnr.cn+or+people.com.cn+or+cyol.com+or+bjnews.com.cn+or+gmw.cn+or+dahe.cn+or+xfrb.com.cn+or+cqnews.net+or+lifeweek.com.cn+or+cpd.com.cn+or+haiwainet.cn+or+yidianzixun.com+or+ftchinese.com+or+guancha.cn+or+zhcw.com+or+huanqiu.com+or+ihuawen.com+or+nytimes.com+or+flickr.com+or+quanjing.com+or+vcg.com+or+gettyimages.co.uk+or+paixin.com)+%e5%b8%b8%e8%a7%81+%e5%8f%8d%e5%ba%94+%e8%88%9e%e5%8f%b0&id=8B287C87E0F625923A20D58153BD2885E27E4295&simid=608034004786086071", 
            "hostPageUrl": "http://news.ifeng.com/a/20170822/51720329_0.shtml", 
            "thumbnailUrl": "https://tse2.mm.bing.net/th?id=OIP.6xiuArymD8CVCgpAB1E5MQHaG7&pid=Api", 
            "thumbnail": {
                "width": 474, 
                "height": 443
            }, 
            "contentSize": "42430 B"
        }, 
        {
            "contentUrl": "http://n.sinaimg.cn/translate/20161101/YuBB-fxxhmcp4367964.jpg", 
            "insightsMetadata": {
                "pagesIncludingCount": 1, 
                "availableSizesCount": 1
            }, 
            "height": 1280, 
            "accentColor": "3919B2", 
            "hostPageDisplayUrl": "ent.sina.com.cn/m/f/2016-11-02/doc-ifxxfuff7607359.shtml", 
            "name": "东京电影节day7：偷闲去看部日本院线片|佐藤健|东京电影节|何者 ...", 
            "width": 960, 
            "imageInsightsToken": "ccid_RTCvdr/5*mid_A02AA10FA173FF6EC437D82D02876D5EA20B45A5*simid_607992820335511703*thid_OIP.RTCvdr!_5duslleS8AtB8BQHaJ4", 
            "imageId": "A02AA10FA173FF6EC437D82D02876D5EA20B45A5", 
            "isFamilyFriendly": true, 
            "datePublished": "2016-11-02T14:59:00.0000000Z", 
            "encodingFormat": "jpeg", 
            "webSearchUrl": "https://www.bing.com/images/search?view=detailv2&FORM=OIIRPO&q=site%3a(thepaper.cn+or+chinadaily.com.cn+or+china.com.cn+or+chinanews.com+or+youth.cn+or+sina.com.cn+or+xinhuanet.com+or+cri.cn+or+163.com+or+cankaoxiaoxi.com+or+cctv.com+or+ifeng.com+or+qq.com+or+takungpao.com+or+people.com.cn+or+southcn.com+or+southcn.com+or+cnr.cn+or+people.com.cn+or+cyol.com+or+bjnews.com.cn+or+gmw.cn+or+dahe.cn+or+xfrb.com.cn+or+cqnews.net+or+lifeweek.com.cn+or+cpd.com.cn+or+haiwainet.cn+or+yidianzixun.com+or+ftchinese.com+or+guancha.cn+or+zhcw.com+or+huanqiu.com+or+ihuawen.com+or+nytimes.com+or+flickr.com+or+quanjing.com+or+vcg.com+or+gettyimages.co.uk+or+paixin.com)+%e5%b8%b8%e8%a7%81+%e5%8f%8d%e5%ba%94+%e8%88%9e%e5%8f%b0&id=A02AA10FA173FF6EC437D82D02876D5EA20B45A5&simid=607992820335511703", 
            "hostPageUrl": "http://ent.sina.com.cn/m/f/2016-11-02/doc-ifxxfuff7607359.shtml", 
            "thumbnailUrl": "https://tse3.mm.bing.net/th?id=OIP.RTCvdr_5duslleS8AtB8BQHaJ4&pid=Api", 
            "thumbnail": {
                "width": 474, 
                "height": 632
            }, 
            "contentSize": "87142 B"
        }, 
        {
            "contentUrl": "http://d.ifengimg.com/mw600/p0.ifengimg.com/a/2016_30/4e4f57f0e65476c_size779_w2200_h1467.jpg", 
            "insightsMetadata": {
                "pagesIncludingCount": 1, 
                "availableSizesCount": 1
            }, 
            "height": 400, 
            "accentColor": "0BC08B", 
            "hostPageDisplayUrl": "ent.ifeng.com/a/20160722/42655334_0.shtml", 
            "name": "周杰伦《新歌声》备受打击：麻烦工作人员把我送回去！_凤凰娱乐", 
            "width": 600, 
            "imageInsightsToken": "ccid_olmsAGJu*mid_551B722A56B102052B63FA124D35C860C4CAF831*simid_608048285572335669*thid_OIP.olmsAGJufZRmDV8C6o3mogHaE8", 
            "imageId": "551B722A56B102052B63FA124D35C860C4CAF831", 
            "isFamilyFriendly": true, 
            "datePublished": "2016-07-21T23:40:00.0000000Z", 
            "encodingFormat": "jpeg", 
            "webSearchUrl": "https://www.bing.com/images/search?view=detailv2&FORM=OIIRPO&q=site%3a(thepaper.cn+or+chinadaily.com.cn+or+china.com.cn+or+chinanews.com+or+youth.cn+or+sina.com.cn+or+xinhuanet.com+or+cri.cn+or+163.com+or+cankaoxiaoxi.com+or+cctv.com+or+ifeng.com+or+qq.com+or+takungpao.com+or+people.com.cn+or+southcn.com+or+southcn.com+or+cnr.cn+or+people.com.cn+or+cyol.com+or+bjnews.com.cn+or+gmw.cn+or+dahe.cn+or+xfrb.com.cn+or+cqnews.net+or+lifeweek.com.cn+or+cpd.com.cn+or+haiwainet.cn+or+yidianzixun.com+or+ftchinese.com+or+guancha.cn+or+zhcw.com+or+huanqiu.com+or+ihuawen.com+or+nytimes.com+or+flickr.com+or+quanjing.com+or+vcg.com+or+gettyimages.co.uk+or+paixin.com)+%e5%b8%b8%e8%a7%81+%e5%8f%8d%e5%ba%94+%e8%88%9e%e5%8f%b0&id=551B722A56B102052B63FA124D35C860C4CAF831&simid=608048285572335669", 
            "hostPageUrl": "http://ent.ifeng.com/a/20160722/42655334_0.shtml", 
            "thumbnailUrl": "https://tse4.mm.bing.net/th?id=OIP.olmsAGJufZRmDV8C6o3mogHaE8&pid=Api", 
            "thumbnail": {
                "width": 474, 
                "height": 316
            }, 
            "contentSize": "32959 B"
        }, 
        {
            "contentUrl": "http://n.sinaimg.cn/translate/20161101/gfRy-fxxhmcp4367969.jpg", 
            "insightsMetadata": {
                "pagesIncludingCount": 1, 
                "availableSizesCount": 1
            }, 
            "height": 1280, 
            "accentColor": "A52C26", 
            "hostPageDisplayUrl": "ent.sina.com.cn/m/f/2016-11-02/doc-ifxxfuff7607359.shtml", 
            "name": "东京电影节day7：偷闲去看部日本院线片|佐藤健|东京电影节|何者 ...", 
            "width": 960, 
            "imageInsightsToken": "ccid_Z/f+qiRO*mid_A02AA10FA173FF6EC437E0EDE6536FCCBC682E89*simid_608030044826896694*thid_OIP.Z!_f-qiRO5PJ31LFitzp6eAHaJ4", 
            "imageId": "A02AA10FA173FF6EC437E0EDE6536FCCBC682E89", 
            "isFamilyFriendly": true, 
            "datePublished": "2016-11-02T14:59:00.0000000Z", 
            "encodingFormat": "jpeg", 
            "webSearchUrl": "https://www.bing.com/images/search?view=detailv2&FORM=OIIRPO&q=site%3a(thepaper.cn+or+chinadaily.com.cn+or+china.com.cn+or+chinanews.com+or+youth.cn+or+sina.com.cn+or+xinhuanet.com+or+cri.cn+or+163.com+or+cankaoxiaoxi.com+or+cctv.com+or+ifeng.com+or+qq.com+or+takungpao.com+or+people.com.cn+or+southcn.com+or+southcn.com+or+cnr.cn+or+people.com.cn+or+cyol.com+or+bjnews.com.cn+or+gmw.cn+or+dahe.cn+or+xfrb.com.cn+or+cqnews.net+or+lifeweek.com.cn+or+cpd.com.cn+or+haiwainet.cn+or+yidianzixun.com+or+ftchinese.com+or+guancha.cn+or+zhcw.com+or+huanqiu.com+or+ihuawen.com+or+nytimes.com+or+flickr.com+or+quanjing.com+or+vcg.com+or+gettyimages.co.uk+or+paixin.com)+%e5%b8%b8%e8%a7%81+%e5%8f%8d%e5%ba%94+%e8%88%9e%e5%8f%b0&id=A02AA10FA173FF6EC437E0EDE6536FCCBC682E89&simid=608030044826896694", 
            "hostPageUrl": "http://ent.sina.com.cn/m/f/2016-11-02/doc-ifxxfuff7607359.shtml", 
            "thumbnailUrl": "https://tse3.mm.bing.net/th?id=OIP.Z_f-qiRO5PJ31LFitzp6eAHaJ4&pid=Api", 
            "thumbnail": {
                "width": 474, 
                "height": 632
            }, 
            "contentSize": "219465 B"
        }, 
        {
            "contentUrl": "http://i0.sinaimg.cn/bb/2012/0703/U4296P20DT20120703174243.jpg", 
            "insightsMetadata": {
                "pagesIncludingCount": 1, 
                "availableSizesCount": 1
            }, 
            "height": 550, 
            "accentColor": "207FAB", 
            "hostPageDisplayUrl": "baby.sina.com.cn/news/2012-07-03/174355500.shtml", 
            "name": "日本视觉舞台剧《飘飘的三人》__亲子中心_新浪网", 
            "width": 389, 
            "imageInsightsToken": "ccid_BTPKsl0o*mid_060E1B423CE8655C9390948E69DA06CF1ED6D6CE*simid_608034515876908224*thid_OIP.BTPKsl0oSCYsyq87tkQ7SQAAAA", 
            "imageId": "060E1B423CE8655C9390948E69DA06CF1ED6D6CE", 
            "isFamilyFriendly": true, 
            "datePublished": "2012-07-03T12:00:00.0000000Z", 
            "encodingFormat": "jpeg", 
            "webSearchUrl": "https://www.bing.com/images/search?view=detailv2&FORM=OIIRPO&q=site%3a(thepaper.cn+or+chinadaily.com.cn+or+china.com.cn+or+chinanews.com+or+youth.cn+or+sina.com.cn+or+xinhuanet.com+or+cri.cn+or+163.com+or+cankaoxiaoxi.com+or+cctv.com+or+ifeng.com+or+qq.com+or+takungpao.com+or+people.com.cn+or+southcn.com+or+southcn.com+or+cnr.cn+or+people.com.cn+or+cyol.com+or+bjnews.com.cn+or+gmw.cn+or+dahe.cn+or+xfrb.com.cn+or+cqnews.net+or+lifeweek.com.cn+or+cpd.com.cn+or+haiwainet.cn+or+yidianzixun.com+or+ftchinese.com+or+guancha.cn+or+zhcw.com+or+huanqiu.com+or+ihuawen.com+or+nytimes.com+or+flickr.com+or+quanjing.com+or+vcg.com+or+gettyimages.co.uk+or+paixin.com)+%e5%b8%b8%e8%a7%81+%e5%8f%8d%e5%ba%94+%e8%88%9e%e5%8f%b0&id=060E1B423CE8655C9390948E69DA06CF1ED6D6CE&simid=608034515876908224", 
            "hostPageUrl": "http://baby.sina.com.cn/news/2012-07-03/174355500.shtml", 
            "thumbnailUrl": "https://tse2.mm.bing.net/th?id=OIP.BTPKsl0oSCYsyq87tkQ7SQAAAA&pid=Api", 
            "thumbnail": {
                "width": 389, 
                "height": 550
            }, 
            "contentSize": "62234 B"
        }, 
        {
            "contentUrl": "http://himg2.huanqiu.com/attachment2010/2018/0622/20180622022111399.jpg", 
            "insightsMetadata": {
                "pagesIncludingCount": 1, 
                "availableSizesCount": 1
            }, 
            "height": 369, 
            "accentColor": "154BB6", 
            "hostPageDisplayUrl": "ent.huanqiu.com/yuleyaowen/2018-06/12320738.html", 
            "name": "即墨古城国际民谣季：和声交融献礼“一带一路”_娱乐_环球网", 
            "width": 553, 
            "imageInsightsToken": "ccid_0ly1+9F1*mid_95F80C9B02D1DC45683BF5CF880C10A638DCB8D2*simid_608033480806367400*thid_OIP.0ly1-9F1wBOBekDpWTFRKgHaE8", 
            "imageId": "95F80C9B02D1DC45683BF5CF880C10A638DCB8D2", 
            "isFamilyFriendly": true, 
            "datePublished": "2018-06-22T06:50:00.0000000Z", 
            "encodingFormat": "jpeg", 
            "webSearchUrl": "https://www.bing.com/images/search?view=detailv2&FORM=OIIRPO&q=site%3a(thepaper.cn+or+chinadaily.com.cn+or+china.com.cn+or+chinanews.com+or+youth.cn+or+sina.com.cn+or+xinhuanet.com+or+cri.cn+or+163.com+or+cankaoxiaoxi.com+or+cctv.com+or+ifeng.com+or+qq.com+or+takungpao.com+or+people.com.cn+or+southcn.com+or+southcn.com+or+cnr.cn+or+people.com.cn+or+cyol.com+or+bjnews.com.cn+or+gmw.cn+or+dahe.cn+or+xfrb.com.cn+or+cqnews.net+or+lifeweek.com.cn+or+cpd.com.cn+or+haiwainet.cn+or+yidianzixun.com+or+ftchinese.com+or+guancha.cn+or+zhcw.com+or+huanqiu.com+or+ihuawen.com+or+nytimes.com+or+flickr.com+or+quanjing.com+or+vcg.com+or+gettyimages.co.uk+or+paixin.com)+%e5%b8%b8%e8%a7%81+%e5%8f%8d%e5%ba%94+%e8%88%9e%e5%8f%b0&id=95F80C9B02D1DC45683BF5CF880C10A638DCB8D2&simid=608033480806367400", 
            "hostPageUrl": "http://ent.huanqiu.com/yuleyaowen/2018-06/12320738.html", 
            "thumbnailUrl": "https://tse3.mm.bing.net/th?id=OIP.0ly1-9F1wBOBekDpWTFRKgHaE8&pid=Api", 
            "thumbnail": {
                "width": 474, 
                "height": 316
            }, 
            "contentSize": "44992 B"
        }
    ], 
    "nextOffset": 10, 
    "queryContext": {
        "alterationMethod": "AM_JustChangeIt", 
        "alterationType": "CombinedAlterationsChained", 
        "originalQuery": "site:(thepaper.cn or chinadaily.com.cn or china.com.cn or chinanews.com or youth.cn or sina.com.cn or xinhuanet.com or cri.cn or 163.com or cankaoxiaoxi.com or cctv.com or ifeng.com or qq.com or takungpao.com or people.com.cn or southcn.com or southcn.com or cnr.cn or people.com.cn or cyol.com or bjnews.com.cn or gmw.cn or dahe.cn or xfrb.com.cn or cqnews.net or lifeweek.com.cn or cpd.com.cn or haiwainet.cn or yidianzixun.com or ftchinese.com or guancha.cn or zhcw.com or huanqiu.com or ihuawen.com or nytimes.com or flickr.com or quanjing.com or vcg.com or gettyimages.co.uk or paixin.com) 常见 反应 舞台", 
        "alterationOverrideQuery": "+site:(thepaper.cn or chinadaily.com.cn or china.com.cn or chinanews.com or youth.cn or sina.com.cn or xinhuanet.com or cri.cn or 163.com or cankaoxiaoxi.com or cctv.com or ifeng.com or qq.com or takungpao.com or people.com.cn or southcn.com or southcn.com or cnr.cn or people.com.cn or cyol.com or bjnews.com.cn or gmw.cn or dahe.cn or xfrb.com.cn or cqnews.net or lifeweek.com.cn or cpd.com.cn or haiwainet.cn or yidianzixun.com or ftchinese.com or guancha.cn or zhcw.com or huanqiu.com or ihuawen.com or nytimes.com or flickr.com or quanjing.com or vcg.com or gettyimages.co.uk or paixin.com) 常见 反应 舞台", 
        "alterationDisplayQuery": "常见 反应 舞台"
    }, 
    "currentOffset": 0, 
    "readLink": "images/search?q=site:(thepaper.cn or chinadaily.com.cn or china.com.cn or chinanews.com or youth.cn or sina.com.cn or xinhuanet.com or cri.cn or 163.com or cankaoxiaoxi.com or cctv.com or ifeng.com or qq.com or takungpao.com or people.com.cn or southcn.com or southcn.com or cnr.cn or people.com.cn or cyol.com or bjnews.com.cn or gmw.cn or dahe.cn or xfrb.com.cn or cqnews.net or lifeweek.com.cn or cpd.com.cn or haiwainet.cn or yidianzixun.com or ftchinese.com or guancha.cn or zhcw.com or huanqiu.com or ihuawen.com or nytimes.com or flickr.com or quanjing.com or vcg.com or gettyimages.co.uk or paixin.com) 常见 反应 舞台", 
    "totalEstimatedMatches": 28
}