{
    "instrumentation": {
        "_type": "ResponseInstrumentation"
    }, 
    "_type": "Images", 
    "webSearchUrl": "https://www.bing.com/images/search?q=site:(thepaper.cn or chinadaily.com.cn or china.com.cn or chinanews.com or youth.cn or sina.com.cn or xinhuanet.com or cri.cn or 163.com or cankaoxiaoxi.com or cctv.com or ifeng.com or qq.com or takungpao.com or people.com.cn or southcn.com or southcn.com or cnr.cn or people.com.cn or cyol.com or bjnews.com.cn or gmw.cn or dahe.cn or xfrb.com.cn or cqnews.net or lifeweek.com.cn or cpd.com.cn or haiwainet.cn or yidianzixun.com or ftchinese.com or guancha.cn or zhcw.com or huanqiu.com or ihuawen.com or nytimes.com or flickr.com or quanjing.com or vcg.com or gettyimages.co.uk or paixin.com) 没 问题 杰克 说&FORM=OIIARP", 
    "value": [
        {
            "contentUrl": "http://www.chinanews.com/2015/1128/20151128231220.jpg", 
            "insightsMetadata": {
                "pagesIncludingCount": 4, 
                "availableSizesCount": 3
            }, 
            "height": 500, 
            "accentColor": "6B6260", 
            "hostPageDisplayUrl": "www.chinanews.com/ty/2015/11-28/7646304.shtml", 
            "name": "桑兰深夜再发长微博:我的记忆深刻 愿意接受测谎-中新网", 
            "width": 399, 
            "imageInsightsToken": "ccid_7cs/UCdy*mid_18409F03BE37A30BDCC25C283B0BA329032D4B58*simid_608001633612465752*thid_OIP.7cs!_UCdy2M59epiSCvQVqwAAAA", 
            "imageId": "18409F03BE37A30BDCC25C283B0BA329032D4B58", 
            "isFamilyFriendly": true, 
            "datePublished": "2015-11-28T12:00:00.0000000Z", 
            "encodingFormat": "jpeg", 
            "webSearchUrl": "https://www.bing.com/images/search?view=detailv2&FORM=OIIRPO&q=site%3a(thepaper.cn+or+chinadaily.com.cn+or+china.com.cn+or+chinanews.com+or+youth.cn+or+sina.com.cn+or+xinhuanet.com+or+cri.cn+or+163.com+or+cankaoxiaoxi.com+or+cctv.com+or+ifeng.com+or+qq.com+or+takungpao.com+or+people.com.cn+or+southcn.com+or+southcn.com+or+cnr.cn+or+people.com.cn+or+cyol.com+or+bjnews.com.cn+or+gmw.cn+or+dahe.cn+or+xfrb.com.cn+or+cqnews.net+or+lifeweek.com.cn+or+cpd.com.cn+or+haiwainet.cn+or+yidianzixun.com+or+ftchinese.com+or+guancha.cn+or+zhcw.com+or+huanqiu.com+or+ihuawen.com+or+nytimes.com+or+flickr.com+or+quanjing.com+or+vcg.com+or+gettyimages.co.uk+or+paixin.com)+%e6%b2%a1+%e9%97%ae%e9%a2%98+%e6%9d%b0%e5%85%8b+%e8%af%b4&id=18409F03BE37A30BDCC25C283B0BA329032D4B58&simid=608001633612465752", 
            "hostPageUrl": "http://www.chinanews.com/ty/2015/11-28/7646304.shtml", 
            "thumbnailUrl": "https://tse4.mm.bing.net/th?id=OIP.7cs_UCdy2M59epiSCvQVqwAAAA&pid=Api", 
            "thumbnail": {
                "width": 399, 
                "height": 500
            }, 
            "contentSize": "82282 B"
        }, 
        {
            "contentUrl": "http://img5.cache.netease.com/lady/2014/5/22/201405221147044397d_550.jpg", 
            "insightsMetadata": {
                "pagesIncludingCount": 2, 
                "availableSizesCount": 1
            }, 
            "height": 357, 
            "accentColor": "8F653C", 
            "hostPageDisplayUrl": "lady.163.com/14/0522/11/9SRL65AI00263BDA.html", 
            "name": "杰克曼：同性之爱也没问题_网易女人", 
            "width": 550, 
            "imageInsightsToken": "ccid_TWdgt/Rk*mid_85016C05AE5D3B7C8A26A99E80E504486ED914E5*simid_608045841689677183*thid_OIP.TWdgt!_Rk2KqGw78L1QwN7gHaEz", 
            "imageId": "85016C05AE5D3B7C8A26A99E80E504486ED914E5", 
            "isFamilyFriendly": true, 
            "datePublished": "2014-05-22T23:24:00.0000000Z", 
            "encodingFormat": "jpeg", 
            "webSearchUrl": "https://www.bing.com/images/search?view=detailv2&FORM=OIIRPO&q=site%3a(thepaper.cn+or+chinadaily.com.cn+or+china.com.cn+or+chinanews.com+or+youth.cn+or+sina.com.cn+or+xinhuanet.com+or+cri.cn+or+163.com+or+cankaoxiaoxi.com+or+cctv.com+or+ifeng.com+or+qq.com+or+takungpao.com+or+people.com.cn+or+southcn.com+or+southcn.com+or+cnr.cn+or+people.com.cn+or+cyol.com+or+bjnews.com.cn+or+gmw.cn+or+dahe.cn+or+xfrb.com.cn+or+cqnews.net+or+lifeweek.com.cn+or+cpd.com.cn+or+haiwainet.cn+or+yidianzixun.com+or+ftchinese.com+or+guancha.cn+or+zhcw.com+or+huanqiu.com+or+ihuawen.com+or+nytimes.com+or+flickr.com+or+quanjing.com+or+vcg.com+or+gettyimages.co.uk+or+paixin.com)+%e6%b2%a1+%e9%97%ae%e9%a2%98+%e6%9d%b0%e5%85%8b+%e8%af%b4&id=85016C05AE5D3B7C8A26A99E80E504486ED914E5&simid=608045841689677183", 
            "hostPageUrl": "http://lady.163.com/14/0522/11/9SRL65AI00263BDA.html", 
            "thumbnailUrl": "https://tse3.mm.bing.net/th?id=OIP.TWdgt_Rk2KqGw78L1QwN7gHaEz&pid=Api", 
            "thumbnail": {
                "width": 474, 
                "height": 307
            }, 
            "contentSize": "45733 B"
        }, 
        {
            "contentUrl": "http://n.sinaimg.cn/edu/transform/20170214/PcFo-fyamkpy9299588.jpg", 
            "insightsMetadata": {
                "pagesIncludingCount": 1, 
                "availableSizesCount": 1
            }, 
            "height": 309, 
            "accentColor": "BE920D", 
            "hostPageDisplayUrl": "edu.sina.com.cn/l/2017-02-14/doc-ifyamkzq1303848.shtml", 
            "name": "撩妹基础篇：你没对象可能因为不会说这些情话|情话|对象|爱情 ...", 
            "width": 550, 
            "imageInsightsToken": "ccid_eTMVXx7W*mid_4AD48C3C9551BF3FD3859A2BE8F6F71880B4F60D*simid_608055436631934372*thid_OIP.eTMVXx7WJWXi7k-y5YQh5wHaEK", 
            "imageId": "4AD48C3C9551BF3FD3859A2BE8F6F71880B4F60D", 
            "isFamilyFriendly": true, 
            "datePublished": "2017-02-14T08:55:00.0000000Z", 
            "encodingFormat": "jpeg", 
            "webSearchUrl": "https://www.bing.com/images/search?view=detailv2&FORM=OIIRPO&q=site%3a(thepaper.cn+or+chinadaily.com.cn+or+china.com.cn+or+chinanews.com+or+youth.cn+or+sina.com.cn+or+xinhuanet.com+or+cri.cn+or+163.com+or+cankaoxiaoxi.com+or+cctv.com+or+ifeng.com+or+qq.com+or+takungpao.com+or+people.com.cn+or+southcn.com+or+southcn.com+or+cnr.cn+or+people.com.cn+or+cyol.com+or+bjnews.com.cn+or+gmw.cn+or+dahe.cn+or+xfrb.com.cn+or+cqnews.net+or+lifeweek.com.cn+or+cpd.com.cn+or+haiwainet.cn+or+yidianzixun.com+or+ftchinese.com+or+guancha.cn+or+zhcw.com+or+huanqiu.com+or+ihuawen.com+or+nytimes.com+or+flickr.com+or+quanjing.com+or+vcg.com+or+gettyimages.co.uk+or+paixin.com)+%e6%b2%a1+%e9%97%ae%e9%a2%98+%e6%9d%b0%e5%85%8b+%e8%af%b4&id=4AD48C3C9551BF3FD3859A2BE8F6F71880B4F60D&simid=608055436631934372", 
            "hostPageUrl": "http://edu.sina.com.cn/l/2017-02-14/doc-ifyamkzq1303848.shtml", 
            "thumbnailUrl": "https://tse1.mm.bing.net/th?id=OIP.eTMVXx7WJWXi7k-y5YQh5wHaEK&pid=Api", 
            "thumbnail": {
                "width": 474, 
                "height": 266
            }, 
            "contentSize": "36359 B"
        }, 
        {
            "contentUrl": "http://n.sinaimg.cn/transform/20150911/5puQ-fxhuyha2153948.jpg", 
            "insightsMetadata": {
                "pagesIncludingCount": 2, 
                "availableSizesCount": 1
            }, 
            "height": 366, 
            "accentColor": "37445F", 
            "hostPageDisplayUrl": "sports.sina.com.cn/golf/pgatour/2015-09-11/doc...", 
            "name": "特维诺解释巅峰时3度拒战大师赛：与主席关系不睦_美巡赛_新浪 ...", 
            "width": 550, 
            "imageInsightsToken": "ccid_2G6s7Iid*mid_2295373E44300512FF515D3F9C3468DA65B9CAD9*simid_608029327538391803*thid_OIP.2G6s7Iid2VCeWbpi4MdeugHaE7", 
            "imageId": "2295373E44300512FF515D3F9C3468DA65B9CAD9", 
            "isFamilyFriendly": true, 
            "datePublished": "2018-04-23T15:01:00.0000000Z", 
            "encodingFormat": "jpeg", 
            "webSearchUrl": "https://www.bing.com/images/search?view=detailv2&FORM=OIIRPO&q=site%3a(thepaper.cn+or+chinadaily.com.cn+or+china.com.cn+or+chinanews.com+or+youth.cn+or+sina.com.cn+or+xinhuanet.com+or+cri.cn+or+163.com+or+cankaoxiaoxi.com+or+cctv.com+or+ifeng.com+or+qq.com+or+takungpao.com+or+people.com.cn+or+southcn.com+or+southcn.com+or+cnr.cn+or+people.com.cn+or+cyol.com+or+bjnews.com.cn+or+gmw.cn+or+dahe.cn+or+xfrb.com.cn+or+cqnews.net+or+lifeweek.com.cn+or+cpd.com.cn+or+haiwainet.cn+or+yidianzixun.com+or+ftchinese.com+or+guancha.cn+or+zhcw.com+or+huanqiu.com+or+ihuawen.com+or+nytimes.com+or+flickr.com+or+quanjing.com+or+vcg.com+or+gettyimages.co.uk+or+paixin.com)+%e6%b2%a1+%e9%97%ae%e9%a2%98+%e6%9d%b0%e5%85%8b+%e8%af%b4&id=2295373E44300512FF515D3F9C3468DA65B9CAD9&simid=608029327538391803", 
            "hostPageUrl": "http://sports.sina.com.cn/golf/pgatour/2015-09-11/doc-ifxhuyha2153986.shtml", 
            "thumbnailUrl": "https://tse1.mm.bing.net/th?id=OIP.2G6s7Iid2VCeWbpi4MdeugHaE7&pid=Api", 
            "thumbnail": {
                "width": 474, 
                "height": 315
            }, 
            "contentSize": "17142 B"
        }, 
        {
            "contentUrl": "http://inews.gtimg.com/newsapp_match/0/4388982972/0", 
            "insightsMetadata": {
                "pagesIncludingCount": 1, 
                "availableSizesCount": 1
            }, 
            "height": 404, 
            "accentColor": "AF1C34", 
            "hostPageDisplayUrl": "https://kuaibao.qq.com/s/20180715A0Y5YY00?refer=spider", 
            "name": "第五人格：杰克的真面目-天天快报", 
            "width": 497, 
            "imageInsightsToken": "ccid_kzJsC/Rg*mid_0736EE2A26ED3DD351EAA90D2AC42C79FFBA02C9*simid_608050016423971379*thid_OIP.kzJsC!_RgasEohvflIQJCTAHaGB", 
            "imageId": "0736EE2A26ED3DD351EAA90D2AC42C79FFBA02C9", 
            "isFamilyFriendly": true, 
            "datePublished": "2019-02-20T06:03:00.0000000Z", 
            "encodingFormat": "jpeg", 
            "webSearchUrl": "https://www.bing.com/images/search?view=detailv2&FORM=OIIRPO&q=site%3a(thepaper.cn+or+chinadaily.com.cn+or+china.com.cn+or+chinanews.com+or+youth.cn+or+sina.com.cn+or+xinhuanet.com+or+cri.cn+or+163.com+or+cankaoxiaoxi.com+or+cctv.com+or+ifeng.com+or+qq.com+or+takungpao.com+or+people.com.cn+or+southcn.com+or+southcn.com+or+cnr.cn+or+people.com.cn+or+cyol.com+or+bjnews.com.cn+or+gmw.cn+or+dahe.cn+or+xfrb.com.cn+or+cqnews.net+or+lifeweek.com.cn+or+cpd.com.cn+or+haiwainet.cn+or+yidianzixun.com+or+ftchinese.com+or+guancha.cn+or+zhcw.com+or+huanqiu.com+or+ihuawen.com+or+nytimes.com+or+flickr.com+or+quanjing.com+or+vcg.com+or+gettyimages.co.uk+or+paixin.com)+%e6%b2%a1+%e9%97%ae%e9%a2%98+%e6%9d%b0%e5%85%8b+%e8%af%b4&id=0736EE2A26ED3DD351EAA90D2AC42C79FFBA02C9&simid=608050016423971379", 
            "hostPageUrl": "https://kuaibao.qq.com/s/20180715A0Y5YY00?refer=spider", 
            "thumbnailUrl": "https://tse4.mm.bing.net/th?id=OIP.kzJsC_RgasEohvflIQJCTAHaGB&pid=Api", 
            "thumbnail": {
                "width": 474, 
                "height": 385
            }, 
            "contentSize": "22707 B"
        }, 
        {
            "contentUrl": "http://inews.gtimg.com/newsapp_match/0/4937186418/0", 
            "insightsMetadata": {
                "pagesIncludingCount": 2, 
                "availableSizesCount": 1
            }, 
            "height": 438, 
            "accentColor": "B81326", 
            "hostPageDisplayUrl": "https://kuaibao.qq.com/s/20180822A0Q5PZ00?refer=spider", 
            "name": "第五人格：靓仔失忆却没忘记杰克，靓仔：杰克，带我回家吧 ...", 
            "width": 507, 
            "imageInsightsToken": "ccid_HsQZ9SPb*mid_E7912888DF9C078C581E31A35C6D6513F3D060B7*simid_607994680065917497*thid_OIP.HsQZ9SPbgU!_P95uCgUOj7gHaGZ", 
            "imageId": "E7912888DF9C078C581E31A35C6D6513F3D060B7", 
            "isFamilyFriendly": true, 
            "datePublished": "2019-02-28T22:57:00.0000000Z", 
            "encodingFormat": "jpeg", 
            "webSearchUrl": "https://www.bing.com/images/search?view=detailv2&FORM=OIIRPO&q=site%3a(thepaper.cn+or+chinadaily.com.cn+or+china.com.cn+or+chinanews.com+or+youth.cn+or+sina.com.cn+or+xinhuanet.com+or+cri.cn+or+163.com+or+cankaoxiaoxi.com+or+cctv.com+or+ifeng.com+or+qq.com+or+takungpao.com+or+people.com.cn+or+southcn.com+or+southcn.com+or+cnr.cn+or+people.com.cn+or+cyol.com+or+bjnews.com.cn+or+gmw.cn+or+dahe.cn+or+xfrb.com.cn+or+cqnews.net+or+lifeweek.com.cn+or+cpd.com.cn+or+haiwainet.cn+or+yidianzixun.com+or+ftchinese.com+or+guancha.cn+or+zhcw.com+or+huanqiu.com+or+ihuawen.com+or+nytimes.com+or+flickr.com+or+quanjing.com+or+vcg.com+or+gettyimages.co.uk+or+paixin.com)+%e6%b2%a1+%e9%97%ae%e9%a2%98+%e6%9d%b0%e5%85%8b+%e8%af%b4&id=E7912888DF9C078C581E31A35C6D6513F3D060B7&simid=607994680065917497", 
            "hostPageUrl": "https://kuaibao.qq.com/s/20180822A0Q5PZ00?refer=spider", 
            "thumbnailUrl": "https://tse1.mm.bing.net/th?id=OIP.HsQZ9SPbgU_P95uCgUOj7gHaGZ&pid=Api", 
            "thumbnail": {
                "width": 474, 
                "height": 409
            }, 
            "contentSize": "27543 B"
        }, 
        {
            "contentUrl": "http://p2.ifengimg.com/haina/2016_47/b3436b49b39bd43_w608_h455.png", 
            "insightsMetadata": {
                "pagesIncludingCount": 2, 
                "availableSizesCount": 1
            }, 
            "height": 455, 
            "accentColor": "2E476E", 
            "hostPageDisplayUrl": "tech.ifeng.com/a/20161117/44495621_0.shtml", 
            "name": "网易丁磊这次在乌镇说了很多，但因为一个问题跑了……_凤凰科技", 
            "width": 608, 
            "imageInsightsToken": "ccid_oymGgPet*mid_39865592EC3ECABEDE6320622E2BE1E2BB26583E*simid_607997158261784607*thid_OIP.oymGgPet7JrTYdqdd68y3wEsDg", 
            "imageId": "39865592EC3ECABEDE6320622E2BE1E2BB26583E", 
            "isFamilyFriendly": true, 
            "datePublished": "2016-11-17T05:27:00.0000000Z", 
            "encodingFormat": "png", 
            "webSearchUrl": "https://www.bing.com/images/search?view=detailv2&FORM=OIIRPO&q=site%3a(thepaper.cn+or+chinadaily.com.cn+or+china.com.cn+or+chinanews.com+or+youth.cn+or+sina.com.cn+or+xinhuanet.com+or+cri.cn+or+163.com+or+cankaoxiaoxi.com+or+cctv.com+or+ifeng.com+or+qq.com+or+takungpao.com+or+people.com.cn+or+southcn.com+or+southcn.com+or+cnr.cn+or+people.com.cn+or+cyol.com+or+bjnews.com.cn+or+gmw.cn+or+dahe.cn+or+xfrb.com.cn+or+cqnews.net+or+lifeweek.com.cn+or+cpd.com.cn+or+haiwainet.cn+or+yidianzixun.com+or+ftchinese.com+or+guancha.cn+or+zhcw.com+or+huanqiu.com+or+ihuawen.com+or+nytimes.com+or+flickr.com+or+quanjing.com+or+vcg.com+or+gettyimages.co.uk+or+paixin.com)+%e6%b2%a1+%e9%97%ae%e9%a2%98+%e6%9d%b0%e5%85%8b+%e8%af%b4&id=39865592EC3ECABEDE6320622E2BE1E2BB26583E&simid=607997158261784607", 
            "hostPageUrl": "http://tech.ifeng.com/a/20161117/44495621_0.shtml", 
            "thumbnailUrl": "https://tse2.mm.bing.net/th?id=OIP.oymGgPet7JrTYdqdd68y3wEsDg&pid=Api", 
            "thumbnail": {
                "width": 474, 
                "height": 354
            }, 
            "contentSize": "580954 B"
        }, 
        {
            "contentUrl": "http://inews.gtimg.com/newsapp_match/0/3866478072/0", 
            "insightsMetadata": {
                "pagesIncludingCount": 1, 
                "availableSizesCount": 1
            }, 
            "height": 407, 
            "accentColor": "A52640", 
            "hostPageDisplayUrl": "https://kuaibao.qq.com/s/20180606A13QD400?refer=spider", 
            "name": "第五人格：杰克Q版装扮面具大放送，奈布认为是第三个帅气 ...", 
            "width": 538, 
            "imageInsightsToken": "ccid_Y8P0j6e/*mid_F90D739241DED3995BD02DC4F844FBD8E7175136*simid_608000456785857673*thid_OIP.Y8P0j6e!_KtTW85YJc5ckyQHaFm", 
            "imageId": "F90D739241DED3995BD02DC4F844FBD8E7175136", 
            "isFamilyFriendly": true, 
            "datePublished": "2019-01-27T19:53:00.0000000Z", 
            "encodingFormat": "jpeg", 
            "webSearchUrl": "https://www.bing.com/images/search?view=detailv2&FORM=OIIRPO&q=site%3a(thepaper.cn+or+chinadaily.com.cn+or+china.com.cn+or+chinanews.com+or+youth.cn+or+sina.com.cn+or+xinhuanet.com+or+cri.cn+or+163.com+or+cankaoxiaoxi.com+or+cctv.com+or+ifeng.com+or+qq.com+or+takungpao.com+or+people.com.cn+or+southcn.com+or+southcn.com+or+cnr.cn+or+people.com.cn+or+cyol.com+or+bjnews.com.cn+or+gmw.cn+or+dahe.cn+or+xfrb.com.cn+or+cqnews.net+or+lifeweek.com.cn+or+cpd.com.cn+or+haiwainet.cn+or+yidianzixun.com+or+ftchinese.com+or+guancha.cn+or+zhcw.com+or+huanqiu.com+or+ihuawen.com+or+nytimes.com+or+flickr.com+or+quanjing.com+or+vcg.com+or+gettyimages.co.uk+or+paixin.com)+%e6%b2%a1+%e9%97%ae%e9%a2%98+%e6%9d%b0%e5%85%8b+%e8%af%b4&id=F90D739241DED3995BD02DC4F844FBD8E7175136&simid=608000456785857673", 
            "hostPageUrl": "https://kuaibao.qq.com/s/20180606A13QD400?refer=spider", 
            "thumbnailUrl": "https://tse4.mm.bing.net/th?id=OIP.Y8P0j6e_KtTW85YJc5ckyQHaFm&pid=Api", 
            "thumbnail": {
                "width": 474, 
                "height": 358
            }, 
            "contentSize": "26174 B"
        }, 
        {
            "contentUrl": "http://n.sinaimg.cn/news/transform/20151128/xSMv-fxmaznc5755921.jpg", 
            "insightsMetadata": {
                "pagesIncludingCount": 5, 
                "availableSizesCount": 5
            }, 
            "height": 727, 
            "accentColor": "BDB90E", 
            "hostPageDisplayUrl": "news.sina.com.cn/c/2015-11-28/doc-ifxmcnkr7655370.shtml", 
            "name": "桑兰回应公开视频：脑子都长在屁股上了(图)|桑兰|录像带_新浪新闻", 
            "width": 400, 
            "imageInsightsToken": "ccid_lUeSjODC*mid_8CE642C320D534F4A990CFC8F762427E299FB5BA*simid_608009489127703291*thid_OIP.lUeSjODCshlq7vAC2hdkwQAAAA", 
            "imageId": "8CE642C320D534F4A990CFC8F762427E299FB5BA", 
            "isFamilyFriendly": true, 
            "datePublished": "2018-11-04T01:30:00.0000000Z", 
            "encodingFormat": "jpeg", 
            "webSearchUrl": "https://www.bing.com/images/search?view=detailv2&FORM=OIIRPO&q=site%3a(thepaper.cn+or+chinadaily.com.cn+or+china.com.cn+or+chinanews.com+or+youth.cn+or+sina.com.cn+or+xinhuanet.com+or+cri.cn+or+163.com+or+cankaoxiaoxi.com+or+cctv.com+or+ifeng.com+or+qq.com+or+takungpao.com+or+people.com.cn+or+southcn.com+or+southcn.com+or+cnr.cn+or+people.com.cn+or+cyol.com+or+bjnews.com.cn+or+gmw.cn+or+dahe.cn+or+xfrb.com.cn+or+cqnews.net+or+lifeweek.com.cn+or+cpd.com.cn+or+haiwainet.cn+or+yidianzixun.com+or+ftchinese.com+or+guancha.cn+or+zhcw.com+or+huanqiu.com+or+ihuawen.com+or+nytimes.com+or+flickr.com+or+quanjing.com+or+vcg.com+or+gettyimages.co.uk+or+paixin.com)+%e6%b2%a1+%e9%97%ae%e9%a2%98+%e6%9d%b0%e5%85%8b+%e8%af%b4&id=8CE642C320D534F4A990CFC8F762427E299FB5BA&simid=608009489127703291", 
            "hostPageUrl": "http://news.sina.com.cn/c/2015-11-28/doc-ifxmcnkr7655370.shtml", 
            "thumbnailUrl": "https://tse4.mm.bing.net/th?id=OIP.lUeSjODCshlq7vAC2hdkwQAAAA&pid=Api", 
            "thumbnail": {
                "width": 400, 
                "height": 727
            }, 
            "contentSize": "99407 B"
        }, 
        {
            "contentUrl": "https://inews.gtimg.com/newsapp_bt/0/6179333258/1000", 
            "insightsMetadata": {
                "pagesIncludingCount": 1, 
                "availableSizesCount": 1
            }, 
            "height": 657, 
            "accentColor": "4E5C67", 
            "hostPageDisplayUrl": "https://new.qq.com/omn/20181114/20181114A0KU1B.html", 
            "name": "《家有杰克》我无限期收藏，因为他不会再有新片了", 
            "width": 804, 
            "imageInsightsToken": "ccid_1y1KeYvo*mid_F289F60811A7E55D69A8BE79D890C10FDAEB6BB8*simid_608017555045615976*thid_OIP.1y1KeYvore-y6ac8b6uWuQHaGD", 
            "imageId": "F289F60811A7E55D69A8BE79D890C10FDAEB6BB8", 
            "isFamilyFriendly": true, 
            "datePublished": "2018-11-14T05:16:00.0000000Z", 
            "encodingFormat": "jpeg", 
            "webSearchUrl": "https://www.bing.com/images/search?view=detailv2&FORM=OIIRPO&q=site%3a(thepaper.cn+or+chinadaily.com.cn+or+china.com.cn+or+chinanews.com+or+youth.cn+or+sina.com.cn+or+xinhuanet.com+or+cri.cn+or+163.com+or+cankaoxiaoxi.com+or+cctv.com+or+ifeng.com+or+qq.com+or+takungpao.com+or+people.com.cn+or+southcn.com+or+southcn.com+or+cnr.cn+or+people.com.cn+or+cyol.com+or+bjnews.com.cn+or+gmw.cn+or+dahe.cn+or+xfrb.com.cn+or+cqnews.net+or+lifeweek.com.cn+or+cpd.com.cn+or+haiwainet.cn+or+yidianzixun.com+or+ftchinese.com+or+guancha.cn+or+zhcw.com+or+huanqiu.com+or+ihuawen.com+or+nytimes.com+or+flickr.com+or+quanjing.com+or+vcg.com+or+gettyimages.co.uk+or+paixin.com)+%e6%b2%a1+%e9%97%ae%e9%a2%98+%e6%9d%b0%e5%85%8b+%e8%af%b4&id=F289F60811A7E55D69A8BE79D890C10FDAEB6BB8&simid=608017555045615976", 
            "hostPageUrl": "https://new.qq.com/omn/20181114/20181114A0KU1B.html", 
            "thumbnailUrl": "https://tse1.mm.bing.net/th?id=OIP.1y1KeYvore-y6ac8b6uWuQHaGD&pid=Api", 
            "thumbnail": {
                "width": 474, 
                "height": 387
            }, 
            "contentSize": "44475 B"
        }
    ], 
    "nextOffset": 18, 
    "queryContext": {
        "alterationMethod": "AM_JustChangeIt", 
        "alterationType": "CombinedAlterationsChained", 
        "originalQuery": "site:(thepaper.cn or chinadaily.com.cn or china.com.cn or chinanews.com or youth.cn or sina.com.cn or xinhuanet.com or cri.cn or 163.com or cankaoxiaoxi.com or cctv.com or ifeng.com or qq.com or takungpao.com or people.com.cn or southcn.com or southcn.com or cnr.cn or people.com.cn or cyol.com or bjnews.com.cn or gmw.cn or dahe.cn or xfrb.com.cn or cqnews.net or lifeweek.com.cn or cpd.com.cn or haiwainet.cn or yidianzixun.com or ftchinese.com or guancha.cn or zhcw.com or huanqiu.com or ihuawen.com or nytimes.com or flickr.com or quanjing.com or vcg.com or gettyimages.co.uk or paixin.com) 没 问题 杰克 说", 
        "alterationOverrideQuery": "+site:(thepaper.cn or chinadaily.com.cn or china.com.cn or chinanews.com or youth.cn or sina.com.cn or xinhuanet.com or cri.cn or 163.com or cankaoxiaoxi.com or cctv.com or ifeng.com or qq.com or takungpao.com or people.com.cn or southcn.com or southcn.com or cnr.cn or people.com.cn or cyol.com or bjnews.com.cn or gmw.cn or dahe.cn or xfrb.com.cn or cqnews.net or lifeweek.com.cn or cpd.com.cn or haiwainet.cn or yidianzixun.com or ftchinese.com or guancha.cn or zhcw.com or huanqiu.com or ihuawen.com or nytimes.com or flickr.com or quanjing.com or vcg.com or gettyimages.co.uk or paixin.com) 没 问题 杰克 说", 
        "alterationDisplayQuery": "没 问题 杰克 说"
    }, 
    "currentOffset": 0, 
    "readLink": "images/search?q=site:(thepaper.cn or chinadaily.com.cn or china.com.cn or chinanews.com or youth.cn or sina.com.cn or xinhuanet.com or cri.cn or 163.com or cankaoxiaoxi.com or cctv.com or ifeng.com or qq.com or takungpao.com or people.com.cn or southcn.com or southcn.com or cnr.cn or people.com.cn or cyol.com or bjnews.com.cn or gmw.cn or dahe.cn or xfrb.com.cn or cqnews.net or lifeweek.com.cn or cpd.com.cn or haiwainet.cn or yidianzixun.com or ftchinese.com or guancha.cn or zhcw.com or huanqiu.com or ihuawen.com or nytimes.com or flickr.com or quanjing.com or vcg.com or gettyimages.co.uk or paixin.com) 没 问题 杰克 说", 
    "totalEstimatedMatches": 100, 
    "relatedSearches": [
        {
            "text": "就算是哥哥有爱就没问题了对吧", 
            "displayText": "就算是哥哥有爱就没问题了对吧", 
            "thumbnail": {
                "thumbnailUrl": "https://tse4.mm.bing.net/th?q=%e5%b0%b1%e7%ae%97%e6%98%af%e5%93%a5%e5%93%a5%e6%9c%89%e7%88%b1%e5%b0%b1%e6%b2%a1%e9%97%ae%e9%a2%98%e4%ba%86%e5%af%b9%e5%90%a7&pid=Api&mkt=zh-CN&adlt=strict&t=1"
            }, 
            "searchLink": "https://api.cognitive.microsoft.com/api/v7/images/search?q=%e5%b0%b1%e7%ae%97%e6%98%af%e5%93%a5%e5%93%a5%e6%9c%89%e7%88%b1%e5%b0%b1%e6%b2%a1%e9%97%ae%e9%a2%98%e4%ba%86%e5%af%b9%e5%90%a7", 
            "webSearchUrl": "https://www.bing.com/images/search?q=%e5%b0%b1%e7%ae%97%e6%98%af%e5%93%a5%e5%93%a5%e6%9c%89%e7%88%b1%e5%b0%b1%e6%b2%a1%e9%97%ae%e9%a2%98%e4%ba%86%e5%af%b9%e5%90%a7&FORM=IRPATC"
        }, 
        {
            "text": "哥哥有爱就没问题", 
            "displayText": "哥哥有爱就没问题", 
            "thumbnail": {
                "thumbnailUrl": "https://tse3.mm.bing.net/th?q=%e5%93%a5%e5%93%a5%e6%9c%89%e7%88%b1%e5%b0%b1%e6%b2%a1%e9%97%ae%e9%a2%98&pid=Api&mkt=zh-CN&adlt=strict&t=1"
            }, 
            "searchLink": "https://api.cognitive.microsoft.com/api/v7/images/search?q=%e5%93%a5%e5%93%a5%e6%9c%89%e7%88%b1%e5%b0%b1%e6%b2%a1%e9%97%ae%e9%a2%98", 
            "webSearchUrl": "https://www.bing.com/images/search?q=%e5%93%a5%e5%93%a5%e6%9c%89%e7%88%b1%e5%b0%b1%e6%b2%a1%e9%97%ae%e9%a2%98&FORM=IRPATC"
        }, 
        {
            "text": "就算是哥哥有爱就没问题", 
            "displayText": "就算是哥哥有爱就没问题", 
            "thumbnail": {
                "thumbnailUrl": "https://tse2.mm.bing.net/th?q=%e5%b0%b1%e7%ae%97%e6%98%af%e5%93%a5%e5%93%a5%e6%9c%89%e7%88%b1%e5%b0%b1%e6%b2%a1%e9%97%ae%e9%a2%98&pid=Api&mkt=zh-CN&adlt=strict&t=1"
            }, 
            "searchLink": "https://api.cognitive.microsoft.com/api/v7/images/search?q=%e5%b0%b1%e7%ae%97%e6%98%af%e5%93%a5%e5%93%a5%e6%9c%89%e7%88%b1%e5%b0%b1%e6%b2%a1%e9%97%ae%e9%a2%98", 
            "webSearchUrl": "https://www.bing.com/images/search?q=%e5%b0%b1%e7%ae%97%e6%98%af%e5%93%a5%e5%93%a5%e6%9c%89%e7%88%b1%e5%b0%b1%e6%b2%a1%e9%97%ae%e9%a2%98&FORM=IRPATC"
        }, 
        {
            "text": "就算是哥哥只要有爱就没问题对吧", 
            "displayText": "就算是哥哥只要有爱就没问题对吧", 
            "thumbnail": {
                "thumbnailUrl": "https://tse3.mm.bing.net/th?q=%e5%b0%b1%e7%ae%97%e6%98%af%e5%93%a5%e5%93%a5%e5%8f%aa%e8%a6%81%e6%9c%89%e7%88%b1%e5%b0%b1%e6%b2%a1%e9%97%ae%e9%a2%98%e5%af%b9%e5%90%a7&pid=Api&mkt=zh-CN&adlt=strict&t=1"
            }, 
            "searchLink": "https://api.cognitive.microsoft.com/api/v7/images/search?q=%e5%b0%b1%e7%ae%97%e6%98%af%e5%93%a5%e5%93%a5%e5%8f%aa%e8%a6%81%e6%9c%89%e7%88%b1%e5%b0%b1%e6%b2%a1%e9%97%ae%e9%a2%98%e5%af%b9%e5%90%a7", 
            "webSearchUrl": "https://www.bing.com/images/search?q=%e5%b0%b1%e7%ae%97%e6%98%af%e5%93%a5%e5%93%a5%e5%8f%aa%e8%a6%81%e6%9c%89%e7%88%b1%e5%b0%b1%e6%b2%a1%e9%97%ae%e9%a2%98%e5%af%b9%e5%90%a7&FORM=IRPATC"
        }, 
        {
            "text": "我的青春恋爱物语果然没有问题", 
            "displayText": "我的青春恋爱物语果然没有问题", 
            "thumbnail": {
                "thumbnailUrl": "https://tse3.mm.bing.net/th?q=%e6%88%91%e7%9a%84%e9%9d%92%e6%98%a5%e6%81%8b%e7%88%b1%e7%89%a9%e8%af%ad%e6%9e%9c%e7%84%b6%e6%b2%a1%e6%9c%89%e9%97%ae%e9%a2%98&pid=Api&mkt=zh-CN&adlt=strict&t=1"
            }, 
            "searchLink": "https://api.cognitive.microsoft.com/api/v7/images/search?q=%e6%88%91%e7%9a%84%e9%9d%92%e6%98%a5%e6%81%8b%e7%88%b1%e7%89%a9%e8%af%ad%e6%9e%9c%e7%84%b6%e6%b2%a1%e6%9c%89%e9%97%ae%e9%a2%98", 
            "webSearchUrl": "https://www.bing.com/images/search?q=%e6%88%91%e7%9a%84%e9%9d%92%e6%98%a5%e6%81%8b%e7%88%b1%e7%89%a9%e8%af%ad%e6%9e%9c%e7%84%b6%e6%b2%a1%e6%9c%89%e9%97%ae%e9%a2%98&FORM=IRPATC"
        }, 
        {
            "text": "只要是哥哥有爱就没问题", 
            "displayText": "只要是哥哥有爱就没问题", 
            "thumbnail": {
                "thumbnailUrl": "https://tse1.mm.bing.net/th?q=%e5%8f%aa%e8%a6%81%e6%98%af%e5%93%a5%e5%93%a5%e6%9c%89%e7%88%b1%e5%b0%b1%e6%b2%a1%e9%97%ae%e9%a2%98&pid=Api&mkt=zh-CN&adlt=strict&t=1"
            }, 
            "searchLink": "https://api.cognitive.microsoft.com/api/v7/images/search?q=%e5%8f%aa%e8%a6%81%e6%98%af%e5%93%a5%e5%93%a5%e6%9c%89%e7%88%b1%e5%b0%b1%e6%b2%a1%e9%97%ae%e9%a2%98", 
            "webSearchUrl": "https://www.bing.com/images/search?q=%e5%8f%aa%e8%a6%81%e6%98%af%e5%93%a5%e5%93%a5%e6%9c%89%e7%88%b1%e5%b0%b1%e6%b2%a1%e9%97%ae%e9%a2%98&FORM=IRPATC"
        }
    ]
}