{
    "instrumentation": {
        "_type": "ResponseInstrumentation"
    }, 
    "_type": "Images", 
    "webSearchUrl": "https://www.bing.com/images/search?q=site:(thepaper.cn or chinadaily.com.cn or china.com.cn or chinanews.com or youth.cn or sina.com.cn or xinhuanet.com or cri.cn or 163.com or cankaoxiaoxi.com or cctv.com or ifeng.com or qq.com or takungpao.com or people.com.cn or southcn.com or southcn.com or cnr.cn or people.com.cn or cyol.com or bjnews.com.cn or gmw.cn or dahe.cn or xfrb.com.cn or cqnews.net or lifeweek.com.cn or cpd.com.cn or haiwainet.cn or yidianzixun.com or ftchinese.com or guancha.cn or zhcw.com or huanqiu.com or ihuawen.com or nytimes.com or flickr.com or quanjing.com or vcg.com or gettyimages.co.uk or paixin.com) Jack said, Jack devoted his life to this job,&FORM=OIIARP", 
    "value": [
        {
            "contentUrl": "https://static01.nyt.com/images/2010/05/18/arts/18jones2/18jones2-popup.jpg", 
            "insightsMetadata": {
                "pagesIncludingCount": 5, 
                "availableSizesCount": 2
            }, 
            "height": 500, 
            "accentColor": "282828", 
            "hostPageDisplayUrl": "www.nytimes.com/2010/05/18/arts/music/18jones.html", 
            "name": "Hank Jones, Versatile Jazz Pianist, Is Dead at 91 - The New York Times", 
            "width": 338, 
            "imageInsightsToken": "ccid_pVg2ZSNi*mid_1B57412F64B706CE10DE9C057FEF2CEA9EA0C13B*simid_607990840354473688*thid_OIP.pVg2ZSNiZShLvo5BM6!_PJAAAAA", 
            "imageId": "1B57412F64B706CE10DE9C057FEF2CEA9EA0C13B", 
            "isFamilyFriendly": true, 
            "datePublished": "2010-05-17T12:00:00.0000000Z", 
            "encodingFormat": "jpeg", 
            "webSearchUrl": "https://www.bing.com/images/search?view=detailv2&FORM=OIIRPO&q=site%3a(thepaper.cn+or+chinadaily.com.cn+or+china.com.cn+or+chinanews.com+or+youth.cn+or+sina.com.cn+or+xinhuanet.com+or+cri.cn+or+163.com+or+cankaoxiaoxi.com+or+cctv.com+or+ifeng.com+or+qq.com+or+takungpao.com+or+people.com.cn+or+southcn.com+or+southcn.com+or+cnr.cn+or+people.com.cn+or+cyol.com+or+bjnews.com.cn+or+gmw.cn+or+dahe.cn+or+xfrb.com.cn+or+cqnews.net+or+lifeweek.com.cn+or+cpd.com.cn+or+haiwainet.cn+or+yidianzixun.com+or+ftchinese.com+or+guancha.cn+or+zhcw.com+or+huanqiu.com+or+ihuawen.com+or+nytimes.com+or+flickr.com+or+quanjing.com+or+vcg.com+or+gettyimages.co.uk+or+paixin.com)+Jack+said%2c+Jack+devoted+his+life+to+this+job%2c&id=1B57412F64B706CE10DE9C057FEF2CEA9EA0C13B&simid=607990840354473688", 
            "hostPageUrl": "http://www.nytimes.com/2010/05/18/arts/music/18jones.html", 
            "thumbnailUrl": "https://tse4.mm.bing.net/th?id=OIP.pVg2ZSNiZShLvo5BM6_PJAAAAA&pid=Api", 
            "thumbnail": {
                "width": 338, 
                "height": 500
            }, 
            "hostPageFavIconUrl": "https://www.bing.com/th?id=AR_cc657c1af702fae867766bbf2aa25756&pid=Api", 
            "contentSize": "43138 B"
        }, 
        {
            "contentUrl": "http://static01.nyt.com/images/2011/01/26/us/KIMBALL/KIMBALL-popup.jpg", 
            "insightsMetadata": {
                "pagesIncludingCount": 1, 
                "availableSizesCount": 1
            }, 
            "height": 411, 
            "accentColor": "436D88", 
            "hostPageDisplayUrl": "www.nytimes.com/2011/01/26/us/politics/26kimball.html", 
            "name": "Jack Kimball’s Rise to New Hampshire Republican Chairman - The New York Times", 
            "width": 650, 
            "imageInsightsToken": "ccid_aAr8IljL*mid_6BB6DE133B2CF4F8F1BA20BD8FB96679FF3EF963*simid_608008179157437173*thid_OIP.aAr8IljLrhcAoZK6pTd5IAEsC9", 
            "imageId": "6BB6DE133B2CF4F8F1BA20BD8FB96679FF3EF963", 
            "isFamilyFriendly": true, 
            "datePublished": "2011-01-25T12:00:00.0000000Z", 
            "encodingFormat": "jpeg", 
            "webSearchUrl": "https://www.bing.com/images/search?view=detailv2&FORM=OIIRPO&q=site%3a(thepaper.cn+or+chinadaily.com.cn+or+china.com.cn+or+chinanews.com+or+youth.cn+or+sina.com.cn+or+xinhuanet.com+or+cri.cn+or+163.com+or+cankaoxiaoxi.com+or+cctv.com+or+ifeng.com+or+qq.com+or+takungpao.com+or+people.com.cn+or+southcn.com+or+southcn.com+or+cnr.cn+or+people.com.cn+or+cyol.com+or+bjnews.com.cn+or+gmw.cn+or+dahe.cn+or+xfrb.com.cn+or+cqnews.net+or+lifeweek.com.cn+or+cpd.com.cn+or+haiwainet.cn+or+yidianzixun.com+or+ftchinese.com+or+guancha.cn+or+zhcw.com+or+huanqiu.com+or+ihuawen.com+or+nytimes.com+or+flickr.com+or+quanjing.com+or+vcg.com+or+gettyimages.co.uk+or+paixin.com)+Jack+said%2c+Jack+devoted+his+life+to+this+job%2c&id=6BB6DE133B2CF4F8F1BA20BD8FB96679FF3EF963&simid=608008179157437173", 
            "hostPageUrl": "http://www.nytimes.com/2011/01/26/us/politics/26kimball.html", 
            "thumbnailUrl": "https://tse1.mm.bing.net/th?id=OIP.aAr8IljLrhcAoZK6pTd5IAEsC9&pid=Api", 
            "thumbnail": {
                "width": 474, 
                "height": 299
            }, 
            "hostPageFavIconUrl": "https://www.bing.com/th?id=AR_cc657c1af702fae867766bbf2aa25756&pid=Api", 
            "contentSize": "74798 B"
        }, 
        {
            "contentUrl": "https://static01.nyt.com/images/2015/10/06/business/06SQUARE/06SQUARE-master675.jpg", 
            "insightsMetadata": {
                "pagesIncludingCount": 11, 
                "availableSizesCount": 10
            }, 
            "height": 463, 
            "accentColor": "AB5D20", 
            "hostPageDisplayUrl": "https://www.nytimes.com/2015/10/06/technology/jack...", 
            "name": "Jack Dorsey’s Dual C.E.O. Role Raises Questions for Square - The New York Times", 
            "width": 675, 
            "imageInsightsToken": "ccid_XCeJABuq*mid_1A318DE9EFE9AAD00620EB8A3BFA31AC18D8D3D7*simid_608047641302469131*thid_OIP.XCeJABuqyC66PCBYHrzmawHaFF", 
            "imageId": "1A318DE9EFE9AAD00620EB8A3BFA31AC18D8D3D7", 
            "isFamilyFriendly": true, 
            "datePublished": "2015-10-06T12:00:00.0000000Z", 
            "encodingFormat": "jpeg", 
            "webSearchUrl": "https://www.bing.com/images/search?view=detailv2&FORM=OIIRPO&q=site%3a(thepaper.cn+or+chinadaily.com.cn+or+china.com.cn+or+chinanews.com+or+youth.cn+or+sina.com.cn+or+xinhuanet.com+or+cri.cn+or+163.com+or+cankaoxiaoxi.com+or+cctv.com+or+ifeng.com+or+qq.com+or+takungpao.com+or+people.com.cn+or+southcn.com+or+southcn.com+or+cnr.cn+or+people.com.cn+or+cyol.com+or+bjnews.com.cn+or+gmw.cn+or+dahe.cn+or+xfrb.com.cn+or+cqnews.net+or+lifeweek.com.cn+or+cpd.com.cn+or+haiwainet.cn+or+yidianzixun.com+or+ftchinese.com+or+guancha.cn+or+zhcw.com+or+huanqiu.com+or+ihuawen.com+or+nytimes.com+or+flickr.com+or+quanjing.com+or+vcg.com+or+gettyimages.co.uk+or+paixin.com)+Jack+said%2c+Jack+devoted+his+life+to+this+job%2c&id=1A318DE9EFE9AAD00620EB8A3BFA31AC18D8D3D7&simid=608047641302469131", 
            "hostPageUrl": "https://www.nytimes.com/2015/10/06/technology/jack-dorseys-dual-ceo-role-raises-questions-for-square.html", 
            "thumbnailUrl": "https://tse4.mm.bing.net/th?id=OIP.XCeJABuqyC66PCBYHrzmawHaFF&pid=Api", 
            "thumbnail": {
                "width": 474, 
                "height": 325
            }, 
            "hostPageFavIconUrl": "https://www.bing.com/th?id=AR_cc657c1af702fae867766bbf2aa25756&pid=Api", 
            "contentSize": "89326 B"
        }, 
        {
            "contentUrl": "https://static01.nyt.com/images/2009/05/27/us/defender2_large.jpg", 
            "insightsMetadata": {
                "pagesIncludingCount": 1, 
                "availableSizesCount": 1
            }, 
            "height": 550, 
            "accentColor": "666666", 
            "hostPageDisplayUrl": "www.nytimes.com/2009/05/27/us/27defenders.html", 
            "name": "Historical Trove, Freed From Storage, Gets a Home - The New York Times", 
            "width": 275, 
            "imageInsightsToken": "ccid_VVm6D6KF*mid_6D815C20C768DB6C264DCDE6882D3E5A7E6DE118*simid_608006031633811262*thid_OIP.VVm6D6KF5XnpFP!_Vcrl3iAAAAA", 
            "imageId": "6D815C20C768DB6C264DCDE6882D3E5A7E6DE118", 
            "isFamilyFriendly": true, 
            "datePublished": "2009-05-26T12:00:00.0000000Z", 
            "encodingFormat": "jpeg", 
            "webSearchUrl": "https://www.bing.com/images/search?view=detailv2&FORM=OIIRPO&q=site%3a(thepaper.cn+or+chinadaily.com.cn+or+china.com.cn+or+chinanews.com+or+youth.cn+or+sina.com.cn+or+xinhuanet.com+or+cri.cn+or+163.com+or+cankaoxiaoxi.com+or+cctv.com+or+ifeng.com+or+qq.com+or+takungpao.com+or+people.com.cn+or+southcn.com+or+southcn.com+or+cnr.cn+or+people.com.cn+or+cyol.com+or+bjnews.com.cn+or+gmw.cn+or+dahe.cn+or+xfrb.com.cn+or+cqnews.net+or+lifeweek.com.cn+or+cpd.com.cn+or+haiwainet.cn+or+yidianzixun.com+or+ftchinese.com+or+guancha.cn+or+zhcw.com+or+huanqiu.com+or+ihuawen.com+or+nytimes.com+or+flickr.com+or+quanjing.com+or+vcg.com+or+gettyimages.co.uk+or+paixin.com)+Jack+said%2c+Jack+devoted+his+life+to+this+job%2c&id=6D815C20C768DB6C264DCDE6882D3E5A7E6DE118&simid=608006031633811262", 
            "hostPageUrl": "http://www.nytimes.com/2009/05/27/us/27defenders.html", 
            "thumbnailUrl": "https://tse3.mm.bing.net/th?id=OIP.VVm6D6KF5XnpFP_Vcrl3iAAAAA&pid=Api", 
            "thumbnail": {
                "width": 275, 
                "height": 550
            }, 
            "hostPageFavIconUrl": "https://www.bing.com/th?id=AR_cc657c1af702fae867766bbf2aa25756&pid=Api", 
            "contentSize": "56564 B"
        }, 
        {
            "contentUrl": "https://static01.nyt.com/images/2017/01/29/magazine/29firstwords/29mag-29firstwords-t_CA0-videoSixteenByNineJumbo1600.jpg", 
            "insightsMetadata": {
                "pagesIncludingCount": 1, 
                "availableSizesCount": 1
            }, 
            "height": 901, 
            "accentColor": "B49F17", 
            "hostPageDisplayUrl": "https://www.nytimes.com/2017/01/24/magazine/calling...", 
            "name": "Calling Yourself ‘Humbled’ Doesn’t Sound as Humble as It Used To - The New York ...", 
            "width": 1600, 
            "imageInsightsToken": "ccid_OtzUQhGS*mid_931DEF9F69F628F9553CDB5B8F633411F366B70C*simid_608040000579700150*thid_OIP.OtzUQhGSQss-WCuua9ypPwHaEK", 
            "imageId": "931DEF9F69F628F9553CDB5B8F633411F366B70C", 
            "isFamilyFriendly": true, 
            "datePublished": "2017-01-24T10:06:00.0000000Z", 
            "encodingFormat": "jpeg", 
            "webSearchUrl": "https://www.bing.com/images/search?view=detailv2&FORM=OIIRPO&q=site%3a(thepaper.cn+or+chinadaily.com.cn+or+china.com.cn+or+chinanews.com+or+youth.cn+or+sina.com.cn+or+xinhuanet.com+or+cri.cn+or+163.com+or+cankaoxiaoxi.com+or+cctv.com+or+ifeng.com+or+qq.com+or+takungpao.com+or+people.com.cn+or+southcn.com+or+southcn.com+or+cnr.cn+or+people.com.cn+or+cyol.com+or+bjnews.com.cn+or+gmw.cn+or+dahe.cn+or+xfrb.com.cn+or+cqnews.net+or+lifeweek.com.cn+or+cpd.com.cn+or+haiwainet.cn+or+yidianzixun.com+or+ftchinese.com+or+guancha.cn+or+zhcw.com+or+huanqiu.com+or+ihuawen.com+or+nytimes.com+or+flickr.com+or+quanjing.com+or+vcg.com+or+gettyimages.co.uk+or+paixin.com)+Jack+said%2c+Jack+devoted+his+life+to+this+job%2c&id=931DEF9F69F628F9553CDB5B8F633411F366B70C&simid=608040000579700150", 
            "hostPageUrl": "https://www.nytimes.com/2017/01/24/magazine/calling-yourself-humbled-doesnt-sound-as-humble-as-it-used-to.html", 
            "thumbnailUrl": "https://tse1.mm.bing.net/th?id=OIP.OtzUQhGSQss-WCuua9ypPwHaEK&pid=Api", 
            "thumbnail": {
                "width": 474, 
                "height": 266
            }, 
            "hostPageFavIconUrl": "https://www.bing.com/th?id=AR_cc657c1af702fae867766bbf2aa25756&pid=Api", 
            "contentSize": "142340 B"
        }, 
        {
            "contentUrl": "https://static01.nyt.com/images/2016/09/09/us/09coleman-obit-1/09coleman-obit-1-facebookJumbo.jpg", 
            "insightsMetadata": {
                "pagesIncludingCount": 1, 
                "availableSizesCount": 1
            }, 
            "height": 549, 
            "accentColor": "666666", 
            "hostPageDisplayUrl": "https://www.nytimes.com/2016/09/09/us/john-r-coleman...", 
            "name": "John R. Coleman, Haverford President Who Explored Blue-Collar Life, Dies at 95 - The ...", 
            "width": 1050, 
            "imageInsightsToken": "ccid_KVYkLzmq*mid_7F92BDCD60D334C5DCC008D6B790ECEA9AF40A7F*simid_607995251287196760*thid_OIP.KVYkLzmq9Gdf29hjK5tnAAHaD3", 
            "imageId": "7F92BDCD60D334C5DCC008D6B790ECEA9AF40A7F", 
            "isFamilyFriendly": true, 
            "datePublished": "2016-09-09T12:00:00.0000000Z", 
            "encodingFormat": "jpeg", 
            "webSearchUrl": "https://www.bing.com/images/search?view=detailv2&FORM=OIIRPO&q=site%3a(thepaper.cn+or+chinadaily.com.cn+or+china.com.cn+or+chinanews.com+or+youth.cn+or+sina.com.cn+or+xinhuanet.com+or+cri.cn+or+163.com+or+cankaoxiaoxi.com+or+cctv.com+or+ifeng.com+or+qq.com+or+takungpao.com+or+people.com.cn+or+southcn.com+or+southcn.com+or+cnr.cn+or+people.com.cn+or+cyol.com+or+bjnews.com.cn+or+gmw.cn+or+dahe.cn+or+xfrb.com.cn+or+cqnews.net+or+lifeweek.com.cn+or+cpd.com.cn+or+haiwainet.cn+or+yidianzixun.com+or+ftchinese.com+or+guancha.cn+or+zhcw.com+or+huanqiu.com+or+ihuawen.com+or+nytimes.com+or+flickr.com+or+quanjing.com+or+vcg.com+or+gettyimages.co.uk+or+paixin.com)+Jack+said%2c+Jack+devoted+his+life+to+this+job%2c&id=7F92BDCD60D334C5DCC008D6B790ECEA9AF40A7F&simid=607995251287196760", 
            "hostPageUrl": "https://www.nytimes.com/2016/09/09/us/john-r-coleman-haverford-president-who-explored-blue-collar-life-dies-at-95.html", 
            "thumbnailUrl": "https://tse3.mm.bing.net/th?id=OIP.KVYkLzmq9Gdf29hjK5tnAAHaD3&pid=Api", 
            "thumbnail": {
                "width": 474, 
                "height": 247
            }, 
            "hostPageFavIconUrl": "https://www.bing.com/th?id=AR_cc657c1af702fae867766bbf2aa25756&pid=Api", 
            "contentSize": "107828 B"
        }, 
        {
            "contentUrl": "http://graphics8.nytimes.com/images/2011/01/24/nyregion/lalanne-2/lalanne-2-articleInline.jpg", 
            "insightsMetadata": {
                "pagesIncludingCount": 9, 
                "availableSizesCount": 2
            }, 
            "height": 410, 
            "accentColor": "1B1B18", 
            "hostPageDisplayUrl": "www.nytimes.com/2011/01/24/sports/24lalanne.html", 
            "name": "Jack LaLanne, Father of Fitness Movement, Dies at 96 - NYTimes.com", 
            "width": 190, 
            "imageInsightsToken": "ccid_wCwnwYEi*mid_754237CCC9BC37EC19545BA7790BE518118DDF98*simid_608037861649745300*thid_OIP.wCwnwYEiT2R-InusQL!_8ZwAAAA", 
            "imageId": "754237CCC9BC37EC19545BA7790BE518118DDF98", 
            "isFamilyFriendly": true, 
            "datePublished": "2011-01-23T12:00:00.0000000Z", 
            "encodingFormat": "jpeg", 
            "webSearchUrl": "https://www.bing.com/images/search?view=detailv2&FORM=OIIRPO&q=site%3a(thepaper.cn+or+chinadaily.com.cn+or+china.com.cn+or+chinanews.com+or+youth.cn+or+sina.com.cn+or+xinhuanet.com+or+cri.cn+or+163.com+or+cankaoxiaoxi.com+or+cctv.com+or+ifeng.com+or+qq.com+or+takungpao.com+or+people.com.cn+or+southcn.com+or+southcn.com+or+cnr.cn+or+people.com.cn+or+cyol.com+or+bjnews.com.cn+or+gmw.cn+or+dahe.cn+or+xfrb.com.cn+or+cqnews.net+or+lifeweek.com.cn+or+cpd.com.cn+or+haiwainet.cn+or+yidianzixun.com+or+ftchinese.com+or+guancha.cn+or+zhcw.com+or+huanqiu.com+or+ihuawen.com+or+nytimes.com+or+flickr.com+or+quanjing.com+or+vcg.com+or+gettyimages.co.uk+or+paixin.com)+Jack+said%2c+Jack+devoted+his+life+to+this+job%2c&id=754237CCC9BC37EC19545BA7790BE518118DDF98&simid=608037861649745300", 
            "hostPageUrl": "http://www.nytimes.com/2011/01/24/sports/24lalanne.html", 
            "thumbnailUrl": "https://tse1.mm.bing.net/th?id=OIP.wCwnwYEiT2R-InusQL_8ZwAAAA&pid=Api", 
            "thumbnail": {
                "width": 190, 
                "height": 410
            }, 
            "hostPageFavIconUrl": "https://www.bing.com/th?id=AR_cc657c1af702fae867766bbf2aa25756&pid=Api", 
            "contentSize": "18593 B"
        }, 
        {
            "contentUrl": "https://static01.nyt.com/images/2015/02/06/us/00licenses-web01/00licenses-web01-articleLarge.jpg", 
            "insightsMetadata": {
                "pagesIncludingCount": 3, 
                "availableSizesCount": 2
            }, 
            "height": 399, 
            "accentColor": "124571", 
            "hostPageDisplayUrl": "https://www.nytimes.com/2015/02/12/us/colorado-pulls-u...", 
            "name": "Unauthorized Immigrants’ Access to Driver’s Licenses Is at Risk - The New York Times", 
            "width": 600, 
            "imageInsightsToken": "ccid_kmRSx/FG*mid_EC9663F1FDD6C2872C15B07B59916E225C95D524*simid_608003154019225511*thid_OIP.kmRSx!_FGylycB7NAgFkGEgHaE7", 
            "imageId": "EC9663F1FDD6C2872C15B07B59916E225C95D524", 
            "isFamilyFriendly": true, 
            "datePublished": "2015-02-12T12:00:00.0000000Z", 
            "encodingFormat": "jpeg", 
            "webSearchUrl": "https://www.bing.com/images/search?view=detailv2&FORM=OIIRPO&q=site%3a(thepaper.cn+or+chinadaily.com.cn+or+china.com.cn+or+chinanews.com+or+youth.cn+or+sina.com.cn+or+xinhuanet.com+or+cri.cn+or+163.com+or+cankaoxiaoxi.com+or+cctv.com+or+ifeng.com+or+qq.com+or+takungpao.com+or+people.com.cn+or+southcn.com+or+southcn.com+or+cnr.cn+or+people.com.cn+or+cyol.com+or+bjnews.com.cn+or+gmw.cn+or+dahe.cn+or+xfrb.com.cn+or+cqnews.net+or+lifeweek.com.cn+or+cpd.com.cn+or+haiwainet.cn+or+yidianzixun.com+or+ftchinese.com+or+guancha.cn+or+zhcw.com+or+huanqiu.com+or+ihuawen.com+or+nytimes.com+or+flickr.com+or+quanjing.com+or+vcg.com+or+gettyimages.co.uk+or+paixin.com)+Jack+said%2c+Jack+devoted+his+life+to+this+job%2c&id=EC9663F1FDD6C2872C15B07B59916E225C95D524&simid=608003154019225511", 
            "hostPageUrl": "https://www.nytimes.com/2015/02/12/us/colorado-pulls-u-turn-on-licenses-for-illegal-immigrants.html", 
            "thumbnailUrl": "https://tse3.mm.bing.net/th?id=OIP.kmRSx_FGylycB7NAgFkGEgHaE7&pid=Api", 
            "thumbnail": {
                "width": 474, 
                "height": 315
            }, 
            "hostPageFavIconUrl": "https://www.bing.com/th?id=AR_cc657c1af702fae867766bbf2aa25756&pid=Api", 
            "contentSize": "53038 B"
        }
    ], 
    "nextOffset": 43, 
    "queryContext": {
        "alterationMethod": "AM_JustChangeIt", 
        "alterationType": "CombinedAlterations", 
        "originalQuery": "site:(thepaper.cn or chinadaily.com.cn or china.com.cn or chinanews.com or youth.cn or sina.com.cn or xinhuanet.com or cri.cn or 163.com or cankaoxiaoxi.com or cctv.com or ifeng.com or qq.com or takungpao.com or people.com.cn or southcn.com or southcn.com or cnr.cn or people.com.cn or cyol.com or bjnews.com.cn or gmw.cn or dahe.cn or xfrb.com.cn or cqnews.net or lifeweek.com.cn or cpd.com.cn or haiwainet.cn or yidianzixun.com or ftchinese.com or guancha.cn or zhcw.com or huanqiu.com or ihuawen.com or nytimes.com or flickr.com or quanjing.com or vcg.com or gettyimages.co.uk or paixin.com) Jack said, Jack devoted his life to this job,", 
        "alterationOverrideQuery": "+site:(thepaper.cn or chinadaily.com.cn or china.com.cn or chinanews.com or youth.cn or sina.com.cn or xinhuanet.com or cri.cn or 163.com or cankaoxiaoxi.com or cctv.com or ifeng.com or qq.com or takungpao.com or people.com.cn or southcn.com or southcn.com or cnr.cn or people.com.cn or cyol.com or bjnews.com.cn or gmw.cn or dahe.cn or xfrb.com.cn or cqnews.net or lifeweek.com.cn or cpd.com.cn or haiwainet.cn or yidianzixun.com or ftchinese.com or guancha.cn or zhcw.com or huanqiu.com or ihuawen.com or nytimes.com or flickr.com or quanjing.com or vcg.com or gettyimages.co.uk or paixin.com) Jack said, Jack devoted his life to this job,", 
        "alterationDisplayQuery": "jack said jack devoted his life to this jobs"
    }, 
    "currentOffset": 0, 
    "readLink": "images/search?q=site:(thepaper.cn or chinadaily.com.cn or china.com.cn or chinanews.com or youth.cn or sina.com.cn or xinhuanet.com or cri.cn or 163.com or cankaoxiaoxi.com or cctv.com or ifeng.com or qq.com or takungpao.com or people.com.cn or southcn.com or southcn.com or cnr.cn or people.com.cn or cyol.com or bjnews.com.cn or gmw.cn or dahe.cn or xfrb.com.cn or cqnews.net or lifeweek.com.cn or cpd.com.cn or haiwainet.cn or yidianzixun.com or ftchinese.com or guancha.cn or zhcw.com or huanqiu.com or ihuawen.com or nytimes.com or flickr.com or quanjing.com or vcg.com or gettyimages.co.uk or paixin.com) Jack said, Jack devoted his life to this job,", 
    "totalEstimatedMatches": 100
}