{
    "instrumentation": {
        "_type": "ResponseInstrumentation"
    }, 
    "_type": "Images", 
    "webSearchUrl": "https://www.bing.com/images/search?q=site:(thepaper.cn or chinadaily.com.cn or china.com.cn or chinanews.com or youth.cn or sina.com.cn or xinhuanet.com or cri.cn or 163.com or cankaoxiaoxi.com or cctv.com or ifeng.com or qq.com or takungpao.com or people.com.cn or southcn.com or southcn.com or cnr.cn or people.com.cn or cyol.com or bjnews.com.cn or gmw.cn or dahe.cn or xfrb.com.cn or cqnews.net or lifeweek.com.cn or cpd.com.cn or haiwainet.cn or yidianzixun.com or ftchinese.com or guancha.cn or zhcw.com or huanqiu.com or ihuawen.com or nytimes.com or flickr.com or quanjing.com or vcg.com or gettyimages.co.uk or paixin.com) 包括&FORM=OIIARP", 
    "value": [
        {
            "contentUrl": "http://www.people.com.cn/h/pic/20150519/29/17044374270180117201.jpg", 
            "insightsMetadata": {
                "pagesIncludingCount": 20, 
                "availableSizesCount": 12
            }, 
            "height": 300, 
            "accentColor": "213CAA", 
            "hostPageDisplayUrl": "www.chinadaily.com.cn/micro-reading/dzh/2015-05-19...", 
            "name": "天津大学搬迁 共包括12个学院- Micro Reading", 
            "width": 504, 
            "imageInsightsToken": "ccid_RiQB/wDa*mid_1FDA2F322B2AF7F430A0C03A3209CF1223C71F7F*simid_608019376102902813*thid_OIP.RiQB!_wDacCa0na5V3myOFwHaEa", 
            "imageId": "1FDA2F322B2AF7F430A0C03A3209CF1223C71F7F", 
            "isFamilyFriendly": true, 
            "datePublished": "2018-06-14T10:25:00.0000000Z", 
            "encodingFormat": "jpeg", 
            "webSearchUrl": "https://www.bing.com/images/search?view=detailv2&FORM=OIIRPO&q=site%3a(thepaper.cn+or+chinadaily.com.cn+or+china.com.cn+or+chinanews.com+or+youth.cn+or+sina.com.cn+or+xinhuanet.com+or+cri.cn+or+163.com+or+cankaoxiaoxi.com+or+cctv.com+or+ifeng.com+or+qq.com+or+takungpao.com+or+people.com.cn+or+southcn.com+or+southcn.com+or+cnr.cn+or+people.com.cn+or+cyol.com+or+bjnews.com.cn+or+gmw.cn+or+dahe.cn+or+xfrb.com.cn+or+cqnews.net+or+lifeweek.com.cn+or+cpd.com.cn+or+haiwainet.cn+or+yidianzixun.com+or+ftchinese.com+or+guancha.cn+or+zhcw.com+or+huanqiu.com+or+ihuawen.com+or+nytimes.com+or+flickr.com+or+quanjing.com+or+vcg.com+or+gettyimages.co.uk+or+paixin.com)+%e5%8c%85%e6%8b%ac&id=1FDA2F322B2AF7F430A0C03A3209CF1223C71F7F&simid=608019376102902813", 
            "hostPageUrl": "http://www.chinadaily.com.cn/micro-reading/dzh/2015-05-19/content_13717968_2.html", 
            "thumbnailUrl": "https://tse1.mm.bing.net/th?id=OIP.RiQB_wDacCa0na5V3myOFwHaEa&pid=Api", 
            "thumbnail": {
                "width": 474, 
                "height": 282
            }, 
            "hostPageFavIconUrl": "https://www.bing.com/th?id=AR_6bbc59f7064ed213027d1c4ffbd7baac&pid=Api", 
            "contentSize": "23385 B"
        }, 
        {
            "contentUrl": "http://i2.sinaimg.cn/dy/o/p/2013-09-17/1379350837_RnBkqB.jpg", 
            "insightsMetadata": {
                "pagesIncludingCount": 1, 
                "availableSizesCount": 1
            }, 
            "height": 478, 
            "accentColor": "83AC1F", 
            "hostPageDisplayUrl": "news.sina.com.cn/o/p/2013-09-17/000228231934.shtml", 
            "name": "包括水稻大豆玉米油菜(图)_新浪新闻", 
            "width": 400, 
            "imageInsightsToken": "ccid_EOwwRoQS*mid_86C389A37F0B420A518AD0E1ACEF0C63C9B5F691*simid_608019436234014745*thid_OIP.EOwwRoQSVU3ateF7SAPWuAHaI2", 
            "imageId": "86C389A37F0B420A518AD0E1ACEF0C63C9B5F691", 
            "isFamilyFriendly": true, 
            "datePublished": "2018-06-15T07:46:00.0000000Z", 
            "encodingFormat": "jpeg", 
            "webSearchUrl": "https://www.bing.com/images/search?view=detailv2&FORM=OIIRPO&q=site%3a(thepaper.cn+or+chinadaily.com.cn+or+china.com.cn+or+chinanews.com+or+youth.cn+or+sina.com.cn+or+xinhuanet.com+or+cri.cn+or+163.com+or+cankaoxiaoxi.com+or+cctv.com+or+ifeng.com+or+qq.com+or+takungpao.com+or+people.com.cn+or+southcn.com+or+southcn.com+or+cnr.cn+or+people.com.cn+or+cyol.com+or+bjnews.com.cn+or+gmw.cn+or+dahe.cn+or+xfrb.com.cn+or+cqnews.net+or+lifeweek.com.cn+or+cpd.com.cn+or+haiwainet.cn+or+yidianzixun.com+or+ftchinese.com+or+guancha.cn+or+zhcw.com+or+huanqiu.com+or+ihuawen.com+or+nytimes.com+or+flickr.com+or+quanjing.com+or+vcg.com+or+gettyimages.co.uk+or+paixin.com)+%e5%8c%85%e6%8b%ac&id=86C389A37F0B420A518AD0E1ACEF0C63C9B5F691&simid=608019436234014745", 
            "hostPageUrl": "http://news.sina.com.cn/o/p/2013-09-17/000228231934.shtml", 
            "thumbnailUrl": "https://tse2.mm.bing.net/th?id=OIP.EOwwRoQSVU3ateF7SAPWuAHaI2&pid=Api", 
            "thumbnail": {
                "width": 474, 
                "height": 566
            }, 
            "contentSize": "30843 B"
        }, 
        {
            "contentUrl": "http://world.chinadaily.com.cn/img/attachement/jpg/site1/20150105/eca86bd9ddc71614665d0f.jpg", 
            "insightsMetadata": {
                "pagesIncludingCount": 170, 
                "availableSizesCount": 69
            }, 
            "height": 422, 
            "accentColor": "194B87", 
            "hostPageDisplayUrl": "world.chinadaily.com.cn/2015-01/05/content_19241110.htm", 
            "name": "全球变暖将威胁美国20余地标 包括自由女神像 - 中文国际 - 中国 ...", 
            "width": 600, 
            "imageInsightsToken": "ccid_sX7HMnYc*mid_1AA4818BA7BA4E80C7FD4879BB1CCE879FF57BFE*simid_608035709880959222*thid_OIP.sX7HMnYc9TYcVd0LkCsnnwHaFN", 
            "imageId": "1AA4818BA7BA4E80C7FD4879BB1CCE879FF57BFE", 
            "isFamilyFriendly": true, 
            "datePublished": "2018-10-07T08:08:00.0000000Z", 
            "encodingFormat": "jpeg", 
            "webSearchUrl": "https://www.bing.com/images/search?view=detailv2&FORM=OIIRPO&q=site%3a(thepaper.cn+or+chinadaily.com.cn+or+china.com.cn+or+chinanews.com+or+youth.cn+or+sina.com.cn+or+xinhuanet.com+or+cri.cn+or+163.com+or+cankaoxiaoxi.com+or+cctv.com+or+ifeng.com+or+qq.com+or+takungpao.com+or+people.com.cn+or+southcn.com+or+southcn.com+or+cnr.cn+or+people.com.cn+or+cyol.com+or+bjnews.com.cn+or+gmw.cn+or+dahe.cn+or+xfrb.com.cn+or+cqnews.net+or+lifeweek.com.cn+or+cpd.com.cn+or+haiwainet.cn+or+yidianzixun.com+or+ftchinese.com+or+guancha.cn+or+zhcw.com+or+huanqiu.com+or+ihuawen.com+or+nytimes.com+or+flickr.com+or+quanjing.com+or+vcg.com+or+gettyimages.co.uk+or+paixin.com)+%e5%8c%85%e6%8b%ac&id=1AA4818BA7BA4E80C7FD4879BB1CCE879FF57BFE&simid=608035709880959222", 
            "hostPageUrl": "http://world.chinadaily.com.cn/2015-01/05/content_19241110.htm", 
            "thumbnailUrl": "https://tse2.mm.bing.net/th?id=OIP.sX7HMnYc9TYcVd0LkCsnnwHaFN&pid=Api", 
            "thumbnail": {
                "width": 474, 
                "height": 333
            }, 
            "hostPageFavIconUrl": "https://www.bing.com/th?id=AR_6bbc59f7064ed213027d1c4ffbd7baac&pid=Api", 
            "contentSize": "49504 B"
        }, 
        {
            "contentUrl": "http://p0.ifengimg.com/pmop/2018/0317/CEC060FB012956403F6E668B106DB1137B2F61A3_size35_w527_h393.jpeg", 
            "insightsMetadata": {
                "pagesIncludingCount": 2, 
                "availableSizesCount": 1
            }, 
            "height": 393, 
            "accentColor": "2380A8", 
            "hostPageDisplayUrl": "auto.ifeng.com/quanmeiti/20180317/1149809.shtml", 
            "name": "汽车基本结构包括哪些部分？深度解读！_凤凰网汽车_凤凰网", 
            "width": 527, 
            "imageInsightsToken": "ccid_mhUqFQ76*mid_4A0C3BF6C6E377CFDD9F9368BAD8A62F298ECDA0*simid_608020024625923370*thid_OIP.mhUqFQ76Ua9Df47cPWf03AHaFh", 
            "imageId": "4A0C3BF6C6E377CFDD9F9368BAD8A62F298ECDA0", 
            "isFamilyFriendly": true, 
            "datePublished": "2018-03-17T04:17:00.0000000Z", 
            "encodingFormat": "jpeg", 
            "webSearchUrl": "https://www.bing.com/images/search?view=detailv2&FORM=OIIRPO&q=site%3a(thepaper.cn+or+chinadaily.com.cn+or+china.com.cn+or+chinanews.com+or+youth.cn+or+sina.com.cn+or+xinhuanet.com+or+cri.cn+or+163.com+or+cankaoxiaoxi.com+or+cctv.com+or+ifeng.com+or+qq.com+or+takungpao.com+or+people.com.cn+or+southcn.com+or+southcn.com+or+cnr.cn+or+people.com.cn+or+cyol.com+or+bjnews.com.cn+or+gmw.cn+or+dahe.cn+or+xfrb.com.cn+or+cqnews.net+or+lifeweek.com.cn+or+cpd.com.cn+or+haiwainet.cn+or+yidianzixun.com+or+ftchinese.com+or+guancha.cn+or+zhcw.com+or+huanqiu.com+or+ihuawen.com+or+nytimes.com+or+flickr.com+or+quanjing.com+or+vcg.com+or+gettyimages.co.uk+or+paixin.com)+%e5%8c%85%e6%8b%ac&id=4A0C3BF6C6E377CFDD9F9368BAD8A62F298ECDA0&simid=608020024625923370", 
            "hostPageUrl": "http://auto.ifeng.com/quanmeiti/20180317/1149809.shtml", 
            "thumbnailUrl": "https://tse3.mm.bing.net/th?id=OIP.mhUqFQ76Ua9Df47cPWf03AHaFh&pid=Api", 
            "thumbnail": {
                "width": 474, 
                "height": 353
            }, 
            "contentSize": "36472 B"
        }, 
        {
            "contentUrl": "http://i1.sinaimg.cn/jc/p/2008-09-11/U1335P27T1D520875F3DT20080911094041.jpg", 
            "insightsMetadata": {
                "pagesIncludingCount": 3, 
                "availableSizesCount": 1
            }, 
            "height": 428, 
            "accentColor": "643F32", 
            "hostPageDisplayUrl": "mil.news.sina.com.cn/p/2008-09-11/0940520875.html", 
            "name": "图文：巴基斯坦空军更新计划中包括购买歼10战机_新浪军事_新浪网", 
            "width": 570, 
            "imageInsightsToken": "ccid_xMWdp/sl*mid_D1ECA08AAF87172CF402E6CA9B733C40C8574C7A*simid_607999700887471760*thid_OIP.xMWdp!_slx8XecaSDCGfKKgHaFj", 
            "imageId": "D1ECA08AAF87172CF402E6CA9B733C40C8574C7A", 
            "isFamilyFriendly": true, 
            "datePublished": "2018-05-25T20:07:00.0000000Z", 
            "encodingFormat": "jpeg", 
            "webSearchUrl": "https://www.bing.com/images/search?view=detailv2&FORM=OIIRPO&q=site%3a(thepaper.cn+or+chinadaily.com.cn+or+china.com.cn+or+chinanews.com+or+youth.cn+or+sina.com.cn+or+xinhuanet.com+or+cri.cn+or+163.com+or+cankaoxiaoxi.com+or+cctv.com+or+ifeng.com+or+qq.com+or+takungpao.com+or+people.com.cn+or+southcn.com+or+southcn.com+or+cnr.cn+or+people.com.cn+or+cyol.com+or+bjnews.com.cn+or+gmw.cn+or+dahe.cn+or+xfrb.com.cn+or+cqnews.net+or+lifeweek.com.cn+or+cpd.com.cn+or+haiwainet.cn+or+yidianzixun.com+or+ftchinese.com+or+guancha.cn+or+zhcw.com+or+huanqiu.com+or+ihuawen.com+or+nytimes.com+or+flickr.com+or+quanjing.com+or+vcg.com+or+gettyimages.co.uk+or+paixin.com)+%e5%8c%85%e6%8b%ac&id=D1ECA08AAF87172CF402E6CA9B733C40C8574C7A&simid=607999700887471760", 
            "hostPageUrl": "http://mil.news.sina.com.cn/p/2008-09-11/0940520875.html", 
            "thumbnailUrl": "https://tse3.mm.bing.net/th?id=OIP.xMWdp_slx8XecaSDCGfKKgHaFj&pid=Api", 
            "thumbnail": {
                "width": 474, 
                "height": 355
            }, 
            "contentSize": "57886 B"
        }, 
        {
            "contentUrl": "http://www.people.com.cn/h/pic/20150330/96/11200353127196610388.jpg", 
            "insightsMetadata": {
                "pagesIncludingCount": 4, 
                "availableSizesCount": 2
            }, 
            "height": 440, 
            "accentColor": "80584B", 
            "hostPageDisplayUrl": "society.people.com.cn/GB/n/2015/0330/c136657-26772290.html", 
            "name": "江西宜丰20多座革命烈士墓被盗 包括孙中山战友--社会--人民网", 
            "width": 440, 
            "imageInsightsToken": "ccid_KUdwCNDY*mid_D4C9EA6DCAF16A191B663F8F9BA66B346A3024C9*simid_608038939732412200*thid_OIP.KUdwCNDY38eoKefUrA3VqwHaHa", 
            "imageId": "D4C9EA6DCAF16A191B663F8F9BA66B346A3024C9", 
            "isFamilyFriendly": true, 
            "datePublished": "2018-09-21T18:43:00.0000000Z", 
            "encodingFormat": "jpeg", 
            "webSearchUrl": "https://www.bing.com/images/search?view=detailv2&FORM=OIIRPO&q=site%3a(thepaper.cn+or+chinadaily.com.cn+or+china.com.cn+or+chinanews.com+or+youth.cn+or+sina.com.cn+or+xinhuanet.com+or+cri.cn+or+163.com+or+cankaoxiaoxi.com+or+cctv.com+or+ifeng.com+or+qq.com+or+takungpao.com+or+people.com.cn+or+southcn.com+or+southcn.com+or+cnr.cn+or+people.com.cn+or+cyol.com+or+bjnews.com.cn+or+gmw.cn+or+dahe.cn+or+xfrb.com.cn+or+cqnews.net+or+lifeweek.com.cn+or+cpd.com.cn+or+haiwainet.cn+or+yidianzixun.com+or+ftchinese.com+or+guancha.cn+or+zhcw.com+or+huanqiu.com+or+ihuawen.com+or+nytimes.com+or+flickr.com+or+quanjing.com+or+vcg.com+or+gettyimages.co.uk+or+paixin.com)+%e5%8c%85%e6%8b%ac&id=D4C9EA6DCAF16A191B663F8F9BA66B346A3024C9&simid=608038939732412200", 
            "hostPageUrl": "http://society.people.com.cn/GB/n/2015/0330/c136657-26772290.html", 
            "thumbnailUrl": "https://tse2.mm.bing.net/th?id=OIP.KUdwCNDY38eoKefUrA3VqwHaHa&pid=Api", 
            "thumbnail": {
                "width": 474, 
                "height": 474
            }, 
            "contentSize": "69535 B"
        }, 
        {
            "contentUrl": "http://i2.chinanews.com/simg/hd/2014/10/30/7f18f26e34e14917b7667d99c28d7285.jpg", 
            "insightsMetadata": {
                "pagesIncludingCount": 3, 
                "availableSizesCount": 2
            }, 
            "height": 417, 
            "accentColor": "3B6590", 
            "hostPageDisplayUrl": "www.chinanews.com/mil/hd2011/2014/10-30/428736.shtml", 
            "name": "巴网友胃口大：中国新战机全想要包括歼31-中新网", 
            "width": 940, 
            "imageInsightsToken": "ccid_zJsIAGrc*mid_82EC919E07BD34C64CF51F6E0EE5478E03580A87*simid_608021162849865551*thid_OIP.zJsIAGrcEe-RANFmSR1oQwHaDS", 
            "imageId": "82EC919E07BD34C64CF51F6E0EE5478E03580A87", 
            "isFamilyFriendly": true, 
            "datePublished": "2014-10-30T12:00:00.0000000Z", 
            "encodingFormat": "jpeg", 
            "webSearchUrl": "https://www.bing.com/images/search?view=detailv2&FORM=OIIRPO&q=site%3a(thepaper.cn+or+chinadaily.com.cn+or+china.com.cn+or+chinanews.com+or+youth.cn+or+sina.com.cn+or+xinhuanet.com+or+cri.cn+or+163.com+or+cankaoxiaoxi.com+or+cctv.com+or+ifeng.com+or+qq.com+or+takungpao.com+or+people.com.cn+or+southcn.com+or+southcn.com+or+cnr.cn+or+people.com.cn+or+cyol.com+or+bjnews.com.cn+or+gmw.cn+or+dahe.cn+or+xfrb.com.cn+or+cqnews.net+or+lifeweek.com.cn+or+cpd.com.cn+or+haiwainet.cn+or+yidianzixun.com+or+ftchinese.com+or+guancha.cn+or+zhcw.com+or+huanqiu.com+or+ihuawen.com+or+nytimes.com+or+flickr.com+or+quanjing.com+or+vcg.com+or+gettyimages.co.uk+or+paixin.com)+%e5%8c%85%e6%8b%ac&id=82EC919E07BD34C64CF51F6E0EE5478E03580A87&simid=608021162849865551", 
            "hostPageUrl": "http://www.chinanews.com/mil/hd2011/2014/10-30/428736.shtml", 
            "thumbnailUrl": "https://tse4.mm.bing.net/th?id=OIP.zJsIAGrcEe-RANFmSR1oQwHaDS&pid=Api", 
            "thumbnail": {
                "width": 474, 
                "height": 210
            }, 
            "contentSize": "288249 B"
        }, 
        {
            "contentUrl": "http://www.people.com.cn/h/pic/20150519/41/11832887952558829569.jpg", 
            "insightsMetadata": {
                "pagesIncludingCount": 4, 
                "availableSizesCount": 1
            }, 
            "height": 266, 
            "accentColor": "0786C4", 
            "hostPageDisplayUrl": "www.chinadaily.com.cn/micro-reading/dzh/2015-05-19...", 
            "name": "天津大学搬迁 共包括12个学院- Micro Reading", 
            "width": 400, 
            "imageInsightsToken": "ccid_OrlZX3ZI*mid_7077704663B65D32A033FA3F72581AA18378B80B*simid_608042169515835889*thid_OIP.OrlZX3ZIYRZAgVPv-NZqnQAAAA", 
            "imageId": "7077704663B65D32A033FA3F72581AA18378B80B", 
            "isFamilyFriendly": true, 
            "datePublished": "2018-02-28T19:33:00.0000000Z", 
            "encodingFormat": "jpeg", 
            "webSearchUrl": "https://www.bing.com/images/search?view=detailv2&FORM=OIIRPO&q=site%3a(thepaper.cn+or+chinadaily.com.cn+or+china.com.cn+or+chinanews.com+or+youth.cn+or+sina.com.cn+or+xinhuanet.com+or+cri.cn+or+163.com+or+cankaoxiaoxi.com+or+cctv.com+or+ifeng.com+or+qq.com+or+takungpao.com+or+people.com.cn+or+southcn.com+or+southcn.com+or+cnr.cn+or+people.com.cn+or+cyol.com+or+bjnews.com.cn+or+gmw.cn+or+dahe.cn+or+xfrb.com.cn+or+cqnews.net+or+lifeweek.com.cn+or+cpd.com.cn+or+haiwainet.cn+or+yidianzixun.com+or+ftchinese.com+or+guancha.cn+or+zhcw.com+or+huanqiu.com+or+ihuawen.com+or+nytimes.com+or+flickr.com+or+quanjing.com+or+vcg.com+or+gettyimages.co.uk+or+paixin.com)+%e5%8c%85%e6%8b%ac&id=7077704663B65D32A033FA3F72581AA18378B80B&simid=608042169515835889", 
            "hostPageUrl": "http://www.chinadaily.com.cn/micro-reading/dzh/2015-05-19/content_13717968.html", 
            "thumbnailUrl": "https://tse4.mm.bing.net/th?id=OIP.OrlZX3ZIYRZAgVPv-NZqnQAAAA&pid=Api", 
            "thumbnail": {
                "width": 400, 
                "height": 266
            }, 
            "hostPageFavIconUrl": "https://www.bing.com/th?id=AR_6bbc59f7064ed213027d1c4ffbd7baac&pid=Api", 
            "contentSize": "32356 B"
        }, 
        {
            "contentUrl": "http://upload.art.ifeng.com/2017/0303/1488503919658.jpg", 
            "insightsMetadata": {
                "pagesIncludingCount": 1232, 
                "availableSizesCount": 514
            }, 
            "height": 500, 
            "accentColor": "694327", 
            "hostPageDisplayUrl": "art.ifeng.com/2017/0303/3263042.shtml", 
            "name": "奥赛美术馆69件精品下月赴台展出 包括梵高米勒名作_资讯_资讯 ...", 
            "width": 1076, 
            "imageInsightsToken": "ccid_TO3ABg1c*mid_906F92037E46C36EC7495E0F6BC4BD308871D85C*simid_608047246141817557*thid_OIP.TO3ABg1cgC70e5o6pdMzCwHaDc", 
            "imageId": "906F92037E46C36EC7495E0F6BC4BD308871D85C", 
            "isFamilyFriendly": true, 
            "datePublished": "2018-09-25T00:16:00.0000000Z", 
            "encodingFormat": "jpeg", 
            "webSearchUrl": "https://www.bing.com/images/search?view=detailv2&FORM=OIIRPO&q=site%3a(thepaper.cn+or+chinadaily.com.cn+or+china.com.cn+or+chinanews.com+or+youth.cn+or+sina.com.cn+or+xinhuanet.com+or+cri.cn+or+163.com+or+cankaoxiaoxi.com+or+cctv.com+or+ifeng.com+or+qq.com+or+takungpao.com+or+people.com.cn+or+southcn.com+or+southcn.com+or+cnr.cn+or+people.com.cn+or+cyol.com+or+bjnews.com.cn+or+gmw.cn+or+dahe.cn+or+xfrb.com.cn+or+cqnews.net+or+lifeweek.com.cn+or+cpd.com.cn+or+haiwainet.cn+or+yidianzixun.com+or+ftchinese.com+or+guancha.cn+or+zhcw.com+or+huanqiu.com+or+ihuawen.com+or+nytimes.com+or+flickr.com+or+quanjing.com+or+vcg.com+or+gettyimages.co.uk+or+paixin.com)+%e5%8c%85%e6%8b%ac&id=906F92037E46C36EC7495E0F6BC4BD308871D85C&simid=608047246141817557", 
            "hostPageUrl": "http://art.ifeng.com/2017/0303/3263042.shtml", 
            "thumbnailUrl": "https://tse2.mm.bing.net/th?id=OIP.TO3ABg1cgC70e5o6pdMzCwHaDc&pid=Api", 
            "thumbnail": {
                "width": 474, 
                "height": 220
            }, 
            "contentSize": "392192 B"
        }, 
        {
            "contentUrl": "http://img3.cache.netease.com/photo/0025/2016-09-14/C0TI63JB0BGT0025.jpg", 
            "insightsMetadata": {
                "pagesIncludingCount": 1, 
                "availableSizesCount": 1
            }, 
            "height": 914, 
            "accentColor": "664308", 
            "hostPageDisplayUrl": "money.163.com/photoview/0BGT0025/27726.html", 
            "name": "里根700件私人物品拍卖 包括撒切尔赠的银杯_网易财经", 
            "width": 1440, 
            "imageInsightsToken": "ccid_D90AdsJD*mid_06E2CB7FACEB305F3233CC59927A347B3EEF4AE8*simid_608016240833725230*thid_OIP.D90AdsJDU70Dh3ZaU2qOgQHaEs", 
            "imageId": "06E2CB7FACEB305F3233CC59927A347B3EEF4AE8", 
            "isFamilyFriendly": true, 
            "datePublished": "2016-09-14T01:07:00.0000000Z", 
            "encodingFormat": "jpeg", 
            "webSearchUrl": "https://www.bing.com/images/search?view=detailv2&FORM=OIIRPO&q=site%3a(thepaper.cn+or+chinadaily.com.cn+or+china.com.cn+or+chinanews.com+or+youth.cn+or+sina.com.cn+or+xinhuanet.com+or+cri.cn+or+163.com+or+cankaoxiaoxi.com+or+cctv.com+or+ifeng.com+or+qq.com+or+takungpao.com+or+people.com.cn+or+southcn.com+or+southcn.com+or+cnr.cn+or+people.com.cn+or+cyol.com+or+bjnews.com.cn+or+gmw.cn+or+dahe.cn+or+xfrb.com.cn+or+cqnews.net+or+lifeweek.com.cn+or+cpd.com.cn+or+haiwainet.cn+or+yidianzixun.com+or+ftchinese.com+or+guancha.cn+or+zhcw.com+or+huanqiu.com+or+ihuawen.com+or+nytimes.com+or+flickr.com+or+quanjing.com+or+vcg.com+or+gettyimages.co.uk+or+paixin.com)+%e5%8c%85%e6%8b%ac&id=06E2CB7FACEB305F3233CC59927A347B3EEF4AE8&simid=608016240833725230", 
            "hostPageUrl": "http://money.163.com/photoview/0BGT0025/27726.html", 
            "thumbnailUrl": "https://tse4.mm.bing.net/th?id=OIP.D90AdsJDU70Dh3ZaU2qOgQHaEs&pid=Api", 
            "thumbnail": {
                "width": 474, 
                "height": 300
            }, 
            "contentSize": "102973 B"
        }
    ], 
    "nextOffset": 11, 
    "queryContext": {
        "alterationMethod": "AM_JustChangeIt", 
        "alterationType": "CombinedAlterationsChained", 
        "originalQuery": "site:(thepaper.cn or chinadaily.com.cn or china.com.cn or chinanews.com or youth.cn or sina.com.cn or xinhuanet.com or cri.cn or 163.com or cankaoxiaoxi.com or cctv.com or ifeng.com or qq.com or takungpao.com or people.com.cn or southcn.com or southcn.com or cnr.cn or people.com.cn or cyol.com or bjnews.com.cn or gmw.cn or dahe.cn or xfrb.com.cn or cqnews.net or lifeweek.com.cn or cpd.com.cn or haiwainet.cn or yidianzixun.com or ftchinese.com or guancha.cn or zhcw.com or huanqiu.com or ihuawen.com or nytimes.com or flickr.com or quanjing.com or vcg.com or gettyimages.co.uk or paixin.com) 包括", 
        "alterationOverrideQuery": "+site:(thepaper.cn or chinadaily.com.cn or china.com.cn or chinanews.com or youth.cn or sina.com.cn or xinhuanet.com or cri.cn or 163.com or cankaoxiaoxi.com or cctv.com or ifeng.com or qq.com or takungpao.com or people.com.cn or southcn.com or southcn.com or cnr.cn or people.com.cn or cyol.com or bjnews.com.cn or gmw.cn or dahe.cn or xfrb.com.cn or cqnews.net or lifeweek.com.cn or cpd.com.cn or haiwainet.cn or yidianzixun.com or ftchinese.com or guancha.cn or zhcw.com or huanqiu.com or ihuawen.com or nytimes.com or flickr.com or quanjing.com or vcg.com or gettyimages.co.uk or paixin.com) 包括", 
        "alterationDisplayQuery": "包括"
    }, 
    "currentOffset": 0, 
    "readLink": "images/search?q=site:(thepaper.cn or chinadaily.com.cn or china.com.cn or chinanews.com or youth.cn or sina.com.cn or xinhuanet.com or cri.cn or 163.com or cankaoxiaoxi.com or cctv.com or ifeng.com or qq.com or takungpao.com or people.com.cn or southcn.com or southcn.com or cnr.cn or people.com.cn or cyol.com or bjnews.com.cn or gmw.cn or dahe.cn or xfrb.com.cn or cqnews.net or lifeweek.com.cn or cpd.com.cn or haiwainet.cn or yidianzixun.com or ftchinese.com or guancha.cn or zhcw.com or huanqiu.com or ihuawen.com or nytimes.com or flickr.com or quanjing.com or vcg.com or gettyimages.co.uk or paixin.com) 包括", 
    "totalEstimatedMatches": 100, 
    "relatedSearches": [
        {
            "text": "长三角包括哪些城市", 
            "displayText": "长三角包括哪些城市", 
            "thumbnail": {
                "thumbnailUrl": "https://tse3.mm.bing.net/th?q=%e9%95%bf%e4%b8%89%e8%a7%92%e5%8c%85%e6%8b%ac%e5%93%aa%e4%ba%9b%e5%9f%8e%e5%b8%82&pid=Api&mkt=zh-CN&adlt=strict&t=1"
            }, 
            "searchLink": "https://api.cognitive.microsoft.com/api/v7/images/search?q=%e9%95%bf%e4%b8%89%e8%a7%92%e5%8c%85%e6%8b%ac%e5%93%aa%e4%ba%9b%e5%9f%8e%e5%b8%82", 
            "webSearchUrl": "https://www.bing.com/images/search?q=%e9%95%bf%e4%b8%89%e8%a7%92%e5%8c%85%e6%8b%ac%e5%93%aa%e4%ba%9b%e5%9f%8e%e5%b8%82&FORM=IRPATC"
        }, 
        {
            "text": "附着式升降脚手架包括哪些", 
            "displayText": "附着式升降脚手架包括哪些", 
            "thumbnail": {
                "thumbnailUrl": "https://tse1.mm.bing.net/th?q=%e9%99%84%e7%9d%80%e5%bc%8f%e5%8d%87%e9%99%8d%e8%84%9a%e6%89%8b%e6%9e%b6%e5%8c%85%e6%8b%ac%e5%93%aa%e4%ba%9b&pid=Api&mkt=zh-CN&adlt=strict&t=1"
            }, 
            "searchLink": "https://api.cognitive.microsoft.com/api/v7/images/search?q=%e9%99%84%e7%9d%80%e5%bc%8f%e5%8d%87%e9%99%8d%e8%84%9a%e6%89%8b%e6%9e%b6%e5%8c%85%e6%8b%ac%e5%93%aa%e4%ba%9b", 
            "webSearchUrl": "https://www.bing.com/images/search?q=%e9%99%84%e7%9d%80%e5%bc%8f%e5%8d%87%e9%99%8d%e8%84%9a%e6%89%8b%e6%9e%b6%e5%8c%85%e6%8b%ac%e5%93%aa%e4%ba%9b&FORM=IRPATC"
        }, 
        {
            "text": "微软surface Pro 2 重量 是不是包括键盘", 
            "displayText": "微软surface Pro 2 重量 是不是包括键盘", 
            "thumbnail": {
                "thumbnailUrl": "https://tse4.mm.bing.net/th?q=%e5%be%ae%e8%bd%afsurface+Pro+2+%e9%87%8d%e9%87%8f+%e6%98%af%e4%b8%8d%e6%98%af%e5%8c%85%e6%8b%ac%e9%94%ae%e7%9b%98&pid=Api&mkt=zh-CN&adlt=strict&t=1"
            }, 
            "searchLink": "https://api.cognitive.microsoft.com/api/v7/images/search?q=%e5%be%ae%e8%bd%afsurface+Pro+2+%e9%87%8d%e9%87%8f+%e6%98%af%e4%b8%8d%e6%98%af%e5%8c%85%e6%8b%ac%e9%94%ae%e7%9b%98", 
            "webSearchUrl": "https://www.bing.com/images/search?q=%e5%be%ae%e8%bd%afsurface+Pro+2+%e9%87%8d%e9%87%8f+%e6%98%af%e4%b8%8d%e6%98%af%e5%8c%85%e6%8b%ac%e9%94%ae%e7%9b%98&FORM=IRPATC"
        }, 
        {
            "text": "五谷杂粮包括哪些", 
            "displayText": "五谷杂粮包括哪些", 
            "thumbnail": {
                "thumbnailUrl": "https://tse2.mm.bing.net/th?q=%e4%ba%94%e8%b0%b7%e6%9d%82%e7%b2%ae%e5%8c%85%e6%8b%ac%e5%93%aa%e4%ba%9b&pid=Api&mkt=zh-CN&adlt=strict&t=1"
            }, 
            "searchLink": "https://api.cognitive.microsoft.com/api/v7/images/search?q=%e4%ba%94%e8%b0%b7%e6%9d%82%e7%b2%ae%e5%8c%85%e6%8b%ac%e5%93%aa%e4%ba%9b", 
            "webSearchUrl": "https://www.bing.com/images/search?q=%e4%ba%94%e8%b0%b7%e6%9d%82%e7%b2%ae%e5%8c%85%e6%8b%ac%e5%93%aa%e4%ba%9b&FORM=IRPATC"
        }, 
        {
            "text": "黑龙江省地图包括各县", 
            "displayText": "黑龙江省地图包括各县", 
            "thumbnail": {
                "thumbnailUrl": "https://tse3.mm.bing.net/th?q=%e9%bb%91%e9%be%99%e6%b1%9f%e7%9c%81%e5%9c%b0%e5%9b%be%e5%8c%85%e6%8b%ac%e5%90%84%e5%8e%bf&pid=Api&mkt=zh-CN&adlt=strict&t=1"
            }, 
            "searchLink": "https://api.cognitive.microsoft.com/api/v7/images/search?q=%e9%bb%91%e9%be%99%e6%b1%9f%e7%9c%81%e5%9c%b0%e5%9b%be%e5%8c%85%e6%8b%ac%e5%90%84%e5%8e%bf", 
            "webSearchUrl": "https://www.bing.com/images/search?q=%e9%bb%91%e9%be%99%e6%b1%9f%e7%9c%81%e5%9c%b0%e5%9b%be%e5%8c%85%e6%8b%ac%e5%90%84%e5%8e%bf&FORM=IRPATC"
        }, 
        {
            "text": "个人简历包括哪些内容", 
            "displayText": "个人简历包括哪些内容", 
            "thumbnail": {
                "thumbnailUrl": "https://tse1.mm.bing.net/th?q=%e4%b8%aa%e4%ba%ba%e7%ae%80%e5%8e%86%e5%8c%85%e6%8b%ac%e5%93%aa%e4%ba%9b%e5%86%85%e5%ae%b9&pid=Api&mkt=zh-CN&adlt=strict&t=1"
            }, 
            "searchLink": "https://api.cognitive.microsoft.com/api/v7/images/search?q=%e4%b8%aa%e4%ba%ba%e7%ae%80%e5%8e%86%e5%8c%85%e6%8b%ac%e5%93%aa%e4%ba%9b%e5%86%85%e5%ae%b9", 
            "webSearchUrl": "https://www.bing.com/images/search?q=%e4%b8%aa%e4%ba%ba%e7%ae%80%e5%8e%86%e5%8c%85%e6%8b%ac%e5%93%aa%e4%ba%9b%e5%86%85%e5%ae%b9&FORM=IRPATC"
        }, 
        {
            "text": "珠三角包括哪些城市", 
            "displayText": "珠三角包括哪些城市", 
            "thumbnail": {
                "thumbnailUrl": "https://tse4.mm.bing.net/th?q=%e7%8f%a0%e4%b8%89%e8%a7%92%e5%8c%85%e6%8b%ac%e5%93%aa%e4%ba%9b%e5%9f%8e%e5%b8%82&pid=Api&mkt=zh-CN&adlt=strict&t=1"
            }, 
            "searchLink": "https://api.cognitive.microsoft.com/api/v7/images/search?q=%e7%8f%a0%e4%b8%89%e8%a7%92%e5%8c%85%e6%8b%ac%e5%93%aa%e4%ba%9b%e5%9f%8e%e5%b8%82", 
            "webSearchUrl": "https://www.bing.com/images/search?q=%e7%8f%a0%e4%b8%89%e8%a7%92%e5%8c%85%e6%8b%ac%e5%93%aa%e4%ba%9b%e5%9f%8e%e5%b8%82&FORM=IRPATC"
        }, 
        {
            "text": "网络拓扑结构包括哪几个", 
            "displayText": "网络拓扑结构包括哪几个", 
            "thumbnail": {
                "thumbnailUrl": "https://tse2.mm.bing.net/th?q=%e7%bd%91%e7%bb%9c%e6%8b%93%e6%89%91%e7%bb%93%e6%9e%84%e5%8c%85%e6%8b%ac%e5%93%aa%e5%87%a0%e4%b8%aa&pid=Api&mkt=zh-CN&adlt=strict&t=1"
            }, 
            "searchLink": "https://api.cognitive.microsoft.com/api/v7/images/search?q=%e7%bd%91%e7%bb%9c%e6%8b%93%e6%89%91%e7%bb%93%e6%9e%84%e5%8c%85%e6%8b%ac%e5%93%aa%e5%87%a0%e4%b8%aa", 
            "webSearchUrl": "https://www.bing.com/images/search?q=%e7%bd%91%e7%bb%9c%e6%8b%93%e6%89%91%e7%bb%93%e6%9e%84%e5%8c%85%e6%8b%ac%e5%93%aa%e5%87%a0%e4%b8%aa&FORM=IRPATC"
        }, 
        {
            "text": "钢筋包括哪些", 
            "displayText": "钢筋包括哪些", 
            "thumbnail": {
                "thumbnailUrl": "https://tse2.mm.bing.net/th?q=%e9%92%a2%e7%ad%8b%e5%8c%85%e6%8b%ac%e5%93%aa%e4%ba%9b&pid=Api&mkt=zh-CN&adlt=strict&t=1"
            }, 
            "searchLink": "https://api.cognitive.microsoft.com/api/v7/images/search?q=%e9%92%a2%e7%ad%8b%e5%8c%85%e6%8b%ac%e5%93%aa%e4%ba%9b", 
            "webSearchUrl": "https://www.bing.com/images/search?q=%e9%92%a2%e7%ad%8b%e5%8c%85%e6%8b%ac%e5%93%aa%e4%ba%9b&FORM=IRPATC"
        }, 
        {
            "text": "菲律宾全球反华示威登场发起人包括前内政部长", 
            "displayText": "菲律宾全球反华示威登场发起人包括前内政部长", 
            "thumbnail": {
                "thumbnailUrl": "https://tse1.mm.bing.net/th?q=%e8%8f%b2%e5%be%8b%e5%ae%be%e5%85%a8%e7%90%83%e5%8f%8d%e5%8d%8e%e7%a4%ba%e5%a8%81%e7%99%bb%e5%9c%ba%e5%8f%91%e8%b5%b7%e4%ba%ba%e5%8c%85%e6%8b%ac%e5%89%8d%e5%86%85%e6%94%bf%e9%83%a8%e9%95%bf&pid=Api&mkt=zh-CN&adlt=strict&t=1"
            }, 
            "searchLink": "https://api.cognitive.microsoft.com/api/v7/images/search?q=%e8%8f%b2%e5%be%8b%e5%ae%be%e5%85%a8%e7%90%83%e5%8f%8d%e5%8d%8e%e7%a4%ba%e5%a8%81%e7%99%bb%e5%9c%ba%e5%8f%91%e8%b5%b7%e4%ba%ba%e5%8c%85%e6%8b%ac%e5%89%8d%e5%86%85%e6%94%bf%e9%83%a8%e9%95%bf", 
            "webSearchUrl": "https://www.bing.com/images/search?q=%e8%8f%b2%e5%be%8b%e5%ae%be%e5%85%a8%e7%90%83%e5%8f%8d%e5%8d%8e%e7%a4%ba%e5%a8%81%e7%99%bb%e5%9c%ba%e5%8f%91%e8%b5%b7%e4%ba%ba%e5%8c%85%e6%8b%ac%e5%89%8d%e5%86%85%e6%94%bf%e9%83%a8%e9%95%bf&FORM=IRPATC"
        }, 
        {
            "text": "特种车辆包括", 
            "displayText": "特种车辆包括", 
            "thumbnail": {
                "thumbnailUrl": "https://tse4.mm.bing.net/th?q=%e7%89%b9%e7%a7%8d%e8%bd%a6%e8%be%86%e5%8c%85%e6%8b%ac&pid=Api&mkt=zh-CN&adlt=strict&t=1"
            }, 
            "searchLink": "https://api.cognitive.microsoft.com/api/v7/images/search?q=%e7%89%b9%e7%a7%8d%e8%bd%a6%e8%be%86%e5%8c%85%e6%8b%ac", 
            "webSearchUrl": "https://www.bing.com/images/search?q=%e7%89%b9%e7%a7%8d%e8%bd%a6%e8%be%86%e5%8c%85%e6%8b%ac&FORM=IRPATC"
        }, 
        {
            "text": "苹果三件套包括什么", 
            "displayText": "苹果三件套包括什么", 
            "thumbnail": {
                "thumbnailUrl": "https://tse1.mm.bing.net/th?q=%e8%8b%b9%e6%9e%9c%e4%b8%89%e4%bb%b6%e5%a5%97%e5%8c%85%e6%8b%ac%e4%bb%80%e4%b9%88&pid=Api&mkt=zh-CN&adlt=strict&t=1"
            }, 
            "searchLink": "https://api.cognitive.microsoft.com/api/v7/images/search?q=%e8%8b%b9%e6%9e%9c%e4%b8%89%e4%bb%b6%e5%a5%97%e5%8c%85%e6%8b%ac%e4%bb%80%e4%b9%88", 
            "webSearchUrl": "https://www.bing.com/images/search?q=%e8%8b%b9%e6%9e%9c%e4%b8%89%e4%bb%b6%e5%a5%97%e5%8c%85%e6%8b%ac%e4%bb%80%e4%b9%88&FORM=IRPATC"
        }, 
        {
            "text": "韩版女士手拿包包括价钱", 
            "displayText": "韩版女士手拿包包括价钱", 
            "thumbnail": {
                "thumbnailUrl": "https://tse2.mm.bing.net/th?q=%e9%9f%a9%e7%89%88%e5%a5%b3%e5%a3%ab%e6%89%8b%e6%8b%bf%e5%8c%85%e5%8c%85%e6%8b%ac%e4%bb%b7%e9%92%b1&pid=Api&mkt=zh-CN&adlt=strict&t=1"
            }, 
            "searchLink": "https://api.cognitive.microsoft.com/api/v7/images/search?q=%e9%9f%a9%e7%89%88%e5%a5%b3%e5%a3%ab%e6%89%8b%e6%8b%bf%e5%8c%85%e5%8c%85%e6%8b%ac%e4%bb%b7%e9%92%b1", 
            "webSearchUrl": "https://www.bing.com/images/search?q=%e9%9f%a9%e7%89%88%e5%a5%b3%e5%a3%ab%e6%89%8b%e6%8b%bf%e5%8c%85%e5%8c%85%e6%8b%ac%e4%bb%b7%e9%92%b1&FORM=IRPATC"
        }, 
        {
            "text": "美女图片什么都不穿包括内衣", 
            "displayText": "美女图片什么都不穿包括内衣", 
            "thumbnail": {
                "thumbnailUrl": "https://tse1.mm.bing.net/th?q=%e7%be%8e%e5%a5%b3%e5%9b%be%e7%89%87%e4%bb%80%e4%b9%88%e9%83%bd%e4%b8%8d%e7%a9%bf%e5%8c%85%e6%8b%ac%e5%86%85%e8%a1%a3&pid=Api&mkt=zh-CN&adlt=strict&t=1"
            }, 
            "searchLink": "https://api.cognitive.microsoft.com/api/v7/images/search?q=%e7%be%8e%e5%a5%b3%e5%9b%be%e7%89%87%e4%bb%80%e4%b9%88%e9%83%bd%e4%b8%8d%e7%a9%bf%e5%8c%85%e6%8b%ac%e5%86%85%e8%a1%a3", 
            "webSearchUrl": "https://www.bing.com/images/search?q=%e7%be%8e%e5%a5%b3%e5%9b%be%e7%89%87%e4%bb%80%e4%b9%88%e9%83%bd%e4%b8%8d%e7%a9%bf%e5%8c%85%e6%8b%ac%e5%86%85%e8%a1%a3&FORM=IRPATC"
        }
    ]
}