{
    "instrumentation": {
        "_type": "ResponseInstrumentation"
    }, 
    "_type": "Images", 
    "webSearchUrl": "https://www.bing.com/images/search?q=site:(thepaper.cn or chinadaily.com.cn or china.com.cn or chinanews.com or youth.cn or sina.com.cn or xinhuanet.com or cri.cn or 163.com or cankaoxiaoxi.com or cctv.com or ifeng.com or qq.com or takungpao.com or people.com.cn or southcn.com or southcn.com or cnr.cn or people.com.cn or cyol.com or bjnews.com.cn or gmw.cn or dahe.cn or xfrb.com.cn or cqnews.net or lifeweek.com.cn or cpd.com.cn or haiwainet.cn or yidianzixun.com or ftchinese.com or guancha.cn or zhcw.com or huanqiu.com or ihuawen.com or nytimes.com or flickr.com or quanjing.com or vcg.com or gettyimages.co.uk or paixin.com) 称为 需要 改变&FORM=OIIARP", 
    "value": [
        {
            "contentUrl": "http://i0.sinaimg.cn/lx/taste/restau/2009-12-16/U1205P622T1D53026F15DT20091216094817.jpg", 
            "insightsMetadata": {
                "pagesIncludingCount": 2, 
                "availableSizesCount": 1
            }, 
            "height": 500, 
            "accentColor": "A66325", 
            "hostPageDisplayUrl": "style.sina.com.cn/taste/restau/2009-12-16/094853026.shtml", 
            "name": "领略分子厨艺(图)_新浪尚品_新浪网", 
            "width": 355, 
            "imageInsightsToken": "ccid_ATWBG9Lw*mid_4D6C2C6D6D6E21F28AE1FA5F63D95A4915D848B9*simid_608022056188775817*thid_OIP.ATWBG9LwLqBwPpFXph2AuQAAAA", 
            "imageId": "4D6C2C6D6D6E21F28AE1FA5F63D95A4915D848B9", 
            "isFamilyFriendly": true, 
            "datePublished": "2010-03-25T09:46:00.0000000Z", 
            "encodingFormat": "jpeg", 
            "webSearchUrl": "https://www.bing.com/images/search?view=detailv2&FORM=OIIRPO&q=site%3a(thepaper.cn+or+chinadaily.com.cn+or+china.com.cn+or+chinanews.com+or+youth.cn+or+sina.com.cn+or+xinhuanet.com+or+cri.cn+or+163.com+or+cankaoxiaoxi.com+or+cctv.com+or+ifeng.com+or+qq.com+or+takungpao.com+or+people.com.cn+or+southcn.com+or+southcn.com+or+cnr.cn+or+people.com.cn+or+cyol.com+or+bjnews.com.cn+or+gmw.cn+or+dahe.cn+or+xfrb.com.cn+or+cqnews.net+or+lifeweek.com.cn+or+cpd.com.cn+or+haiwainet.cn+or+yidianzixun.com+or+ftchinese.com+or+guancha.cn+or+zhcw.com+or+huanqiu.com+or+ihuawen.com+or+nytimes.com+or+flickr.com+or+quanjing.com+or+vcg.com+or+gettyimages.co.uk+or+paixin.com)+%e7%a7%b0%e4%b8%ba+%e9%9c%80%e8%a6%81+%e6%94%b9%e5%8f%98&id=4D6C2C6D6D6E21F28AE1FA5F63D95A4915D848B9&simid=608022056188775817", 
            "hostPageUrl": "http://style.sina.com.cn/taste/restau/2009-12-16/094853026.shtml", 
            "thumbnailUrl": "https://tse1.mm.bing.net/th?id=OIP.ATWBG9LwLqBwPpFXph2AuQAAAA&pid=Api", 
            "thumbnail": {
                "width": 355, 
                "height": 500
            }, 
            "contentSize": "221868 B"
        }, 
        {
            "contentUrl": "http://img1.gtimg.com/news/pics/32388/32388153.jpg", 
            "insightsMetadata": {
                "pagesIncludingCount": 1, 
                "availableSizesCount": 1
            }, 
            "height": 729, 
            "accentColor": "262626", 
            "hostPageDisplayUrl": "news.qq.com/a/20100421/002238.htm", 
            "name": "曾轶可：“绵羊音”不需要改变_新闻_腾讯网", 
            "width": 500, 
            "imageInsightsToken": "ccid_sPHAsGNp*mid_09C6C1102602D0C7861752494AAC3783EF71995A*simid_608054053647550524*thid_OIP.sPHAsGNpxC9t5PUmXjS6TAHaKz", 
            "imageId": "09C6C1102602D0C7861752494AAC3783EF71995A", 
            "isFamilyFriendly": true, 
            "datePublished": "2010-04-21T12:00:00.0000000Z", 
            "encodingFormat": "jpeg", 
            "webSearchUrl": "https://www.bing.com/images/search?view=detailv2&FORM=OIIRPO&q=site%3a(thepaper.cn+or+chinadaily.com.cn+or+china.com.cn+or+chinanews.com+or+youth.cn+or+sina.com.cn+or+xinhuanet.com+or+cri.cn+or+163.com+or+cankaoxiaoxi.com+or+cctv.com+or+ifeng.com+or+qq.com+or+takungpao.com+or+people.com.cn+or+southcn.com+or+southcn.com+or+cnr.cn+or+people.com.cn+or+cyol.com+or+bjnews.com.cn+or+gmw.cn+or+dahe.cn+or+xfrb.com.cn+or+cqnews.net+or+lifeweek.com.cn+or+cpd.com.cn+or+haiwainet.cn+or+yidianzixun.com+or+ftchinese.com+or+guancha.cn+or+zhcw.com+or+huanqiu.com+or+ihuawen.com+or+nytimes.com+or+flickr.com+or+quanjing.com+or+vcg.com+or+gettyimages.co.uk+or+paixin.com)+%e7%a7%b0%e4%b8%ba+%e9%9c%80%e8%a6%81+%e6%94%b9%e5%8f%98&id=09C6C1102602D0C7861752494AAC3783EF71995A&simid=608054053647550524", 
            "hostPageUrl": "http://news.qq.com/a/20100421/002238.htm", 
            "thumbnailUrl": "https://tse2.mm.bing.net/th?id=OIP.sPHAsGNpxC9t5PUmXjS6TAHaKz&pid=Api", 
            "thumbnail": {
                "width": 474, 
                "height": 691
            }, 
            "contentSize": "62199 B"
        }, 
        {
            "contentUrl": "http://y3.ifengimg.com/cmpp/2015/10/30/b5203bbbcf53f84a0b4d362739e3e676_size404_w600_h400.jpg", 
            "insightsMetadata": {
                "pagesIncludingCount": 4, 
                "availableSizesCount": 2
            }, 
            "height": 400, 
            "accentColor": "C1B10A", 
            "hostPageDisplayUrl": "news.ifeng.com/a/20151030/46056059_0.shtml", 
            "name": "中国将放宽“绿卡”政策 专家：中国人心态要改变_凤凰资讯", 
            "width": 600, 
            "imageInsightsToken": "ccid_hI2vlfwV*mid_8FF99B8C7C7EAB767C49F365F632F729CF50BDB1*simid_607998292112311617*thid_OIP.hI2vlfwVn!_mCzEsTO4mEOQHaE8", 
            "imageId": "8FF99B8C7C7EAB767C49F365F632F729CF50BDB1", 
            "isFamilyFriendly": true, 
            "datePublished": "2015-10-30T08:09:00.0000000Z", 
            "encodingFormat": "png", 
            "webSearchUrl": "https://www.bing.com/images/search?view=detailv2&FORM=OIIRPO&q=site%3a(thepaper.cn+or+chinadaily.com.cn+or+china.com.cn+or+chinanews.com+or+youth.cn+or+sina.com.cn+or+xinhuanet.com+or+cri.cn+or+163.com+or+cankaoxiaoxi.com+or+cctv.com+or+ifeng.com+or+qq.com+or+takungpao.com+or+people.com.cn+or+southcn.com+or+southcn.com+or+cnr.cn+or+people.com.cn+or+cyol.com+or+bjnews.com.cn+or+gmw.cn+or+dahe.cn+or+xfrb.com.cn+or+cqnews.net+or+lifeweek.com.cn+or+cpd.com.cn+or+haiwainet.cn+or+yidianzixun.com+or+ftchinese.com+or+guancha.cn+or+zhcw.com+or+huanqiu.com+or+ihuawen.com+or+nytimes.com+or+flickr.com+or+quanjing.com+or+vcg.com+or+gettyimages.co.uk+or+paixin.com)+%e7%a7%b0%e4%b8%ba+%e9%9c%80%e8%a6%81+%e6%94%b9%e5%8f%98&id=8FF99B8C7C7EAB767C49F365F632F729CF50BDB1&simid=607998292112311617", 
            "hostPageUrl": "http://news.ifeng.com/a/20151030/46056059_0.shtml", 
            "thumbnailUrl": "https://tse3.mm.bing.net/th?id=OIP.hI2vlfwVn_mCzEsTO4mEOQHaE8&pid=Api", 
            "thumbnail": {
                "width": 474, 
                "height": 316
            }, 
            "contentSize": "414659 B"
        }, 
        {
            "contentUrl": "http://i0.sinaimg.cn/dy/cr/2015/0518/50429587.jpg", 
            "insightsMetadata": {
                "pagesIncludingCount": 3, 
                "availableSizesCount": 3
            }, 
            "height": 300, 
            "accentColor": "3C758F", 
            "hostPageDisplayUrl": "news.sina.com.cn/o/2015-05-18/061931844170.shtml", 
            "name": "张楚：我需要改变_新浪新闻", 
            "width": 400, 
            "imageInsightsToken": "ccid_9NrBgV4+*mid_61BA18C5BBCBFA20E88CE26EDEF1C9A8AA1A5FE1*simid_608046580411662627*thid_OIP.9NrBgV4-xkxxtdck7HoIWgAAAA", 
            "imageId": "61BA18C5BBCBFA20E88CE26EDEF1C9A8AA1A5FE1", 
            "isFamilyFriendly": true, 
            "datePublished": "2015-05-17T22:29:00.0000000Z", 
            "encodingFormat": "jpeg", 
            "webSearchUrl": "https://www.bing.com/images/search?view=detailv2&FORM=OIIRPO&q=site%3a(thepaper.cn+or+chinadaily.com.cn+or+china.com.cn+or+chinanews.com+or+youth.cn+or+sina.com.cn+or+xinhuanet.com+or+cri.cn+or+163.com+or+cankaoxiaoxi.com+or+cctv.com+or+ifeng.com+or+qq.com+or+takungpao.com+or+people.com.cn+or+southcn.com+or+southcn.com+or+cnr.cn+or+people.com.cn+or+cyol.com+or+bjnews.com.cn+or+gmw.cn+or+dahe.cn+or+xfrb.com.cn+or+cqnews.net+or+lifeweek.com.cn+or+cpd.com.cn+or+haiwainet.cn+or+yidianzixun.com+or+ftchinese.com+or+guancha.cn+or+zhcw.com+or+huanqiu.com+or+ihuawen.com+or+nytimes.com+or+flickr.com+or+quanjing.com+or+vcg.com+or+gettyimages.co.uk+or+paixin.com)+%e7%a7%b0%e4%b8%ba+%e9%9c%80%e8%a6%81+%e6%94%b9%e5%8f%98&id=61BA18C5BBCBFA20E88CE26EDEF1C9A8AA1A5FE1&simid=608046580411662627", 
            "hostPageUrl": "http://news.sina.com.cn/o/2015-05-18/061931844170.shtml", 
            "thumbnailUrl": "https://tse4.mm.bing.net/th?id=OIP.9NrBgV4-xkxxtdck7HoIWgAAAA&pid=Api", 
            "thumbnail": {
                "width": 400, 
                "height": 300
            }, 
            "contentSize": "73707 B"
        }, 
        {
            "contentUrl": "http://ossweb-img.qq.com/upload/webplat/info/r2/201407/14041505755228.jpg", 
            "insightsMetadata": {
                "pagesIncludingCount": 1, 
                "availableSizesCount": 1
            }, 
            "height": 415, 
            "accentColor": "328199", 
            "hostPageDisplayUrl": "r2.qq.com/webplat/info/news_version3/114/8155/8265/8266...", 
            "name": "常见问题-QQ音速-官方网站-腾讯游戏-", 
            "width": 553, 
            "imageInsightsToken": "ccid_+25BBkww*mid_DA78A9444C1F6C394BE4C87BFD9CF0231FFFE1B7*simid_608037406385505271*thid_OIP.-25BBkwwrTKI5tzhQAS0gQHaFj", 
            "imageId": "DA78A9444C1F6C394BE4C87BFD9CF0231FFFE1B7", 
            "isFamilyFriendly": true, 
            "datePublished": "2018-11-07T23:31:00.0000000Z", 
            "encodingFormat": "jpeg", 
            "webSearchUrl": "https://www.bing.com/images/search?view=detailv2&FORM=OIIRPO&q=site%3a(thepaper.cn+or+chinadaily.com.cn+or+china.com.cn+or+chinanews.com+or+youth.cn+or+sina.com.cn+or+xinhuanet.com+or+cri.cn+or+163.com+or+cankaoxiaoxi.com+or+cctv.com+or+ifeng.com+or+qq.com+or+takungpao.com+or+people.com.cn+or+southcn.com+or+southcn.com+or+cnr.cn+or+people.com.cn+or+cyol.com+or+bjnews.com.cn+or+gmw.cn+or+dahe.cn+or+xfrb.com.cn+or+cqnews.net+or+lifeweek.com.cn+or+cpd.com.cn+or+haiwainet.cn+or+yidianzixun.com+or+ftchinese.com+or+guancha.cn+or+zhcw.com+or+huanqiu.com+or+ihuawen.com+or+nytimes.com+or+flickr.com+or+quanjing.com+or+vcg.com+or+gettyimages.co.uk+or+paixin.com)+%e7%a7%b0%e4%b8%ba+%e9%9c%80%e8%a6%81+%e6%94%b9%e5%8f%98&id=DA78A9444C1F6C394BE4C87BFD9CF0231FFFE1B7&simid=608037406385505271", 
            "hostPageUrl": "http://r2.qq.com/webplat/info/news_version3/114/8155/8265/8266/m6720/201405/263195.shtml", 
            "thumbnailUrl": "https://tse3.mm.bing.net/th?id=OIP.-25BBkwwrTKI5tzhQAS0gQHaFj&pid=Api", 
            "thumbnail": {
                "width": 474, 
                "height": 355
            }, 
            "contentSize": "48326 B"
        }, 
        {
            "contentUrl": "http://image2.sina.com.cn/gm/cr/2006/0824/369968231.gif", 
            "insightsMetadata": {
                "pagesIncludingCount": 1, 
                "availableSizesCount": 1
            }, 
            "height": 282, 
            "accentColor": "B6A815", 
            "hostPageDisplayUrl": "https://games.sina.com.cn/j/h/2006-08-24/18004237.shtml", 
            "name": "游戏修改工具介绍(2)_技巧心得_单机游戏0_新浪游戏_新浪网", 
            "width": 356, 
            "imageInsightsToken": "ccid_m2RqxIec*mid_E5008C40C3F395B55633B9A2FF878F0F755ABA9C*simid_608018757635411406*thid_OIP.m2RqxIec4R4qx5YZVBDmVAAAAA", 
            "imageId": "E5008C40C3F395B55633B9A2FF878F0F755ABA9C", 
            "isFamilyFriendly": true, 
            "datePublished": "2018-03-17T12:10:00.0000000Z", 
            "encodingFormat": "gif", 
            "webSearchUrl": "https://www.bing.com/images/search?view=detailv2&FORM=OIIRPO&q=site%3a(thepaper.cn+or+chinadaily.com.cn+or+china.com.cn+or+chinanews.com+or+youth.cn+or+sina.com.cn+or+xinhuanet.com+or+cri.cn+or+163.com+or+cankaoxiaoxi.com+or+cctv.com+or+ifeng.com+or+qq.com+or+takungpao.com+or+people.com.cn+or+southcn.com+or+southcn.com+or+cnr.cn+or+people.com.cn+or+cyol.com+or+bjnews.com.cn+or+gmw.cn+or+dahe.cn+or+xfrb.com.cn+or+cqnews.net+or+lifeweek.com.cn+or+cpd.com.cn+or+haiwainet.cn+or+yidianzixun.com+or+ftchinese.com+or+guancha.cn+or+zhcw.com+or+huanqiu.com+or+ihuawen.com+or+nytimes.com+or+flickr.com+or+quanjing.com+or+vcg.com+or+gettyimages.co.uk+or+paixin.com)+%e7%a7%b0%e4%b8%ba+%e9%9c%80%e8%a6%81+%e6%94%b9%e5%8f%98&id=E5008C40C3F395B55633B9A2FF878F0F755ABA9C&simid=608018757635411406", 
            "hostPageUrl": "https://games.sina.com.cn/j/h/2006-08-24/18004237.shtml", 
            "thumbnailUrl": "https://tse3.mm.bing.net/th?id=OIP.m2RqxIec4R4qx5YZVBDmVAAAAA&pid=Api", 
            "thumbnail": {
                "width": 356, 
                "height": 282
            }, 
            "contentSize": "11643 B"
        }, 
        {
            "contentUrl": "http://i3.sinaimg.cn/ty/g/pl/2014-02-21/U10014P6T12D7033581F44DT20140221152237.jpg", 
            "insightsMetadata": {
                "pagesIncludingCount": 1, 
                "availableSizesCount": 1
            }, 
            "height": 402, 
            "accentColor": "446133", 
            "hostPageDisplayUrl": "sports.sina.com.cn/g/pl/2014-02-21/15227033581.shtml", 
            "name": "短讯-英超魔鬼教头拒改变训练方法 称:没死人为啥要变_国际足球 ...", 
            "width": 496, 
            "imageInsightsToken": "ccid_Fu1+L3cK*mid_62200B37C98F6BD734C88CAF1A2CECFBA39B0891*simid_607992661414971836*thid_OIP.Fu1-L3cKU9iDSSGDJTxwGQHaGA", 
            "imageId": "62200B37C98F6BD734C88CAF1A2CECFBA39B0891", 
            "isFamilyFriendly": true, 
            "datePublished": "2014-02-21T07:22:00.0000000Z", 
            "encodingFormat": "jpeg", 
            "webSearchUrl": "https://www.bing.com/images/search?view=detailv2&FORM=OIIRPO&q=site%3a(thepaper.cn+or+chinadaily.com.cn+or+china.com.cn+or+chinanews.com+or+youth.cn+or+sina.com.cn+or+xinhuanet.com+or+cri.cn+or+163.com+or+cankaoxiaoxi.com+or+cctv.com+or+ifeng.com+or+qq.com+or+takungpao.com+or+people.com.cn+or+southcn.com+or+southcn.com+or+cnr.cn+or+people.com.cn+or+cyol.com+or+bjnews.com.cn+or+gmw.cn+or+dahe.cn+or+xfrb.com.cn+or+cqnews.net+or+lifeweek.com.cn+or+cpd.com.cn+or+haiwainet.cn+or+yidianzixun.com+or+ftchinese.com+or+guancha.cn+or+zhcw.com+or+huanqiu.com+or+ihuawen.com+or+nytimes.com+or+flickr.com+or+quanjing.com+or+vcg.com+or+gettyimages.co.uk+or+paixin.com)+%e7%a7%b0%e4%b8%ba+%e9%9c%80%e8%a6%81+%e6%94%b9%e5%8f%98&id=62200B37C98F6BD734C88CAF1A2CECFBA39B0891&simid=607992661414971836", 
            "hostPageUrl": "http://sports.sina.com.cn/g/pl/2014-02-21/15227033581.shtml", 
            "thumbnailUrl": "https://tse3.mm.bing.net/th?id=OIP.Fu1-L3cKU9iDSSGDJTxwGQHaGA&pid=Api", 
            "thumbnail": {
                "width": 474, 
                "height": 384
            }, 
            "contentSize": "47375 B"
        }, 
        {
            "contentUrl": "http://fashion.chinadaily.com.cn/img/attachement/jpg/site1/20160506/f8bc126d91441896ba2602.jpg", 
            "insightsMetadata": {
                "pagesIncludingCount": 1, 
                "availableSizesCount": 1
            }, 
            "height": 342, 
            "accentColor": "C38008", 
            "hostPageDisplayUrl": "fashion.chinadaily.com.cn/2016-05/06/content_25116914.htm", 
            "name": "成为母亲需要多少改变？ - 中国日报网", 
            "width": 574, 
            "imageInsightsToken": "ccid_xgwiFAOT*mid_213E1F26E0E2CE7BC0D57B62F3F2E385970FFF77*simid_608018242222096821*thid_OIP.xgwiFAOTafUCssFIOcpd-wHaEa", 
            "imageId": "213E1F26E0E2CE7BC0D57B62F3F2E385970FFF77", 
            "isFamilyFriendly": true, 
            "datePublished": "2016-05-06T11:04:00.0000000Z", 
            "encodingFormat": "jpeg", 
            "webSearchUrl": "https://www.bing.com/images/search?view=detailv2&FORM=OIIRPO&q=site%3a(thepaper.cn+or+chinadaily.com.cn+or+china.com.cn+or+chinanews.com+or+youth.cn+or+sina.com.cn+or+xinhuanet.com+or+cri.cn+or+163.com+or+cankaoxiaoxi.com+or+cctv.com+or+ifeng.com+or+qq.com+or+takungpao.com+or+people.com.cn+or+southcn.com+or+southcn.com+or+cnr.cn+or+people.com.cn+or+cyol.com+or+bjnews.com.cn+or+gmw.cn+or+dahe.cn+or+xfrb.com.cn+or+cqnews.net+or+lifeweek.com.cn+or+cpd.com.cn+or+haiwainet.cn+or+yidianzixun.com+or+ftchinese.com+or+guancha.cn+or+zhcw.com+or+huanqiu.com+or+ihuawen.com+or+nytimes.com+or+flickr.com+or+quanjing.com+or+vcg.com+or+gettyimages.co.uk+or+paixin.com)+%e7%a7%b0%e4%b8%ba+%e9%9c%80%e8%a6%81+%e6%94%b9%e5%8f%98&id=213E1F26E0E2CE7BC0D57B62F3F2E385970FFF77&simid=608018242222096821", 
            "hostPageUrl": "http://fashion.chinadaily.com.cn/2016-05/06/content_25116914.htm", 
            "thumbnailUrl": "https://tse1.mm.bing.net/th?id=OIP.xgwiFAOTafUCssFIOcpd-wHaEa&pid=Api", 
            "thumbnail": {
                "width": 474, 
                "height": 282
            }, 
            "hostPageFavIconUrl": "https://www.bing.com/th?id=AR_6bbc59f7064ed213027d1c4ffbd7baac&pid=Api", 
            "contentSize": "240935 B"
        }, 
        {
            "contentUrl": "https://inews.gtimg.com/newsapp_bt/0/7096666646/640", 
            "insightsMetadata": {
                "pagesIncludingCount": 10, 
                "availableSizesCount": 5
            }, 
            "height": 480, 
            "accentColor": "2570A6", 
            "hostPageDisplayUrl": "https://new.qq.com/omn/20190101/20190101A0YXP1.html", 
            "name": "山东省的这4所大学被称为考研基地，其中一所被称为考研神校！", 
            "width": 509, 
            "imageInsightsToken": "ccid_jPj+xUIx*mid_2BE16E7B0FEB51E3C9ECA61B0F526C1968357694*simid_608027901592734741*thid_OIP.jPj-xUIx-X4JKrBhBl2xCwHaG-", 
            "imageId": "2BE16E7B0FEB51E3C9ECA61B0F526C1968357694", 
            "isFamilyFriendly": true, 
            "datePublished": "2019-01-02T07:01:00.0000000Z", 
            "encodingFormat": "jpeg", 
            "webSearchUrl": "https://www.bing.com/images/search?view=detailv2&FORM=OIIRPO&q=site%3a(thepaper.cn+or+chinadaily.com.cn+or+china.com.cn+or+chinanews.com+or+youth.cn+or+sina.com.cn+or+xinhuanet.com+or+cri.cn+or+163.com+or+cankaoxiaoxi.com+or+cctv.com+or+ifeng.com+or+qq.com+or+takungpao.com+or+people.com.cn+or+southcn.com+or+southcn.com+or+cnr.cn+or+people.com.cn+or+cyol.com+or+bjnews.com.cn+or+gmw.cn+or+dahe.cn+or+xfrb.com.cn+or+cqnews.net+or+lifeweek.com.cn+or+cpd.com.cn+or+haiwainet.cn+or+yidianzixun.com+or+ftchinese.com+or+guancha.cn+or+zhcw.com+or+huanqiu.com+or+ihuawen.com+or+nytimes.com+or+flickr.com+or+quanjing.com+or+vcg.com+or+gettyimages.co.uk+or+paixin.com)+%e7%a7%b0%e4%b8%ba+%e9%9c%80%e8%a6%81+%e6%94%b9%e5%8f%98&id=2BE16E7B0FEB51E3C9ECA61B0F526C1968357694&simid=608027901592734741", 
            "hostPageUrl": "https://new.qq.com/omn/20190101/20190101A0YXP1.html", 
            "thumbnailUrl": "https://tse1.mm.bing.net/th?id=OIP.jPj-xUIx-X4JKrBhBl2xCwHaG-&pid=Api", 
            "thumbnail": {
                "width": 474, 
                "height": 446
            }, 
            "contentSize": "39330 B"
        }, 
        {
            "contentUrl": "http://www.people.com.cn/mediafile/pic/20110915/98/7661737602607894910.jpg", 
            "insightsMetadata": {
                "pagesIncludingCount": 2, 
                "availableSizesCount": 1
            }, 
            "height": 339, 
            "accentColor": "BA1112", 
            "hostPageDisplayUrl": "game.people.com.cn/GB/48601/49239/15663793.html", 
            "name": "要你命3000 细数游戏中那些恐怖致命的疾病 (2)--人民网游戏_最 ...", 
            "width": 550, 
            "imageInsightsToken": "ccid_Y0NS1xUZ*mid_BEC2E501D1F33EDC5B16D01085702978B0ECB549*simid_608004068846735091*thid_OIP.Y0NS1xUZLcmuRF7Ls-W4hgHaEk", 
            "imageId": "BEC2E501D1F33EDC5B16D01085702978B0ECB549", 
            "isFamilyFriendly": true, 
            "datePublished": "2013-11-08T15:09:00.0000000Z", 
            "encodingFormat": "jpeg", 
            "webSearchUrl": "https://www.bing.com/images/search?view=detailv2&FORM=OIIRPO&q=site%3a(thepaper.cn+or+chinadaily.com.cn+or+china.com.cn+or+chinanews.com+or+youth.cn+or+sina.com.cn+or+xinhuanet.com+or+cri.cn+or+163.com+or+cankaoxiaoxi.com+or+cctv.com+or+ifeng.com+or+qq.com+or+takungpao.com+or+people.com.cn+or+southcn.com+or+southcn.com+or+cnr.cn+or+people.com.cn+or+cyol.com+or+bjnews.com.cn+or+gmw.cn+or+dahe.cn+or+xfrb.com.cn+or+cqnews.net+or+lifeweek.com.cn+or+cpd.com.cn+or+haiwainet.cn+or+yidianzixun.com+or+ftchinese.com+or+guancha.cn+or+zhcw.com+or+huanqiu.com+or+ihuawen.com+or+nytimes.com+or+flickr.com+or+quanjing.com+or+vcg.com+or+gettyimages.co.uk+or+paixin.com)+%e7%a7%b0%e4%b8%ba+%e9%9c%80%e8%a6%81+%e6%94%b9%e5%8f%98&id=BEC2E501D1F33EDC5B16D01085702978B0ECB549&simid=608004068846735091", 
            "hostPageUrl": "http://game.people.com.cn/GB/48601/49239/15663793.html", 
            "thumbnailUrl": "https://tse4.mm.bing.net/th?id=OIP.Y0NS1xUZLcmuRF7Ls-W4hgHaEk&pid=Api", 
            "thumbnail": {
                "width": 474, 
                "height": 292
            }, 
            "contentSize": "35501 B"
        }
    ], 
    "nextOffset": 10, 
    "queryContext": {
        "alterationMethod": "AM_JustChangeIt", 
        "alterationType": "CombinedAlterationsChained", 
        "originalQuery": "site:(thepaper.cn or chinadaily.com.cn or china.com.cn or chinanews.com or youth.cn or sina.com.cn or xinhuanet.com or cri.cn or 163.com or cankaoxiaoxi.com or cctv.com or ifeng.com or qq.com or takungpao.com or people.com.cn or southcn.com or southcn.com or cnr.cn or people.com.cn or cyol.com or bjnews.com.cn or gmw.cn or dahe.cn or xfrb.com.cn or cqnews.net or lifeweek.com.cn or cpd.com.cn or haiwainet.cn or yidianzixun.com or ftchinese.com or guancha.cn or zhcw.com or huanqiu.com or ihuawen.com or nytimes.com or flickr.com or quanjing.com or vcg.com or gettyimages.co.uk or paixin.com) 称为 需要 改变", 
        "alterationOverrideQuery": "+site:(thepaper.cn or chinadaily.com.cn or china.com.cn or chinanews.com or youth.cn or sina.com.cn or xinhuanet.com or cri.cn or 163.com or cankaoxiaoxi.com or cctv.com or ifeng.com or qq.com or takungpao.com or people.com.cn or southcn.com or southcn.com or cnr.cn or people.com.cn or cyol.com or bjnews.com.cn or gmw.cn or dahe.cn or xfrb.com.cn or cqnews.net or lifeweek.com.cn or cpd.com.cn or haiwainet.cn or yidianzixun.com or ftchinese.com or guancha.cn or zhcw.com or huanqiu.com or ihuawen.com or nytimes.com or flickr.com or quanjing.com or vcg.com or gettyimages.co.uk or paixin.com) 称为 需要 改变", 
        "alterationDisplayQuery": "称为 需要 改变"
    }, 
    "currentOffset": 0, 
    "readLink": "images/search?q=site:(thepaper.cn or chinadaily.com.cn or china.com.cn or chinanews.com or youth.cn or sina.com.cn or xinhuanet.com or cri.cn or 163.com or cankaoxiaoxi.com or cctv.com or ifeng.com or qq.com or takungpao.com or people.com.cn or southcn.com or southcn.com or cnr.cn or people.com.cn or cyol.com or bjnews.com.cn or gmw.cn or dahe.cn or xfrb.com.cn or cqnews.net or lifeweek.com.cn or cpd.com.cn or haiwainet.cn or yidianzixun.com or ftchinese.com or guancha.cn or zhcw.com or huanqiu.com or ihuawen.com or nytimes.com or flickr.com or quanjing.com or vcg.com or gettyimages.co.uk or paixin.com) 称为 需要 改变", 
    "totalEstimatedMatches": 100
}