{
    "instrumentation": {
        "_type": "ResponseInstrumentation"
    }, 
    "_type": "Images", 
    "webSearchUrl": "https://www.bing.com/images/search?q=site:(thepaper.cn or chinadaily.com.cn or china.com.cn or chinanews.com or youth.cn or sina.com.cn or xinhuanet.com or cri.cn or 163.com or cankaoxiaoxi.com or cctv.com or ifeng.com or qq.com or takungpao.com or people.com.cn or southcn.com or southcn.com or cnr.cn or people.com.cn or cyol.com or bjnews.com.cn or gmw.cn or dahe.cn or xfrb.com.cn or cqnews.net or lifeweek.com.cn or cpd.com.cn or haiwainet.cn or yidianzixun.com or ftchinese.com or guancha.cn or zhcw.com or huanqiu.com or ihuawen.com or nytimes.com or flickr.com or quanjing.com or vcg.com or gettyimages.co.uk or paixin.com) 罗斯 说 个人 一直 期待 美国&FORM=OIIARP", 
    "value": [
        {
            "contentUrl": "http://image.thepaper.cn/www/image/5/196/213.jpg", 
            "insightsMetadata": {
                "pagesIncludingCount": 1, 
                "availableSizesCount": 1
            }, 
            "height": 396, 
            "accentColor": "233073", 
            "hostPageDisplayUrl": "www.thepaper.cn/newsDetail_forward_1540033", 
            "name": "来自世界第一的烦恼，德约能在上海解决这些糟心事吗？_运动家 ...", 
            "width": 600, 
            "imageInsightsToken": "ccid_CG5Qr3Ri*mid_8A1C58AC654DED373960762C1D7486F79436A8B0*simid_608036186631569566*thid_OIP.CG5Qr3RiiPlAGse-2GUtOAHaE4", 
            "imageId": "8A1C58AC654DED373960762C1D7486F79436A8B0", 
            "isFamilyFriendly": true, 
            "datePublished": "2019-02-02T06:31:00.0000000Z", 
            "encodingFormat": "jpeg", 
            "webSearchUrl": "https://www.bing.com/images/search?view=detailv2&FORM=OIIRPO&q=site%3a(thepaper.cn+or+chinadaily.com.cn+or+china.com.cn+or+chinanews.com+or+youth.cn+or+sina.com.cn+or+xinhuanet.com+or+cri.cn+or+163.com+or+cankaoxiaoxi.com+or+cctv.com+or+ifeng.com+or+qq.com+or+takungpao.com+or+people.com.cn+or+southcn.com+or+southcn.com+or+cnr.cn+or+people.com.cn+or+cyol.com+or+bjnews.com.cn+or+gmw.cn+or+dahe.cn+or+xfrb.com.cn+or+cqnews.net+or+lifeweek.com.cn+or+cpd.com.cn+or+haiwainet.cn+or+yidianzixun.com+or+ftchinese.com+or+guancha.cn+or+zhcw.com+or+huanqiu.com+or+ihuawen.com+or+nytimes.com+or+flickr.com+or+quanjing.com+or+vcg.com+or+gettyimages.co.uk+or+paixin.com)+%e7%bd%97%e6%96%af+%e8%af%b4+%e4%b8%aa%e4%ba%ba+%e4%b8%80%e7%9b%b4+%e6%9c%9f%e5%be%85+%e7%be%8e%e5%9b%bd&id=8A1C58AC654DED373960762C1D7486F79436A8B0&simid=608036186631569566", 
            "hostPageUrl": "http://www.thepaper.cn/newsDetail_forward_1540033", 
            "thumbnailUrl": "https://tse1.mm.bing.net/th?id=OIP.CG5Qr3RiiPlAGse-2GUtOAHaE4&pid=Api", 
            "thumbnail": {
                "width": 474, 
                "height": 312
            }, 
            "contentSize": "25903 B"
        }, 
        {
            "contentUrl": "http://img1.gtimg.com/news/pics/hv1/160/122/2235/145362145.jpg", 
            "insightsMetadata": {
                "pagesIncludingCount": 2, 
                "availableSizesCount": 2
            }, 
            "height": 666, 
            "accentColor": "795F52", 
            "hostPageDisplayUrl": "gy.qq.com/original/story/sto241.html", 
            "name": "马丁·帕瓦罗斯：5年，1个人，用脚丈量出人类饥饿地图", 
            "width": 1000, 
            "imageInsightsToken": "ccid_dF/6w57r*mid_16FE751D5AEF25868F9B78CFFE2DD1BC92C0BAC7*simid_608036946826299385*thid_OIP.dF!_6w57rndwuOCtazCHDGQHaE7", 
            "imageId": "16FE751D5AEF25868F9B78CFFE2DD1BC92C0BAC7", 
            "isFamilyFriendly": true, 
            "datePublished": "2018-10-24T00:39:00.0000000Z", 
            "encodingFormat": "jpeg", 
            "webSearchUrl": "https://www.bing.com/images/search?view=detailv2&FORM=OIIRPO&q=site%3a(thepaper.cn+or+chinadaily.com.cn+or+china.com.cn+or+chinanews.com+or+youth.cn+or+sina.com.cn+or+xinhuanet.com+or+cri.cn+or+163.com+or+cankaoxiaoxi.com+or+cctv.com+or+ifeng.com+or+qq.com+or+takungpao.com+or+people.com.cn+or+southcn.com+or+southcn.com+or+cnr.cn+or+people.com.cn+or+cyol.com+or+bjnews.com.cn+or+gmw.cn+or+dahe.cn+or+xfrb.com.cn+or+cqnews.net+or+lifeweek.com.cn+or+cpd.com.cn+or+haiwainet.cn+or+yidianzixun.com+or+ftchinese.com+or+guancha.cn+or+zhcw.com+or+huanqiu.com+or+ihuawen.com+or+nytimes.com+or+flickr.com+or+quanjing.com+or+vcg.com+or+gettyimages.co.uk+or+paixin.com)+%e7%bd%97%e6%96%af+%e8%af%b4+%e4%b8%aa%e4%ba%ba+%e4%b8%80%e7%9b%b4+%e6%9c%9f%e5%be%85+%e7%be%8e%e5%9b%bd&id=16FE751D5AEF25868F9B78CFFE2DD1BC92C0BAC7&simid=608036946826299385", 
            "hostPageUrl": "http://gy.qq.com/original/story/sto241.html", 
            "thumbnailUrl": "https://tse2.mm.bing.net/th?id=OIP.dF_6w57rndwuOCtazCHDGQHaE7&pid=Api", 
            "thumbnail": {
                "width": 474, 
                "height": 315
            }, 
            "contentSize": "115112 B"
        }, 
        {
            "contentUrl": "http://n.sinaimg.cn/transform/20151101/MDXn-fxkhcfk7492020.jpg", 
            "insightsMetadata": {
                "pagesIncludingCount": 1, 
                "availableSizesCount": 1
            }, 
            "height": 367, 
            "accentColor": "B11A22", 
            "hostPageDisplayUrl": "sports.sina.com.cn/f1/2015-11-01/doc-ifxkhcfq1021088.shtml", 
            "name": "汉密尔顿称P2才是最佳发车位 灯灭必进攻罗斯博格_赛车_新浪竞技 ...", 
            "width": 550, 
            "imageInsightsToken": "ccid_BHuSfnws*mid_05FBE085E44DE56193678F694E709B9294EACFD7*simid_608053997808124318*thid_OIP.BHuSfnwszOdNlgGKL-3AxwHaE8", 
            "imageId": "05FBE085E44DE56193678F694E709B9294EACFD7", 
            "isFamilyFriendly": true, 
            "datePublished": "2015-10-31T22:03:00.0000000Z", 
            "encodingFormat": "jpeg", 
            "webSearchUrl": "https://www.bing.com/images/search?view=detailv2&FORM=OIIRPO&q=site%3a(thepaper.cn+or+chinadaily.com.cn+or+china.com.cn+or+chinanews.com+or+youth.cn+or+sina.com.cn+or+xinhuanet.com+or+cri.cn+or+163.com+or+cankaoxiaoxi.com+or+cctv.com+or+ifeng.com+or+qq.com+or+takungpao.com+or+people.com.cn+or+southcn.com+or+southcn.com+or+cnr.cn+or+people.com.cn+or+cyol.com+or+bjnews.com.cn+or+gmw.cn+or+dahe.cn+or+xfrb.com.cn+or+cqnews.net+or+lifeweek.com.cn+or+cpd.com.cn+or+haiwainet.cn+or+yidianzixun.com+or+ftchinese.com+or+guancha.cn+or+zhcw.com+or+huanqiu.com+or+ihuawen.com+or+nytimes.com+or+flickr.com+or+quanjing.com+or+vcg.com+or+gettyimages.co.uk+or+paixin.com)+%e7%bd%97%e6%96%af+%e8%af%b4+%e4%b8%aa%e4%ba%ba+%e4%b8%80%e7%9b%b4+%e6%9c%9f%e5%be%85+%e7%be%8e%e5%9b%bd&id=05FBE085E44DE56193678F694E709B9294EACFD7&simid=608053997808124318", 
            "hostPageUrl": "http://sports.sina.com.cn/f1/2015-11-01/doc-ifxkhcfq1021088.shtml", 
            "thumbnailUrl": "https://tse3.mm.bing.net/th?id=OIP.BHuSfnwszOdNlgGKL-3AxwHaE8&pid=Api", 
            "thumbnail": {
                "width": 474, 
                "height": 316
            }, 
            "contentSize": "31650 B"
        }, 
        {
            "contentUrl": "http://upload.service.mix.sina.com.cn/87805aa851f7996010d032573bf565b7.jpg", 
            "insightsMetadata": {
                "pagesIncludingCount": 6, 
                "availableSizesCount": 3
            }, 
            "height": 375, 
            "accentColor": "604B47", 
            "hostPageDisplayUrl": "tech.sina.com.cn/zl/post/detail/it/2014-05-21/pid_8453399...", 
            "name": "罗永浩的光荣之路_创事记_新浪科技_新浪网", 
            "width": 500, 
            "imageInsightsToken": "ccid_sUxw6jPJ*mid_C8D8EF366C0FA7450F17214AC11B4259B8F3DE9A*simid_608049260530307071*thid_OIP.sUxw6jPJMuPudBJOkwqGEAHaFj", 
            "imageId": "C8D8EF366C0FA7450F17214AC11B4259B8F3DE9A", 
            "isFamilyFriendly": true, 
            "datePublished": "2014-05-21T02:28:00.0000000Z", 
            "encodingFormat": "jpeg", 
            "webSearchUrl": "https://www.bing.com/images/search?view=detailv2&FORM=OIIRPO&q=site%3a(thepaper.cn+or+chinadaily.com.cn+or+china.com.cn+or+chinanews.com+or+youth.cn+or+sina.com.cn+or+xinhuanet.com+or+cri.cn+or+163.com+or+cankaoxiaoxi.com+or+cctv.com+or+ifeng.com+or+qq.com+or+takungpao.com+or+people.com.cn+or+southcn.com+or+southcn.com+or+cnr.cn+or+people.com.cn+or+cyol.com+or+bjnews.com.cn+or+gmw.cn+or+dahe.cn+or+xfrb.com.cn+or+cqnews.net+or+lifeweek.com.cn+or+cpd.com.cn+or+haiwainet.cn+or+yidianzixun.com+or+ftchinese.com+or+guancha.cn+or+zhcw.com+or+huanqiu.com+or+ihuawen.com+or+nytimes.com+or+flickr.com+or+quanjing.com+or+vcg.com+or+gettyimages.co.uk+or+paixin.com)+%e7%bd%97%e6%96%af+%e8%af%b4+%e4%b8%aa%e4%ba%ba+%e4%b8%80%e7%9b%b4+%e6%9c%9f%e5%be%85+%e7%be%8e%e5%9b%bd&id=C8D8EF366C0FA7450F17214AC11B4259B8F3DE9A&simid=608049260530307071", 
            "hostPageUrl": "http://tech.sina.com.cn/zl/post/detail/it/2014-05-21/pid_8453399.htm", 
            "thumbnailUrl": "https://tse1.mm.bing.net/th?id=OIP.sUxw6jPJMuPudBJOkwqGEAHaFj&pid=Api", 
            "thumbnail": {
                "width": 474, 
                "height": 355
            }, 
            "contentSize": "33107 B"
        }, 
        {
            "contentUrl": "http://n.sinaimg.cn/translate/20160902/P7bR-fxvqctw2707633.jpg", 
            "insightsMetadata": {
                "pagesIncludingCount": 6, 
                "availableSizesCount": 3
            }, 
            "height": 600, 
            "accentColor": "31569A", 
            "hostPageDisplayUrl": "news.sina.com.cn/c/2016-09-09/doc-ifxvukuq4030224.shtml", 
            "name": "美军官：澳在中美间走钢丝很困难 必须选边站|澳大利亚|美国 ...", 
            "width": 900, 
            "imageInsightsToken": "ccid_PAqg3sTN*mid_BB7254257D99DE0B9C40BED4E8CC7E1B312B7991*simid_608036873817820271*thid_OIP.PAqg3sTNoXhVwV3YYyrvxAHaE8", 
            "imageId": "BB7254257D99DE0B9C40BED4E8CC7E1B312B7991", 
            "isFamilyFriendly": true, 
            "datePublished": "2018-07-08T06:57:00.0000000Z", 
            "encodingFormat": "jpeg", 
            "webSearchUrl": "https://www.bing.com/images/search?view=detailv2&FORM=OIIRPO&q=site%3a(thepaper.cn+or+chinadaily.com.cn+or+china.com.cn+or+chinanews.com+or+youth.cn+or+sina.com.cn+or+xinhuanet.com+or+cri.cn+or+163.com+or+cankaoxiaoxi.com+or+cctv.com+or+ifeng.com+or+qq.com+or+takungpao.com+or+people.com.cn+or+southcn.com+or+southcn.com+or+cnr.cn+or+people.com.cn+or+cyol.com+or+bjnews.com.cn+or+gmw.cn+or+dahe.cn+or+xfrb.com.cn+or+cqnews.net+or+lifeweek.com.cn+or+cpd.com.cn+or+haiwainet.cn+or+yidianzixun.com+or+ftchinese.com+or+guancha.cn+or+zhcw.com+or+huanqiu.com+or+ihuawen.com+or+nytimes.com+or+flickr.com+or+quanjing.com+or+vcg.com+or+gettyimages.co.uk+or+paixin.com)+%e7%bd%97%e6%96%af+%e8%af%b4+%e4%b8%aa%e4%ba%ba+%e4%b8%80%e7%9b%b4+%e6%9c%9f%e5%be%85+%e7%be%8e%e5%9b%bd&id=BB7254257D99DE0B9C40BED4E8CC7E1B312B7991&simid=608036873817820271", 
            "hostPageUrl": "http://news.sina.com.cn/c/2016-09-09/doc-ifxvukuq4030224.shtml", 
            "thumbnailUrl": "https://tse1.mm.bing.net/th?id=OIP.PAqg3sTNoXhVwV3YYyrvxAHaE8&pid=Api", 
            "thumbnail": {
                "width": 474, 
                "height": 316
            }, 
            "contentSize": "113131 B"
        }, 
        {
            "contentUrl": "http://n.sinaimg.cn/translate/20170927/bnCR-fymfcih6844918.jpg", 
            "insightsMetadata": {
                "pagesIncludingCount": 4, 
                "availableSizesCount": 2
            }, 
            "height": 400, 
            "accentColor": "082CB2", 
            "hostPageDisplayUrl": "finance.sina.com.cn/money/forex/hbfx/2017-09-27/doc...", 
            "name": "美国商务部长：成功税改将使美国GDP提升一个百分点|美国GDP|罗斯 ...", 
            "width": 640, 
            "imageInsightsToken": "ccid_bhq0QyHA*mid_AEA2E73C0DEC9784707764EF1A83C17F1E0B805D*simid_608011164166390916*thid_OIP.bhq0QyHA7-SQ4KsP6hZFxQHaEo", 
            "imageId": "AEA2E73C0DEC9784707764EF1A83C17F1E0B805D", 
            "isFamilyFriendly": true, 
            "datePublished": "2017-09-27T10:06:00.0000000Z", 
            "encodingFormat": "jpeg", 
            "webSearchUrl": "https://www.bing.com/images/search?view=detailv2&FORM=OIIRPO&q=site%3a(thepaper.cn+or+chinadaily.com.cn+or+china.com.cn+or+chinanews.com+or+youth.cn+or+sina.com.cn+or+xinhuanet.com+or+cri.cn+or+163.com+or+cankaoxiaoxi.com+or+cctv.com+or+ifeng.com+or+qq.com+or+takungpao.com+or+people.com.cn+or+southcn.com+or+southcn.com+or+cnr.cn+or+people.com.cn+or+cyol.com+or+bjnews.com.cn+or+gmw.cn+or+dahe.cn+or+xfrb.com.cn+or+cqnews.net+or+lifeweek.com.cn+or+cpd.com.cn+or+haiwainet.cn+or+yidianzixun.com+or+ftchinese.com+or+guancha.cn+or+zhcw.com+or+huanqiu.com+or+ihuawen.com+or+nytimes.com+or+flickr.com+or+quanjing.com+or+vcg.com+or+gettyimages.co.uk+or+paixin.com)+%e7%bd%97%e6%96%af+%e8%af%b4+%e4%b8%aa%e4%ba%ba+%e4%b8%80%e7%9b%b4+%e6%9c%9f%e5%be%85+%e7%be%8e%e5%9b%bd&id=AEA2E73C0DEC9784707764EF1A83C17F1E0B805D&simid=608011164166390916", 
            "hostPageUrl": "http://finance.sina.com.cn/money/forex/hbfx/2017-09-27/doc-ifymeswe0388152.shtml", 
            "thumbnailUrl": "https://tse3.mm.bing.net/th?id=OIP.bhq0QyHA7-SQ4KsP6hZFxQHaEo&pid=Api", 
            "thumbnail": {
                "width": 474, 
                "height": 296
            }, 
            "contentSize": "35281 B"
        }, 
        {
            "contentUrl": "http://n.sinaimg.cn/sports/transform/20170316/yhGq-fychtth0865024.jpg", 
            "insightsMetadata": {
                "pagesIncludingCount": 1, 
                "availableSizesCount": 1
            }, 
            "height": 433, 
            "accentColor": "A05F2B", 
            "hostPageDisplayUrl": "sports.sina.com.cn/golf/pgatour/2017-03-16/doc...", 
            "name": "致敬！帕尔默赛媒体中心以其新闻秘书吉芬命名_美巡赛_新浪竞技 ...", 
            "width": 650, 
            "imageInsightsToken": "ccid_n6ThcYlZ*mid_57597634B3D383608DB34D991DA1437C3C02BB4F*simid_607988516788438664*thid_OIP.n6ThcYlZe9KHZxU5FRPLGwHaE7", 
            "imageId": "57597634B3D383608DB34D991DA1437C3C02BB4F", 
            "isFamilyFriendly": true, 
            "datePublished": "2017-03-16T03:00:00.0000000Z", 
            "encodingFormat": "jpeg", 
            "webSearchUrl": "https://www.bing.com/images/search?view=detailv2&FORM=OIIRPO&q=site%3a(thepaper.cn+or+chinadaily.com.cn+or+china.com.cn+or+chinanews.com+or+youth.cn+or+sina.com.cn+or+xinhuanet.com+or+cri.cn+or+163.com+or+cankaoxiaoxi.com+or+cctv.com+or+ifeng.com+or+qq.com+or+takungpao.com+or+people.com.cn+or+southcn.com+or+southcn.com+or+cnr.cn+or+people.com.cn+or+cyol.com+or+bjnews.com.cn+or+gmw.cn+or+dahe.cn+or+xfrb.com.cn+or+cqnews.net+or+lifeweek.com.cn+or+cpd.com.cn+or+haiwainet.cn+or+yidianzixun.com+or+ftchinese.com+or+guancha.cn+or+zhcw.com+or+huanqiu.com+or+ihuawen.com+or+nytimes.com+or+flickr.com+or+quanjing.com+or+vcg.com+or+gettyimages.co.uk+or+paixin.com)+%e7%bd%97%e6%96%af+%e8%af%b4+%e4%b8%aa%e4%ba%ba+%e4%b8%80%e7%9b%b4+%e6%9c%9f%e5%be%85+%e7%be%8e%e5%9b%bd&id=57597634B3D383608DB34D991DA1437C3C02BB4F&simid=607988516788438664", 
            "hostPageUrl": "http://sports.sina.com.cn/golf/pgatour/2017-03-16/doc-ifycnpit1995322.shtml", 
            "thumbnailUrl": "https://tse3.mm.bing.net/th?id=OIP.n6ThcYlZe9KHZxU5FRPLGwHaE7&pid=Api", 
            "thumbnail": {
                "width": 474, 
                "height": 315
            }, 
            "contentSize": "55455 B"
        }, 
        {
            "contentUrl": "http://n.sinaimg.cn/sports/crawl/162/w550h412/20180725/73Q0-hfvkitw5919523.jpg", 
            "insightsMetadata": {
                "pagesIncludingCount": 2, 
                "availableSizesCount": 1
            }, 
            "height": 412, 
            "accentColor": "733D31", 
            "hostPageDisplayUrl": "sports.sina.com.cn/tennis/wta/2018-07-25/doc...", 
            "name": "美国天才少女接受手腕手术 本赛季可能提前报销_WTA赛事新闻 ...", 
            "width": 550, 
            "imageInsightsToken": "ccid_S/llatE5*mid_14BD5FCF5E0FB37C4B1243D22104DEF0836BD1AB*simid_608001904182167536*thid_OIP.S!_llatE5YuakJx-mLXWVAgHaFj", 
            "imageId": "14BD5FCF5E0FB37C4B1243D22104DEF0836BD1AB", 
            "isFamilyFriendly": true, 
            "datePublished": "2018-07-25T13:39:00.0000000Z", 
            "encodingFormat": "jpeg", 
            "webSearchUrl": "https://www.bing.com/images/search?view=detailv2&FORM=OIIRPO&q=site%3a(thepaper.cn+or+chinadaily.com.cn+or+china.com.cn+or+chinanews.com+or+youth.cn+or+sina.com.cn+or+xinhuanet.com+or+cri.cn+or+163.com+or+cankaoxiaoxi.com+or+cctv.com+or+ifeng.com+or+qq.com+or+takungpao.com+or+people.com.cn+or+southcn.com+or+southcn.com+or+cnr.cn+or+people.com.cn+or+cyol.com+or+bjnews.com.cn+or+gmw.cn+or+dahe.cn+or+xfrb.com.cn+or+cqnews.net+or+lifeweek.com.cn+or+cpd.com.cn+or+haiwainet.cn+or+yidianzixun.com+or+ftchinese.com+or+guancha.cn+or+zhcw.com+or+huanqiu.com+or+ihuawen.com+or+nytimes.com+or+flickr.com+or+quanjing.com+or+vcg.com+or+gettyimages.co.uk+or+paixin.com)+%e7%bd%97%e6%96%af+%e8%af%b4+%e4%b8%aa%e4%ba%ba+%e4%b8%80%e7%9b%b4+%e6%9c%9f%e5%be%85+%e7%be%8e%e5%9b%bd&id=14BD5FCF5E0FB37C4B1243D22104DEF0836BD1AB&simid=608001904182167536", 
            "hostPageUrl": "http://sports.sina.com.cn/tennis/wta/2018-07-25/doc-ihfvkitw5931128.shtml", 
            "thumbnailUrl": "https://tse2.mm.bing.net/th?id=OIP.S_llatE5YuakJx-mLXWVAgHaFj&pid=Api", 
            "thumbnail": {
                "width": 474, 
                "height": 355
            }, 
            "contentSize": "39016 B"
        }, 
        {
            "contentUrl": "http://img1.gtimg.com/ent/pics/hv1/126/249/1974/128422971.png", 
            "insightsMetadata": {
                "pagesIncludingCount": 2, 
                "availableSizesCount": 1
            }, 
            "height": 286, 
            "accentColor": "3D4F59", 
            "hostPageDisplayUrl": "ent.qq.com/a/20151127/019536.htm", 
            "name": "感觉这部明年最受期待的超级英雄电影拍砸了_娱乐_腾讯网", 
            "width": 640, 
            "imageInsightsToken": "ccid_Qluhzalm*mid_CDDC48627654D74474843F1EBBA7792C6CE3904B*simid_608012757623180751*thid_OIP.QluhzalmLr78UVtMD-tiXgHaDT", 
            "imageId": "CDDC48627654D74474843F1EBBA7792C6CE3904B", 
            "isFamilyFriendly": true, 
            "datePublished": "2015-11-27T01:56:00.0000000Z", 
            "encodingFormat": "png", 
            "webSearchUrl": "https://www.bing.com/images/search?view=detailv2&FORM=OIIRPO&q=site%3a(thepaper.cn+or+chinadaily.com.cn+or+china.com.cn+or+chinanews.com+or+youth.cn+or+sina.com.cn+or+xinhuanet.com+or+cri.cn+or+163.com+or+cankaoxiaoxi.com+or+cctv.com+or+ifeng.com+or+qq.com+or+takungpao.com+or+people.com.cn+or+southcn.com+or+southcn.com+or+cnr.cn+or+people.com.cn+or+cyol.com+or+bjnews.com.cn+or+gmw.cn+or+dahe.cn+or+xfrb.com.cn+or+cqnews.net+or+lifeweek.com.cn+or+cpd.com.cn+or+haiwainet.cn+or+yidianzixun.com+or+ftchinese.com+or+guancha.cn+or+zhcw.com+or+huanqiu.com+or+ihuawen.com+or+nytimes.com+or+flickr.com+or+quanjing.com+or+vcg.com+or+gettyimages.co.uk+or+paixin.com)+%e7%bd%97%e6%96%af+%e8%af%b4+%e4%b8%aa%e4%ba%ba+%e4%b8%80%e7%9b%b4+%e6%9c%9f%e5%be%85+%e7%be%8e%e5%9b%bd&id=CDDC48627654D74474843F1EBBA7792C6CE3904B&simid=608012757623180751", 
            "hostPageUrl": "http://ent.qq.com/a/20151127/019536.htm", 
            "thumbnailUrl": "https://tse2.mm.bing.net/th?id=OIP.QluhzalmLr78UVtMD-tiXgHaDT&pid=Api", 
            "thumbnail": {
                "width": 474, 
                "height": 211
            }, 
            "contentSize": "144848 B"
        }, 
        {
            "contentUrl": "http://i1.sinaimg.cn/ty/2014/1125/U2329P6DT20141125182319.jpg", 
            "insightsMetadata": {
                "pagesIncludingCount": 1, 
                "availableSizesCount": 1
            }, 
            "height": 388, 
            "accentColor": "883840", 
            "hostPageDisplayUrl": "sports.sina.com.cn/golf/2014-11-25/18237424326.shtml", 
            "name": "澳大利亚公开赛本周举行 众星参赛麦克罗伊争卫冕_综合体育 ...", 
            "width": 550, 
            "imageInsightsToken": "ccid_9uqa7CNP*mid_A4023472EA0A7DC15FE5F6BB233CB0A997CB15F5*simid_607994302103158890*thid_OIP.9uqa7CNPSuP2Q3CAjCZGFQHaFO", 
            "imageId": "A4023472EA0A7DC15FE5F6BB233CB0A997CB15F5", 
            "isFamilyFriendly": true, 
            "datePublished": "2014-11-25T12:00:00.0000000Z", 
            "encodingFormat": "jpeg", 
            "webSearchUrl": "https://www.bing.com/images/search?view=detailv2&FORM=OIIRPO&q=site%3a(thepaper.cn+or+chinadaily.com.cn+or+china.com.cn+or+chinanews.com+or+youth.cn+or+sina.com.cn+or+xinhuanet.com+or+cri.cn+or+163.com+or+cankaoxiaoxi.com+or+cctv.com+or+ifeng.com+or+qq.com+or+takungpao.com+or+people.com.cn+or+southcn.com+or+southcn.com+or+cnr.cn+or+people.com.cn+or+cyol.com+or+bjnews.com.cn+or+gmw.cn+or+dahe.cn+or+xfrb.com.cn+or+cqnews.net+or+lifeweek.com.cn+or+cpd.com.cn+or+haiwainet.cn+or+yidianzixun.com+or+ftchinese.com+or+guancha.cn+or+zhcw.com+or+huanqiu.com+or+ihuawen.com+or+nytimes.com+or+flickr.com+or+quanjing.com+or+vcg.com+or+gettyimages.co.uk+or+paixin.com)+%e7%bd%97%e6%96%af+%e8%af%b4+%e4%b8%aa%e4%ba%ba+%e4%b8%80%e7%9b%b4+%e6%9c%9f%e5%be%85+%e7%be%8e%e5%9b%bd&id=A4023472EA0A7DC15FE5F6BB233CB0A997CB15F5&simid=607994302103158890", 
            "hostPageUrl": "http://sports.sina.com.cn/golf/2014-11-25/18237424326.shtml", 
            "thumbnailUrl": "https://tse4.mm.bing.net/th?id=OIP.9uqa7CNPSuP2Q3CAjCZGFQHaFO&pid=Api", 
            "thumbnail": {
                "width": 474, 
                "height": 334
            }, 
            "contentSize": "46007 B"
        }
    ], 
    "nextOffset": 45, 
    "queryContext": {
        "alterationMethod": "AM_JustChangeIt", 
        "alterationType": "CombinedAlterations", 
        "originalQuery": "site:(thepaper.cn or chinadaily.com.cn or china.com.cn or chinanews.com or youth.cn or sina.com.cn or xinhuanet.com or cri.cn or 163.com or cankaoxiaoxi.com or cctv.com or ifeng.com or qq.com or takungpao.com or people.com.cn or southcn.com or southcn.com or cnr.cn or people.com.cn or cyol.com or bjnews.com.cn or gmw.cn or dahe.cn or xfrb.com.cn or cqnews.net or lifeweek.com.cn or cpd.com.cn or haiwainet.cn or yidianzixun.com or ftchinese.com or guancha.cn or zhcw.com or huanqiu.com or ihuawen.com or nytimes.com or flickr.com or quanjing.com or vcg.com or gettyimages.co.uk or paixin.com) 罗斯 说 个人 一直 期待 美国", 
        "alterationOverrideQuery": "+site:(thepaper.cn or chinadaily.com.cn or china.com.cn or chinanews.com or youth.cn or sina.com.cn or xinhuanet.com or cri.cn or 163.com or cankaoxiaoxi.com or cctv.com or ifeng.com or qq.com or takungpao.com or people.com.cn or southcn.com or southcn.com or cnr.cn or people.com.cn or cyol.com or bjnews.com.cn or gmw.cn or dahe.cn or xfrb.com.cn or cqnews.net or lifeweek.com.cn or cpd.com.cn or haiwainet.cn or yidianzixun.com or ftchinese.com or guancha.cn or zhcw.com or huanqiu.com or ihuawen.com or nytimes.com or flickr.com or quanjing.com or vcg.com or gettyimages.co.uk or paixin.com) 罗斯 说 个人 一直 期待 美国", 
        "alterationDisplayQuery": "罗 斯 说 个人 总是 期待 美国"
    }, 
    "currentOffset": 0, 
    "readLink": "images/search?q=site:(thepaper.cn or chinadaily.com.cn or china.com.cn or chinanews.com or youth.cn or sina.com.cn or xinhuanet.com or cri.cn or 163.com or cankaoxiaoxi.com or cctv.com or ifeng.com or qq.com or takungpao.com or people.com.cn or southcn.com or southcn.com or cnr.cn or people.com.cn or cyol.com or bjnews.com.cn or gmw.cn or dahe.cn or xfrb.com.cn or cqnews.net or lifeweek.com.cn or cpd.com.cn or haiwainet.cn or yidianzixun.com or ftchinese.com or guancha.cn or zhcw.com or huanqiu.com or ihuawen.com or nytimes.com or flickr.com or quanjing.com or vcg.com or gettyimages.co.uk or paixin.com) 罗斯 说 个人 一直 期待 美国", 
    "totalEstimatedMatches": 47
}