{
    "instrumentation": {
        "_type": "ResponseInstrumentation"
    }, 
    "_type": "Images", 
    "webSearchUrl": "https://www.bing.com/images/search?q=site:(thepaper.cn or chinadaily.com.cn or china.com.cn or chinanews.com or youth.cn or sina.com.cn or xinhuanet.com or cri.cn or 163.com or cankaoxiaoxi.com or cctv.com or ifeng.com or qq.com or takungpao.com or people.com.cn or southcn.com or southcn.com or cnr.cn or people.com.cn or cyol.com or bjnews.com.cn or gmw.cn or dahe.cn or xfrb.com.cn or cqnews.net or lifeweek.com.cn or cpd.com.cn or haiwainet.cn or yidianzixun.com or ftchinese.com or guancha.cn or zhcw.com or huanqiu.com or ihuawen.com or nytimes.com or flickr.com or quanjing.com or vcg.com or gettyimages.co.uk or paixin.com) 白人 带到 民主党&FORM=OIIARP", 
    "value": [
        {
            "contentUrl": "http://n.sinaimg.cn/tech/crawl/174/w550h424/20180507/PBYs-hacuuvu2221887.jpg", 
            "insightsMetadata": {
                "pagesIncludingCount": 3, 
                "availableSizesCount": 1
            }, 
            "height": 424, 
            "accentColor": "5D2A51", 
            "hostPageDisplayUrl": "tech.sina.com.cn/csj/2018-05-07/doc-ihacuuvu2255910.shtml", 
            "name": "美国纪录片里的制造业衰落_创事记_新浪科技_新浪网", 
            "width": 550, 
            "imageInsightsToken": "ccid_zR/b7i/a*mid_9C17E0D5D0B50598BA37E523DC560DC3C2D8688B*simid_607994813206823744*thid_OIP.zR!_b7i!_at5EJuw9YUM0BJAHaFt", 
            "imageId": "9C17E0D5D0B50598BA37E523DC560DC3C2D8688B", 
            "isFamilyFriendly": true, 
            "datePublished": "2018-05-08T02:57:00.0000000Z", 
            "encodingFormat": "jpeg", 
            "webSearchUrl": "https://www.bing.com/images/search?view=detailv2&FORM=OIIRPO&q=site%3a(thepaper.cn+or+chinadaily.com.cn+or+china.com.cn+or+chinanews.com+or+youth.cn+or+sina.com.cn+or+xinhuanet.com+or+cri.cn+or+163.com+or+cankaoxiaoxi.com+or+cctv.com+or+ifeng.com+or+qq.com+or+takungpao.com+or+people.com.cn+or+southcn.com+or+southcn.com+or+cnr.cn+or+people.com.cn+or+cyol.com+or+bjnews.com.cn+or+gmw.cn+or+dahe.cn+or+xfrb.com.cn+or+cqnews.net+or+lifeweek.com.cn+or+cpd.com.cn+or+haiwainet.cn+or+yidianzixun.com+or+ftchinese.com+or+guancha.cn+or+zhcw.com+or+huanqiu.com+or+ihuawen.com+or+nytimes.com+or+flickr.com+or+quanjing.com+or+vcg.com+or+gettyimages.co.uk+or+paixin.com)+%e7%99%bd%e4%ba%ba+%e5%b8%a6%e5%88%b0+%e6%b0%91%e4%b8%bb%e5%85%9a&id=9C17E0D5D0B50598BA37E523DC560DC3C2D8688B&simid=607994813206823744", 
            "hostPageUrl": "http://tech.sina.com.cn/csj/2018-05-07/doc-ihacuuvu2255910.shtml", 
            "thumbnailUrl": "https://tse4.mm.bing.net/th?id=OIP.zR_b7i_at5EJuw9YUM0BJAHaFt&pid=Api", 
            "thumbnail": {
                "width": 474, 
                "height": 365
            }, 
            "contentSize": "25289 B"
        }, 
        {
            "contentUrl": "http://p2.ifengimg.com/a/2018_19/1000dfd52ad6ae4_size133_w800_h618.png", 
            "insightsMetadata": {
                "pagesIncludingCount": 1, 
                "availableSizesCount": 1
            }, 
            "height": 618, 
            "accentColor": "5E2852", 
            "hostPageDisplayUrl": "pit.ifeng.com/a/20180507/58158531_0.shtml", 
            "name": "美国纪录片里的制造业衰落-凤凰国际智库", 
            "width": 800, 
            "imageInsightsToken": "ccid_eiT1MLXJ*mid_675274A0C4064DF5611167EEE5E1757402A44FA7*simid_608015570821383427*thid_OIP.eiT1MLXJUP943SNKVRbFnQHaFu", 
            "imageId": "675274A0C4064DF5611167EEE5E1757402A44FA7", 
            "isFamilyFriendly": true, 
            "datePublished": "2018-07-05T14:03:00.0000000Z", 
            "encodingFormat": "png", 
            "webSearchUrl": "https://www.bing.com/images/search?view=detailv2&FORM=OIIRPO&q=site%3a(thepaper.cn+or+chinadaily.com.cn+or+china.com.cn+or+chinanews.com+or+youth.cn+or+sina.com.cn+or+xinhuanet.com+or+cri.cn+or+163.com+or+cankaoxiaoxi.com+or+cctv.com+or+ifeng.com+or+qq.com+or+takungpao.com+or+people.com.cn+or+southcn.com+or+southcn.com+or+cnr.cn+or+people.com.cn+or+cyol.com+or+bjnews.com.cn+or+gmw.cn+or+dahe.cn+or+xfrb.com.cn+or+cqnews.net+or+lifeweek.com.cn+or+cpd.com.cn+or+haiwainet.cn+or+yidianzixun.com+or+ftchinese.com+or+guancha.cn+or+zhcw.com+or+huanqiu.com+or+ihuawen.com+or+nytimes.com+or+flickr.com+or+quanjing.com+or+vcg.com+or+gettyimages.co.uk+or+paixin.com)+%e7%99%bd%e4%ba%ba+%e5%b8%a6%e5%88%b0+%e6%b0%91%e4%b8%bb%e5%85%9a&id=675274A0C4064DF5611167EEE5E1757402A44FA7&simid=608015570821383427", 
            "hostPageUrl": "http://pit.ifeng.com/a/20180507/58158531_0.shtml", 
            "thumbnailUrl": "https://tse1.mm.bing.net/th?id=OIP.eiT1MLXJUP943SNKVRbFnQHaFu&pid=Api", 
            "thumbnail": {
                "width": 474, 
                "height": 366
            }, 
            "contentSize": "136576 B"
        }, 
        {
            "contentUrl": "https://inews.gtimg.com/newsapp_bt/0/6242486361/1000", 
            "insightsMetadata": {
                "pagesIncludingCount": 1, 
                "availableSizesCount": 1
            }, 
            "height": 809, 
            "accentColor": "BB1057", 
            "hostPageDisplayUrl": "https://new.qq.com/omn/20181109/20181109A0I7NS.html", 
            "name": "美国得州19名黑人妇女竞选法官全部获胜，被称“黑人魔法”", 
            "width": 1000, 
            "imageInsightsToken": "ccid_/0K8JBX4*mid_E80FF7FB2F2C9D87278128BC9CBB03FA4C69C5EB*simid_608040369945314972*thid_OIP.!_0K8JBX44cspXfiyqQiomgHaF!_", 
            "imageId": "E80FF7FB2F2C9D87278128BC9CBB03FA4C69C5EB", 
            "isFamilyFriendly": true, 
            "datePublished": "2018-11-09T03:32:00.0000000Z", 
            "encodingFormat": "jpeg", 
            "webSearchUrl": "https://www.bing.com/images/search?view=detailv2&FORM=OIIRPO&q=site%3a(thepaper.cn+or+chinadaily.com.cn+or+china.com.cn+or+chinanews.com+or+youth.cn+or+sina.com.cn+or+xinhuanet.com+or+cri.cn+or+163.com+or+cankaoxiaoxi.com+or+cctv.com+or+ifeng.com+or+qq.com+or+takungpao.com+or+people.com.cn+or+southcn.com+or+southcn.com+or+cnr.cn+or+people.com.cn+or+cyol.com+or+bjnews.com.cn+or+gmw.cn+or+dahe.cn+or+xfrb.com.cn+or+cqnews.net+or+lifeweek.com.cn+or+cpd.com.cn+or+haiwainet.cn+or+yidianzixun.com+or+ftchinese.com+or+guancha.cn+or+zhcw.com+or+huanqiu.com+or+ihuawen.com+or+nytimes.com+or+flickr.com+or+quanjing.com+or+vcg.com+or+gettyimages.co.uk+or+paixin.com)+%e7%99%bd%e4%ba%ba+%e5%b8%a6%e5%88%b0+%e6%b0%91%e4%b8%bb%e5%85%9a&id=E80FF7FB2F2C9D87278128BC9CBB03FA4C69C5EB&simid=608040369945314972", 
            "hostPageUrl": "https://new.qq.com/omn/20181109/20181109A0I7NS.html", 
            "thumbnailUrl": "https://tse1.mm.bing.net/th?id=OIP._0K8JBX44cspXfiyqQiomgHaF_&pid=Api", 
            "thumbnail": {
                "width": 474, 
                "height": 383
            }, 
            "contentSize": "108401 B"
        }, 
        {
            "contentUrl": "http://img3.cache.netease.com/photo/0001/2008-10-31/4PISKS7R00AO0001.jpg", 
            "insightsMetadata": {
                "pagesIncludingCount": 5, 
                "availableSizesCount": 3
            }, 
            "height": 533, 
            "accentColor": "876844", 
            "hostPageDisplayUrl": "news.163.com/special/00013128/obamafoto.html", 
            "name": "走近奥巴马_2008年美国大选_网易新闻中心", 
            "width": 800, 
            "imageInsightsToken": "ccid_b6Y+tumP*mid_6401B84432FD303836215A000BE07A6A896A79D3*simid_607997948528558179*thid_OIP.b6Y-tumPSL7vCSzB-iaoUAHaE7", 
            "imageId": "6401B84432FD303836215A000BE07A6A896A79D3", 
            "isFamilyFriendly": true, 
            "datePublished": "2010-02-11T05:28:00.0000000Z", 
            "encodingFormat": "jpeg", 
            "webSearchUrl": "https://www.bing.com/images/search?view=detailv2&FORM=OIIRPO&q=site%3a(thepaper.cn+or+chinadaily.com.cn+or+china.com.cn+or+chinanews.com+or+youth.cn+or+sina.com.cn+or+xinhuanet.com+or+cri.cn+or+163.com+or+cankaoxiaoxi.com+or+cctv.com+or+ifeng.com+or+qq.com+or+takungpao.com+or+people.com.cn+or+southcn.com+or+southcn.com+or+cnr.cn+or+people.com.cn+or+cyol.com+or+bjnews.com.cn+or+gmw.cn+or+dahe.cn+or+xfrb.com.cn+or+cqnews.net+or+lifeweek.com.cn+or+cpd.com.cn+or+haiwainet.cn+or+yidianzixun.com+or+ftchinese.com+or+guancha.cn+or+zhcw.com+or+huanqiu.com+or+ihuawen.com+or+nytimes.com+or+flickr.com+or+quanjing.com+or+vcg.com+or+gettyimages.co.uk+or+paixin.com)+%e7%99%bd%e4%ba%ba+%e5%b8%a6%e5%88%b0+%e6%b0%91%e4%b8%bb%e5%85%9a&id=6401B84432FD303836215A000BE07A6A896A79D3&simid=607997948528558179", 
            "hostPageUrl": "http://news.163.com/special/00013128/obamafoto.html", 
            "thumbnailUrl": "https://tse4.mm.bing.net/th?id=OIP.b6Y-tumPSL7vCSzB-iaoUAHaE7&pid=Api", 
            "thumbnail": {
                "width": 474, 
                "height": 315
            }, 
            "contentSize": "41730 B"
        }, 
        {
            "contentUrl": "http://news.xinhuanet.com/comments/2015-09/16/1116546060_14423081128941n.jpg", 
            "insightsMetadata": {
                "pagesIncludingCount": 2, 
                "availableSizesCount": 2
            }, 
            "height": 337, 
            "accentColor": "07BFC4", 
            "hostPageDisplayUrl": "news.xinhuanet.com/comments/2015-09/16/c_1116546060.htm", 
            "name": "新华网评：实现“有效市场”与“有为政府”的有机统一-新华网", 
            "width": 380, 
            "imageInsightsToken": "ccid_9LiZdjBz*mid_1BA688A002F970D1AA8FC9BD925841E90F82500E*simid_608015691076994835*thid_OIP.9LiZdjBzj9zUU3hIXdkxrAHaGk", 
            "imageId": "1BA688A002F970D1AA8FC9BD925841E90F82500E", 
            "isFamilyFriendly": true, 
            "datePublished": "2015-09-16T12:00:00.0000000Z", 
            "encodingFormat": "jpeg", 
            "webSearchUrl": "https://www.bing.com/images/search?view=detailv2&FORM=OIIRPO&q=site%3a(thepaper.cn+or+chinadaily.com.cn+or+china.com.cn+or+chinanews.com+or+youth.cn+or+sina.com.cn+or+xinhuanet.com+or+cri.cn+or+163.com+or+cankaoxiaoxi.com+or+cctv.com+or+ifeng.com+or+qq.com+or+takungpao.com+or+people.com.cn+or+southcn.com+or+southcn.com+or+cnr.cn+or+people.com.cn+or+cyol.com+or+bjnews.com.cn+or+gmw.cn+or+dahe.cn+or+xfrb.com.cn+or+cqnews.net+or+lifeweek.com.cn+or+cpd.com.cn+or+haiwainet.cn+or+yidianzixun.com+or+ftchinese.com+or+guancha.cn+or+zhcw.com+or+huanqiu.com+or+ihuawen.com+or+nytimes.com+or+flickr.com+or+quanjing.com+or+vcg.com+or+gettyimages.co.uk+or+paixin.com)+%e7%99%bd%e4%ba%ba+%e5%b8%a6%e5%88%b0+%e6%b0%91%e4%b8%bb%e5%85%9a&id=1BA688A002F970D1AA8FC9BD925841E90F82500E&simid=608015691076994835", 
            "hostPageUrl": "http://news.xinhuanet.com/comments/2015-09/16/c_1116546060.htm", 
            "thumbnailUrl": "https://tse1.mm.bing.net/th?id=OIP.9LiZdjBzj9zUU3hIXdkxrAHaGk&pid=Api", 
            "thumbnail": {
                "width": 474, 
                "height": 420
            }, 
            "hostPageFavIconUrl": "https://www.bing.com/th?id=AR_6034f89765965526777239fbb6bac707&pid=Api", 
            "contentSize": "143418 B"
        }, 
        {
            "contentUrl": "http://i2.chinanews.com/simg/hd/2014/10/21/5da7d21c07994029ad963451eeb56a73.jpg", 
            "insightsMetadata": {
                "pagesIncludingCount": 2, 
                "availableSizesCount": 2
            }, 
            "height": 644, 
            "accentColor": "9E2D2E", 
            "hostPageDisplayUrl": "www.chinanews.com/gj/hd2011/2014/10-21/424233.shtml", 
            "name": "奥巴马视察民主党中选工作 打包点心犒劳员工-中新网", 
            "width": 940, 
            "imageInsightsToken": "ccid_nyhmCTYP*mid_D93BF977FF1AF3C499CCD79A7FC99D2A681226F0*simid_608020063297275466*thid_OIP.nyhmCTYPQg85gbVMSLYikAHaFE", 
            "imageId": "D93BF977FF1AF3C499CCD79A7FC99D2A681226F0", 
            "isFamilyFriendly": true, 
            "datePublished": "2014-10-21T12:00:00.0000000Z", 
            "encodingFormat": "jpeg", 
            "webSearchUrl": "https://www.bing.com/images/search?view=detailv2&FORM=OIIRPO&q=site%3a(thepaper.cn+or+chinadaily.com.cn+or+china.com.cn+or+chinanews.com+or+youth.cn+or+sina.com.cn+or+xinhuanet.com+or+cri.cn+or+163.com+or+cankaoxiaoxi.com+or+cctv.com+or+ifeng.com+or+qq.com+or+takungpao.com+or+people.com.cn+or+southcn.com+or+southcn.com+or+cnr.cn+or+people.com.cn+or+cyol.com+or+bjnews.com.cn+or+gmw.cn+or+dahe.cn+or+xfrb.com.cn+or+cqnews.net+or+lifeweek.com.cn+or+cpd.com.cn+or+haiwainet.cn+or+yidianzixun.com+or+ftchinese.com+or+guancha.cn+or+zhcw.com+or+huanqiu.com+or+ihuawen.com+or+nytimes.com+or+flickr.com+or+quanjing.com+or+vcg.com+or+gettyimages.co.uk+or+paixin.com)+%e7%99%bd%e4%ba%ba+%e5%b8%a6%e5%88%b0+%e6%b0%91%e4%b8%bb%e5%85%9a&id=D93BF977FF1AF3C499CCD79A7FC99D2A681226F0&simid=608020063297275466", 
            "hostPageUrl": "http://www.chinanews.com/gj/hd2011/2014/10-21/424233.shtml", 
            "thumbnailUrl": "https://tse1.mm.bing.net/th?id=OIP.nyhmCTYPQg85gbVMSLYikAHaFE&pid=Api", 
            "thumbnail": {
                "width": 474, 
                "height": 324
            }, 
            "contentSize": "88592 B"
        }, 
        {
            "contentUrl": "http://www.chinanews.com/2016/0608/20166894113.jpg", 
            "insightsMetadata": {
                "pagesIncludingCount": 7, 
                "availableSizesCount": 4
            }, 
            "height": 361, 
            "accentColor": "1C1478", 
            "hostPageDisplayUrl": "www.chinanews.com/gj/2016/06-08/7897986.shtml", 
            "name": "希拉里锁定民主党总统候选人提名 将对决特朗普-中新网", 
            "width": 500, 
            "imageInsightsToken": "ccid_dGQnLZ7w*mid_36832A0BB4FBE295C00765F4D2D80A255521CEDF*simid_608021377598950070*thid_OIP.dGQnLZ7wpIulJ!_0SDZtdQgHaFW", 
            "imageId": "36832A0BB4FBE295C00765F4D2D80A255521CEDF", 
            "isFamilyFriendly": true, 
            "datePublished": "2016-06-08T00:23:00.0000000Z", 
            "encodingFormat": "jpeg", 
            "webSearchUrl": "https://www.bing.com/images/search?view=detailv2&FORM=OIIRPO&q=site%3a(thepaper.cn+or+chinadaily.com.cn+or+china.com.cn+or+chinanews.com+or+youth.cn+or+sina.com.cn+or+xinhuanet.com+or+cri.cn+or+163.com+or+cankaoxiaoxi.com+or+cctv.com+or+ifeng.com+or+qq.com+or+takungpao.com+or+people.com.cn+or+southcn.com+or+southcn.com+or+cnr.cn+or+people.com.cn+or+cyol.com+or+bjnews.com.cn+or+gmw.cn+or+dahe.cn+or+xfrb.com.cn+or+cqnews.net+or+lifeweek.com.cn+or+cpd.com.cn+or+haiwainet.cn+or+yidianzixun.com+or+ftchinese.com+or+guancha.cn+or+zhcw.com+or+huanqiu.com+or+ihuawen.com+or+nytimes.com+or+flickr.com+or+quanjing.com+or+vcg.com+or+gettyimages.co.uk+or+paixin.com)+%e7%99%bd%e4%ba%ba+%e5%b8%a6%e5%88%b0+%e6%b0%91%e4%b8%bb%e5%85%9a&id=36832A0BB4FBE295C00765F4D2D80A255521CEDF&simid=608021377598950070", 
            "hostPageUrl": "http://www.chinanews.com/gj/2016/06-08/7897986.shtml", 
            "thumbnailUrl": "https://tse1.mm.bing.net/th?id=OIP.dGQnLZ7wpIulJ_0SDZtdQgHaFW&pid=Api", 
            "thumbnail": {
                "width": 474, 
                "height": 342
            }, 
            "contentSize": "66359 B"
        }, 
        {
            "contentUrl": "http://news.xinhuanet.com/comments/2015-09/19/1116549053_14425649420371n.jpg", 
            "insightsMetadata": {
                "pagesIncludingCount": 37, 
                "availableSizesCount": 22
            }, 
            "height": 454, 
            "accentColor": "B0691B", 
            "hostPageDisplayUrl": "news.xinhuanet.com/comments/2015-09/19/c_1116549053.htm", 
            "name": "新华网评：全面从严治党，自我净化不止步-新华网", 
            "width": 600, 
            "imageInsightsToken": "ccid_Zl9VLYeV*mid_43D0DDCAF44D586833A547B9A02902EBEC635A68*simid_608031131449362457*thid_OIP.Zl9VLYeVpQ!_DqVXuOXJ35AHaFm", 
            "imageId": "43D0DDCAF44D586833A547B9A02902EBEC635A68", 
            "isFamilyFriendly": true, 
            "datePublished": "2015-09-19T01:23:00.0000000Z", 
            "encodingFormat": "jpeg", 
            "webSearchUrl": "https://www.bing.com/images/search?view=detailv2&FORM=OIIRPO&q=site%3a(thepaper.cn+or+chinadaily.com.cn+or+china.com.cn+or+chinanews.com+or+youth.cn+or+sina.com.cn+or+xinhuanet.com+or+cri.cn+or+163.com+or+cankaoxiaoxi.com+or+cctv.com+or+ifeng.com+or+qq.com+or+takungpao.com+or+people.com.cn+or+southcn.com+or+southcn.com+or+cnr.cn+or+people.com.cn+or+cyol.com+or+bjnews.com.cn+or+gmw.cn+or+dahe.cn+or+xfrb.com.cn+or+cqnews.net+or+lifeweek.com.cn+or+cpd.com.cn+or+haiwainet.cn+or+yidianzixun.com+or+ftchinese.com+or+guancha.cn+or+zhcw.com+or+huanqiu.com+or+ihuawen.com+or+nytimes.com+or+flickr.com+or+quanjing.com+or+vcg.com+or+gettyimages.co.uk+or+paixin.com)+%e7%99%bd%e4%ba%ba+%e5%b8%a6%e5%88%b0+%e6%b0%91%e4%b8%bb%e5%85%9a&id=43D0DDCAF44D586833A547B9A02902EBEC635A68&simid=608031131449362457", 
            "hostPageUrl": "http://news.xinhuanet.com/comments/2015-09/19/c_1116549053.htm", 
            "thumbnailUrl": "https://tse4.mm.bing.net/th?id=OIP.Zl9VLYeVpQ_DqVXuOXJ35AHaFm&pid=Api", 
            "thumbnail": {
                "width": 474, 
                "height": 358
            }, 
            "hostPageFavIconUrl": "https://www.bing.com/th?id=AR_6034f89765965526777239fbb6bac707&pid=Api", 
            "contentSize": "57328 B"
        }, 
        {
            "contentUrl": "http://sinastorage.com/storage.caitou.sina.com.cn/products/201708/04b362ac299fdc9e401592c038bea8ad.jpg", 
            "insightsMetadata": {
                "pagesIncludingCount": 2, 
                "availableSizesCount": 1
            }, 
            "height": 441, 
            "accentColor": "06437E", 
            "hostPageDisplayUrl": "cj.sina.com.cn/article/detail/5887086430/348311", 
            "name": "好移民：在美国亚裔男性几乎最不受其他种族异性待见__财经头条", 
            "width": 381, 
            "imageInsightsToken": "ccid_pSuUJ3ag*mid_82EFC54E87D94683E769E590FC406BA7AF4EE99D*simid_608046876781251739*thid_OIP.pSuUJ3aggbsulAh8OoNGmQAAAA", 
            "imageId": "82EFC54E87D94683E769E590FC406BA7AF4EE99D", 
            "isFamilyFriendly": true, 
            "datePublished": "2018-08-10T11:55:00.0000000Z", 
            "encodingFormat": "jpeg", 
            "webSearchUrl": "https://www.bing.com/images/search?view=detailv2&FORM=OIIRPO&q=site%3a(thepaper.cn+or+chinadaily.com.cn+or+china.com.cn+or+chinanews.com+or+youth.cn+or+sina.com.cn+or+xinhuanet.com+or+cri.cn+or+163.com+or+cankaoxiaoxi.com+or+cctv.com+or+ifeng.com+or+qq.com+or+takungpao.com+or+people.com.cn+or+southcn.com+or+southcn.com+or+cnr.cn+or+people.com.cn+or+cyol.com+or+bjnews.com.cn+or+gmw.cn+or+dahe.cn+or+xfrb.com.cn+or+cqnews.net+or+lifeweek.com.cn+or+cpd.com.cn+or+haiwainet.cn+or+yidianzixun.com+or+ftchinese.com+or+guancha.cn+or+zhcw.com+or+huanqiu.com+or+ihuawen.com+or+nytimes.com+or+flickr.com+or+quanjing.com+or+vcg.com+or+gettyimages.co.uk+or+paixin.com)+%e7%99%bd%e4%ba%ba+%e5%b8%a6%e5%88%b0+%e6%b0%91%e4%b8%bb%e5%85%9a&id=82EFC54E87D94683E769E590FC406BA7AF4EE99D&simid=608046876781251739", 
            "hostPageUrl": "http://cj.sina.com.cn/article/detail/5887086430/348311", 
            "thumbnailUrl": "https://tse4.mm.bing.net/th?id=OIP.pSuUJ3aggbsulAh8OoNGmQAAAA&pid=Api", 
            "thumbnail": {
                "width": 381, 
                "height": 441
            }, 
            "contentSize": "28867 B"
        }, 
        {
            "contentUrl": "http://i1.sinaimg.cn/dy/o/2010-11-05/1288953935_nDGAS5.jpg", 
            "insightsMetadata": {
                "pagesIncludingCount": 2, 
                "availableSizesCount": 1
            }, 
            "height": 467, 
            "accentColor": "272727", 
            "hostPageDisplayUrl": "news.sina.com.cn/o/2010-11-05/183518333221s.shtml", 
            "name": "美国民主党抛弃“驴子” 改党徽难挽败局_新闻中心_新浪网", 
            "width": 350, 
            "imageInsightsToken": "ccid_PzSP90cK*mid_E469F75937677B6B1A6100583492AB0D7EDAFE6F*simid_608013084034138966*thid_OIP.PzSP90cKuXHIezrSALK2pQHaJ4", 
            "imageId": "E469F75937677B6B1A6100583492AB0D7EDAFE6F", 
            "isFamilyFriendly": true, 
            "datePublished": "2013-11-15T22:50:00.0000000Z", 
            "encodingFormat": "jpeg", 
            "webSearchUrl": "https://www.bing.com/images/search?view=detailv2&FORM=OIIRPO&q=site%3a(thepaper.cn+or+chinadaily.com.cn+or+china.com.cn+or+chinanews.com+or+youth.cn+or+sina.com.cn+or+xinhuanet.com+or+cri.cn+or+163.com+or+cankaoxiaoxi.com+or+cctv.com+or+ifeng.com+or+qq.com+or+takungpao.com+or+people.com.cn+or+southcn.com+or+southcn.com+or+cnr.cn+or+people.com.cn+or+cyol.com+or+bjnews.com.cn+or+gmw.cn+or+dahe.cn+or+xfrb.com.cn+or+cqnews.net+or+lifeweek.com.cn+or+cpd.com.cn+or+haiwainet.cn+or+yidianzixun.com+or+ftchinese.com+or+guancha.cn+or+zhcw.com+or+huanqiu.com+or+ihuawen.com+or+nytimes.com+or+flickr.com+or+quanjing.com+or+vcg.com+or+gettyimages.co.uk+or+paixin.com)+%e7%99%bd%e4%ba%ba+%e5%b8%a6%e5%88%b0+%e6%b0%91%e4%b8%bb%e5%85%9a&id=E469F75937677B6B1A6100583492AB0D7EDAFE6F&simid=608013084034138966", 
            "hostPageUrl": "http://news.sina.com.cn/o/2010-11-05/183518333221s.shtml", 
            "thumbnailUrl": "https://tse3.mm.bing.net/th?id=OIP.PzSP90cKuXHIezrSALK2pQHaJ4&pid=Api", 
            "thumbnail": {
                "width": 474, 
                "height": 632
            }, 
            "contentSize": "31300 B"
        }
    ], 
    "nextOffset": 45, 
    "queryContext": {
        "alterationMethod": "AM_JustChangeIt", 
        "alterationType": "CombinedAlterationsChained", 
        "originalQuery": "site:(thepaper.cn or chinadaily.com.cn or china.com.cn or chinanews.com or youth.cn or sina.com.cn or xinhuanet.com or cri.cn or 163.com or cankaoxiaoxi.com or cctv.com or ifeng.com or qq.com or takungpao.com or people.com.cn or southcn.com or southcn.com or cnr.cn or people.com.cn or cyol.com or bjnews.com.cn or gmw.cn or dahe.cn or xfrb.com.cn or cqnews.net or lifeweek.com.cn or cpd.com.cn or haiwainet.cn or yidianzixun.com or ftchinese.com or guancha.cn or zhcw.com or huanqiu.com or ihuawen.com or nytimes.com or flickr.com or quanjing.com or vcg.com or gettyimages.co.uk or paixin.com) 白人 带到 民主党", 
        "alterationOverrideQuery": "+site:(thepaper.cn or chinadaily.com.cn or china.com.cn or chinanews.com or youth.cn or sina.com.cn or xinhuanet.com or cri.cn or 163.com or cankaoxiaoxi.com or cctv.com or ifeng.com or qq.com or takungpao.com or people.com.cn or southcn.com or southcn.com or cnr.cn or people.com.cn or cyol.com or bjnews.com.cn or gmw.cn or dahe.cn or xfrb.com.cn or cqnews.net or lifeweek.com.cn or cpd.com.cn or haiwainet.cn or yidianzixun.com or ftchinese.com or guancha.cn or zhcw.com or huanqiu.com or ihuawen.com or nytimes.com or flickr.com or quanjing.com or vcg.com or gettyimages.co.uk or paixin.com) 白人 带到 民主党", 
        "alterationDisplayQuery": "白人 带 到 民主 党"
    }, 
    "currentOffset": 0, 
    "readLink": "images/search?q=site:(thepaper.cn or chinadaily.com.cn or china.com.cn or chinanews.com or youth.cn or sina.com.cn or xinhuanet.com or cri.cn or 163.com or cankaoxiaoxi.com or cctv.com or ifeng.com or qq.com or takungpao.com or people.com.cn or southcn.com or southcn.com or cnr.cn or people.com.cn or cyol.com or bjnews.com.cn or gmw.cn or dahe.cn or xfrb.com.cn or cqnews.net or lifeweek.com.cn or cpd.com.cn or haiwainet.cn or yidianzixun.com or ftchinese.com or guancha.cn or zhcw.com or huanqiu.com or ihuawen.com or nytimes.com or flickr.com or quanjing.com or vcg.com or gettyimages.co.uk or paixin.com) 白人 带到 民主党", 
    "totalEstimatedMatches": 100, 
    "relatedSearches": [
        {
            "text": "美国民主党", 
            "displayText": "美国民主党", 
            "thumbnail": {
                "thumbnailUrl": "https://tse2.mm.bing.net/th?q=%e7%be%8e%e5%9b%bd%e6%b0%91%e4%b8%bb%e5%85%9a&pid=Api&mkt=zh-CN&adlt=strict&t=1"
            }, 
            "searchLink": "https://api.cognitive.microsoft.com/api/v7/images/search?q=%e7%be%8e%e5%9b%bd%e6%b0%91%e4%b8%bb%e5%85%9a", 
            "webSearchUrl": "https://www.bing.com/images/search?q=%e7%be%8e%e5%9b%bd%e6%b0%91%e4%b8%bb%e5%85%9a&FORM=IRPATC"
        }, 
        {
            "text": "日本民主党", 
            "displayText": "日本民主党", 
            "thumbnail": {
                "thumbnailUrl": "https://tse4.mm.bing.net/th?q=%e6%97%a5%e6%9c%ac%e6%b0%91%e4%b8%bb%e5%85%9a&pid=Api&mkt=zh-CN&adlt=strict&t=1"
            }, 
            "searchLink": "https://api.cognitive.microsoft.com/api/v7/images/search?q=%e6%97%a5%e6%9c%ac%e6%b0%91%e4%b8%bb%e5%85%9a", 
            "webSearchUrl": "https://www.bing.com/images/search?q=%e6%97%a5%e6%9c%ac%e6%b0%91%e4%b8%bb%e5%85%9a&FORM=IRPATC"
        }, 
        {
            "text": "日本民主党大楼", 
            "displayText": "日本民主党大楼", 
            "thumbnail": {
                "thumbnailUrl": "https://tse1.mm.bing.net/th?q=%e6%97%a5%e6%9c%ac%e6%b0%91%e4%b8%bb%e5%85%9a%e5%a4%a7%e6%a5%bc&pid=Api&mkt=zh-CN&adlt=strict&t=1"
            }, 
            "searchLink": "https://api.cognitive.microsoft.com/api/v7/images/search?q=%e6%97%a5%e6%9c%ac%e6%b0%91%e4%b8%bb%e5%85%9a%e5%a4%a7%e6%a5%bc", 
            "webSearchUrl": "https://www.bing.com/images/search?q=%e6%97%a5%e6%9c%ac%e6%b0%91%e4%b8%bb%e5%85%9a%e5%a4%a7%e6%a5%bc&FORM=IRPATC"
        }, 
        {
            "text": "中国民主党", 
            "displayText": "中国民主党", 
            "thumbnail": {
                "thumbnailUrl": "https://tse3.mm.bing.net/th?q=%e4%b8%ad%e5%9b%bd%e6%b0%91%e4%b8%bb%e5%85%9a&pid=Api&mkt=zh-CN&adlt=strict&t=1"
            }, 
            "searchLink": "https://api.cognitive.microsoft.com/api/v7/images/search?q=%e4%b8%ad%e5%9b%bd%e6%b0%91%e4%b8%bb%e5%85%9a", 
            "webSearchUrl": "https://www.bing.com/images/search?q=%e4%b8%ad%e5%9b%bd%e6%b0%91%e4%b8%bb%e5%85%9a&FORM=IRPATC"
        }, 
        {
            "text": "中国自由民主党", 
            "displayText": "中国自由民主党", 
            "thumbnail": {
                "thumbnailUrl": "https://tse2.mm.bing.net/th?q=%e4%b8%ad%e5%9b%bd%e8%87%aa%e7%94%b1%e6%b0%91%e4%b8%bb%e5%85%9a&pid=Api&mkt=zh-CN&adlt=strict&t=1"
            }, 
            "searchLink": "https://api.cognitive.microsoft.com/api/v7/images/search?q=%e4%b8%ad%e5%9b%bd%e8%87%aa%e7%94%b1%e6%b0%91%e4%b8%bb%e5%85%9a", 
            "webSearchUrl": "https://www.bing.com/images/search?q=%e4%b8%ad%e5%9b%bd%e8%87%aa%e7%94%b1%e6%b0%91%e4%b8%bb%e5%85%9a&FORM=IRPATC"
        }, 
        {
            "text": "民主党图片高清", 
            "displayText": "民主党图片高清", 
            "thumbnail": {
                "thumbnailUrl": "https://tse1.mm.bing.net/th?q=%e6%b0%91%e4%b8%bb%e5%85%9a%e5%9b%be%e7%89%87%e9%ab%98%e6%b8%85&pid=Api&mkt=zh-CN&adlt=strict&t=1"
            }, 
            "searchLink": "https://api.cognitive.microsoft.com/api/v7/images/search?q=%e6%b0%91%e4%b8%bb%e5%85%9a%e5%9b%be%e7%89%87%e9%ab%98%e6%b8%85", 
            "webSearchUrl": "https://www.bing.com/images/search?q=%e6%b0%91%e4%b8%bb%e5%85%9a%e5%9b%be%e7%89%87%e9%ab%98%e6%b8%85&FORM=IRPATC"
        }, 
        {
            "text": "民主党 驴", 
            "displayText": "民主党 驴", 
            "thumbnail": {
                "thumbnailUrl": "https://tse1.mm.bing.net/th?q=%e6%b0%91%e4%b8%bb%e5%85%9a+%e9%a9%b4&pid=Api&mkt=zh-CN&adlt=strict&t=1"
            }, 
            "searchLink": "https://api.cognitive.microsoft.com/api/v7/images/search?q=%e6%b0%91%e4%b8%bb%e5%85%9a+%e9%a9%b4", 
            "webSearchUrl": "https://www.bing.com/images/search?q=%e6%b0%91%e4%b8%bb%e5%85%9a+%e9%a9%b4&FORM=IRPATC"
        }, 
        {
            "text": "民主党共和党", 
            "displayText": "民主党共和党", 
            "thumbnail": {
                "thumbnailUrl": "https://tse2.mm.bing.net/th?q=%e6%b0%91%e4%b8%bb%e5%85%9a%e5%85%b1%e5%92%8c%e5%85%9a&pid=Api&mkt=zh-CN&adlt=strict&t=1"
            }, 
            "searchLink": "https://api.cognitive.microsoft.com/api/v7/images/search?q=%e6%b0%91%e4%b8%bb%e5%85%9a%e5%85%b1%e5%92%8c%e5%85%9a", 
            "webSearchUrl": "https://www.bing.com/images/search?q=%e6%b0%91%e4%b8%bb%e5%85%9a%e5%85%b1%e5%92%8c%e5%85%9a&FORM=IRPATC"
        }, 
        {
            "text": "共和党和民主党", 
            "displayText": "共和党和民主党", 
            "thumbnail": {
                "thumbnailUrl": "https://tse2.mm.bing.net/th?q=%e5%85%b1%e5%92%8c%e5%85%9a%e5%92%8c%e6%b0%91%e4%b8%bb%e5%85%9a&pid=Api&mkt=zh-CN&adlt=strict&t=1"
            }, 
            "searchLink": "https://api.cognitive.microsoft.com/api/v7/images/search?q=%e5%85%b1%e5%92%8c%e5%85%9a%e5%92%8c%e6%b0%91%e4%b8%bb%e5%85%9a", 
            "webSearchUrl": "https://www.bing.com/images/search?q=%e5%85%b1%e5%92%8c%e5%85%9a%e5%92%8c%e6%b0%91%e4%b8%bb%e5%85%9a&FORM=IRPATC"
        }, 
        {
            "text": "中国民主党美国总部", 
            "displayText": "中国民主党美国总部", 
            "thumbnail": {
                "thumbnailUrl": "https://tse1.mm.bing.net/th?q=%e4%b8%ad%e5%9b%bd%e6%b0%91%e4%b8%bb%e5%85%9a%e7%be%8e%e5%9b%bd%e6%80%bb%e9%83%a8&pid=Api&mkt=zh-CN&adlt=strict&t=1"
            }, 
            "searchLink": "https://api.cognitive.microsoft.com/api/v7/images/search?q=%e4%b8%ad%e5%9b%bd%e6%b0%91%e4%b8%bb%e5%85%9a%e7%be%8e%e5%9b%bd%e6%80%bb%e9%83%a8", 
            "webSearchUrl": "https://www.bing.com/images/search?q=%e4%b8%ad%e5%9b%bd%e6%b0%91%e4%b8%bb%e5%85%9a%e7%be%8e%e5%9b%bd%e6%80%bb%e9%83%a8&FORM=IRPATC"
        }, 
        {
            "text": "英国自由民主党", 
            "displayText": "英国自由民主党", 
            "thumbnail": {
                "thumbnailUrl": "https://tse2.mm.bing.net/th?q=%e8%8b%b1%e5%9b%bd%e8%87%aa%e7%94%b1%e6%b0%91%e4%b8%bb%e5%85%9a&pid=Api&mkt=zh-CN&adlt=strict&t=1"
            }, 
            "searchLink": "https://api.cognitive.microsoft.com/api/v7/images/search?q=%e8%8b%b1%e5%9b%bd%e8%87%aa%e7%94%b1%e6%b0%91%e4%b8%bb%e5%85%9a", 
            "webSearchUrl": "https://www.bing.com/images/search?q=%e8%8b%b1%e5%9b%bd%e8%87%aa%e7%94%b1%e6%b0%91%e4%b8%bb%e5%85%9a&FORM=IRPATC"
        }, 
        {
            "text": "美国民主党标志", 
            "displayText": "美国民主党标志", 
            "thumbnail": {
                "thumbnailUrl": "https://tse2.mm.bing.net/th?q=%e7%be%8e%e5%9b%bd%e6%b0%91%e4%b8%bb%e5%85%9a%e6%a0%87%e5%bf%97&pid=Api&mkt=zh-CN&adlt=strict&t=1"
            }, 
            "searchLink": "https://api.cognitive.microsoft.com/api/v7/images/search?q=%e7%be%8e%e5%9b%bd%e6%b0%91%e4%b8%bb%e5%85%9a%e6%a0%87%e5%bf%97", 
            "webSearchUrl": "https://www.bing.com/images/search?q=%e7%be%8e%e5%9b%bd%e6%b0%91%e4%b8%bb%e5%85%9a%e6%a0%87%e5%bf%97&FORM=IRPATC"
        }, 
        {
            "text": "鸠山将退出民主党", 
            "displayText": "鸠山将退出民主党", 
            "thumbnail": {
                "thumbnailUrl": "https://tse4.mm.bing.net/th?q=%e9%b8%a0%e5%b1%b1%e5%b0%86%e9%80%80%e5%87%ba%e6%b0%91%e4%b8%bb%e5%85%9a&pid=Api&mkt=zh-CN&adlt=strict&t=1"
            }, 
            "searchLink": "https://api.cognitive.microsoft.com/api/v7/images/search?q=%e9%b8%a0%e5%b1%b1%e5%b0%86%e9%80%80%e5%87%ba%e6%b0%91%e4%b8%bb%e5%85%9a", 
            "webSearchUrl": "https://www.bing.com/images/search?q=%e9%b8%a0%e5%b1%b1%e5%b0%86%e9%80%80%e5%87%ba%e6%b0%91%e4%b8%bb%e5%85%9a&FORM=IRPATC"
        }, 
        {
            "text": "民主党是罗斯柴尔德", 
            "displayText": "民主党是罗斯柴尔德", 
            "thumbnail": {
                "thumbnailUrl": "https://tse1.mm.bing.net/th?q=%e6%b0%91%e4%b8%bb%e5%85%9a%e6%98%af%e7%bd%97%e6%96%af%e6%9f%b4%e5%b0%94%e5%be%b7&pid=Api&mkt=zh-CN&adlt=strict&t=1"
            }, 
            "searchLink": "https://api.cognitive.microsoft.com/api/v7/images/search?q=%e6%b0%91%e4%b8%bb%e5%85%9a%e6%98%af%e7%bd%97%e6%96%af%e6%9f%b4%e5%b0%94%e5%be%b7", 
            "webSearchUrl": "https://www.bing.com/images/search?q=%e6%b0%91%e4%b8%bb%e5%85%9a%e6%98%af%e7%bd%97%e6%96%af%e6%9f%b4%e5%b0%94%e5%be%b7&FORM=IRPATC"
        }, 
        {
            "text": "中国民主党 王军", 
            "displayText": "中国民主党 王军", 
            "thumbnail": {
                "thumbnailUrl": "https://tse1.mm.bing.net/th?q=%e4%b8%ad%e5%9b%bd%e6%b0%91%e4%b8%bb%e5%85%9a+%e7%8e%8b%e5%86%9b&pid=Api&mkt=zh-CN&adlt=strict&t=1"
            }, 
            "searchLink": "https://api.cognitive.microsoft.com/api/v7/images/search?q=%e4%b8%ad%e5%9b%bd%e6%b0%91%e4%b8%bb%e5%85%9a+%e7%8e%8b%e5%86%9b", 
            "webSearchUrl": "https://www.bing.com/images/search?q=%e4%b8%ad%e5%9b%bd%e6%b0%91%e4%b8%bb%e5%85%9a+%e7%8e%8b%e5%86%9b&FORM=IRPATC"
        }
    ]
}