{
    "instrumentation": {
        "_type": "ResponseInstrumentation"
    }, 
    "_type": "Images", 
    "webSearchUrl": "https://www.bing.com/images/search?q=site:(thepaper.cn or chinadaily.com.cn or china.com.cn or chinanews.com or youth.cn or sina.com.cn or xinhuanet.com or cri.cn or 163.com or cankaoxiaoxi.com or cctv.com or ifeng.com or qq.com or takungpao.com or people.com.cn or southcn.com or southcn.com or cnr.cn or people.com.cn or cyol.com or bjnews.com.cn or gmw.cn or dahe.cn or xfrb.com.cn or cqnews.net or lifeweek.com.cn or cpd.com.cn or haiwainet.cn or yidianzixun.com or ftchinese.com or guancha.cn or zhcw.com or huanqiu.com or ihuawen.com or nytimes.com or flickr.com or quanjing.com or vcg.com or gettyimages.co.uk or paixin.com) 罗斯 说 一个 选举 核心&FORM=OIIARP", 
    "value": [
        {
            "contentUrl": "http://y1.ifengimg.com/haina/2015_22/dda6058e5ee4c5f.jpg", 
            "insightsMetadata": {
                "pagesIncludingCount": 1, 
                "availableSizesCount": 1
            }, 
            "height": 536, 
            "accentColor": "A34328", 
            "hostPageDisplayUrl": "culture.ifeng.com/a/20150528/43856979_0.shtml", 
            "name": "何怀宏：我们能对罗尔斯的遗产说些什么|追求卓越的激情|价值 ...", 
            "width": 400, 
            "imageInsightsToken": "ccid_V4VwZzwM*mid_BF68D1117AF113E08A3EC9F7ABE26217D250E8E8*simid_608031543747609741*thid_OIP.V4VwZzwMSUBfZX5LPtImkwAAAA", 
            "imageId": "BF68D1117AF113E08A3EC9F7ABE26217D250E8E8", 
            "isFamilyFriendly": true, 
            "datePublished": "2015-05-28T04:31:00.0000000Z", 
            "encodingFormat": "jpeg", 
            "webSearchUrl": "https://www.bing.com/images/search?view=detailv2&FORM=OIIRPO&q=site%3a(thepaper.cn+or+chinadaily.com.cn+or+china.com.cn+or+chinanews.com+or+youth.cn+or+sina.com.cn+or+xinhuanet.com+or+cri.cn+or+163.com+or+cankaoxiaoxi.com+or+cctv.com+or+ifeng.com+or+qq.com+or+takungpao.com+or+people.com.cn+or+southcn.com+or+southcn.com+or+cnr.cn+or+people.com.cn+or+cyol.com+or+bjnews.com.cn+or+gmw.cn+or+dahe.cn+or+xfrb.com.cn+or+cqnews.net+or+lifeweek.com.cn+or+cpd.com.cn+or+haiwainet.cn+or+yidianzixun.com+or+ftchinese.com+or+guancha.cn+or+zhcw.com+or+huanqiu.com+or+ihuawen.com+or+nytimes.com+or+flickr.com+or+quanjing.com+or+vcg.com+or+gettyimages.co.uk+or+paixin.com)+%e7%bd%97%e6%96%af+%e8%af%b4+%e4%b8%80%e4%b8%aa+%e9%80%89%e4%b8%be+%e6%a0%b8%e5%bf%83&id=BF68D1117AF113E08A3EC9F7ABE26217D250E8E8&simid=608031543747609741", 
            "hostPageUrl": "http://culture.ifeng.com/a/20150528/43856979_0.shtml", 
            "thumbnailUrl": "https://tse3.mm.bing.net/th?id=OIP.V4VwZzwMSUBfZX5LPtImkwAAAA&pid=Api", 
            "thumbnail": {
                "width": 400, 
                "height": 536
            }, 
            "contentSize": "14617 B"
        }, 
        {
            "contentUrl": "http://img1.cache.netease.com/sports/2014/12/26/201412261101530bfa4_550.jpg", 
            "insightsMetadata": {
                "pagesIncludingCount": 1, 
                "availableSizesCount": 1
            }, 
            "height": 275, 
            "accentColor": "B41C17", 
            "hostPageDisplayUrl": "sports.163.com/14/1226/11/AECT3IB800051C8V.html", 
            "name": "C罗领衔皇马群星齐送祝福 克罗斯化身圣诞老人_网易体育", 
            "width": 549, 
            "imageInsightsToken": "ccid_bqCUvNiS*mid_BFE32C71C6FED561D7B3B907CC22738C9CD8CB80*simid_608011829873083893*thid_OIP.bqCUvNiSBLiAlzbqoDejKwHaDt", 
            "imageId": "BFE32C71C6FED561D7B3B907CC22738C9CD8CB80", 
            "isFamilyFriendly": true, 
            "datePublished": "2014-12-26T03:07:00.0000000Z", 
            "encodingFormat": "jpeg", 
            "webSearchUrl": "https://www.bing.com/images/search?view=detailv2&FORM=OIIRPO&q=site%3a(thepaper.cn+or+chinadaily.com.cn+or+china.com.cn+or+chinanews.com+or+youth.cn+or+sina.com.cn+or+xinhuanet.com+or+cri.cn+or+163.com+or+cankaoxiaoxi.com+or+cctv.com+or+ifeng.com+or+qq.com+or+takungpao.com+or+people.com.cn+or+southcn.com+or+southcn.com+or+cnr.cn+or+people.com.cn+or+cyol.com+or+bjnews.com.cn+or+gmw.cn+or+dahe.cn+or+xfrb.com.cn+or+cqnews.net+or+lifeweek.com.cn+or+cpd.com.cn+or+haiwainet.cn+or+yidianzixun.com+or+ftchinese.com+or+guancha.cn+or+zhcw.com+or+huanqiu.com+or+ihuawen.com+or+nytimes.com+or+flickr.com+or+quanjing.com+or+vcg.com+or+gettyimages.co.uk+or+paixin.com)+%e7%bd%97%e6%96%af+%e8%af%b4+%e4%b8%80%e4%b8%aa+%e9%80%89%e4%b8%be+%e6%a0%b8%e5%bf%83&id=BFE32C71C6FED561D7B3B907CC22738C9CD8CB80&simid=608011829873083893", 
            "hostPageUrl": "http://sports.163.com/14/1226/11/AECT3IB800051C8V.html", 
            "thumbnailUrl": "https://tse2.mm.bing.net/th?id=OIP.bqCUvNiSBLiAlzbqoDejKwHaDt&pid=Api", 
            "thumbnail": {
                "width": 474, 
                "height": 237
            }, 
            "contentSize": "14416 B"
        }, 
        {
            "contentUrl": "http://n.sinaimg.cn/sports/crawl/59/w550h309/20181220/_nJW-hqnkypr6983784.jpg", 
            "insightsMetadata": {
                "pagesIncludingCount": 1, 
                "availableSizesCount": 1
            }, 
            "height": 309, 
            "accentColor": "926239", 
            "hostPageDisplayUrl": "sports.sina.com.cn/basketball/nba/2018-12-20/doc...", 
            "name": "深度|交易难改命运!这顽疾不除 他们难成气候?_NBA_新浪竞技风暴 ...", 
            "width": 550, 
            "imageInsightsToken": "ccid_SierWIsp*mid_A626298EDDEEDA0D53251A132F40EBE209D988CA*simid_608021837169626533*thid_OIP.SierWIspUcNxp6D7JXLDLgHaEK", 
            "imageId": "A626298EDDEEDA0D53251A132F40EBE209D988CA", 
            "isFamilyFriendly": true, 
            "datePublished": "2018-12-20T08:00:00.0000000Z", 
            "encodingFormat": "jpeg", 
            "webSearchUrl": "https://www.bing.com/images/search?view=detailv2&FORM=OIIRPO&q=site%3a(thepaper.cn+or+chinadaily.com.cn+or+china.com.cn+or+chinanews.com+or+youth.cn+or+sina.com.cn+or+xinhuanet.com+or+cri.cn+or+163.com+or+cankaoxiaoxi.com+or+cctv.com+or+ifeng.com+or+qq.com+or+takungpao.com+or+people.com.cn+or+southcn.com+or+southcn.com+or+cnr.cn+or+people.com.cn+or+cyol.com+or+bjnews.com.cn+or+gmw.cn+or+dahe.cn+or+xfrb.com.cn+or+cqnews.net+or+lifeweek.com.cn+or+cpd.com.cn+or+haiwainet.cn+or+yidianzixun.com+or+ftchinese.com+or+guancha.cn+or+zhcw.com+or+huanqiu.com+or+ihuawen.com+or+nytimes.com+or+flickr.com+or+quanjing.com+or+vcg.com+or+gettyimages.co.uk+or+paixin.com)+%e7%bd%97%e6%96%af+%e8%af%b4+%e4%b8%80%e4%b8%aa+%e9%80%89%e4%b8%be+%e6%a0%b8%e5%bf%83&id=A626298EDDEEDA0D53251A132F40EBE209D988CA&simid=608021837169626533", 
            "hostPageUrl": "http://sports.sina.com.cn/basketball/nba/2018-12-20/doc-ihqhqcir8639598.shtml", 
            "thumbnailUrl": "https://tse4.mm.bing.net/th?id=OIP.SierWIspUcNxp6D7JXLDLgHaEK&pid=Api", 
            "thumbnail": {
                "width": 474, 
                "height": 266
            }, 
            "contentSize": "24990 B"
        }, 
        {
            "contentUrl": "http://n.sinaimg.cn/mil/crawl/115/w550h365/20180703/c70A-hevauxi6086882.jpg", 
            "insightsMetadata": {
                "pagesIncludingCount": 1, 
                "availableSizesCount": 1
            }, 
            "height": 365, 
            "accentColor": "614B2D", 
            "hostPageDisplayUrl": "mil.news.sina.com.cn/jssd/2018-07-03/doc-ihevauxi6108030...", 
            "name": "美国F35战机产能惊人 只用1.5天就造出一个中段机身|战斗机|F35 ...", 
            "width": 550, 
            "imageInsightsToken": "ccid_H5G9jfn3*mid_1E24BDF442139CCBED04AA9F58F1A5C4A0D5AD14*simid_607996569854477299*thid_OIP.H5G9jfn3vlE7KIJMZus1pQHaE6", 
            "imageId": "1E24BDF442139CCBED04AA9F58F1A5C4A0D5AD14", 
            "isFamilyFriendly": true, 
            "datePublished": "2018-07-03T07:23:00.0000000Z", 
            "encodingFormat": "jpeg", 
            "webSearchUrl": "https://www.bing.com/images/search?view=detailv2&FORM=OIIRPO&q=site%3a(thepaper.cn+or+chinadaily.com.cn+or+china.com.cn+or+chinanews.com+or+youth.cn+or+sina.com.cn+or+xinhuanet.com+or+cri.cn+or+163.com+or+cankaoxiaoxi.com+or+cctv.com+or+ifeng.com+or+qq.com+or+takungpao.com+or+people.com.cn+or+southcn.com+or+southcn.com+or+cnr.cn+or+people.com.cn+or+cyol.com+or+bjnews.com.cn+or+gmw.cn+or+dahe.cn+or+xfrb.com.cn+or+cqnews.net+or+lifeweek.com.cn+or+cpd.com.cn+or+haiwainet.cn+or+yidianzixun.com+or+ftchinese.com+or+guancha.cn+or+zhcw.com+or+huanqiu.com+or+ihuawen.com+or+nytimes.com+or+flickr.com+or+quanjing.com+or+vcg.com+or+gettyimages.co.uk+or+paixin.com)+%e7%bd%97%e6%96%af+%e8%af%b4+%e4%b8%80%e4%b8%aa+%e9%80%89%e4%b8%be+%e6%a0%b8%e5%bf%83&id=1E24BDF442139CCBED04AA9F58F1A5C4A0D5AD14&simid=607996569854477299", 
            "hostPageUrl": "http://mil.news.sina.com.cn/jssd/2018-07-03/doc-ihevauxi6108030.shtml", 
            "thumbnailUrl": "https://tse4.mm.bing.net/th?id=OIP.H5G9jfn3vlE7KIJMZus1pQHaE6&pid=Api", 
            "thumbnail": {
                "width": 474, 
                "height": 314
            }, 
            "contentSize": "45082 B"
        }, 
        {
            "contentUrl": "http://sinastorage.com/storage.caitou.sina.com.cn/products/201701/2fe25ed2c13094c6ba6f337f26f1b1eb.jpeg", 
            "insightsMetadata": {
                "pagesIncludingCount": 1, 
                "availableSizesCount": 1
            }, 
            "height": 377, 
            "accentColor": "3C708F", 
            "hostPageDisplayUrl": "cj.sina.com.cn/article/detail/5839878256/154494", 
            "name": "站在索罗斯的肩膀上，本轮美元牛市应该这样理解__财经头条", 
            "width": 640, 
            "imageInsightsToken": "ccid_cxRNOHxx*mid_2C5E18F2CC3A5C2D7F8EFAA013AA4CF5649133D1*simid_608022859361618098*thid_OIP.cxRNOHxxwcQPRLMK3yM6hwHaEX", 
            "imageId": "2C5E18F2CC3A5C2D7F8EFAA013AA4CF5649133D1", 
            "isFamilyFriendly": true, 
            "datePublished": "2017-01-26T06:32:00.0000000Z", 
            "encodingFormat": "jpeg", 
            "webSearchUrl": "https://www.bing.com/images/search?view=detailv2&FORM=OIIRPO&q=site%3a(thepaper.cn+or+chinadaily.com.cn+or+china.com.cn+or+chinanews.com+or+youth.cn+or+sina.com.cn+or+xinhuanet.com+or+cri.cn+or+163.com+or+cankaoxiaoxi.com+or+cctv.com+or+ifeng.com+or+qq.com+or+takungpao.com+or+people.com.cn+or+southcn.com+or+southcn.com+or+cnr.cn+or+people.com.cn+or+cyol.com+or+bjnews.com.cn+or+gmw.cn+or+dahe.cn+or+xfrb.com.cn+or+cqnews.net+or+lifeweek.com.cn+or+cpd.com.cn+or+haiwainet.cn+or+yidianzixun.com+or+ftchinese.com+or+guancha.cn+or+zhcw.com+or+huanqiu.com+or+ihuawen.com+or+nytimes.com+or+flickr.com+or+quanjing.com+or+vcg.com+or+gettyimages.co.uk+or+paixin.com)+%e7%bd%97%e6%96%af+%e8%af%b4+%e4%b8%80%e4%b8%aa+%e9%80%89%e4%b8%be+%e6%a0%b8%e5%bf%83&id=2C5E18F2CC3A5C2D7F8EFAA013AA4CF5649133D1&simid=608022859361618098", 
            "hostPageUrl": "http://cj.sina.com.cn/article/detail/5839878256/154494", 
            "thumbnailUrl": "https://tse4.mm.bing.net/th?id=OIP.cxRNOHxxwcQPRLMK3yM6hwHaEX&pid=Api", 
            "thumbnail": {
                "width": 474, 
                "height": 279
            }, 
            "contentSize": "22988 B"
        }, 
        {
            "contentUrl": "http://i2.chinanews.com/simg/cmshd/2017/10/23/3d03b9ee61a1449ea095b2a4409b2870.jpg", 
            "insightsMetadata": {
                "pagesIncludingCount": 1, 
                "availableSizesCount": 1
            }, 
            "height": 306, 
            "accentColor": "A92225", 
            "hostPageDisplayUrl": "https://www.chinanews.com/m/gn/2017/10-23/8358362.shtml", 
            "name": "罗斯著作《超越大学：博雅教育何以重要》中译本发布-中国新闻网", 
            "width": 500, 
            "imageInsightsToken": "ccid_p4exgg6j*mid_C5A714B6B2C8242DF70787D52522C52A7C4E7969*simid_608020144908208756*thid_OIP.p4exgg6jynN56mIOMUpqBgHaEi", 
            "imageId": "C5A714B6B2C8242DF70787D52522C52A7C4E7969", 
            "isFamilyFriendly": true, 
            "datePublished": "2018-10-23T06:02:00.0000000Z", 
            "encodingFormat": "jpeg", 
            "webSearchUrl": "https://www.bing.com/images/search?view=detailv2&FORM=OIIRPO&q=site%3a(thepaper.cn+or+chinadaily.com.cn+or+china.com.cn+or+chinanews.com+or+youth.cn+or+sina.com.cn+or+xinhuanet.com+or+cri.cn+or+163.com+or+cankaoxiaoxi.com+or+cctv.com+or+ifeng.com+or+qq.com+or+takungpao.com+or+people.com.cn+or+southcn.com+or+southcn.com+or+cnr.cn+or+people.com.cn+or+cyol.com+or+bjnews.com.cn+or+gmw.cn+or+dahe.cn+or+xfrb.com.cn+or+cqnews.net+or+lifeweek.com.cn+or+cpd.com.cn+or+haiwainet.cn+or+yidianzixun.com+or+ftchinese.com+or+guancha.cn+or+zhcw.com+or+huanqiu.com+or+ihuawen.com+or+nytimes.com+or+flickr.com+or+quanjing.com+or+vcg.com+or+gettyimages.co.uk+or+paixin.com)+%e7%bd%97%e6%96%af+%e8%af%b4+%e4%b8%80%e4%b8%aa+%e9%80%89%e4%b8%be+%e6%a0%b8%e5%bf%83&id=C5A714B6B2C8242DF70787D52522C52A7C4E7969&simid=608020144908208756", 
            "hostPageUrl": "https://www.chinanews.com/m/gn/2017/10-23/8358362.shtml", 
            "thumbnailUrl": "https://tse2.mm.bing.net/th?id=OIP.p4exgg6jynN56mIOMUpqBgHaEi&pid=Api", 
            "thumbnail": {
                "width": 474, 
                "height": 290
            }, 
            "contentSize": "31661 B"
        }, 
        {
            "contentUrl": "http://himg2.huanqiu.com/attachment2010/2017/0303/20170303012500200.jpg", 
            "insightsMetadata": {
                "pagesIncludingCount": 6, 
                "availableSizesCount": 1
            }, 
            "height": 292, 
            "accentColor": "B6A615", 
            "hostPageDisplayUrl": "china.huanqiu.com/gangao/2017-03/10245008.html", 
            "name": "“占中”黑手被指勾结金融大鳄索罗斯 欲搞乱外交_国内新闻_环球网", 
            "width": 550, 
            "imageInsightsToken": "ccid_QsWkvN8I*mid_9E289CB8755E0A96B0D98730B359B9E4305AC3C6*simid_608010094724056008*thid_OIP.QsWkvN8I!_7OeUYI3OZBrpQHaD7", 
            "imageId": "9E289CB8755E0A96B0D98730B359B9E4305AC3C6", 
            "isFamilyFriendly": true, 
            "datePublished": "2017-03-03T05:32:00.0000000Z", 
            "encodingFormat": "jpeg", 
            "webSearchUrl": "https://www.bing.com/images/search?view=detailv2&FORM=OIIRPO&q=site%3a(thepaper.cn+or+chinadaily.com.cn+or+china.com.cn+or+chinanews.com+or+youth.cn+or+sina.com.cn+or+xinhuanet.com+or+cri.cn+or+163.com+or+cankaoxiaoxi.com+or+cctv.com+or+ifeng.com+or+qq.com+or+takungpao.com+or+people.com.cn+or+southcn.com+or+southcn.com+or+cnr.cn+or+people.com.cn+or+cyol.com+or+bjnews.com.cn+or+gmw.cn+or+dahe.cn+or+xfrb.com.cn+or+cqnews.net+or+lifeweek.com.cn+or+cpd.com.cn+or+haiwainet.cn+or+yidianzixun.com+or+ftchinese.com+or+guancha.cn+or+zhcw.com+or+huanqiu.com+or+ihuawen.com+or+nytimes.com+or+flickr.com+or+quanjing.com+or+vcg.com+or+gettyimages.co.uk+or+paixin.com)+%e7%bd%97%e6%96%af+%e8%af%b4+%e4%b8%80%e4%b8%aa+%e9%80%89%e4%b8%be+%e6%a0%b8%e5%bf%83&id=9E289CB8755E0A96B0D98730B359B9E4305AC3C6&simid=608010094724056008", 
            "hostPageUrl": "http://china.huanqiu.com/gangao/2017-03/10245008.html", 
            "thumbnailUrl": "https://tse2.mm.bing.net/th?id=OIP.QsWkvN8I_7OeUYI3OZBrpQHaD7&pid=Api", 
            "thumbnail": {
                "width": 474, 
                "height": 251
            }, 
            "contentSize": "150513 B"
        }, 
        {
            "contentUrl": "http://n.sinaimg.cn/sports/transform/283/w650h433/20180426/4TvW-fztkpin2643362.jpg", 
            "insightsMetadata": {
                "pagesIncludingCount": 3, 
                "availableSizesCount": 2
            }, 
            "height": 433, 
            "accentColor": "C00A1A", 
            "hostPageDisplayUrl": "sports.sina.com.cn/global/germany/2018-04-26/doc...", 
            "name": "拜仁捡到宝 打皇马一数据超神 他是未来建队核心_国际足球_新浪 ...", 
            "width": 650, 
            "imageInsightsToken": "ccid_pdJmqrTw*mid_DEE83765D5D9785ED791706245DCEA97AC4A3393*simid_608011628015455230*thid_OIP.pdJmqrTwsifDcOQOshf6zQHaE7", 
            "imageId": "DEE83765D5D9785ED791706245DCEA97AC4A3393", 
            "isFamilyFriendly": true, 
            "datePublished": "2018-04-25T23:12:00.0000000Z", 
            "encodingFormat": "jpeg", 
            "webSearchUrl": "https://www.bing.com/images/search?view=detailv2&FORM=OIIRPO&q=site%3a(thepaper.cn+or+chinadaily.com.cn+or+china.com.cn+or+chinanews.com+or+youth.cn+or+sina.com.cn+or+xinhuanet.com+or+cri.cn+or+163.com+or+cankaoxiaoxi.com+or+cctv.com+or+ifeng.com+or+qq.com+or+takungpao.com+or+people.com.cn+or+southcn.com+or+southcn.com+or+cnr.cn+or+people.com.cn+or+cyol.com+or+bjnews.com.cn+or+gmw.cn+or+dahe.cn+or+xfrb.com.cn+or+cqnews.net+or+lifeweek.com.cn+or+cpd.com.cn+or+haiwainet.cn+or+yidianzixun.com+or+ftchinese.com+or+guancha.cn+or+zhcw.com+or+huanqiu.com+or+ihuawen.com+or+nytimes.com+or+flickr.com+or+quanjing.com+or+vcg.com+or+gettyimages.co.uk+or+paixin.com)+%e7%bd%97%e6%96%af+%e8%af%b4+%e4%b8%80%e4%b8%aa+%e9%80%89%e4%b8%be+%e6%a0%b8%e5%bf%83&id=DEE83765D5D9785ED791706245DCEA97AC4A3393&simid=608011628015455230", 
            "hostPageUrl": "http://sports.sina.com.cn/global/germany/2018-04-26/doc-ifztkpin2655215.shtml", 
            "thumbnailUrl": "https://tse3.mm.bing.net/th?id=OIP.pdJmqrTwsifDcOQOshf6zQHaE7&pid=Api", 
            "thumbnail": {
                "width": 474, 
                "height": 315
            }, 
            "contentSize": "33688 B"
        }, 
        {
            "contentUrl": "http://1881.img.pp.sohu.com.cn/images/blog/2011/11/23/6/8/u87921227_1348b9f2b17g214.jpg", 
            "insightsMetadata": {
                "pagesIncludingCount": 2, 
                "availableSizesCount": 2
            }, 
            "height": 480, 
            "accentColor": "896042", 
            "hostPageDisplayUrl": "blog.sina.com.cn/s/blog_5fdbe8f501010ti5.html", 
            "name": "政治幽默挂历为俄杜马选举提兴致_luxiaoxin_新浪博客", 
            "width": 640, 
            "imageInsightsToken": "ccid_LXeDEEmc*mid_33EDABBEFFD073DAC1E8BC4DEAC75AF8C75320FC*simid_608037956147546164*thid_OIP.LXeDEEmcIMjNeokTcjyImgHaFj", 
            "imageId": "33EDABBEFFD073DAC1E8BC4DEAC75AF8C75320FC", 
            "isFamilyFriendly": true, 
            "datePublished": "2011-11-24T12:00:00.0000000Z", 
            "encodingFormat": "jpeg", 
            "webSearchUrl": "https://www.bing.com/images/search?view=detailv2&FORM=OIIRPO&q=site%3a(thepaper.cn+or+chinadaily.com.cn+or+china.com.cn+or+chinanews.com+or+youth.cn+or+sina.com.cn+or+xinhuanet.com+or+cri.cn+or+163.com+or+cankaoxiaoxi.com+or+cctv.com+or+ifeng.com+or+qq.com+or+takungpao.com+or+people.com.cn+or+southcn.com+or+southcn.com+or+cnr.cn+or+people.com.cn+or+cyol.com+or+bjnews.com.cn+or+gmw.cn+or+dahe.cn+or+xfrb.com.cn+or+cqnews.net+or+lifeweek.com.cn+or+cpd.com.cn+or+haiwainet.cn+or+yidianzixun.com+or+ftchinese.com+or+guancha.cn+or+zhcw.com+or+huanqiu.com+or+ihuawen.com+or+nytimes.com+or+flickr.com+or+quanjing.com+or+vcg.com+or+gettyimages.co.uk+or+paixin.com)+%e7%bd%97%e6%96%af+%e8%af%b4+%e4%b8%80%e4%b8%aa+%e9%80%89%e4%b8%be+%e6%a0%b8%e5%bf%83&id=33EDABBEFFD073DAC1E8BC4DEAC75AF8C75320FC&simid=608037956147546164", 
            "hostPageUrl": "http://blog.sina.com.cn/s/blog_5fdbe8f501010ti5.html", 
            "thumbnailUrl": "https://tse3.mm.bing.net/th?id=OIP.LXeDEEmcIMjNeokTcjyImgHaFj&pid=Api", 
            "thumbnail": {
                "width": 474, 
                "height": 355
            }, 
            "contentSize": "65669 B"
        }, 
        {
            "contentUrl": "https://n.sinaimg.cn/mil/crawl/366/w550h616/20190123/F640-hryfqhm2487148.jpg", 
            "insightsMetadata": {
                "pagesIncludingCount": 1, 
                "availableSizesCount": 1
            }, 
            "height": 616, 
            "accentColor": "0E7CBD", 
            "hostPageDisplayUrl": "https://mil.news.sina.com.cn/world/2019-01-23/doc...", 
            "name": "委内瑞拉兵变失败后 美国务卿公开煽动委反对派夺权|委内瑞拉 ...", 
            "width": 550, 
            "imageInsightsToken": "ccid_P/8sYdxA*mid_75C227E002FF4A04E44A6D5168222FCB860D4335*simid_608011585068335245*thid_OIP.P!_8sYdxAoK5rMGLcvXrI6QHaIS", 
            "imageId": "75C227E002FF4A04E44A6D5168222FCB860D4335", 
            "isFamilyFriendly": true, 
            "datePublished": "2019-01-23T07:10:00.0000000Z", 
            "encodingFormat": "jpeg", 
            "webSearchUrl": "https://www.bing.com/images/search?view=detailv2&FORM=OIIRPO&q=site%3a(thepaper.cn+or+chinadaily.com.cn+or+china.com.cn+or+chinanews.com+or+youth.cn+or+sina.com.cn+or+xinhuanet.com+or+cri.cn+or+163.com+or+cankaoxiaoxi.com+or+cctv.com+or+ifeng.com+or+qq.com+or+takungpao.com+or+people.com.cn+or+southcn.com+or+southcn.com+or+cnr.cn+or+people.com.cn+or+cyol.com+or+bjnews.com.cn+or+gmw.cn+or+dahe.cn+or+xfrb.com.cn+or+cqnews.net+or+lifeweek.com.cn+or+cpd.com.cn+or+haiwainet.cn+or+yidianzixun.com+or+ftchinese.com+or+guancha.cn+or+zhcw.com+or+huanqiu.com+or+ihuawen.com+or+nytimes.com+or+flickr.com+or+quanjing.com+or+vcg.com+or+gettyimages.co.uk+or+paixin.com)+%e7%bd%97%e6%96%af+%e8%af%b4+%e4%b8%80%e4%b8%aa+%e9%80%89%e4%b8%be+%e6%a0%b8%e5%bf%83&id=75C227E002FF4A04E44A6D5168222FCB860D4335&simid=608011585068335245", 
            "hostPageUrl": "https://mil.news.sina.com.cn/world/2019-01-23/doc-ihqfskcn9725482.shtml", 
            "thumbnailUrl": "https://tse2.mm.bing.net/th?id=OIP.P_8sYdxAoK5rMGLcvXrI6QHaIS&pid=Api", 
            "thumbnail": {
                "width": 474, 
                "height": 530
            }, 
            "contentSize": "61104 B"
        }
    ], 
    "nextOffset": 45, 
    "queryContext": {
        "alterationMethod": "AM_JustChangeIt", 
        "alterationType": "CombinedAlterations", 
        "originalQuery": "site:(thepaper.cn or chinadaily.com.cn or china.com.cn or chinanews.com or youth.cn or sina.com.cn or xinhuanet.com or cri.cn or 163.com or cankaoxiaoxi.com or cctv.com or ifeng.com or qq.com or takungpao.com or people.com.cn or southcn.com or southcn.com or cnr.cn or people.com.cn or cyol.com or bjnews.com.cn or gmw.cn or dahe.cn or xfrb.com.cn or cqnews.net or lifeweek.com.cn or cpd.com.cn or haiwainet.cn or yidianzixun.com or ftchinese.com or guancha.cn or zhcw.com or huanqiu.com or ihuawen.com or nytimes.com or flickr.com or quanjing.com or vcg.com or gettyimages.co.uk or paixin.com) 罗斯 说 一个 选举 核心", 
        "alterationOverrideQuery": "+site:(thepaper.cn or chinadaily.com.cn or china.com.cn or chinanews.com or youth.cn or sina.com.cn or xinhuanet.com or cri.cn or 163.com or cankaoxiaoxi.com or cctv.com or ifeng.com or qq.com or takungpao.com or people.com.cn or southcn.com or southcn.com or cnr.cn or people.com.cn or cyol.com or bjnews.com.cn or gmw.cn or dahe.cn or xfrb.com.cn or cqnews.net or lifeweek.com.cn or cpd.com.cn or haiwainet.cn or yidianzixun.com or ftchinese.com or guancha.cn or zhcw.com or huanqiu.com or ihuawen.com or nytimes.com or flickr.com or quanjing.com or vcg.com or gettyimages.co.uk or paixin.com) 罗斯 说 一个 选举 核心", 
        "alterationDisplayQuery": "罗 斯 说 一个 选举 核心"
    }, 
    "currentOffset": 0, 
    "readLink": "images/search?q=site:(thepaper.cn or chinadaily.com.cn or china.com.cn or chinanews.com or youth.cn or sina.com.cn or xinhuanet.com or cri.cn or 163.com or cankaoxiaoxi.com or cctv.com or ifeng.com or qq.com or takungpao.com or people.com.cn or southcn.com or southcn.com or cnr.cn or people.com.cn or cyol.com or bjnews.com.cn or gmw.cn or dahe.cn or xfrb.com.cn or cqnews.net or lifeweek.com.cn or cpd.com.cn or haiwainet.cn or yidianzixun.com or ftchinese.com or guancha.cn or zhcw.com or huanqiu.com or ihuawen.com or nytimes.com or flickr.com or quanjing.com or vcg.com or gettyimages.co.uk or paixin.com) 罗斯 说 一个 选举 核心", 
    "totalEstimatedMatches": 100, 
    "relatedSearches": [
        {
            "text": "罗斯壁纸", 
            "displayText": "罗斯壁纸", 
            "thumbnail": {
                "thumbnailUrl": "https://tse4.mm.bing.net/th?q=%e7%bd%97%e6%96%af%e5%a3%81%e7%ba%b8&pid=Api&mkt=zh-CN&adlt=strict&t=1"
            }, 
            "searchLink": "https://api.cognitive.microsoft.com/api/v7/images/search?q=%e7%bd%97%e6%96%af%e5%a3%81%e7%ba%b8", 
            "webSearchUrl": "https://www.bing.com/images/search?q=%e7%bd%97%e6%96%af%e5%a3%81%e7%ba%b8&FORM=IRPATC"
        }, 
        {
            "text": "Nba罗斯", 
            "displayText": "Nba罗斯", 
            "thumbnail": {
                "thumbnailUrl": "https://tse4.mm.bing.net/th?q=Nba%e7%bd%97%e6%96%af&pid=Api&mkt=zh-CN&adlt=strict&t=1"
            }, 
            "searchLink": "https://api.cognitive.microsoft.com/api/v7/images/search?q=Nba%e7%bd%97%e6%96%af", 
            "webSearchUrl": "https://www.bing.com/images/search?q=Nba%e7%bd%97%e6%96%af&FORM=IRPATC"
        }, 
        {
            "text": "卡斯罗", 
            "displayText": "卡斯罗", 
            "thumbnail": {
                "thumbnailUrl": "https://tse4.mm.bing.net/th?q=%e5%8d%a1%e6%96%af%e7%bd%97&pid=Api&mkt=zh-CN&adlt=strict&t=1"
            }, 
            "searchLink": "https://api.cognitive.microsoft.com/api/v7/images/search?q=%e5%8d%a1%e6%96%af%e7%bd%97", 
            "webSearchUrl": "https://www.bing.com/images/search?q=%e5%8d%a1%e6%96%af%e7%bd%97&FORM=IRPATC"
        }, 
        {
            "text": "德里克罗斯", 
            "displayText": "德里克罗斯", 
            "thumbnail": {
                "thumbnailUrl": "https://tse1.mm.bing.net/th?q=%e5%be%b7%e9%87%8c%e5%85%8b%e7%bd%97%e6%96%af&pid=Api&mkt=zh-CN&adlt=strict&t=1"
            }, 
            "searchLink": "https://api.cognitive.microsoft.com/api/v7/images/search?q=%e5%be%b7%e9%87%8c%e5%85%8b%e7%bd%97%e6%96%af", 
            "webSearchUrl": "https://www.bing.com/images/search?q=%e5%be%b7%e9%87%8c%e5%85%8b%e7%bd%97%e6%96%af&FORM=IRPATC"
        }, 
        {
            "text": "卡斯罗犬", 
            "displayText": "卡斯罗犬", 
            "thumbnail": {
                "thumbnailUrl": "https://tse2.mm.bing.net/th?q=%e5%8d%a1%e6%96%af%e7%bd%97%e7%8a%ac&pid=Api&mkt=zh-CN&adlt=strict&t=1"
            }, 
            "searchLink": "https://api.cognitive.microsoft.com/api/v7/images/search?q=%e5%8d%a1%e6%96%af%e7%bd%97%e7%8a%ac", 
            "webSearchUrl": "https://www.bing.com/images/search?q=%e5%8d%a1%e6%96%af%e7%bd%97%e7%8a%ac&FORM=IRPATC"
        }, 
        {
            "text": "罗伊斯", 
            "displayText": "罗伊斯", 
            "thumbnail": {
                "thumbnailUrl": "https://tse1.mm.bing.net/th?q=%e7%bd%97%e4%bc%8a%e6%96%af&pid=Api&mkt=zh-CN&adlt=strict&t=1"
            }, 
            "searchLink": "https://api.cognitive.microsoft.com/api/v7/images/search?q=%e7%bd%97%e4%bc%8a%e6%96%af", 
            "webSearchUrl": "https://www.bing.com/images/search?q=%e7%bd%97%e4%bc%8a%e6%96%af&FORM=IRPATC"
        }, 
        {
            "text": "索罗斯", 
            "displayText": "索罗斯", 
            "thumbnail": {
                "thumbnailUrl": "https://tse3.mm.bing.net/th?q=%e7%b4%a2%e7%bd%97%e6%96%af&pid=Api&mkt=zh-CN&adlt=strict&t=1"
            }, 
            "searchLink": "https://api.cognitive.microsoft.com/api/v7/images/search?q=%e7%b4%a2%e7%bd%97%e6%96%af", 
            "webSearchUrl": "https://www.bing.com/images/search?q=%e7%b4%a2%e7%bd%97%e6%96%af&FORM=IRPATC"
        }, 
        {
            "text": "密斯凡德罗", 
            "displayText": "密斯凡德罗", 
            "thumbnail": {
                "thumbnailUrl": "https://tse3.mm.bing.net/th?q=%e5%af%86%e6%96%af%e5%87%a1%e5%be%b7%e7%bd%97&pid=Api&mkt=zh-CN&adlt=strict&t=1"
            }, 
            "searchLink": "https://api.cognitive.microsoft.com/api/v7/images/search?q=%e5%af%86%e6%96%af%e5%87%a1%e5%be%b7%e7%bd%97", 
            "webSearchUrl": "https://www.bing.com/images/search?q=%e5%af%86%e6%96%af%e5%87%a1%e5%be%b7%e7%bd%97&FORM=IRPATC"
        }, 
        {
            "text": "罗斯柴尔德家族", 
            "displayText": "罗斯柴尔德家族", 
            "thumbnail": {
                "thumbnailUrl": "https://tse3.mm.bing.net/th?q=%e7%bd%97%e6%96%af%e6%9f%b4%e5%b0%94%e5%be%b7%e5%ae%b6%e6%97%8f&pid=Api&mkt=zh-CN&adlt=strict&t=1"
            }, 
            "searchLink": "https://api.cognitive.microsoft.com/api/v7/images/search?q=%e7%bd%97%e6%96%af%e6%9f%b4%e5%b0%94%e5%be%b7%e5%ae%b6%e6%97%8f", 
            "webSearchUrl": "https://www.bing.com/images/search?q=%e7%bd%97%e6%96%af%e6%9f%b4%e5%b0%94%e5%be%b7%e5%ae%b6%e6%97%8f&FORM=IRPATC"
        }, 
        {
            "text": "罗斯战靴", 
            "displayText": "罗斯战靴", 
            "thumbnail": {
                "thumbnailUrl": "https://tse1.mm.bing.net/th?q=%e7%bd%97%e6%96%af%e6%88%98%e9%9d%b4&pid=Api&mkt=zh-CN&adlt=strict&t=1"
            }, 
            "searchLink": "https://api.cognitive.microsoft.com/api/v7/images/search?q=%e7%bd%97%e6%96%af%e6%88%98%e9%9d%b4", 
            "webSearchUrl": "https://www.bing.com/images/search?q=%e7%bd%97%e6%96%af%e6%88%98%e9%9d%b4&FORM=IRPATC"
        }, 
        {
            "text": "密斯凡德罗作品", 
            "displayText": "密斯凡德罗作品", 
            "thumbnail": {
                "thumbnailUrl": "https://tse2.mm.bing.net/th?q=%e5%af%86%e6%96%af%e5%87%a1%e5%be%b7%e7%bd%97%e4%bd%9c%e5%93%81&pid=Api&mkt=zh-CN&adlt=strict&t=1"
            }, 
            "searchLink": "https://api.cognitive.microsoft.com/api/v7/images/search?q=%e5%af%86%e6%96%af%e5%87%a1%e5%be%b7%e7%bd%97%e4%bd%9c%e5%93%81", 
            "webSearchUrl": "https://www.bing.com/images/search?q=%e5%af%86%e6%96%af%e5%87%a1%e5%be%b7%e7%bd%97%e4%bd%9c%e5%93%81&FORM=IRPATC"
        }, 
        {
            "text": "迷你罗特斯", 
            "displayText": "迷你罗特斯", 
            "thumbnail": {
                "thumbnailUrl": "https://tse3.mm.bing.net/th?q=%e8%bf%b7%e4%bd%a0%e7%bd%97%e7%89%b9%e6%96%af&pid=Api&mkt=zh-CN&adlt=strict&t=1"
            }, 
            "searchLink": "https://api.cognitive.microsoft.com/api/v7/images/search?q=%e8%bf%b7%e4%bd%a0%e7%bd%97%e7%89%b9%e6%96%af", 
            "webSearchUrl": "https://www.bing.com/images/search?q=%e8%bf%b7%e4%bd%a0%e7%bd%97%e7%89%b9%e6%96%af&FORM=IRPATC"
        }, 
        {
            "text": "罗伊斯发型", 
            "displayText": "罗伊斯发型", 
            "thumbnail": {
                "thumbnailUrl": "https://tse1.mm.bing.net/th?q=%e7%bd%97%e4%bc%8a%e6%96%af%e5%8f%91%e5%9e%8b&pid=Api&mkt=zh-CN&adlt=strict&t=1"
            }, 
            "searchLink": "https://api.cognitive.microsoft.com/api/v7/images/search?q=%e7%bd%97%e4%bc%8a%e6%96%af%e5%8f%91%e5%9e%8b", 
            "webSearchUrl": "https://www.bing.com/images/search?q=%e7%bd%97%e4%bc%8a%e6%96%af%e5%8f%91%e5%9e%8b&FORM=IRPATC"
        }, 
        {
            "text": "Dnf迷你罗特斯1号", 
            "displayText": "Dnf迷你罗特斯1号", 
            "thumbnail": {
                "thumbnailUrl": "https://tse3.mm.bing.net/th?q=Dnf%e8%bf%b7%e4%bd%a0%e7%bd%97%e7%89%b9%e6%96%af1%e5%8f%b7&pid=Api&mkt=zh-CN&adlt=strict&t=1"
            }, 
            "searchLink": "https://api.cognitive.microsoft.com/api/v7/images/search?q=Dnf%e8%bf%b7%e4%bd%a0%e7%bd%97%e7%89%b9%e6%96%af1%e5%8f%b7", 
            "webSearchUrl": "https://www.bing.com/images/search?q=Dnf%e8%bf%b7%e4%bd%a0%e7%bd%97%e7%89%b9%e6%96%af1%e5%8f%b7&FORM=IRPATC"
        }, 
        {
            "text": "迷你罗特斯1号", 
            "displayText": "迷你罗特斯1号", 
            "thumbnail": {
                "thumbnailUrl": "https://tse3.mm.bing.net/th?q=%e8%bf%b7%e4%bd%a0%e7%bd%97%e7%89%b9%e6%96%af1%e5%8f%b7&pid=Api&mkt=zh-CN&adlt=strict&t=1"
            }, 
            "searchLink": "https://api.cognitive.microsoft.com/api/v7/images/search?q=%e8%bf%b7%e4%bd%a0%e7%bd%97%e7%89%b9%e6%96%af1%e5%8f%b7", 
            "webSearchUrl": "https://www.bing.com/images/search?q=%e8%bf%b7%e4%bd%a0%e7%bd%97%e7%89%b9%e6%96%af1%e5%8f%b7&FORM=IRPATC"
        }
    ]
}