{
    "instrumentation": {
        "_type": "ResponseInstrumentation"
    }, 
    "_type": "Images", 
    "webSearchUrl": "https://www.bing.com/images/search?q=site:(thepaper.cn or chinadaily.com.cn or china.com.cn or chinanews.com or youth.cn or sina.com.cn or xinhuanet.com or cri.cn or 163.com or cankaoxiaoxi.com or cctv.com or ifeng.com or qq.com or takungpao.com or people.com.cn or southcn.com or southcn.com or cnr.cn or people.com.cn or cyol.com or bjnews.com.cn or gmw.cn or dahe.cn or xfrb.com.cn or cqnews.net or lifeweek.com.cn or cpd.com.cn or haiwainet.cn or yidianzixun.com or ftchinese.com or guancha.cn or zhcw.com or huanqiu.com or ihuawen.com or nytimes.com or flickr.com or quanjing.com or vcg.com or gettyimages.co.uk or paixin.com) 杰克 补充 说 遇到 严重 问题&FORM=OIIARP", 
    "value": [
        {
            "contentUrl": "http://img5.cache.netease.com/sports/2013/3/12/201303120923448eb58.jpg", 
            "insightsMetadata": {
                "pagesIncludingCount": 3, 
                "availableSizesCount": 1
            }, 
            "height": 310, 
            "accentColor": "AE1D48", 
            "hostPageDisplayUrl": "run.sports.163.com/13/0312/09/8PONH48M000509NH.html", 
            "name": "马拉松比赛进食策略:每15分钟补充1次不宜吃太多_网易体育", 
            "width": 500, 
            "imageInsightsToken": "ccid_x66SNRCa*mid_6C5EB9AAA7B6E6FB5ACA2A076DF1F0EED4F5F3E6*simid_608041903235862160*thid_OIP.x66SNRCah0uFhpEY2OdOUAHaEl", 
            "imageId": "6C5EB9AAA7B6E6FB5ACA2A076DF1F0EED4F5F3E6", 
            "isFamilyFriendly": true, 
            "datePublished": "2013-03-12T01:37:00.0000000Z", 
            "encodingFormat": "jpeg", 
            "webSearchUrl": "https://www.bing.com/images/search?view=detailv2&FORM=OIIRPO&q=site%3a(thepaper.cn+or+chinadaily.com.cn+or+china.com.cn+or+chinanews.com+or+youth.cn+or+sina.com.cn+or+xinhuanet.com+or+cri.cn+or+163.com+or+cankaoxiaoxi.com+or+cctv.com+or+ifeng.com+or+qq.com+or+takungpao.com+or+people.com.cn+or+southcn.com+or+southcn.com+or+cnr.cn+or+people.com.cn+or+cyol.com+or+bjnews.com.cn+or+gmw.cn+or+dahe.cn+or+xfrb.com.cn+or+cqnews.net+or+lifeweek.com.cn+or+cpd.com.cn+or+haiwainet.cn+or+yidianzixun.com+or+ftchinese.com+or+guancha.cn+or+zhcw.com+or+huanqiu.com+or+ihuawen.com+or+nytimes.com+or+flickr.com+or+quanjing.com+or+vcg.com+or+gettyimages.co.uk+or+paixin.com)+%e6%9d%b0%e5%85%8b+%e8%a1%a5%e5%85%85+%e8%af%b4+%e9%81%87%e5%88%b0+%e4%b8%a5%e9%87%8d+%e9%97%ae%e9%a2%98&id=6C5EB9AAA7B6E6FB5ACA2A076DF1F0EED4F5F3E6&simid=608041903235862160", 
            "hostPageUrl": "http://run.sports.163.com/13/0312/09/8PONH48M000509NH.html", 
            "thumbnailUrl": "https://tse3.mm.bing.net/th?id=OIP.x66SNRCah0uFhpEY2OdOUAHaEl&pid=Api", 
            "thumbnail": {
                "width": 474, 
                "height": 293
            }, 
            "contentSize": "20194 B"
        }, 
        {
            "contentUrl": "http://cache.house.sina.com.cn/infodichan/dichanpic/b1/5e/b51e2c75efb90bc7a851d62473045860.jpg", 
            "insightsMetadata": {
                "pagesIncludingCount": 1, 
                "availableSizesCount": 1
            }, 
            "height": 434, 
            "accentColor": "344566", 
            "hostPageDisplayUrl": "news.dichan.sina.com.cn/2016/07/15/1204475.html", 
            "name": "对话：渗漏治理案例解析及答疑_新浪地产网", 
            "width": 500, 
            "imageInsightsToken": "ccid_WxshuFVe*mid_0218BF760BE902302BCDB6931016151EAC35BBF6*simid_608019148466751508*thid_OIP.WxshuFVesheZFFy9SK6JZgHaGb", 
            "imageId": "0218BF760BE902302BCDB6931016151EAC35BBF6", 
            "isFamilyFriendly": true, 
            "datePublished": "2018-11-10T19:03:00.0000000Z", 
            "encodingFormat": "jpeg", 
            "webSearchUrl": "https://www.bing.com/images/search?view=detailv2&FORM=OIIRPO&q=site%3a(thepaper.cn+or+chinadaily.com.cn+or+china.com.cn+or+chinanews.com+or+youth.cn+or+sina.com.cn+or+xinhuanet.com+or+cri.cn+or+163.com+or+cankaoxiaoxi.com+or+cctv.com+or+ifeng.com+or+qq.com+or+takungpao.com+or+people.com.cn+or+southcn.com+or+southcn.com+or+cnr.cn+or+people.com.cn+or+cyol.com+or+bjnews.com.cn+or+gmw.cn+or+dahe.cn+or+xfrb.com.cn+or+cqnews.net+or+lifeweek.com.cn+or+cpd.com.cn+or+haiwainet.cn+or+yidianzixun.com+or+ftchinese.com+or+guancha.cn+or+zhcw.com+or+huanqiu.com+or+ihuawen.com+or+nytimes.com+or+flickr.com+or+quanjing.com+or+vcg.com+or+gettyimages.co.uk+or+paixin.com)+%e6%9d%b0%e5%85%8b+%e8%a1%a5%e5%85%85+%e8%af%b4+%e9%81%87%e5%88%b0+%e4%b8%a5%e9%87%8d+%e9%97%ae%e9%a2%98&id=0218BF760BE902302BCDB6931016151EAC35BBF6&simid=608019148466751508", 
            "hostPageUrl": "http://news.dichan.sina.com.cn/2016/07/15/1204475.html", 
            "thumbnailUrl": "https://tse4.mm.bing.net/th?id=OIP.WxshuFVesheZFFy9SK6JZgHaGb&pid=Api", 
            "thumbnail": {
                "width": 474, 
                "height": 411
            }, 
            "contentSize": "36746 B"
        }, 
        {
            "contentUrl": "http://p0.ifengimg.com/pmop/2017/0823/B248A8EA936C324941D0A987D685AE006A4689BE_size449_w560_h315.gif", 
            "insightsMetadata": {
                "pagesIncludingCount": 1, 
                "availableSizesCount": 1
            }, 
            "height": 315, 
            "proxyContentUrl": "https://tse4.mm.bing.net/th?id=OGC.c95d549e6eeba41dd9b80702719b10b0&pid=Api&rurl=http%3a%2f%2fp0.ifengimg.com%2fpmop%2f2017%2f0823%2fB248A8EA936C324941D0A987D685AE006A4689BE_size449_w560_h315.gif&ehk=NfobeO4OPtf%2fAWAHaZfASw", 
            "hostPageDisplayUrl": "news.ifeng.com/a/20170823/51733106_0.shtml", 
            "name": "注意！台州人最爱吃的海鲜发现了寄生虫！最全食用海鲜攻略 ...", 
            "width": 560, 
            "imageInsightsToken": "ccid_yV1Unm7r*mid_7CDBBDAE2D0864BAF05368893D61E252F714D994*simid_608043767220471490*thid_OIP.yV1Unm7rpB3ZuAcCcZsQsAHaEK", 
            "imageId": "7CDBBDAE2D0864BAF05368893D61E252F714D994", 
            "isFamilyFriendly": true, 
            "datePublished": "2017-11-11T10:01:00.0000000Z", 
            "encodingFormat": "animatedgif", 
            "webSearchUrl": "https://www.bing.com/images/search?view=detailv2&FORM=OIIRPO&q=site%3a(thepaper.cn+or+chinadaily.com.cn+or+china.com.cn+or+chinanews.com+or+youth.cn+or+sina.com.cn+or+xinhuanet.com+or+cri.cn+or+163.com+or+cankaoxiaoxi.com+or+cctv.com+or+ifeng.com+or+qq.com+or+takungpao.com+or+people.com.cn+or+southcn.com+or+southcn.com+or+cnr.cn+or+people.com.cn+or+cyol.com+or+bjnews.com.cn+or+gmw.cn+or+dahe.cn+or+xfrb.com.cn+or+cqnews.net+or+lifeweek.com.cn+or+cpd.com.cn+or+haiwainet.cn+or+yidianzixun.com+or+ftchinese.com+or+guancha.cn+or+zhcw.com+or+huanqiu.com+or+ihuawen.com+or+nytimes.com+or+flickr.com+or+quanjing.com+or+vcg.com+or+gettyimages.co.uk+or+paixin.com)+%e6%9d%b0%e5%85%8b+%e8%a1%a5%e5%85%85+%e8%af%b4+%e9%81%87%e5%88%b0+%e4%b8%a5%e9%87%8d+%e9%97%ae%e9%a2%98&id=7CDBBDAE2D0864BAF05368893D61E252F714D994&simid=608043767220471490", 
            "hostPageUrl": "http://news.ifeng.com/a/20170823/51733106_0.shtml", 
            "accentColor": "02163E", 
            "thumbnailUrl": "https://tse1.mm.bing.net/th?id=OIP.yV1Unm7rpB3ZuAcCcZsQsAHaEK&pid=Api", 
            "thumbnail": {
                "width": 474, 
                "height": 266
            }, 
            "contentSize": "460414 B"
        }, 
        {
            "contentUrl": "http://img1.gtimg.com/fashion/pics/hv1/215/254/2127/138373160.jpg", 
            "insightsMetadata": {
                "pagesIncludingCount": 1, 
                "availableSizesCount": 1
            }, 
            "height": 225, 
            "accentColor": "A44E27", 
            "hostPageDisplayUrl": "fashion.qq.com/a/20160918/006597.htm", 
            "name": "你年纪轻轻 为何独得脱发恩宠？_时尚_腾讯网", 
            "width": 396, 
            "imageInsightsToken": "ccid_bhxj1Svj*mid_E496C0D0513ECD0BB87DE4B123E5AE6BEA7A6E4F*simid_608017125538270630*thid_OIP.bhxj1SvjvW6atvi6emDzbwAAAA", 
            "imageId": "E496C0D0513ECD0BB87DE4B123E5AE6BEA7A6E4F", 
            "isFamilyFriendly": true, 
            "datePublished": "2018-08-10T06:11:00.0000000Z", 
            "encodingFormat": "jpeg", 
            "webSearchUrl": "https://www.bing.com/images/search?view=detailv2&FORM=OIIRPO&q=site%3a(thepaper.cn+or+chinadaily.com.cn+or+china.com.cn+or+chinanews.com+or+youth.cn+or+sina.com.cn+or+xinhuanet.com+or+cri.cn+or+163.com+or+cankaoxiaoxi.com+or+cctv.com+or+ifeng.com+or+qq.com+or+takungpao.com+or+people.com.cn+or+southcn.com+or+southcn.com+or+cnr.cn+or+people.com.cn+or+cyol.com+or+bjnews.com.cn+or+gmw.cn+or+dahe.cn+or+xfrb.com.cn+or+cqnews.net+or+lifeweek.com.cn+or+cpd.com.cn+or+haiwainet.cn+or+yidianzixun.com+or+ftchinese.com+or+guancha.cn+or+zhcw.com+or+huanqiu.com+or+ihuawen.com+or+nytimes.com+or+flickr.com+or+quanjing.com+or+vcg.com+or+gettyimages.co.uk+or+paixin.com)+%e6%9d%b0%e5%85%8b+%e8%a1%a5%e5%85%85+%e8%af%b4+%e9%81%87%e5%88%b0+%e4%b8%a5%e9%87%8d+%e9%97%ae%e9%a2%98&id=E496C0D0513ECD0BB87DE4B123E5AE6BEA7A6E4F&simid=608017125538270630", 
            "hostPageUrl": "http://fashion.qq.com/a/20160918/006597.htm", 
            "thumbnailUrl": "https://tse1.mm.bing.net/th?id=OIP.bhxj1SvjvW6atvi6emDzbwAAAA&pid=Api", 
            "thumbnail": {
                "width": 396, 
                "height": 225
            }, 
            "contentSize": "10073 B"
        }, 
        {
            "contentUrl": "http://himg2.huanqiu.com/attachment2010/2017/0420/20170420095141789.png", 
            "insightsMetadata": {
                "pagesIncludingCount": 2, 
                "availableSizesCount": 1
            }, 
            "height": 491, 
            "accentColor": "955B36", 
            "hostPageDisplayUrl": "women.huanqiu.com/beauty/2017-04/10508446.html", 
            "name": "谢娜上综艺头发被说太黑亮？又一个美发界大拿横空出世！_女人 ...", 
            "width": 588, 
            "imageInsightsToken": "ccid_nHVwQFx+*mid_94BA8A720A009ACE79E2EA24024101E79ABA530B*simid_607999524770153840*thid_OIP.nHVwQFx-q-Sg-!_OdF7C74QHaGL", 
            "imageId": "94BA8A720A009ACE79E2EA24024101E79ABA530B", 
            "isFamilyFriendly": true, 
            "datePublished": "2018-11-09T19:39:00.0000000Z", 
            "encodingFormat": "png", 
            "webSearchUrl": "https://www.bing.com/images/search?view=detailv2&FORM=OIIRPO&q=site%3a(thepaper.cn+or+chinadaily.com.cn+or+china.com.cn+or+chinanews.com+or+youth.cn+or+sina.com.cn+or+xinhuanet.com+or+cri.cn+or+163.com+or+cankaoxiaoxi.com+or+cctv.com+or+ifeng.com+or+qq.com+or+takungpao.com+or+people.com.cn+or+southcn.com+or+southcn.com+or+cnr.cn+or+people.com.cn+or+cyol.com+or+bjnews.com.cn+or+gmw.cn+or+dahe.cn+or+xfrb.com.cn+or+cqnews.net+or+lifeweek.com.cn+or+cpd.com.cn+or+haiwainet.cn+or+yidianzixun.com+or+ftchinese.com+or+guancha.cn+or+zhcw.com+or+huanqiu.com+or+ihuawen.com+or+nytimes.com+or+flickr.com+or+quanjing.com+or+vcg.com+or+gettyimages.co.uk+or+paixin.com)+%e6%9d%b0%e5%85%8b+%e8%a1%a5%e5%85%85+%e8%af%b4+%e9%81%87%e5%88%b0+%e4%b8%a5%e9%87%8d+%e9%97%ae%e9%a2%98&id=94BA8A720A009ACE79E2EA24024101E79ABA530B&simid=607999524770153840", 
            "hostPageUrl": "http://women.huanqiu.com/beauty/2017-04/10508446.html", 
            "thumbnailUrl": "https://tse1.mm.bing.net/th?id=OIP.nHVwQFx-q-Sg-_OdF7C74QHaGL&pid=Api", 
            "thumbnail": {
                "width": 474, 
                "height": 395
            }, 
            "contentSize": "336233 B"
        }, 
        {
            "contentUrl": "https://10.url.cn/qqke_course_info/ajNVdqHZLLA9m5mKkeI1fn5zSe0FrP7wNaHqmtuWFVNZaLD6UykSBqePKV1WmjVWhmfUVnic3ic2M/", 
            "insightsMetadata": {
                "pagesIncludingCount": 1, 
                "availableSizesCount": 1
            }, 
            "height": 440, 
            "accentColor": "C10A19", 
            "hostPageDisplayUrl": "https://ke.qq.com/course/266834", 
            "name": "提高孩子学习成绩，从这三个方面入手_腾讯课堂", 
            "width": 700, 
            "imageInsightsToken": "ccid_yTY+tOtA*mid_1CDE6286666F54014FFBB2BB41C1E360119EB13A*simid_608052528930816525*thid_OIP.yTY-tOtANI2X2RwK8bKuXgHaEp", 
            "imageId": "1CDE6286666F54014FFBB2BB41C1E360119EB13A", 
            "isFamilyFriendly": true, 
            "datePublished": "2018-11-03T17:59:00.0000000Z", 
            "encodingFormat": "jpeg", 
            "webSearchUrl": "https://www.bing.com/images/search?view=detailv2&FORM=OIIRPO&q=site%3a(thepaper.cn+or+chinadaily.com.cn+or+china.com.cn+or+chinanews.com+or+youth.cn+or+sina.com.cn+or+xinhuanet.com+or+cri.cn+or+163.com+or+cankaoxiaoxi.com+or+cctv.com+or+ifeng.com+or+qq.com+or+takungpao.com+or+people.com.cn+or+southcn.com+or+southcn.com+or+cnr.cn+or+people.com.cn+or+cyol.com+or+bjnews.com.cn+or+gmw.cn+or+dahe.cn+or+xfrb.com.cn+or+cqnews.net+or+lifeweek.com.cn+or+cpd.com.cn+or+haiwainet.cn+or+yidianzixun.com+or+ftchinese.com+or+guancha.cn+or+zhcw.com+or+huanqiu.com+or+ihuawen.com+or+nytimes.com+or+flickr.com+or+quanjing.com+or+vcg.com+or+gettyimages.co.uk+or+paixin.com)+%e6%9d%b0%e5%85%8b+%e8%a1%a5%e5%85%85+%e8%af%b4+%e9%81%87%e5%88%b0+%e4%b8%a5%e9%87%8d+%e9%97%ae%e9%a2%98&id=1CDE6286666F54014FFBB2BB41C1E360119EB13A&simid=608052528930816525", 
            "hostPageUrl": "https://ke.qq.com/course/266834", 
            "thumbnailUrl": "https://tse4.mm.bing.net/th?id=OIP.yTY-tOtANI2X2RwK8bKuXgHaEp&pid=Api", 
            "thumbnail": {
                "width": 474, 
                "height": 297
            }, 
            "contentSize": "102038 B"
        }, 
        {
            "contentUrl": "http://n.sinaimg.cn/fashion/crawl/20170419/1KLB-fyepses6989085.jpg", 
            "insightsMetadata": {
                "pagesIncludingCount": 2, 
                "availableSizesCount": 2
            }, 
            "height": 547, 
            "accentColor": "945C37", 
            "hostPageDisplayUrl": "fashion.sina.com.cn/b/ha/2017-04-20/1619/doc...", 
            "name": "谢娜被夸头发太黑亮 又一个美发界大拿横空出世|谢娜|头发|护发 ...", 
            "width": 550, 
            "imageInsightsToken": "ccid_mtCcg+Bp*mid_77196086683EC569823EA555D234E6B9F775634E*simid_608052193933395594*thid_OIP.mtCcg-BpQfIHjeU1tRZEMwHaHX", 
            "imageId": "77196086683EC569823EA555D234E6B9F775634E", 
            "isFamilyFriendly": true, 
            "datePublished": "2017-04-20T14:20:00.0000000Z", 
            "encodingFormat": "jpeg", 
            "webSearchUrl": "https://www.bing.com/images/search?view=detailv2&FORM=OIIRPO&q=site%3a(thepaper.cn+or+chinadaily.com.cn+or+china.com.cn+or+chinanews.com+or+youth.cn+or+sina.com.cn+or+xinhuanet.com+or+cri.cn+or+163.com+or+cankaoxiaoxi.com+or+cctv.com+or+ifeng.com+or+qq.com+or+takungpao.com+or+people.com.cn+or+southcn.com+or+southcn.com+or+cnr.cn+or+people.com.cn+or+cyol.com+or+bjnews.com.cn+or+gmw.cn+or+dahe.cn+or+xfrb.com.cn+or+cqnews.net+or+lifeweek.com.cn+or+cpd.com.cn+or+haiwainet.cn+or+yidianzixun.com+or+ftchinese.com+or+guancha.cn+or+zhcw.com+or+huanqiu.com+or+ihuawen.com+or+nytimes.com+or+flickr.com+or+quanjing.com+or+vcg.com+or+gettyimages.co.uk+or+paixin.com)+%e6%9d%b0%e5%85%8b+%e8%a1%a5%e5%85%85+%e8%af%b4+%e9%81%87%e5%88%b0+%e4%b8%a5%e9%87%8d+%e9%97%ae%e9%a2%98&id=77196086683EC569823EA555D234E6B9F775634E&simid=608052193933395594", 
            "hostPageUrl": "http://fashion.sina.com.cn/b/ha/2017-04-20/1619/doc-ifyeimqc4803013.shtml", 
            "thumbnailUrl": "https://tse1.mm.bing.net/th?id=OIP.mtCcg-BpQfIHjeU1tRZEMwHaHX&pid=Api", 
            "thumbnail": {
                "width": 474, 
                "height": 471
            }, 
            "contentSize": "38877 B"
        }, 
        {
            "contentUrl": "http://news.youth.cn/jsxw/201706/W020170611316637098689.jpg", 
            "insightsMetadata": {
                "pagesIncludingCount": 2, 
                "availableSizesCount": 1
            }, 
            "height": 599, 
            "accentColor": "942E42", 
            "hostPageDisplayUrl": "news.youth.cn/jsxw/201706/t20170611_10034934.htm", 
            "name": "王勇强:严谨,让他迈过一道道难关_新闻频道_中国青年网", 
            "width": 500, 
            "imageInsightsToken": "ccid_vKaQTwcr*mid_695FE8DD3907DCCEF6D8229EF35A4F07E679CED3*simid_608003081000060282*thid_OIP.vKaQTwcryfOEeaaGdJ9uNAHaI3", 
            "imageId": "695FE8DD3907DCCEF6D8229EF35A4F07E679CED3", 
            "isFamilyFriendly": true, 
            "datePublished": "2017-06-11T01:53:00.0000000Z", 
            "encodingFormat": "jpeg", 
            "webSearchUrl": "https://www.bing.com/images/search?view=detailv2&FORM=OIIRPO&q=site%3a(thepaper.cn+or+chinadaily.com.cn+or+china.com.cn+or+chinanews.com+or+youth.cn+or+sina.com.cn+or+xinhuanet.com+or+cri.cn+or+163.com+or+cankaoxiaoxi.com+or+cctv.com+or+ifeng.com+or+qq.com+or+takungpao.com+or+people.com.cn+or+southcn.com+or+southcn.com+or+cnr.cn+or+people.com.cn+or+cyol.com+or+bjnews.com.cn+or+gmw.cn+or+dahe.cn+or+xfrb.com.cn+or+cqnews.net+or+lifeweek.com.cn+or+cpd.com.cn+or+haiwainet.cn+or+yidianzixun.com+or+ftchinese.com+or+guancha.cn+or+zhcw.com+or+huanqiu.com+or+ihuawen.com+or+nytimes.com+or+flickr.com+or+quanjing.com+or+vcg.com+or+gettyimages.co.uk+or+paixin.com)+%e6%9d%b0%e5%85%8b+%e8%a1%a5%e5%85%85+%e8%af%b4+%e9%81%87%e5%88%b0+%e4%b8%a5%e9%87%8d+%e9%97%ae%e9%a2%98&id=695FE8DD3907DCCEF6D8229EF35A4F07E679CED3&simid=608003081000060282", 
            "hostPageUrl": "http://news.youth.cn/jsxw/201706/t20170611_10034934.htm", 
            "thumbnailUrl": "https://tse3.mm.bing.net/th?id=OIP.vKaQTwcryfOEeaaGdJ9uNAHaI3&pid=Api", 
            "thumbnail": {
                "width": 474, 
                "height": 567
            }, 
            "contentSize": "92316 B"
        }, 
        {
            "contentUrl": "http://img1.gtimg.com/comic/pics/hv1/238/91/1284/83515543.jpg", 
            "insightsMetadata": {
                "pagesIncludingCount": 2, 
                "availableSizesCount": 1
            }, 
            "height": 550, 
            "accentColor": "646467", 
            "hostPageDisplayUrl": "comic.qq.com/a/20130316/000006_all.htm", 
            "name": "欢迎来到《行尸走肉INCHINA》, 这不是美剧！_动漫_腾讯网", 
            "width": 388, 
            "imageInsightsToken": "ccid_sUKnXGFD*mid_0CE1CF555C6F6345C5C482E14FFD8C425CE14F47*simid_608043878880904956*thid_OIP.sUKnXGFDJfp55!_3pCEzKOAAAAA", 
            "imageId": "0CE1CF555C6F6345C5C482E14FFD8C425CE14F47", 
            "isFamilyFriendly": true, 
            "datePublished": "2014-01-11T10:31:00.0000000Z", 
            "encodingFormat": "jpeg", 
            "webSearchUrl": "https://www.bing.com/images/search?view=detailv2&FORM=OIIRPO&q=site%3a(thepaper.cn+or+chinadaily.com.cn+or+china.com.cn+or+chinanews.com+or+youth.cn+or+sina.com.cn+or+xinhuanet.com+or+cri.cn+or+163.com+or+cankaoxiaoxi.com+or+cctv.com+or+ifeng.com+or+qq.com+or+takungpao.com+or+people.com.cn+or+southcn.com+or+southcn.com+or+cnr.cn+or+people.com.cn+or+cyol.com+or+bjnews.com.cn+or+gmw.cn+or+dahe.cn+or+xfrb.com.cn+or+cqnews.net+or+lifeweek.com.cn+or+cpd.com.cn+or+haiwainet.cn+or+yidianzixun.com+or+ftchinese.com+or+guancha.cn+or+zhcw.com+or+huanqiu.com+or+ihuawen.com+or+nytimes.com+or+flickr.com+or+quanjing.com+or+vcg.com+or+gettyimages.co.uk+or+paixin.com)+%e6%9d%b0%e5%85%8b+%e8%a1%a5%e5%85%85+%e8%af%b4+%e9%81%87%e5%88%b0+%e4%b8%a5%e9%87%8d+%e9%97%ae%e9%a2%98&id=0CE1CF555C6F6345C5C482E14FFD8C425CE14F47&simid=608043878880904956", 
            "hostPageUrl": "http://comic.qq.com/a/20130316/000006_all.htm", 
            "thumbnailUrl": "https://tse2.mm.bing.net/th?id=OIP.sUKnXGFDJfp55_3pCEzKOAAAAA&pid=Api", 
            "thumbnail": {
                "width": 388, 
                "height": 550
            }, 
            "contentSize": "65470 B"
        }, 
        {
            "contentUrl": "http://img1.gtimg.com/fashion/pics/hv1/216/254/2127/138373161.jpg", 
            "insightsMetadata": {
                "pagesIncludingCount": 3, 
                "availableSizesCount": 1
            }, 
            "height": 547, 
            "accentColor": "8F3C3C", 
            "hostPageDisplayUrl": "fashion.qq.com/a/20160918/006597.htm", 
            "name": "你年纪轻轻 为何独得脱发恩宠？_时尚_腾讯网", 
            "width": 564, 
            "imageInsightsToken": "ccid_EhwrdVtr*mid_E496C0D0513ECD0BB87D30D3064EE0C58B809432*simid_608000662937862984*thid_OIP.EhwrdVtrgwTZ7sZ7U-bK2gHaHL", 
            "imageId": "E496C0D0513ECD0BB87D30D3064EE0C58B809432", 
            "isFamilyFriendly": true, 
            "datePublished": "2016-09-24T01:37:00.0000000Z", 
            "encodingFormat": "jpeg", 
            "webSearchUrl": "https://www.bing.com/images/search?view=detailv2&FORM=OIIRPO&q=site%3a(thepaper.cn+or+chinadaily.com.cn+or+china.com.cn+or+chinanews.com+or+youth.cn+or+sina.com.cn+or+xinhuanet.com+or+cri.cn+or+163.com+or+cankaoxiaoxi.com+or+cctv.com+or+ifeng.com+or+qq.com+or+takungpao.com+or+people.com.cn+or+southcn.com+or+southcn.com+or+cnr.cn+or+people.com.cn+or+cyol.com+or+bjnews.com.cn+or+gmw.cn+or+dahe.cn+or+xfrb.com.cn+or+cqnews.net+or+lifeweek.com.cn+or+cpd.com.cn+or+haiwainet.cn+or+yidianzixun.com+or+ftchinese.com+or+guancha.cn+or+zhcw.com+or+huanqiu.com+or+ihuawen.com+or+nytimes.com+or+flickr.com+or+quanjing.com+or+vcg.com+or+gettyimages.co.uk+or+paixin.com)+%e6%9d%b0%e5%85%8b+%e8%a1%a5%e5%85%85+%e8%af%b4+%e9%81%87%e5%88%b0+%e4%b8%a5%e9%87%8d+%e9%97%ae%e9%a2%98&id=E496C0D0513ECD0BB87D30D3064EE0C58B809432&simid=608000662937862984", 
            "hostPageUrl": "http://fashion.qq.com/a/20160918/006597.htm", 
            "thumbnailUrl": "https://tse1.mm.bing.net/th?id=OIP.EhwrdVtrgwTZ7sZ7U-bK2gHaHL&pid=Api", 
            "thumbnail": {
                "width": 474, 
                "height": 459
            }, 
            "contentSize": "42466 B"
        }
    ], 
    "nextOffset": 10, 
    "queryContext": {
        "alterationMethod": "AM_JustChangeIt", 
        "alterationType": "CombinedAlterations", 
        "originalQuery": "site:(thepaper.cn or chinadaily.com.cn or china.com.cn or chinanews.com or youth.cn or sina.com.cn or xinhuanet.com or cri.cn or 163.com or cankaoxiaoxi.com or cctv.com or ifeng.com or qq.com or takungpao.com or people.com.cn or southcn.com or southcn.com or cnr.cn or people.com.cn or cyol.com or bjnews.com.cn or gmw.cn or dahe.cn or xfrb.com.cn or cqnews.net or lifeweek.com.cn or cpd.com.cn or haiwainet.cn or yidianzixun.com or ftchinese.com or guancha.cn or zhcw.com or huanqiu.com or ihuawen.com or nytimes.com or flickr.com or quanjing.com or vcg.com or gettyimages.co.uk or paixin.com) 杰克 补充 说 遇到 严重 问题", 
        "alterationOverrideQuery": "+site:(thepaper.cn or chinadaily.com.cn or china.com.cn or chinanews.com or youth.cn or sina.com.cn or xinhuanet.com or cri.cn or 163.com or cankaoxiaoxi.com or cctv.com or ifeng.com or qq.com or takungpao.com or people.com.cn or southcn.com or southcn.com or cnr.cn or people.com.cn or cyol.com or bjnews.com.cn or gmw.cn or dahe.cn or xfrb.com.cn or cqnews.net or lifeweek.com.cn or cpd.com.cn or haiwainet.cn or yidianzixun.com or ftchinese.com or guancha.cn or zhcw.com or huanqiu.com or ihuawen.com or nytimes.com or flickr.com or quanjing.com or vcg.com or gettyimages.co.uk or paixin.com) 杰克 补充 说 遇到 严重 问题", 
        "alterationDisplayQuery": "杰克 补充 说 遇到 严重 错误"
    }, 
    "currentOffset": 0, 
    "readLink": "images/search?q=site:(thepaper.cn or chinadaily.com.cn or china.com.cn or chinanews.com or youth.cn or sina.com.cn or xinhuanet.com or cri.cn or 163.com or cankaoxiaoxi.com or cctv.com or ifeng.com or qq.com or takungpao.com or people.com.cn or southcn.com or southcn.com or cnr.cn or people.com.cn or cyol.com or bjnews.com.cn or gmw.cn or dahe.cn or xfrb.com.cn or cqnews.net or lifeweek.com.cn or cpd.com.cn or haiwainet.cn or yidianzixun.com or ftchinese.com or guancha.cn or zhcw.com or huanqiu.com or ihuawen.com or nytimes.com or flickr.com or quanjing.com or vcg.com or gettyimages.co.uk or paixin.com) 杰克 补充 说 遇到 严重 问题", 
    "totalEstimatedMatches": 10
}