{
    "instrumentation": {
        "_type": "ResponseInstrumentation"
    }, 
    "_type": "Images", 
    "webSearchUrl": "https://www.bing.com/images/search?q=site:(thepaper.cn or chinadaily.com.cn or china.com.cn or chinanews.com or youth.cn or sina.com.cn or xinhuanet.com or cri.cn or 163.com or cankaoxiaoxi.com or cctv.com or ifeng.com or qq.com or takungpao.com or people.com.cn or southcn.com or southcn.com or cnr.cn or people.com.cn or cyol.com or bjnews.com.cn or gmw.cn or dahe.cn or xfrb.com.cn or cqnews.net or lifeweek.com.cn or cpd.com.cn or haiwainet.cn or yidianzixun.com or ftchinese.com or guancha.cn or zhcw.com or huanqiu.com or ihuawen.com or nytimes.com or flickr.com or quanjing.com or vcg.com or gettyimages.co.uk or paixin.com) 认为 真的 走 杰克 说&FORM=OIIARP", 
    "value": [
        {
            "contentUrl": "http://img1.gtimg.com/ent/pics/19020/19020127.jpg", 
            "insightsMetadata": {
                "pagesIncludingCount": 2, 
                "availableSizesCount": 1
            }, 
            "height": 708, 
            "accentColor": "A9222C", 
            "hostPageDisplayUrl": "ent.qq.com/a/20090708/000473_6.htm", 
            "name": "迈克尔·杰克时尚50面——杰克逊最全时尚注解_欧美_娱乐_腾讯网", 
            "width": 500, 
            "imageInsightsToken": "ccid_4b8ichg0*mid_2C53325C3CF6B4FBED8E3C8EDF784A9E40AAEA10*simid_608030689069237758*thid_OIP.4b8ichg0BxYldureYrhupAHaKf", 
            "imageId": "2C53325C3CF6B4FBED8E3C8EDF784A9E40AAEA10", 
            "isFamilyFriendly": true, 
            "datePublished": "2018-05-21T01:56:00.0000000Z", 
            "encodingFormat": "jpeg", 
            "webSearchUrl": "https://www.bing.com/images/search?view=detailv2&FORM=OIIRPO&q=site%3a(thepaper.cn+or+chinadaily.com.cn+or+china.com.cn+or+chinanews.com+or+youth.cn+or+sina.com.cn+or+xinhuanet.com+or+cri.cn+or+163.com+or+cankaoxiaoxi.com+or+cctv.com+or+ifeng.com+or+qq.com+or+takungpao.com+or+people.com.cn+or+southcn.com+or+southcn.com+or+cnr.cn+or+people.com.cn+or+cyol.com+or+bjnews.com.cn+or+gmw.cn+or+dahe.cn+or+xfrb.com.cn+or+cqnews.net+or+lifeweek.com.cn+or+cpd.com.cn+or+haiwainet.cn+or+yidianzixun.com+or+ftchinese.com+or+guancha.cn+or+zhcw.com+or+huanqiu.com+or+ihuawen.com+or+nytimes.com+or+flickr.com+or+quanjing.com+or+vcg.com+or+gettyimages.co.uk+or+paixin.com)+%e8%ae%a4%e4%b8%ba+%e7%9c%9f%e7%9a%84+%e8%b5%b0+%e6%9d%b0%e5%85%8b+%e8%af%b4&id=2C53325C3CF6B4FBED8E3C8EDF784A9E40AAEA10&simid=608030689069237758", 
            "hostPageUrl": "http://ent.qq.com/a/20090708/000473_6.htm", 
            "thumbnailUrl": "https://tse4.mm.bing.net/th?id=OIP.4b8ichg0BxYldureYrhupAHaKf&pid=Api", 
            "thumbnail": {
                "width": 474, 
                "height": 671
            }, 
            "contentSize": "43192 B"
        }, 
        {
            "contentUrl": "http://i3.sinaimg.cn/gm/2012/0718/U4726P115DT20120718101241.jpg", 
            "insightsMetadata": {
                "pagesIncludingCount": 2, 
                "availableSizesCount": 2
            }, 
            "height": 328, 
            "accentColor": "728843", 
            "hostPageDisplayUrl": "games.sina.com.cn/t/n/2012-07-18/1014637161.shtml", 
            "name": "微软扣费太便捷 儿子玩游戏老子买单_电视游戏_新浪游戏_新浪网", 
            "width": 550, 
            "imageInsightsToken": "ccid_gNDSSEMg*mid_9AD4D896C7AB72BCAE4740CC5CF7C83EE63858A3*simid_607999494708004633*thid_OIP.gNDSSEMgIvCBPY89PdMVAgHaEa", 
            "imageId": "9AD4D896C7AB72BCAE4740CC5CF7C83EE63858A3", 
            "isFamilyFriendly": true, 
            "datePublished": "2012-07-18T02:27:00.0000000Z", 
            "encodingFormat": "jpeg", 
            "webSearchUrl": "https://www.bing.com/images/search?view=detailv2&FORM=OIIRPO&q=site%3a(thepaper.cn+or+chinadaily.com.cn+or+china.com.cn+or+chinanews.com+or+youth.cn+or+sina.com.cn+or+xinhuanet.com+or+cri.cn+or+163.com+or+cankaoxiaoxi.com+or+cctv.com+or+ifeng.com+or+qq.com+or+takungpao.com+or+people.com.cn+or+southcn.com+or+southcn.com+or+cnr.cn+or+people.com.cn+or+cyol.com+or+bjnews.com.cn+or+gmw.cn+or+dahe.cn+or+xfrb.com.cn+or+cqnews.net+or+lifeweek.com.cn+or+cpd.com.cn+or+haiwainet.cn+or+yidianzixun.com+or+ftchinese.com+or+guancha.cn+or+zhcw.com+or+huanqiu.com+or+ihuawen.com+or+nytimes.com+or+flickr.com+or+quanjing.com+or+vcg.com+or+gettyimages.co.uk+or+paixin.com)+%e8%ae%a4%e4%b8%ba+%e7%9c%9f%e7%9a%84+%e8%b5%b0+%e6%9d%b0%e5%85%8b+%e8%af%b4&id=9AD4D896C7AB72BCAE4740CC5CF7C83EE63858A3&simid=607999494708004633", 
            "hostPageUrl": "http://games.sina.com.cn/t/n/2012-07-18/1014637161.shtml", 
            "thumbnailUrl": "https://tse1.mm.bing.net/th?id=OIP.gNDSSEMgIvCBPY89PdMVAgHaEa&pid=Api", 
            "thumbnail": {
                "width": 474, 
                "height": 282
            }, 
            "contentSize": "39786 B"
        }, 
        {
            "contentUrl": "http://n.sinaimg.cn/translate/20170115/hGS5-fxzqnip1233719.jpg", 
            "insightsMetadata": {
                "pagesIncludingCount": 1, 
                "availableSizesCount": 1
            }, 
            "height": 399, 
            "accentColor": "586F73", 
            "hostPageDisplayUrl": "sports.sina.com.cn/others/snooker/2017-01-16/doc...", 
            "name": "专访波茨：连赢九场打红眼 明天拿下第三冠?_台球_新浪竞技风暴 ...", 
            "width": 600, 
            "imageInsightsToken": "ccid_NgO6JXSY*mid_50B3BADF0CC0EB475FC4BF97F33F515190FC5189*simid_607995148232560393*thid_OIP.NgO6JXSYjVYSMzT0-YgcFwHaE7", 
            "imageId": "50B3BADF0CC0EB475FC4BF97F33F515190FC5189", 
            "isFamilyFriendly": true, 
            "datePublished": "2018-06-24T16:40:00.0000000Z", 
            "encodingFormat": "jpeg", 
            "webSearchUrl": "https://www.bing.com/images/search?view=detailv2&FORM=OIIRPO&q=site%3a(thepaper.cn+or+chinadaily.com.cn+or+china.com.cn+or+chinanews.com+or+youth.cn+or+sina.com.cn+or+xinhuanet.com+or+cri.cn+or+163.com+or+cankaoxiaoxi.com+or+cctv.com+or+ifeng.com+or+qq.com+or+takungpao.com+or+people.com.cn+or+southcn.com+or+southcn.com+or+cnr.cn+or+people.com.cn+or+cyol.com+or+bjnews.com.cn+or+gmw.cn+or+dahe.cn+or+xfrb.com.cn+or+cqnews.net+or+lifeweek.com.cn+or+cpd.com.cn+or+haiwainet.cn+or+yidianzixun.com+or+ftchinese.com+or+guancha.cn+or+zhcw.com+or+huanqiu.com+or+ihuawen.com+or+nytimes.com+or+flickr.com+or+quanjing.com+or+vcg.com+or+gettyimages.co.uk+or+paixin.com)+%e8%ae%a4%e4%b8%ba+%e7%9c%9f%e7%9a%84+%e8%b5%b0+%e6%9d%b0%e5%85%8b+%e8%af%b4&id=50B3BADF0CC0EB475FC4BF97F33F515190FC5189&simid=607995148232560393", 
            "hostPageUrl": "http://sports.sina.com.cn/others/snooker/2017-01-16/doc-ifxzqnva3641338.shtml", 
            "thumbnailUrl": "https://tse4.mm.bing.net/th?id=OIP.NgO6JXSYjVYSMzT0-YgcFwHaE7&pid=Api", 
            "thumbnail": {
                "width": 474, 
                "height": 315
            }, 
            "contentSize": "29998 B"
        }, 
        {
            "contentUrl": "http://img1.gtimg.com/ent/pics/19020/19020126.jpg", 
            "insightsMetadata": {
                "pagesIncludingCount": 1, 
                "availableSizesCount": 1
            }, 
            "height": 709, 
            "accentColor": "AA212B", 
            "hostPageDisplayUrl": "ent.qq.com/a/20090708/000473_6.htm", 
            "name": "迈克尔·杰克时尚50面——杰克逊最全时尚注解_欧美_娱乐_腾讯网", 
            "width": 500, 
            "imageInsightsToken": "ccid_9uRHRwPc*mid_2C53325C3CF6B4FBED8EA2DDE622471910ACBE49*simid_608040507396590963*thid_OIP.9uRHRwPc!_FGZn7JWJvJRrQHaKg", 
            "imageId": "2C53325C3CF6B4FBED8EA2DDE622471910ACBE49", 
            "isFamilyFriendly": true, 
            "datePublished": "2018-05-21T01:56:00.0000000Z", 
            "encodingFormat": "jpeg", 
            "webSearchUrl": "https://www.bing.com/images/search?view=detailv2&FORM=OIIRPO&q=site%3a(thepaper.cn+or+chinadaily.com.cn+or+china.com.cn+or+chinanews.com+or+youth.cn+or+sina.com.cn+or+xinhuanet.com+or+cri.cn+or+163.com+or+cankaoxiaoxi.com+or+cctv.com+or+ifeng.com+or+qq.com+or+takungpao.com+or+people.com.cn+or+southcn.com+or+southcn.com+or+cnr.cn+or+people.com.cn+or+cyol.com+or+bjnews.com.cn+or+gmw.cn+or+dahe.cn+or+xfrb.com.cn+or+cqnews.net+or+lifeweek.com.cn+or+cpd.com.cn+or+haiwainet.cn+or+yidianzixun.com+or+ftchinese.com+or+guancha.cn+or+zhcw.com+or+huanqiu.com+or+ihuawen.com+or+nytimes.com+or+flickr.com+or+quanjing.com+or+vcg.com+or+gettyimages.co.uk+or+paixin.com)+%e8%ae%a4%e4%b8%ba+%e7%9c%9f%e7%9a%84+%e8%b5%b0+%e6%9d%b0%e5%85%8b+%e8%af%b4&id=2C53325C3CF6B4FBED8EA2DDE622471910ACBE49&simid=608040507396590963", 
            "hostPageUrl": "http://ent.qq.com/a/20090708/000473_6.htm", 
            "thumbnailUrl": "https://tse3.mm.bing.net/th?id=OIP.9uRHRwPc_FGZn7JWJvJRrQHaKg&pid=Api", 
            "thumbnail": {
                "width": 474, 
                "height": 672
            }, 
            "contentSize": "41227 B"
        }, 
        {
            "contentUrl": "http://p0.ifengimg.com/pmop/2018/0727/0E37BBC991FEB0065EF79FEB34B98D38C9D01B37_size22_w640_h451.jpeg", 
            "insightsMetadata": {
                "pagesIncludingCount": 1, 
                "availableSizesCount": 1
            }, 
            "height": 451, 
            "accentColor": "4B1B18", 
            "hostPageDisplayUrl": "ent.ifeng.com/a/20180727/43078390_0.shtml", 
            "name": "霍思燕为什么“爱动物如命”？节目中她道出了真相_娱乐频道 ...", 
            "width": 640, 
            "imageInsightsToken": "ccid_9j+I1bm/*mid_FE11F9C9372D394BFCD873DCC488A0ADD92EEA19*simid_608040369959469119*thid_OIP.9j-I1bm!_e-TQqFF4GdkiOQHaFO", 
            "imageId": "FE11F9C9372D394BFCD873DCC488A0ADD92EEA19", 
            "isFamilyFriendly": true, 
            "datePublished": "2019-02-02T06:24:00.0000000Z", 
            "encodingFormat": "jpeg", 
            "webSearchUrl": "https://www.bing.com/images/search?view=detailv2&FORM=OIIRPO&q=site%3a(thepaper.cn+or+chinadaily.com.cn+or+china.com.cn+or+chinanews.com+or+youth.cn+or+sina.com.cn+or+xinhuanet.com+or+cri.cn+or+163.com+or+cankaoxiaoxi.com+or+cctv.com+or+ifeng.com+or+qq.com+or+takungpao.com+or+people.com.cn+or+southcn.com+or+southcn.com+or+cnr.cn+or+people.com.cn+or+cyol.com+or+bjnews.com.cn+or+gmw.cn+or+dahe.cn+or+xfrb.com.cn+or+cqnews.net+or+lifeweek.com.cn+or+cpd.com.cn+or+haiwainet.cn+or+yidianzixun.com+or+ftchinese.com+or+guancha.cn+or+zhcw.com+or+huanqiu.com+or+ihuawen.com+or+nytimes.com+or+flickr.com+or+quanjing.com+or+vcg.com+or+gettyimages.co.uk+or+paixin.com)+%e8%ae%a4%e4%b8%ba+%e7%9c%9f%e7%9a%84+%e8%b5%b0+%e6%9d%b0%e5%85%8b+%e8%af%b4&id=FE11F9C9372D394BFCD873DCC488A0ADD92EEA19&simid=608040369959469119", 
            "hostPageUrl": "http://ent.ifeng.com/a/20180727/43078390_0.shtml", 
            "thumbnailUrl": "https://tse2.mm.bing.net/th?id=OIP.9j-I1bm_e-TQqFF4GdkiOQHaFO&pid=Api", 
            "thumbnail": {
                "width": 474, 
                "height": 334
            }, 
            "contentSize": "23034 B"
        }, 
        {
            "contentUrl": "http://n.sinaimg.cn/sports/transform/257/w650h407/20180827/x5ia-hifuvph4897052.jpg", 
            "insightsMetadata": {
                "pagesIncludingCount": 2, 
                "availableSizesCount": 2
            }, 
            "height": 407, 
            "accentColor": "A0992B", 
            "hostPageDisplayUrl": "sports.sina.com.cn/basketball/nba/2018-08-28/doc...", 
            "name": "勇士最大巨头明夏要走!沃神说有N个队拿钱等着_NBA_新浪竞技风暴 ...", 
            "width": 650, 
            "imageInsightsToken": "ccid_UaE/uhvo*mid_9DAE143661550A13312D2D71F54774AB92CF7D23*simid_608022618838139753*thid_OIP.UaE!_uhvovxi2Unc2sxBUKwHaEo", 
            "imageId": "9DAE143661550A13312D2D71F54774AB92CF7D23", 
            "isFamilyFriendly": true, 
            "datePublished": "2018-08-28T01:02:00.0000000Z", 
            "encodingFormat": "jpeg", 
            "webSearchUrl": "https://www.bing.com/images/search?view=detailv2&FORM=OIIRPO&q=site%3a(thepaper.cn+or+chinadaily.com.cn+or+china.com.cn+or+chinanews.com+or+youth.cn+or+sina.com.cn+or+xinhuanet.com+or+cri.cn+or+163.com+or+cankaoxiaoxi.com+or+cctv.com+or+ifeng.com+or+qq.com+or+takungpao.com+or+people.com.cn+or+southcn.com+or+southcn.com+or+cnr.cn+or+people.com.cn+or+cyol.com+or+bjnews.com.cn+or+gmw.cn+or+dahe.cn+or+xfrb.com.cn+or+cqnews.net+or+lifeweek.com.cn+or+cpd.com.cn+or+haiwainet.cn+or+yidianzixun.com+or+ftchinese.com+or+guancha.cn+or+zhcw.com+or+huanqiu.com+or+ihuawen.com+or+nytimes.com+or+flickr.com+or+quanjing.com+or+vcg.com+or+gettyimages.co.uk+or+paixin.com)+%e8%ae%a4%e4%b8%ba+%e7%9c%9f%e7%9a%84+%e8%b5%b0+%e6%9d%b0%e5%85%8b+%e8%af%b4&id=9DAE143661550A13312D2D71F54774AB92CF7D23&simid=608022618838139753", 
            "hostPageUrl": "http://sports.sina.com.cn/basketball/nba/2018-08-28/doc-ihiixyeu0469739.shtml", 
            "thumbnailUrl": "https://tse1.mm.bing.net/th?id=OIP.UaE_uhvovxi2Unc2sxBUKwHaEo&pid=Api", 
            "thumbnail": {
                "width": 474, 
                "height": 296
            }, 
            "contentSize": "43601 B"
        }, 
        {
            "contentUrl": "http://inews.gtimg.com/newsapp_match/0/3866478072/0", 
            "insightsMetadata": {
                "pagesIncludingCount": 1, 
                "availableSizesCount": 1
            }, 
            "height": 407, 
            "accentColor": "A52640", 
            "hostPageDisplayUrl": "https://kuaibao.qq.com/s/20180606A13QD400?refer=spider", 
            "name": "第五人格：杰克Q版装扮面具大放送，奈布认为是第三个帅气 ...", 
            "width": 538, 
            "imageInsightsToken": "ccid_Y8P0j6e/*mid_F90D739241DED3995BD02DC4F844FBD8E7175136*simid_608000456785857673*thid_OIP.Y8P0j6e!_KtTW85YJc5ckyQHaFm", 
            "imageId": "F90D739241DED3995BD02DC4F844FBD8E7175136", 
            "isFamilyFriendly": true, 
            "datePublished": "2019-01-27T19:53:00.0000000Z", 
            "encodingFormat": "jpeg", 
            "webSearchUrl": "https://www.bing.com/images/search?view=detailv2&FORM=OIIRPO&q=site%3a(thepaper.cn+or+chinadaily.com.cn+or+china.com.cn+or+chinanews.com+or+youth.cn+or+sina.com.cn+or+xinhuanet.com+or+cri.cn+or+163.com+or+cankaoxiaoxi.com+or+cctv.com+or+ifeng.com+or+qq.com+or+takungpao.com+or+people.com.cn+or+southcn.com+or+southcn.com+or+cnr.cn+or+people.com.cn+or+cyol.com+or+bjnews.com.cn+or+gmw.cn+or+dahe.cn+or+xfrb.com.cn+or+cqnews.net+or+lifeweek.com.cn+or+cpd.com.cn+or+haiwainet.cn+or+yidianzixun.com+or+ftchinese.com+or+guancha.cn+or+zhcw.com+or+huanqiu.com+or+ihuawen.com+or+nytimes.com+or+flickr.com+or+quanjing.com+or+vcg.com+or+gettyimages.co.uk+or+paixin.com)+%e8%ae%a4%e4%b8%ba+%e7%9c%9f%e7%9a%84+%e8%b5%b0+%e6%9d%b0%e5%85%8b+%e8%af%b4&id=F90D739241DED3995BD02DC4F844FBD8E7175136&simid=608000456785857673", 
            "hostPageUrl": "https://kuaibao.qq.com/s/20180606A13QD400?refer=spider", 
            "thumbnailUrl": "https://tse4.mm.bing.net/th?id=OIP.Y8P0j6e_KtTW85YJc5ckyQHaFm&pid=Api", 
            "thumbnail": {
                "width": 474, 
                "height": 358
            }, 
            "contentSize": "26174 B"
        }, 
        {
            "contentUrl": "http://inews.gtimg.com/newsapp_match/0/3161450481/0", 
            "insightsMetadata": {
                "pagesIncludingCount": 5, 
                "availableSizesCount": 3
            }, 
            "height": 569, 
            "accentColor": "A83123", 
            "hostPageDisplayUrl": "https://kuaibao.qq.com/s/20180503A19LPL00?refer=spider", 
            "name": "第五人格 这样的医生我感觉和杰克组成的CP比园丁要强很多 ...", 
            "width": 870, 
            "imageInsightsToken": "ccid_XpU7nxoC*mid_A563AC1573DFF1A6D2DAF6FB4F0449E014A97794*simid_608044351344083694*thid_OIP.XpU7nxoC99aWmAw33-g8-AHaE2", 
            "imageId": "A563AC1573DFF1A6D2DAF6FB4F0449E014A97794", 
            "isFamilyFriendly": true, 
            "datePublished": "2019-02-04T21:24:00.0000000Z", 
            "encodingFormat": "jpeg", 
            "webSearchUrl": "https://www.bing.com/images/search?view=detailv2&FORM=OIIRPO&q=site%3a(thepaper.cn+or+chinadaily.com.cn+or+china.com.cn+or+chinanews.com+or+youth.cn+or+sina.com.cn+or+xinhuanet.com+or+cri.cn+or+163.com+or+cankaoxiaoxi.com+or+cctv.com+or+ifeng.com+or+qq.com+or+takungpao.com+or+people.com.cn+or+southcn.com+or+southcn.com+or+cnr.cn+or+people.com.cn+or+cyol.com+or+bjnews.com.cn+or+gmw.cn+or+dahe.cn+or+xfrb.com.cn+or+cqnews.net+or+lifeweek.com.cn+or+cpd.com.cn+or+haiwainet.cn+or+yidianzixun.com+or+ftchinese.com+or+guancha.cn+or+zhcw.com+or+huanqiu.com+or+ihuawen.com+or+nytimes.com+or+flickr.com+or+quanjing.com+or+vcg.com+or+gettyimages.co.uk+or+paixin.com)+%e8%ae%a4%e4%b8%ba+%e7%9c%9f%e7%9a%84+%e8%b5%b0+%e6%9d%b0%e5%85%8b+%e8%af%b4&id=A563AC1573DFF1A6D2DAF6FB4F0449E014A97794&simid=608044351344083694", 
            "hostPageUrl": "https://kuaibao.qq.com/s/20180503A19LPL00?refer=spider", 
            "thumbnailUrl": "https://tse2.mm.bing.net/th?id=OIP.XpU7nxoC99aWmAw33-g8-AHaE2&pid=Api", 
            "thumbnail": {
                "width": 474, 
                "height": 310
            }, 
            "contentSize": "33786 B"
        }, 
        {
            "contentUrl": "http://p0.ifengimg.com/pmop/2017/0530/286942CF8E906BA52E2BF9653CCA6FDC3A3FB3F0_size76_w1006_h393.jpeg", 
            "insightsMetadata": {
                "pagesIncludingCount": 1, 
                "availableSizesCount": 1
            }, 
            "height": 393, 
            "accentColor": "5C4E3C", 
            "hostPageDisplayUrl": "news.ifeng.com/a/20170530/51183675_0.shtml", 
            "name": "杰克船长回归，男神约翰尼·德普呢？他说：我内心仍然是个孩子 ...", 
            "width": 1006, 
            "imageInsightsToken": "ccid_4jmqHooV*mid_D7B6246216CCAD34097EFED351E5B0FB420D0241*simid_608021132748589729*thid_OIP.4jmqHooVBiarDlFG9u0rNAHaC5", 
            "imageId": "D7B6246216CCAD34097EFED351E5B0FB420D0241", 
            "isFamilyFriendly": true, 
            "datePublished": "2017-05-30T15:12:00.0000000Z", 
            "encodingFormat": "jpeg", 
            "webSearchUrl": "https://www.bing.com/images/search?view=detailv2&FORM=OIIRPO&q=site%3a(thepaper.cn+or+chinadaily.com.cn+or+china.com.cn+or+chinanews.com+or+youth.cn+or+sina.com.cn+or+xinhuanet.com+or+cri.cn+or+163.com+or+cankaoxiaoxi.com+or+cctv.com+or+ifeng.com+or+qq.com+or+takungpao.com+or+people.com.cn+or+southcn.com+or+southcn.com+or+cnr.cn+or+people.com.cn+or+cyol.com+or+bjnews.com.cn+or+gmw.cn+or+dahe.cn+or+xfrb.com.cn+or+cqnews.net+or+lifeweek.com.cn+or+cpd.com.cn+or+haiwainet.cn+or+yidianzixun.com+or+ftchinese.com+or+guancha.cn+or+zhcw.com+or+huanqiu.com+or+ihuawen.com+or+nytimes.com+or+flickr.com+or+quanjing.com+or+vcg.com+or+gettyimages.co.uk+or+paixin.com)+%e8%ae%a4%e4%b8%ba+%e7%9c%9f%e7%9a%84+%e8%b5%b0+%e6%9d%b0%e5%85%8b+%e8%af%b4&id=D7B6246216CCAD34097EFED351E5B0FB420D0241&simid=608021132748589729", 
            "hostPageUrl": "http://news.ifeng.com/a/20170530/51183675_0.shtml", 
            "thumbnailUrl": "https://tse4.mm.bing.net/th?id=OIP.4jmqHooVBiarDlFG9u0rNAHaC5&pid=Api", 
            "thumbnail": {
                "width": 474, 
                "height": 185
            }, 
            "contentSize": "78757 B"
        }, 
        {
            "contentUrl": "http://inews.gtimg.com/newsapp_match/0/3495074114/0", 
            "insightsMetadata": {
                "pagesIncludingCount": 1, 
                "availableSizesCount": 1
            }, 
            "height": 676, 
            "accentColor": "975034", 
            "hostPageDisplayUrl": "https://kuaibao.qq.com/s/20180506A0YIJT00?refer=spider", 
            "name": "第五人格：园丁和医生到底谁才能得到杰克的芳心，有图有真相 ...", 
            "width": 539, 
            "imageInsightsToken": "ccid_fh5Ypwn5*mid_132DBF21F034E72A04A122F477DC5763A8D93972*simid_608038501610291483*thid_OIP.fh5Ypwn5vi0zhy-Ce49rnAHaJS", 
            "imageId": "132DBF21F034E72A04A122F477DC5763A8D93972", 
            "isFamilyFriendly": true, 
            "datePublished": "2019-02-23T03:29:00.0000000Z", 
            "encodingFormat": "jpeg", 
            "webSearchUrl": "https://www.bing.com/images/search?view=detailv2&FORM=OIIRPO&q=site%3a(thepaper.cn+or+chinadaily.com.cn+or+china.com.cn+or+chinanews.com+or+youth.cn+or+sina.com.cn+or+xinhuanet.com+or+cri.cn+or+163.com+or+cankaoxiaoxi.com+or+cctv.com+or+ifeng.com+or+qq.com+or+takungpao.com+or+people.com.cn+or+southcn.com+or+southcn.com+or+cnr.cn+or+people.com.cn+or+cyol.com+or+bjnews.com.cn+or+gmw.cn+or+dahe.cn+or+xfrb.com.cn+or+cqnews.net+or+lifeweek.com.cn+or+cpd.com.cn+or+haiwainet.cn+or+yidianzixun.com+or+ftchinese.com+or+guancha.cn+or+zhcw.com+or+huanqiu.com+or+ihuawen.com+or+nytimes.com+or+flickr.com+or+quanjing.com+or+vcg.com+or+gettyimages.co.uk+or+paixin.com)+%e8%ae%a4%e4%b8%ba+%e7%9c%9f%e7%9a%84+%e8%b5%b0+%e6%9d%b0%e5%85%8b+%e8%af%b4&id=132DBF21F034E72A04A122F477DC5763A8D93972&simid=608038501610291483", 
            "hostPageUrl": "https://kuaibao.qq.com/s/20180506A0YIJT00?refer=spider", 
            "thumbnailUrl": "https://tse2.mm.bing.net/th?id=OIP.fh5Ypwn5vi0zhy-Ce49rnAHaJS&pid=Api", 
            "thumbnail": {
                "width": 474, 
                "height": 594
            }, 
            "contentSize": "52941 B"
        }
    ], 
    "nextOffset": 45, 
    "queryContext": {
        "alterationMethod": "AM_JustChangeIt", 
        "alterationType": "CombinedAlterations", 
        "originalQuery": "site:(thepaper.cn or chinadaily.com.cn or china.com.cn or chinanews.com or youth.cn or sina.com.cn or xinhuanet.com or cri.cn or 163.com or cankaoxiaoxi.com or cctv.com or ifeng.com or qq.com or takungpao.com or people.com.cn or southcn.com or southcn.com or cnr.cn or people.com.cn or cyol.com or bjnews.com.cn or gmw.cn or dahe.cn or xfrb.com.cn or cqnews.net or lifeweek.com.cn or cpd.com.cn or haiwainet.cn or yidianzixun.com or ftchinese.com or guancha.cn or zhcw.com or huanqiu.com or ihuawen.com or nytimes.com or flickr.com or quanjing.com or vcg.com or gettyimages.co.uk or paixin.com) 认为 真的 走 杰克 说", 
        "alterationOverrideQuery": "+site:(thepaper.cn or chinadaily.com.cn or china.com.cn or chinanews.com or youth.cn or sina.com.cn or xinhuanet.com or cri.cn or 163.com or cankaoxiaoxi.com or cctv.com or ifeng.com or qq.com or takungpao.com or people.com.cn or southcn.com or southcn.com or cnr.cn or people.com.cn or cyol.com or bjnews.com.cn or gmw.cn or dahe.cn or xfrb.com.cn or cqnews.net or lifeweek.com.cn or cpd.com.cn or haiwainet.cn or yidianzixun.com or ftchinese.com or guancha.cn or zhcw.com or huanqiu.com or ihuawen.com or nytimes.com or flickr.com or quanjing.com or vcg.com or gettyimages.co.uk or paixin.com) 认为 真的 走 杰克 说", 
        "alterationDisplayQuery": "认为 真的 走 杰克 说"
    }, 
    "currentOffset": 0, 
    "readLink": "images/search?q=site:(thepaper.cn or chinadaily.com.cn or china.com.cn or chinanews.com or youth.cn or sina.com.cn or xinhuanet.com or cri.cn or 163.com or cankaoxiaoxi.com or cctv.com or ifeng.com or qq.com or takungpao.com or people.com.cn or southcn.com or southcn.com or cnr.cn or people.com.cn or cyol.com or bjnews.com.cn or gmw.cn or dahe.cn or xfrb.com.cn or cqnews.net or lifeweek.com.cn or cpd.com.cn or haiwainet.cn or yidianzixun.com or ftchinese.com or guancha.cn or zhcw.com or huanqiu.com or ihuawen.com or nytimes.com or flickr.com or quanjing.com or vcg.com or gettyimages.co.uk or paixin.com) 认为 真的 走 杰克 说", 
    "totalEstimatedMatches": 100
}