{
    "instrumentation": {
        "_type": "ResponseInstrumentation"
    }, 
    "_type": "Images", 
    "webSearchUrl": "https://www.bing.com/images/search?q=site:(thepaper.cn or chinadaily.com.cn or china.com.cn or chinanews.com or youth.cn or sina.com.cn or xinhuanet.com or cri.cn or 163.com or cankaoxiaoxi.com or cctv.com or ifeng.com or qq.com or takungpao.com or people.com.cn or southcn.com or southcn.com or cnr.cn or people.com.cn or cyol.com or bjnews.com.cn or gmw.cn or dahe.cn or xfrb.com.cn or cqnews.net or lifeweek.com.cn or cpd.com.cn or haiwainet.cn or yidianzixun.com or ftchinese.com or guancha.cn or zhcw.com or huanqiu.com or ihuawen.com or nytimes.com or flickr.com or quanjing.com or vcg.com or gettyimages.co.uk or paixin.com) 总统 提名 两名&FORM=OIIARP", 
    "value": [
        {
            "contentUrl": "https://thumbor.dahe.cn/picture/WTR4LUF4RlVmRWxYS2RQRm9MaWVPOGtWaDc0PS9odHRwJTNBLy9uLnNpbmFpbWcuY24vbmV3cy9jcmF3bC83ODEvdzUwMGgyODEvMjAxODA2MTQvYTZrUi1oY3dwY21xNTc2NDUwNC5qcGc=", 
            "insightsMetadata": {
                "pagesIncludingCount": 29, 
                "availableSizesCount": 18
            }, 
            "height": 281, 
            "accentColor": "AE881D", 
            "hostPageDisplayUrl": "https://news.dahe.cn/2018/06-14/325372.html", 
            "name": "这次真定了 特朗普被提名为诺贝尔和平奖候选人-大河网", 
            "width": 500, 
            "imageInsightsToken": "ccid_szuiN9ay*mid_E5642BFEA111D8C7422A01E1E39983F17E3E9540*simid_608014488509940050*thid_OIP.szuiN9ay0AdkjoVy0FOsTgHaEK", 
            "imageId": "E5642BFEA111D8C7422A01E1E39983F17E3E9540", 
            "isFamilyFriendly": true, 
            "datePublished": "2018-06-14T00:09:00.0000000Z", 
            "encodingFormat": "jpeg", 
            "webSearchUrl": "https://www.bing.com/images/search?view=detailv2&FORM=OIIRPO&q=site%3a(thepaper.cn+or+chinadaily.com.cn+or+china.com.cn+or+chinanews.com+or+youth.cn+or+sina.com.cn+or+xinhuanet.com+or+cri.cn+or+163.com+or+cankaoxiaoxi.com+or+cctv.com+or+ifeng.com+or+qq.com+or+takungpao.com+or+people.com.cn+or+southcn.com+or+southcn.com+or+cnr.cn+or+people.com.cn+or+cyol.com+or+bjnews.com.cn+or+gmw.cn+or+dahe.cn+or+xfrb.com.cn+or+cqnews.net+or+lifeweek.com.cn+or+cpd.com.cn+or+haiwainet.cn+or+yidianzixun.com+or+ftchinese.com+or+guancha.cn+or+zhcw.com+or+huanqiu.com+or+ihuawen.com+or+nytimes.com+or+flickr.com+or+quanjing.com+or+vcg.com+or+gettyimages.co.uk+or+paixin.com)+%e6%80%bb%e7%bb%9f+%e6%8f%90%e5%90%8d+%e4%b8%a4%e5%90%8d&id=E5642BFEA111D8C7422A01E1E39983F17E3E9540&simid=608014488509940050", 
            "hostPageUrl": "https://news.dahe.cn/2018/06-14/325372.html", 
            "thumbnailUrl": "https://tse3.mm.bing.net/th?id=OIP.szuiN9ay0AdkjoVy0FOsTgHaEK&pid=Api", 
            "thumbnail": {
                "width": 474, 
                "height": 266
            }, 
            "contentSize": "18954 B"
        }, 
        {
            "contentUrl": "http://i2.sinaimg.cn/dy/w/2012-04-18/1334687530_DqFQey.jpg", 
            "insightsMetadata": {
                "pagesIncludingCount": 3, 
                "availableSizesCount": 1
            }, 
            "height": 266, 
            "accentColor": "81714A", 
            "hostPageDisplayUrl": "news.sina.com.cn/w/2012-04-18/023224287733.shtml", 
            "name": "分析称世行新任行长非专业身份或重塑世行风格_新闻中心_新浪网", 
            "width": 400, 
            "imageInsightsToken": "ccid_ulxI5O8l*mid_F8FF029DA01565A507269A9136EB8F177682FA0C*simid_608042328433429824*thid_OIP.ulxI5O8lKnKc!_DFUp7j0yAAAAA", 
            "imageId": "F8FF029DA01565A507269A9136EB8F177682FA0C", 
            "isFamilyFriendly": true, 
            "datePublished": "2012-04-17T19:42:00.0000000Z", 
            "encodingFormat": "jpeg", 
            "webSearchUrl": "https://www.bing.com/images/search?view=detailv2&FORM=OIIRPO&q=site%3a(thepaper.cn+or+chinadaily.com.cn+or+china.com.cn+or+chinanews.com+or+youth.cn+or+sina.com.cn+or+xinhuanet.com+or+cri.cn+or+163.com+or+cankaoxiaoxi.com+or+cctv.com+or+ifeng.com+or+qq.com+or+takungpao.com+or+people.com.cn+or+southcn.com+or+southcn.com+or+cnr.cn+or+people.com.cn+or+cyol.com+or+bjnews.com.cn+or+gmw.cn+or+dahe.cn+or+xfrb.com.cn+or+cqnews.net+or+lifeweek.com.cn+or+cpd.com.cn+or+haiwainet.cn+or+yidianzixun.com+or+ftchinese.com+or+guancha.cn+or+zhcw.com+or+huanqiu.com+or+ihuawen.com+or+nytimes.com+or+flickr.com+or+quanjing.com+or+vcg.com+or+gettyimages.co.uk+or+paixin.com)+%e6%80%bb%e7%bb%9f+%e6%8f%90%e5%90%8d+%e4%b8%a4%e5%90%8d&id=F8FF029DA01565A507269A9136EB8F177682FA0C&simid=608042328433429824", 
            "hostPageUrl": "http://news.sina.com.cn/w/2012-04-18/023224287733.shtml", 
            "thumbnailUrl": "https://tse3.mm.bing.net/th?id=OIP.ulxI5O8lKnKc_DFUp7j0yAAAAA&pid=Api", 
            "thumbnail": {
                "width": 400, 
                "height": 266
            }, 
            "contentSize": "16032 B"
        }, 
        {
            "contentUrl": "http://n.sinaimg.cn/translate/72/w521h351/20180919/mhT--hikxxna3061757.jpg", 
            "insightsMetadata": {
                "pagesIncludingCount": 5, 
                "availableSizesCount": 3
            }, 
            "height": 351, 
            "accentColor": "B88B13", 
            "hostPageDisplayUrl": "mil.news.sina.com.cn/2018-09-19/doc-ifxeuwwr5944582.shtml", 
            "name": "难兄难弟？特朗普提名的大法官涉性丑闻 民主党施压调查|卡瓦诺 ...", 
            "width": 521, 
            "imageInsightsToken": "ccid_werEf20e*mid_9AE539E9821FA06DCAA50634BAE5C47A1BD93063*simid_608029215851482411*thid_OIP.werEf20eXjreWGGRM8xdRwHaE!_", 
            "imageId": "9AE539E9821FA06DCAA50634BAE5C47A1BD93063", 
            "isFamilyFriendly": true, 
            "datePublished": "2018-09-21T03:32:00.0000000Z", 
            "encodingFormat": "jpeg", 
            "webSearchUrl": "https://www.bing.com/images/search?view=detailv2&FORM=OIIRPO&q=site%3a(thepaper.cn+or+chinadaily.com.cn+or+china.com.cn+or+chinanews.com+or+youth.cn+or+sina.com.cn+or+xinhuanet.com+or+cri.cn+or+163.com+or+cankaoxiaoxi.com+or+cctv.com+or+ifeng.com+or+qq.com+or+takungpao.com+or+people.com.cn+or+southcn.com+or+southcn.com+or+cnr.cn+or+people.com.cn+or+cyol.com+or+bjnews.com.cn+or+gmw.cn+or+dahe.cn+or+xfrb.com.cn+or+cqnews.net+or+lifeweek.com.cn+or+cpd.com.cn+or+haiwainet.cn+or+yidianzixun.com+or+ftchinese.com+or+guancha.cn+or+zhcw.com+or+huanqiu.com+or+ihuawen.com+or+nytimes.com+or+flickr.com+or+quanjing.com+or+vcg.com+or+gettyimages.co.uk+or+paixin.com)+%e6%80%bb%e7%bb%9f+%e6%8f%90%e5%90%8d+%e4%b8%a4%e5%90%8d&id=9AE539E9821FA06DCAA50634BAE5C47A1BD93063&simid=608029215851482411", 
            "hostPageUrl": "http://mil.news.sina.com.cn/2018-09-19/doc-ifxeuwwr5944582.shtml", 
            "thumbnailUrl": "https://tse2.mm.bing.net/th?id=OIP.werEf20eXjreWGGRM8xdRwHaE_&pid=Api", 
            "thumbnail": {
                "width": 474, 
                "height": 319
            }, 
            "contentSize": "24549 B"
        }, 
        {
            "contentUrl": "http://image.thepaper.cn/www/image/5/296/879.jpg", 
            "insightsMetadata": {
                "pagesIncludingCount": 7, 
                "availableSizesCount": 5
            }, 
            "height": 400, 
            "accentColor": "377794", 
            "hostPageDisplayUrl": "www.thepaper.cn/newsDetail_forward_1567523", 
            "name": "特朗普提名两名女性出任关键职位，意在增加内阁“多样性 ...", 
            "width": 600, 
            "imageInsightsToken": "ccid_Ry3kjauE*mid_10BB204E5B8F9680C2C1DE5D6CEC49C958D34B51*simid_608027819997006306*thid_OIP.Ry3kjauEehddG4yoFHKtVAHaE8", 
            "imageId": "10BB204E5B8F9680C2C1DE5D6CEC49C958D34B51", 
            "isFamilyFriendly": true, 
            "datePublished": "2019-01-19T10:23:00.0000000Z", 
            "encodingFormat": "jpeg", 
            "webSearchUrl": "https://www.bing.com/images/search?view=detailv2&FORM=OIIRPO&q=site%3a(thepaper.cn+or+chinadaily.com.cn+or+china.com.cn+or+chinanews.com+or+youth.cn+or+sina.com.cn+or+xinhuanet.com+or+cri.cn+or+163.com+or+cankaoxiaoxi.com+or+cctv.com+or+ifeng.com+or+qq.com+or+takungpao.com+or+people.com.cn+or+southcn.com+or+southcn.com+or+cnr.cn+or+people.com.cn+or+cyol.com+or+bjnews.com.cn+or+gmw.cn+or+dahe.cn+or+xfrb.com.cn+or+cqnews.net+or+lifeweek.com.cn+or+cpd.com.cn+or+haiwainet.cn+or+yidianzixun.com+or+ftchinese.com+or+guancha.cn+or+zhcw.com+or+huanqiu.com+or+ihuawen.com+or+nytimes.com+or+flickr.com+or+quanjing.com+or+vcg.com+or+gettyimages.co.uk+or+paixin.com)+%e6%80%bb%e7%bb%9f+%e6%8f%90%e5%90%8d+%e4%b8%a4%e5%90%8d&id=10BB204E5B8F9680C2C1DE5D6CEC49C958D34B51&simid=608027819997006306", 
            "hostPageUrl": "http://www.thepaper.cn/newsDetail_forward_1567523", 
            "thumbnailUrl": "https://tse1.mm.bing.net/th?id=OIP.Ry3kjauEehddG4yoFHKtVAHaE8&pid=Api", 
            "thumbnail": {
                "width": 474, 
                "height": 316
            }, 
            "contentSize": "38427 B"
        }, 
        {
            "contentUrl": "http://himg2.huanqiu.com/attachment2010/2012/0901/20120901031826740.jpg", 
            "insightsMetadata": {
                "pagesIncludingCount": 3, 
                "availableSizesCount": 1
            }, 
            "height": 1668, 
            "accentColor": "6D287B", 
            "hostPageDisplayUrl": "world.huanqiu.com/roll/2012-09/3089352.html", 
            "name": "罗姆尼演讲猛攻奥巴马 发誓要重塑美国未来_国际新闻_环球网", 
            "width": 2480, 
            "imageInsightsToken": "ccid_5+onR5DP*mid_EBBA8AECE9459FD4243C062968BF42DB6EA694A9*simid_608027682554777492*thid_OIP.5-onR5DPaBdPYVh30BB3jgHaE-", 
            "imageId": "EBBA8AECE9459FD4243C062968BF42DB6EA694A9", 
            "isFamilyFriendly": true, 
            "datePublished": "2012-08-31T19:20:00.0000000Z", 
            "encodingFormat": "jpeg", 
            "webSearchUrl": "https://www.bing.com/images/search?view=detailv2&FORM=OIIRPO&q=site%3a(thepaper.cn+or+chinadaily.com.cn+or+china.com.cn+or+chinanews.com+or+youth.cn+or+sina.com.cn+or+xinhuanet.com+or+cri.cn+or+163.com+or+cankaoxiaoxi.com+or+cctv.com+or+ifeng.com+or+qq.com+or+takungpao.com+or+people.com.cn+or+southcn.com+or+southcn.com+or+cnr.cn+or+people.com.cn+or+cyol.com+or+bjnews.com.cn+or+gmw.cn+or+dahe.cn+or+xfrb.com.cn+or+cqnews.net+or+lifeweek.com.cn+or+cpd.com.cn+or+haiwainet.cn+or+yidianzixun.com+or+ftchinese.com+or+guancha.cn+or+zhcw.com+or+huanqiu.com+or+ihuawen.com+or+nytimes.com+or+flickr.com+or+quanjing.com+or+vcg.com+or+gettyimages.co.uk+or+paixin.com)+%e6%80%bb%e7%bb%9f+%e6%8f%90%e5%90%8d+%e4%b8%a4%e5%90%8d&id=EBBA8AECE9459FD4243C062968BF42DB6EA694A9&simid=608027682554777492", 
            "hostPageUrl": "http://world.huanqiu.com/roll/2012-09/3089352.html", 
            "thumbnailUrl": "https://tse1.mm.bing.net/th?id=OIP.5-onR5DPaBdPYVh30BB3jgHaE-&pid=Api", 
            "thumbnail": {
                "width": 474, 
                "height": 318
            }, 
            "contentSize": "583579 B"
        }, 
        {
            "contentUrl": "http://news.youth.cn/jsxw/201605/W020160505337845998015.jpg", 
            "insightsMetadata": {
                "pagesIncludingCount": 29, 
                "availableSizesCount": 16
            }, 
            "height": 347, 
            "accentColor": "1739B4", 
            "hostPageDisplayUrl": "https://cnews.chinadaily.com.cn/2016-05/05/content...", 
            "name": "俄外长：期待下届美国总统将是更易对话的伙伴 - 中国日报网", 
            "width": 550, 
            "imageInsightsToken": "ccid_lL/UzR18*mid_2105CF5E6D6B5B18CF49CBCB2F7471192438ED97*simid_608048869688543093*thid_OIP.lL!_UzR18jRJzUZlcVSUCEQHaEr", 
            "imageId": "2105CF5E6D6B5B18CF49CBCB2F7471192438ED97", 
            "isFamilyFriendly": true, 
            "datePublished": "2018-03-10T21:51:00.0000000Z", 
            "encodingFormat": "jpeg", 
            "webSearchUrl": "https://www.bing.com/images/search?view=detailv2&FORM=OIIRPO&q=site%3a(thepaper.cn+or+chinadaily.com.cn+or+china.com.cn+or+chinanews.com+or+youth.cn+or+sina.com.cn+or+xinhuanet.com+or+cri.cn+or+163.com+or+cankaoxiaoxi.com+or+cctv.com+or+ifeng.com+or+qq.com+or+takungpao.com+or+people.com.cn+or+southcn.com+or+southcn.com+or+cnr.cn+or+people.com.cn+or+cyol.com+or+bjnews.com.cn+or+gmw.cn+or+dahe.cn+or+xfrb.com.cn+or+cqnews.net+or+lifeweek.com.cn+or+cpd.com.cn+or+haiwainet.cn+or+yidianzixun.com+or+ftchinese.com+or+guancha.cn+or+zhcw.com+or+huanqiu.com+or+ihuawen.com+or+nytimes.com+or+flickr.com+or+quanjing.com+or+vcg.com+or+gettyimages.co.uk+or+paixin.com)+%e6%80%bb%e7%bb%9f+%e6%8f%90%e5%90%8d+%e4%b8%a4%e5%90%8d&id=2105CF5E6D6B5B18CF49CBCB2F7471192438ED97&simid=608048869688543093", 
            "hostPageUrl": "https://cnews.chinadaily.com.cn/2016-05/05/content_25075905.htm", 
            "thumbnailUrl": "https://tse3.mm.bing.net/th?id=OIP.lL_UzR18jRJzUZlcVSUCEQHaEr&pid=Api", 
            "thumbnail": {
                "width": 474, 
                "height": 299
            }, 
            "hostPageFavIconUrl": "https://www.bing.com/th?id=AR_6bbc59f7064ed213027d1c4ffbd7baac&pid=Api", 
            "contentSize": "21927 B"
        }, 
        {
            "contentUrl": "http://news.youth.cn/gj/201602/W020160215333735516437.jpg", 
            "insightsMetadata": {
                "pagesIncludingCount": 1, 
                "availableSizesCount": 1
            }, 
            "height": 399, 
            "accentColor": "69231D", 
            "hostPageDisplayUrl": "https://www.chinadaily.com.cn/hqgj/jryw/2016-02-15...", 
            "name": "法媒：美大法官去世搅动总统选战 自由派将接替- Micro Reading", 
            "width": 600, 
            "imageInsightsToken": "ccid_bcdSxFL0*mid_2CCA626753837758BB8F2AC00A21777B760665CF*simid_608034468634693466*thid_OIP.bcdSxFL0Tmn2!_NnmYqRbywHaE7", 
            "imageId": "2CCA626753837758BB8F2AC00A21777B760665CF", 
            "isFamilyFriendly": true, 
            "datePublished": "2018-02-25T05:25:00.0000000Z", 
            "encodingFormat": "jpeg", 
            "webSearchUrl": "https://www.bing.com/images/search?view=detailv2&FORM=OIIRPO&q=site%3a(thepaper.cn+or+chinadaily.com.cn+or+china.com.cn+or+chinanews.com+or+youth.cn+or+sina.com.cn+or+xinhuanet.com+or+cri.cn+or+163.com+or+cankaoxiaoxi.com+or+cctv.com+or+ifeng.com+or+qq.com+or+takungpao.com+or+people.com.cn+or+southcn.com+or+southcn.com+or+cnr.cn+or+people.com.cn+or+cyol.com+or+bjnews.com.cn+or+gmw.cn+or+dahe.cn+or+xfrb.com.cn+or+cqnews.net+or+lifeweek.com.cn+or+cpd.com.cn+or+haiwainet.cn+or+yidianzixun.com+or+ftchinese.com+or+guancha.cn+or+zhcw.com+or+huanqiu.com+or+ihuawen.com+or+nytimes.com+or+flickr.com+or+quanjing.com+or+vcg.com+or+gettyimages.co.uk+or+paixin.com)+%e6%80%bb%e7%bb%9f+%e6%8f%90%e5%90%8d+%e4%b8%a4%e5%90%8d&id=2CCA626753837758BB8F2AC00A21777B760665CF&simid=608034468634693466", 
            "hostPageUrl": "https://www.chinadaily.com.cn/hqgj/jryw/2016-02-15/content_14546631.html", 
            "thumbnailUrl": "https://tse3.mm.bing.net/th?id=OIP.bcdSxFL0Tmn2_NnmYqRbywHaE7&pid=Api", 
            "thumbnail": {
                "width": 474, 
                "height": 315
            }, 
            "hostPageFavIconUrl": "https://www.bing.com/th?id=AR_6bbc59f7064ed213027d1c4ffbd7baac&pid=Api", 
            "contentSize": "30233 B"
        }, 
        {
            "contentUrl": "http://sinastorage.com/storage.caitou.sina.com.cn/products/201701/f2aaef3316b41915637b2c18a73ebb3f.jpeg", 
            "insightsMetadata": {
                "pagesIncludingCount": 3, 
                "availableSizesCount": 3
            }, 
            "height": 337, 
            "accentColor": "BB2E10", 
            "hostPageDisplayUrl": "cj.sina.com.cn/article/detail/5617262908/146349", 
            "name": "美联储或在特朗普时代改头换面__财经头条", 
            "width": 600, 
            "imageInsightsToken": "ccid_EbuNRc9V*mid_B62BF164B8A6BF740AE94BB65BD284E192D1AC77*simid_608005636530376341*thid_OIP.EbuNRc9VhMO38ynSOzj6mwHaEK", 
            "imageId": "B62BF164B8A6BF740AE94BB65BD284E192D1AC77", 
            "isFamilyFriendly": true, 
            "datePublished": "2017-01-14T02:16:00.0000000Z", 
            "encodingFormat": "jpeg", 
            "webSearchUrl": "https://www.bing.com/images/search?view=detailv2&FORM=OIIRPO&q=site%3a(thepaper.cn+or+chinadaily.com.cn+or+china.com.cn+or+chinanews.com+or+youth.cn+or+sina.com.cn+or+xinhuanet.com+or+cri.cn+or+163.com+or+cankaoxiaoxi.com+or+cctv.com+or+ifeng.com+or+qq.com+or+takungpao.com+or+people.com.cn+or+southcn.com+or+southcn.com+or+cnr.cn+or+people.com.cn+or+cyol.com+or+bjnews.com.cn+or+gmw.cn+or+dahe.cn+or+xfrb.com.cn+or+cqnews.net+or+lifeweek.com.cn+or+cpd.com.cn+or+haiwainet.cn+or+yidianzixun.com+or+ftchinese.com+or+guancha.cn+or+zhcw.com+or+huanqiu.com+or+ihuawen.com+or+nytimes.com+or+flickr.com+or+quanjing.com+or+vcg.com+or+gettyimages.co.uk+or+paixin.com)+%e6%80%bb%e7%bb%9f+%e6%8f%90%e5%90%8d+%e4%b8%a4%e5%90%8d&id=B62BF164B8A6BF740AE94BB65BD284E192D1AC77&simid=608005636530376341", 
            "hostPageUrl": "http://cj.sina.com.cn/article/detail/5617262908/146349", 
            "thumbnailUrl": "https://tse4.mm.bing.net/th?id=OIP.EbuNRc9VhMO38ynSOzj6mwHaEK&pid=Api", 
            "thumbnail": {
                "width": 474, 
                "height": 266
            }, 
            "contentSize": "42825 B"
        }, 
        {
            "contentUrl": "http://p1.ifengimg.com/cmpp/2016/07/03/06/44139c4c-537d-42c8-8879-94269eea5548_size228_w536_h418.jpg", 
            "insightsMetadata": {
                "pagesIncludingCount": 1, 
                "availableSizesCount": 1
            }, 
            "height": 418, 
            "accentColor": "B81318", 
            "hostPageDisplayUrl": "news.ifeng.com/a/20160703/49284263_0.shtml", 
            "name": "对撕到底？特朗普或选希拉里宿敌为副手_凤凰资讯", 
            "width": 536, 
            "imageInsightsToken": "ccid_m0fG4mXg*mid_4369E1205CBB6345E4C32DD6FBAF15935C91F3E7*simid_607997016524326675*thid_OIP.m0fG4mXgOJhVeesDmOkGAAHaFx", 
            "imageId": "4369E1205CBB6345E4C32DD6FBAF15935C91F3E7", 
            "isFamilyFriendly": true, 
            "datePublished": "2019-02-02T11:39:00.0000000Z", 
            "encodingFormat": "jpeg", 
            "webSearchUrl": "https://www.bing.com/images/search?view=detailv2&FORM=OIIRPO&q=site%3a(thepaper.cn+or+chinadaily.com.cn+or+china.com.cn+or+chinanews.com+or+youth.cn+or+sina.com.cn+or+xinhuanet.com+or+cri.cn+or+163.com+or+cankaoxiaoxi.com+or+cctv.com+or+ifeng.com+or+qq.com+or+takungpao.com+or+people.com.cn+or+southcn.com+or+southcn.com+or+cnr.cn+or+people.com.cn+or+cyol.com+or+bjnews.com.cn+or+gmw.cn+or+dahe.cn+or+xfrb.com.cn+or+cqnews.net+or+lifeweek.com.cn+or+cpd.com.cn+or+haiwainet.cn+or+yidianzixun.com+or+ftchinese.com+or+guancha.cn+or+zhcw.com+or+huanqiu.com+or+ihuawen.com+or+nytimes.com+or+flickr.com+or+quanjing.com+or+vcg.com+or+gettyimages.co.uk+or+paixin.com)+%e6%80%bb%e7%bb%9f+%e6%8f%90%e5%90%8d+%e4%b8%a4%e5%90%8d&id=4369E1205CBB6345E4C32DD6FBAF15935C91F3E7&simid=607997016524326675", 
            "hostPageUrl": "http://news.ifeng.com/a/20160703/49284263_0.shtml", 
            "thumbnailUrl": "https://tse4.mm.bing.net/th?id=OIP.m0fG4mXgOJhVeesDmOkGAAHaFx&pid=Api", 
            "thumbnail": {
                "width": 474, 
                "height": 369
            }, 
            "contentSize": "233883 B"
        }, 
        {
            "contentUrl": "http://inews.gtimg.com/newsapp_bt/0/857378064/641", 
            "insightsMetadata": {
                "pagesIncludingCount": 12, 
                "availableSizesCount": 8
            }, 
            "height": 417, 
            "accentColor": "BA1114", 
            "hostPageDisplayUrl": "world.huanqiu.com/article/2016-12/9754870.html", 
            "name": "特朗普正式提名3名内阁成员 华裔赵小兰或再次入阁_国际新闻 ...", 
            "width": 600, 
            "imageInsightsToken": "ccid_xfAW9xRA*mid_723F458155E6694EA44E141DD90CFCC50458CFA5*simid_608052047904637976*thid_OIP.xfAW9xRAy6f0KtUo2SqR8AHaFJ", 
            "imageId": "723F458155E6694EA44E141DD90CFCC50458CFA5", 
            "isFamilyFriendly": true, 
            "datePublished": "2016-11-30T22:29:00.0000000Z", 
            "encodingFormat": "jpeg", 
            "webSearchUrl": "https://www.bing.com/images/search?view=detailv2&FORM=OIIRPO&q=site%3a(thepaper.cn+or+chinadaily.com.cn+or+china.com.cn+or+chinanews.com+or+youth.cn+or+sina.com.cn+or+xinhuanet.com+or+cri.cn+or+163.com+or+cankaoxiaoxi.com+or+cctv.com+or+ifeng.com+or+qq.com+or+takungpao.com+or+people.com.cn+or+southcn.com+or+southcn.com+or+cnr.cn+or+people.com.cn+or+cyol.com+or+bjnews.com.cn+or+gmw.cn+or+dahe.cn+or+xfrb.com.cn+or+cqnews.net+or+lifeweek.com.cn+or+cpd.com.cn+or+haiwainet.cn+or+yidianzixun.com+or+ftchinese.com+or+guancha.cn+or+zhcw.com+or+huanqiu.com+or+ihuawen.com+or+nytimes.com+or+flickr.com+or+quanjing.com+or+vcg.com+or+gettyimages.co.uk+or+paixin.com)+%e6%80%bb%e7%bb%9f+%e6%8f%90%e5%90%8d+%e4%b8%a4%e5%90%8d&id=723F458155E6694EA44E141DD90CFCC50458CFA5&simid=608052047904637976", 
            "hostPageUrl": "http://world.huanqiu.com/article/2016-12/9754870.html", 
            "thumbnailUrl": "https://tse1.mm.bing.net/th?id=OIP.xfAW9xRAy6f0KtUo2SqR8AHaFJ&pid=Api", 
            "thumbnail": {
                "width": 474, 
                "height": 329
            }, 
            "contentSize": "26492 B"
        }
    ], 
    "nextOffset": 10, 
    "queryContext": {
        "alterationMethod": "AM_JustChangeIt", 
        "alterationType": "CombinedAlterationsChained", 
        "originalQuery": "site:(thepaper.cn or chinadaily.com.cn or china.com.cn or chinanews.com or youth.cn or sina.com.cn or xinhuanet.com or cri.cn or 163.com or cankaoxiaoxi.com or cctv.com or ifeng.com or qq.com or takungpao.com or people.com.cn or southcn.com or southcn.com or cnr.cn or people.com.cn or cyol.com or bjnews.com.cn or gmw.cn or dahe.cn or xfrb.com.cn or cqnews.net or lifeweek.com.cn or cpd.com.cn or haiwainet.cn or yidianzixun.com or ftchinese.com or guancha.cn or zhcw.com or huanqiu.com or ihuawen.com or nytimes.com or flickr.com or quanjing.com or vcg.com or gettyimages.co.uk or paixin.com) 总统 提名 两名", 
        "alterationOverrideQuery": "+site:(thepaper.cn or chinadaily.com.cn or china.com.cn or chinanews.com or youth.cn or sina.com.cn or xinhuanet.com or cri.cn or 163.com or cankaoxiaoxi.com or cctv.com or ifeng.com or qq.com or takungpao.com or people.com.cn or southcn.com or southcn.com or cnr.cn or people.com.cn or cyol.com or bjnews.com.cn or gmw.cn or dahe.cn or xfrb.com.cn or cqnews.net or lifeweek.com.cn or cpd.com.cn or haiwainet.cn or yidianzixun.com or ftchinese.com or guancha.cn or zhcw.com or huanqiu.com or ihuawen.com or nytimes.com or flickr.com or quanjing.com or vcg.com or gettyimages.co.uk or paixin.com) 总统 提名 两名", 
        "alterationDisplayQuery": "总统 提名 两名"
    }, 
    "currentOffset": 0, 
    "readLink": "images/search?q=site:(thepaper.cn or chinadaily.com.cn or china.com.cn or chinanews.com or youth.cn or sina.com.cn or xinhuanet.com or cri.cn or 163.com or cankaoxiaoxi.com or cctv.com or ifeng.com or qq.com or takungpao.com or people.com.cn or southcn.com or southcn.com or cnr.cn or people.com.cn or cyol.com or bjnews.com.cn or gmw.cn or dahe.cn or xfrb.com.cn or cqnews.net or lifeweek.com.cn or cpd.com.cn or haiwainet.cn or yidianzixun.com or ftchinese.com or guancha.cn or zhcw.com or huanqiu.com or ihuawen.com or nytimes.com or flickr.com or quanjing.com or vcg.com or gettyimages.co.uk or paixin.com) 总统 提名 两名", 
    "totalEstimatedMatches": 100
}