{
    "instrumentation": {
        "_type": "ResponseInstrumentation"
    }, 
    "_type": "Images", 
    "webSearchUrl": "https://www.bing.com/images/search?q=site:(thepaper.cn or chinadaily.com.cn or china.com.cn or chinanews.com or youth.cn or sina.com.cn or xinhuanet.com or cri.cn or 163.com or cankaoxiaoxi.com or cctv.com or ifeng.com or qq.com or takungpao.com or people.com.cn or southcn.com or southcn.com or cnr.cn or people.com.cn or cyol.com or bjnews.com.cn or gmw.cn or dahe.cn or xfrb.com.cn or cqnews.net or lifeweek.com.cn or cpd.com.cn or haiwainet.cn or yidianzixun.com or ftchinese.com or guancha.cn or zhcw.com or huanqiu.com or ihuawen.com or nytimes.com or flickr.com or quanjing.com or vcg.com or gettyimages.co.uk or paixin.com) 说 说话 时&FORM=OIIARP", 
    "value": [
        {
            "contentUrl": "http://i3.sinaimg.cn/ent/s/h/2014-09-08/U11178P28T3D4205451F326DT20140908140000.jpg", 
            "insightsMetadata": {
                "pagesIncludingCount": 4, 
                "availableSizesCount": 2
            }, 
            "height": 600, 
            "accentColor": "AF1C3A", 
            "hostPageDisplayUrl": "ent.sina.com.cn/s/h/2014-09-08/14004205451.shtml", 
            "name": "黄伊汶为黄家强辩解：只是说话像吵架|黄伊汶|黄家强|演唱会 ...", 
            "width": 450, 
            "imageInsightsToken": "ccid_IvOYHfrD*mid_B40D9AFA8D58C8F0824130C918270C11D93AF5B4*simid_608007899953104396*thid_OIP.IvOYHfrDe2kiX9J7PHbhmwHaJ4", 
            "imageId": "B40D9AFA8D58C8F0824130C918270C11D93AF5B4", 
            "isFamilyFriendly": true, 
            "datePublished": "2018-11-02T22:11:00.0000000Z", 
            "encodingFormat": "jpeg", 
            "webSearchUrl": "https://www.bing.com/images/search?view=detailv2&FORM=OIIRPO&q=site%3a(thepaper.cn+or+chinadaily.com.cn+or+china.com.cn+or+chinanews.com+or+youth.cn+or+sina.com.cn+or+xinhuanet.com+or+cri.cn+or+163.com+or+cankaoxiaoxi.com+or+cctv.com+or+ifeng.com+or+qq.com+or+takungpao.com+or+people.com.cn+or+southcn.com+or+southcn.com+or+cnr.cn+or+people.com.cn+or+cyol.com+or+bjnews.com.cn+or+gmw.cn+or+dahe.cn+or+xfrb.com.cn+or+cqnews.net+or+lifeweek.com.cn+or+cpd.com.cn+or+haiwainet.cn+or+yidianzixun.com+or+ftchinese.com+or+guancha.cn+or+zhcw.com+or+huanqiu.com+or+ihuawen.com+or+nytimes.com+or+flickr.com+or+quanjing.com+or+vcg.com+or+gettyimages.co.uk+or+paixin.com)+%e8%af%b4+%e8%af%b4%e8%af%9d+%e6%97%b6&id=B40D9AFA8D58C8F0824130C918270C11D93AF5B4&simid=608007899953104396", 
            "hostPageUrl": "http://ent.sina.com.cn/s/h/2014-09-08/14004205451.shtml", 
            "thumbnailUrl": "https://tse2.mm.bing.net/th?id=OIP.IvOYHfrDe2kiX9J7PHbhmwHaJ4&pid=Api", 
            "thumbnail": {
                "width": 474, 
                "height": 632
            }, 
            "contentSize": "61606 B"
        }, 
        {
            "contentUrl": "http://s12.sinaimg.cn/mw690/0035RGM1zy78dn7DHqHbb&690", 
            "insightsMetadata": {
                "pagesIncludingCount": 1, 
                "availableSizesCount": 1
            }, 
            "height": 460, 
            "accentColor": "C29A09", 
            "hostPageDisplayUrl": "blog.sina.com.cn/u/1761193024", 
            "name": "泉水_新浪博客", 
            "width": 690, 
            "imageInsightsToken": "ccid_IX0pKX5y*mid_0A7A3F94EA757E9D51D52B8E382D4E13CC0621F5*simid_608054530393050049*thid_OIP.IX0pKX5ysvVC3FwMC3FudgEsDI", 
            "imageId": "0A7A3F94EA757E9D51D52B8E382D4E13CC0621F5", 
            "isFamilyFriendly": true, 
            "datePublished": "2018-09-07T13:09:00.0000000Z", 
            "encodingFormat": "jpeg", 
            "webSearchUrl": "https://www.bing.com/images/search?view=detailv2&FORM=OIIRPO&q=site%3a(thepaper.cn+or+chinadaily.com.cn+or+china.com.cn+or+chinanews.com+or+youth.cn+or+sina.com.cn+or+xinhuanet.com+or+cri.cn+or+163.com+or+cankaoxiaoxi.com+or+cctv.com+or+ifeng.com+or+qq.com+or+takungpao.com+or+people.com.cn+or+southcn.com+or+southcn.com+or+cnr.cn+or+people.com.cn+or+cyol.com+or+bjnews.com.cn+or+gmw.cn+or+dahe.cn+or+xfrb.com.cn+or+cqnews.net+or+lifeweek.com.cn+or+cpd.com.cn+or+haiwainet.cn+or+yidianzixun.com+or+ftchinese.com+or+guancha.cn+or+zhcw.com+or+huanqiu.com+or+ihuawen.com+or+nytimes.com+or+flickr.com+or+quanjing.com+or+vcg.com+or+gettyimages.co.uk+or+paixin.com)+%e8%af%b4+%e8%af%b4%e8%af%9d+%e6%97%b6&id=0A7A3F94EA757E9D51D52B8E382D4E13CC0621F5&simid=608054530393050049", 
            "hostPageUrl": "http://blog.sina.com.cn/u/1761193024", 
            "thumbnailUrl": "https://tse3.mm.bing.net/th?id=OIP.IX0pKX5ysvVC3FwMC3FudgEsDI&pid=Api", 
            "thumbnail": {
                "width": 474, 
                "height": 316
            }, 
            "contentSize": "133585 B"
        }, 
        {
            "contentUrl": "http://news.xinhuanet.com/photo/2014-10/31/127164271_14147407605051n.jpg", 
            "insightsMetadata": {
                "pagesIncludingCount": 4, 
                "availableSizesCount": 1
            }, 
            "height": 370, 
            "accentColor": "A1412A", 
            "hostPageDisplayUrl": "news.xinhuanet.com/photo/2014-10/31/c_127164271.htm", 
            "name": "美国一只多嘴小山羊会说话 视频网络走红_图片频道_新华网", 
            "width": 265, 
            "imageInsightsToken": "ccid_SHm9ih3q*mid_F05CC5C007A0C4AC46E93AEB85BD3E23AB6CDE34*simid_608040692071661846*thid_OIP.SHm9ih3qTG9LlOe5yZtK9QHaKV", 
            "imageId": "F05CC5C007A0C4AC46E93AEB85BD3E23AB6CDE34", 
            "isFamilyFriendly": true, 
            "datePublished": "2014-10-31T12:00:00.0000000Z", 
            "encodingFormat": "jpeg", 
            "webSearchUrl": "https://www.bing.com/images/search?view=detailv2&FORM=OIIRPO&q=site%3a(thepaper.cn+or+chinadaily.com.cn+or+china.com.cn+or+chinanews.com+or+youth.cn+or+sina.com.cn+or+xinhuanet.com+or+cri.cn+or+163.com+or+cankaoxiaoxi.com+or+cctv.com+or+ifeng.com+or+qq.com+or+takungpao.com+or+people.com.cn+or+southcn.com+or+southcn.com+or+cnr.cn+or+people.com.cn+or+cyol.com+or+bjnews.com.cn+or+gmw.cn+or+dahe.cn+or+xfrb.com.cn+or+cqnews.net+or+lifeweek.com.cn+or+cpd.com.cn+or+haiwainet.cn+or+yidianzixun.com+or+ftchinese.com+or+guancha.cn+or+zhcw.com+or+huanqiu.com+or+ihuawen.com+or+nytimes.com+or+flickr.com+or+quanjing.com+or+vcg.com+or+gettyimages.co.uk+or+paixin.com)+%e8%af%b4+%e8%af%b4%e8%af%9d+%e6%97%b6&id=F05CC5C007A0C4AC46E93AEB85BD3E23AB6CDE34&simid=608040692071661846", 
            "hostPageUrl": "http://news.xinhuanet.com/photo/2014-10/31/c_127164271.htm", 
            "thumbnailUrl": "https://tse2.mm.bing.net/th?id=OIP.SHm9ih3qTG9LlOe5yZtK9QHaKV&pid=Api", 
            "thumbnail": {
                "width": 474, 
                "height": 661
            }, 
            "hostPageFavIconUrl": "https://www.bing.com/th?id=AR_6034f89765965526777239fbb6bac707&pid=Api", 
            "contentSize": "37168 B"
        }, 
        {
            "contentUrl": "http://img1.gtimg.com/astro/pics/hv1/205/147/2134/138801040.jpg", 
            "insightsMetadata": {
                "pagesIncludingCount": 3, 
                "availableSizesCount": 2
            }, 
            "height": 300, 
            "accentColor": "788942", 
            "hostPageDisplayUrl": "astro.fashion.qq.com/a/20160928/005213.htm", 
            "name": "哪些星座说话时带刺_星座_腾讯网", 
            "width": 400, 
            "imageInsightsToken": "ccid_RKq2EEz3*mid_1D970B5A5A54CBC5630346F5F6E795CFD2436943*simid_608037393510829178*thid_OIP.RKq2EEz3AbYbU0fjfabWLAAAAA", 
            "imageId": "1D970B5A5A54CBC5630346F5F6E795CFD2436943", 
            "isFamilyFriendly": true, 
            "datePublished": "2016-09-27T23:18:00.0000000Z", 
            "encodingFormat": "jpeg", 
            "webSearchUrl": "https://www.bing.com/images/search?view=detailv2&FORM=OIIRPO&q=site%3a(thepaper.cn+or+chinadaily.com.cn+or+china.com.cn+or+chinanews.com+or+youth.cn+or+sina.com.cn+or+xinhuanet.com+or+cri.cn+or+163.com+or+cankaoxiaoxi.com+or+cctv.com+or+ifeng.com+or+qq.com+or+takungpao.com+or+people.com.cn+or+southcn.com+or+southcn.com+or+cnr.cn+or+people.com.cn+or+cyol.com+or+bjnews.com.cn+or+gmw.cn+or+dahe.cn+or+xfrb.com.cn+or+cqnews.net+or+lifeweek.com.cn+or+cpd.com.cn+or+haiwainet.cn+or+yidianzixun.com+or+ftchinese.com+or+guancha.cn+or+zhcw.com+or+huanqiu.com+or+ihuawen.com+or+nytimes.com+or+flickr.com+or+quanjing.com+or+vcg.com+or+gettyimages.co.uk+or+paixin.com)+%e8%af%b4+%e8%af%b4%e8%af%9d+%e6%97%b6&id=1D970B5A5A54CBC5630346F5F6E795CFD2436943&simid=608037393510829178", 
            "hostPageUrl": "http://astro.fashion.qq.com/a/20160928/005213.htm", 
            "thumbnailUrl": "https://tse2.mm.bing.net/th?id=OIP.RKq2EEz3AbYbU0fjfabWLAAAAA&pid=Api", 
            "thumbnail": {
                "width": 400, 
                "height": 300
            }, 
            "contentSize": "16079 B"
        }, 
        {
            "contentUrl": "http://n.sinaimg.cn/translate/20160324/IEDN-fxqpchx6495110.jpg", 
            "insightsMetadata": {
                "pagesIncludingCount": 4, 
                "availableSizesCount": 1
            }, 
            "height": 300, 
            "accentColor": "9A5F31", 
            "hostPageDisplayUrl": "news.sina.com.cn/o/2016-03-24/doc-ifxqsxic3070397.shtml", 
            "name": "1岁半男童不会说话即认百余字 家长忧长大厌学|男童|汉字_新浪新闻", 
            "width": 400, 
            "imageInsightsToken": "ccid_6iesW7Xz*mid_D70B63721161D8FEFF8DE741B3798B183E0DFF08*simid_607991128112038664*thid_OIP.6iesW7XzOUnbwv9tZyI8gQHaFj", 
            "imageId": "D70B63721161D8FEFF8DE741B3798B183E0DFF08", 
            "isFamilyFriendly": true, 
            "datePublished": "2016-03-23T19:06:00.0000000Z", 
            "encodingFormat": "jpeg", 
            "webSearchUrl": "https://www.bing.com/images/search?view=detailv2&FORM=OIIRPO&q=site%3a(thepaper.cn+or+chinadaily.com.cn+or+china.com.cn+or+chinanews.com+or+youth.cn+or+sina.com.cn+or+xinhuanet.com+or+cri.cn+or+163.com+or+cankaoxiaoxi.com+or+cctv.com+or+ifeng.com+or+qq.com+or+takungpao.com+or+people.com.cn+or+southcn.com+or+southcn.com+or+cnr.cn+or+people.com.cn+or+cyol.com+or+bjnews.com.cn+or+gmw.cn+or+dahe.cn+or+xfrb.com.cn+or+cqnews.net+or+lifeweek.com.cn+or+cpd.com.cn+or+haiwainet.cn+or+yidianzixun.com+or+ftchinese.com+or+guancha.cn+or+zhcw.com+or+huanqiu.com+or+ihuawen.com+or+nytimes.com+or+flickr.com+or+quanjing.com+or+vcg.com+or+gettyimages.co.uk+or+paixin.com)+%e8%af%b4+%e8%af%b4%e8%af%9d+%e6%97%b6&id=D70B63721161D8FEFF8DE741B3798B183E0DFF08&simid=607991128112038664", 
            "hostPageUrl": "http://news.sina.com.cn/o/2016-03-24/doc-ifxqsxic3070397.shtml", 
            "thumbnailUrl": "https://tse3.mm.bing.net/th?id=OIP.6iesW7XzOUnbwv9tZyI8gQHaFj&pid=Api", 
            "thumbnail": {
                "width": 474, 
                "height": 355
            }, 
            "contentSize": "27174 B"
        }, 
        {
            "contentUrl": "http://p1.ifengimg.com/fck/2018_22/3763a4fc240d699_w580_h350.jpg", 
            "insightsMetadata": {
                "pagesIncludingCount": 2, 
                "availableSizesCount": 1
            }, 
            "height": 350, 
            "accentColor": "983334", 
            "hostPageDisplayUrl": "ent.ifeng.com/a/20180527/43052601_0.shtml", 
            "name": "哈里王子大婚刷屏，我却爱上了人群中这个女人！_娱乐频道_凤凰网", 
            "width": 580, 
            "imageInsightsToken": "ccid_Eu7tjGTA*mid_C34BF4AF3EA7F1441F28B3604B8F8C53AA483C74*simid_608031032659149060*thid_OIP.Eu7tjGTAn!_N0xRirn45D4AHaEe", 
            "imageId": "C34BF4AF3EA7F1441F28B3604B8F8C53AA483C74", 
            "isFamilyFriendly": true, 
            "datePublished": "2018-05-27T04:01:00.0000000Z", 
            "encodingFormat": "jpeg", 
            "webSearchUrl": "https://www.bing.com/images/search?view=detailv2&FORM=OIIRPO&q=site%3a(thepaper.cn+or+chinadaily.com.cn+or+china.com.cn+or+chinanews.com+or+youth.cn+or+sina.com.cn+or+xinhuanet.com+or+cri.cn+or+163.com+or+cankaoxiaoxi.com+or+cctv.com+or+ifeng.com+or+qq.com+or+takungpao.com+or+people.com.cn+or+southcn.com+or+southcn.com+or+cnr.cn+or+people.com.cn+or+cyol.com+or+bjnews.com.cn+or+gmw.cn+or+dahe.cn+or+xfrb.com.cn+or+cqnews.net+or+lifeweek.com.cn+or+cpd.com.cn+or+haiwainet.cn+or+yidianzixun.com+or+ftchinese.com+or+guancha.cn+or+zhcw.com+or+huanqiu.com+or+ihuawen.com+or+nytimes.com+or+flickr.com+or+quanjing.com+or+vcg.com+or+gettyimages.co.uk+or+paixin.com)+%e8%af%b4+%e8%af%b4%e8%af%9d+%e6%97%b6&id=C34BF4AF3EA7F1441F28B3604B8F8C53AA483C74&simid=608031032659149060", 
            "hostPageUrl": "http://ent.ifeng.com/a/20180527/43052601_0.shtml", 
            "thumbnailUrl": "https://tse1.mm.bing.net/th?id=OIP.Eu7tjGTAn_N0xRirn45D4AHaEe&pid=Api", 
            "thumbnail": {
                "width": 474, 
                "height": 286
            }, 
            "contentSize": "42880 B"
        }, 
        {
            "contentUrl": "http://b99.photo.store.qq.com/psb?/V10kcyIF3XDnR0/gq.WiWPhx2AkqskRYtpNS0yL3G5GBaCibHbbsNqHx1E!/b/YYtKBTu.JQAAYnfRBjvlJQAA", 
            "insightsMetadata": {
                "pagesIncludingCount": 32, 
                "availableSizesCount": 17
            }, 
            "height": 464, 
            "accentColor": "301377", 
            "hostPageDisplayUrl": "blog.qq.com/qzone/639566606/1329744476.htm", 
            "name": "生活语录 -- - 读心术与微表情，你想学吗？？ - Qzone", 
            "width": 400, 
            "imageInsightsToken": "ccid_lwwMrBBE*mid_EE79F638182AF46E281779E5A4BE4A636C41BFBF*simid_608039545303991753*thid_OIP.lwwMrBBEQIKLptegblHMhgHaIl", 
            "imageId": "EE79F638182AF46E281779E5A4BE4A636C41BFBF", 
            "isFamilyFriendly": true, 
            "datePublished": "2014-05-25T12:26:00.0000000Z", 
            "encodingFormat": "jpeg", 
            "webSearchUrl": "https://www.bing.com/images/search?view=detailv2&FORM=OIIRPO&q=site%3a(thepaper.cn+or+chinadaily.com.cn+or+china.com.cn+or+chinanews.com+or+youth.cn+or+sina.com.cn+or+xinhuanet.com+or+cri.cn+or+163.com+or+cankaoxiaoxi.com+or+cctv.com+or+ifeng.com+or+qq.com+or+takungpao.com+or+people.com.cn+or+southcn.com+or+southcn.com+or+cnr.cn+or+people.com.cn+or+cyol.com+or+bjnews.com.cn+or+gmw.cn+or+dahe.cn+or+xfrb.com.cn+or+cqnews.net+or+lifeweek.com.cn+or+cpd.com.cn+or+haiwainet.cn+or+yidianzixun.com+or+ftchinese.com+or+guancha.cn+or+zhcw.com+or+huanqiu.com+or+ihuawen.com+or+nytimes.com+or+flickr.com+or+quanjing.com+or+vcg.com+or+gettyimages.co.uk+or+paixin.com)+%e8%af%b4+%e8%af%b4%e8%af%9d+%e6%97%b6&id=EE79F638182AF46E281779E5A4BE4A636C41BFBF&simid=608039545303991753", 
            "hostPageUrl": "http://blog.qq.com/qzone/639566606/1329744476.htm", 
            "thumbnailUrl": "https://tse2.mm.bing.net/th?id=OIP.lwwMrBBEQIKLptegblHMhgHaIl&pid=Api", 
            "thumbnail": {
                "width": 474, 
                "height": 549
            }, 
            "contentSize": "35713 B"
        }, 
        {
            "contentUrl": "http://p3.ifengimg.com/a/2017_05/4225b989ba8eb9d_size24_w647_h407.jpg", 
            "insightsMetadata": {
                "pagesIncludingCount": 3, 
                "availableSizesCount": 1
            }, 
            "height": 407, 
            "accentColor": "9120AB", 
            "hostPageDisplayUrl": "fo.ifeng.com/a/20170210/44541235_0.shtml", 
            "name": "智慧法语：佛说修道人与异性说话时要这样观想_凤凰佛教", 
            "width": 647, 
            "imageInsightsToken": "ccid_868BU2Jg*mid_219B9B7E3DAE1DCCC7A797CE9F3B93DFBEDFA309*simid_608000899161787773*thid_OIP.868BU2JguZlrSgmoaGMTqQHaEq", 
            "imageId": "219B9B7E3DAE1DCCC7A797CE9F3B93DFBEDFA309", 
            "isFamilyFriendly": true, 
            "datePublished": "2017-02-10T01:06:00.0000000Z", 
            "encodingFormat": "jpeg", 
            "webSearchUrl": "https://www.bing.com/images/search?view=detailv2&FORM=OIIRPO&q=site%3a(thepaper.cn+or+chinadaily.com.cn+or+china.com.cn+or+chinanews.com+or+youth.cn+or+sina.com.cn+or+xinhuanet.com+or+cri.cn+or+163.com+or+cankaoxiaoxi.com+or+cctv.com+or+ifeng.com+or+qq.com+or+takungpao.com+or+people.com.cn+or+southcn.com+or+southcn.com+or+cnr.cn+or+people.com.cn+or+cyol.com+or+bjnews.com.cn+or+gmw.cn+or+dahe.cn+or+xfrb.com.cn+or+cqnews.net+or+lifeweek.com.cn+or+cpd.com.cn+or+haiwainet.cn+or+yidianzixun.com+or+ftchinese.com+or+guancha.cn+or+zhcw.com+or+huanqiu.com+or+ihuawen.com+or+nytimes.com+or+flickr.com+or+quanjing.com+or+vcg.com+or+gettyimages.co.uk+or+paixin.com)+%e8%af%b4+%e8%af%b4%e8%af%9d+%e6%97%b6&id=219B9B7E3DAE1DCCC7A797CE9F3B93DFBEDFA309&simid=608000899161787773", 
            "hostPageUrl": "http://fo.ifeng.com/a/20170210/44541235_0.shtml", 
            "thumbnailUrl": "https://tse2.mm.bing.net/th?id=OIP.868BU2JguZlrSgmoaGMTqQHaEq&pid=Api", 
            "thumbnail": {
                "width": 474, 
                "height": 298
            }, 
            "contentSize": "25034 B"
        }, 
        {
            "contentUrl": "http://img245.ph.126.net/9hgmpc90bWZWu_vO2k5yYw==/2111625275285052868.jpg", 
            "insightsMetadata": {
                "pagesIncludingCount": 1, 
                "availableSizesCount": 1
            }, 
            "height": 531, 
            "accentColor": "32416F", 
            "hostPageDisplayUrl": "blog.sina.com.cn/s/blog_6bebde1c010156er.html", 
            "name": "领悟中美交谈时的手势艺术_波特兰先生_新浪博客", 
            "width": 500, 
            "imageInsightsToken": "ccid_RBpjtCRl*mid_2FA0E8565033243B8A325D7A74B3F6A71A5BEA7C*simid_608048788078200326*thid_OIP.RBpjtCRlBlPpm1Hk9UHjzAHaH3", 
            "imageId": "2FA0E8565033243B8A325D7A74B3F6A71A5BEA7C", 
            "isFamilyFriendly": true, 
            "datePublished": "2010-12-03T12:00:00.0000000Z", 
            "encodingFormat": "jpeg", 
            "webSearchUrl": "https://www.bing.com/images/search?view=detailv2&FORM=OIIRPO&q=site%3a(thepaper.cn+or+chinadaily.com.cn+or+china.com.cn+or+chinanews.com+or+youth.cn+or+sina.com.cn+or+xinhuanet.com+or+cri.cn+or+163.com+or+cankaoxiaoxi.com+or+cctv.com+or+ifeng.com+or+qq.com+or+takungpao.com+or+people.com.cn+or+southcn.com+or+southcn.com+or+cnr.cn+or+people.com.cn+or+cyol.com+or+bjnews.com.cn+or+gmw.cn+or+dahe.cn+or+xfrb.com.cn+or+cqnews.net+or+lifeweek.com.cn+or+cpd.com.cn+or+haiwainet.cn+or+yidianzixun.com+or+ftchinese.com+or+guancha.cn+or+zhcw.com+or+huanqiu.com+or+ihuawen.com+or+nytimes.com+or+flickr.com+or+quanjing.com+or+vcg.com+or+gettyimages.co.uk+or+paixin.com)+%e8%af%b4+%e8%af%b4%e8%af%9d+%e6%97%b6&id=2FA0E8565033243B8A325D7A74B3F6A71A5BEA7C&simid=608048788078200326", 
            "hostPageUrl": "http://blog.sina.com.cn/s/blog_6bebde1c010156er.html", 
            "thumbnailUrl": "https://tse4.mm.bing.net/th?id=OIP.RBpjtCRlBlPpm1Hk9UHjzAHaH3&pid=Api", 
            "thumbnail": {
                "width": 474, 
                "height": 503
            }, 
            "contentSize": "84163 B"
        }, 
        {
            "contentUrl": "http://image.thepaper.cn/www/image/8/367/815.jpg", 
            "insightsMetadata": {
                "pagesIncludingCount": 4, 
                "availableSizesCount": 3
            }, 
            "height": 402, 
            "accentColor": "1A90B1", 
            "hostPageDisplayUrl": "https://www.thepaper.cn/newsDetail_forward_2205851", 
            "name": "问答｜听妈妈的话，吃饭别说话？这些食物不要吃_身体_澎湃新闻 ...", 
            "width": 600, 
            "imageInsightsToken": "ccid_V0XZve3z*mid_1690415F6AE948AC76A634BF590391517F5E7D21*simid_608048672099600760*thid_OIP.V0XZve3zNrTNyWFV3G8OlgHaE9", 
            "imageId": "1690415F6AE948AC76A634BF590391517F5E7D21", 
            "isFamilyFriendly": true, 
            "datePublished": "2019-02-10T09:07:00.0000000Z", 
            "encodingFormat": "jpeg", 
            "webSearchUrl": "https://www.bing.com/images/search?view=detailv2&FORM=OIIRPO&q=site%3a(thepaper.cn+or+chinadaily.com.cn+or+china.com.cn+or+chinanews.com+or+youth.cn+or+sina.com.cn+or+xinhuanet.com+or+cri.cn+or+163.com+or+cankaoxiaoxi.com+or+cctv.com+or+ifeng.com+or+qq.com+or+takungpao.com+or+people.com.cn+or+southcn.com+or+southcn.com+or+cnr.cn+or+people.com.cn+or+cyol.com+or+bjnews.com.cn+or+gmw.cn+or+dahe.cn+or+xfrb.com.cn+or+cqnews.net+or+lifeweek.com.cn+or+cpd.com.cn+or+haiwainet.cn+or+yidianzixun.com+or+ftchinese.com+or+guancha.cn+or+zhcw.com+or+huanqiu.com+or+ihuawen.com+or+nytimes.com+or+flickr.com+or+quanjing.com+or+vcg.com+or+gettyimages.co.uk+or+paixin.com)+%e8%af%b4+%e8%af%b4%e8%af%9d+%e6%97%b6&id=1690415F6AE948AC76A634BF590391517F5E7D21&simid=608048672099600760", 
            "hostPageUrl": "https://www.thepaper.cn/newsDetail_forward_2205851", 
            "thumbnailUrl": "https://tse4.mm.bing.net/th?id=OIP.V0XZve3zNrTNyWFV3G8OlgHaE9&pid=Api", 
            "thumbnail": {
                "width": 474, 
                "height": 317
            }, 
            "contentSize": "240552 B"
        }
    ], 
    "nextOffset": 10, 
    "queryContext": {
        "alterationMethod": "AM_JustChangeIt", 
        "alterationType": "CombinedAlterationsChained", 
        "originalQuery": "site:(thepaper.cn or chinadaily.com.cn or china.com.cn or chinanews.com or youth.cn or sina.com.cn or xinhuanet.com or cri.cn or 163.com or cankaoxiaoxi.com or cctv.com or ifeng.com or qq.com or takungpao.com or people.com.cn or southcn.com or southcn.com or cnr.cn or people.com.cn or cyol.com or bjnews.com.cn or gmw.cn or dahe.cn or xfrb.com.cn or cqnews.net or lifeweek.com.cn or cpd.com.cn or haiwainet.cn or yidianzixun.com or ftchinese.com or guancha.cn or zhcw.com or huanqiu.com or ihuawen.com or nytimes.com or flickr.com or quanjing.com or vcg.com or gettyimages.co.uk or paixin.com) 说 说话 时", 
        "alterationOverrideQuery": "+site:(thepaper.cn or chinadaily.com.cn or china.com.cn or chinanews.com or youth.cn or sina.com.cn or xinhuanet.com or cri.cn or 163.com or cankaoxiaoxi.com or cctv.com or ifeng.com or qq.com or takungpao.com or people.com.cn or southcn.com or southcn.com or cnr.cn or people.com.cn or cyol.com or bjnews.com.cn or gmw.cn or dahe.cn or xfrb.com.cn or cqnews.net or lifeweek.com.cn or cpd.com.cn or haiwainet.cn or yidianzixun.com or ftchinese.com or guancha.cn or zhcw.com or huanqiu.com or ihuawen.com or nytimes.com or flickr.com or quanjing.com or vcg.com or gettyimages.co.uk or paixin.com) 说 说话 时", 
        "alterationDisplayQuery": "说 说话 时"
    }, 
    "currentOffset": 0, 
    "readLink": "images/search?q=site:(thepaper.cn or chinadaily.com.cn or china.com.cn or chinanews.com or youth.cn or sina.com.cn or xinhuanet.com or cri.cn or 163.com or cankaoxiaoxi.com or cctv.com or ifeng.com or qq.com or takungpao.com or people.com.cn or southcn.com or southcn.com or cnr.cn or people.com.cn or cyol.com or bjnews.com.cn or gmw.cn or dahe.cn or xfrb.com.cn or cqnews.net or lifeweek.com.cn or cpd.com.cn or haiwainet.cn or yidianzixun.com or ftchinese.com or guancha.cn or zhcw.com or huanqiu.com or ihuawen.com or nytimes.com or flickr.com or quanjing.com or vcg.com or gettyimages.co.uk or paixin.com) 说 说话 时", 
    "totalEstimatedMatches": 100
}