{
    "instrumentation": {
        "_type": "ResponseInstrumentation"
    }, 
    "_type": "Images", 
    "webSearchUrl": "https://www.bing.com/images/search?q=site:(thepaper.cn or chinadaily.com.cn or china.com.cn or chinanews.com or youth.cn or sina.com.cn or xinhuanet.com or cri.cn or 163.com or cankaoxiaoxi.com or cctv.com or ifeng.com or qq.com or takungpao.com or people.com.cn or southcn.com or southcn.com or cnr.cn or people.com.cn or cyol.com or bjnews.com.cn or gmw.cn or dahe.cn or xfrb.com.cn or cqnews.net or lifeweek.com.cn or cpd.com.cn or haiwainet.cn or yidianzixun.com or ftchinese.com or guancha.cn or zhcw.com or huanqiu.com or ihuawen.com or nytimes.com or flickr.com or quanjing.com or vcg.com or gettyimages.co.uk or paixin.com) 杰克 拒绝 公司 政治&FORM=OIIARP", 
    "value": [
        {
            "contentUrl": "http://n.sinaimg.cn/tech/transform/250/w630h420/20180906/9mh9-hitesuz0786790.jpg", 
            "insightsMetadata": {
                "pagesIncludingCount": 1, 
                "availableSizesCount": 1
            }, 
            "height": 420, 
            "accentColor": "2448A7", 
            "hostPageDisplayUrl": "tech.sina.com.cn/i/2018-09-06/doc-ihiixyeu4276723.shtml", 
            "name": "FB和Twitter高管参加众议院听证：避免在政见上站队|听证会|众议院 ...", 
            "width": 630, 
            "imageInsightsToken": "ccid_Q9YE160Y*mid_4CCA638EFF8117C03FBA4358322890072CFD601A*simid_608002526949998804*thid_OIP.Q9YE160YJJoDPcJ4Kz4fUgHaE8", 
            "imageId": "4CCA638EFF8117C03FBA4358322890072CFD601A", 
            "isFamilyFriendly": true, 
            "datePublished": "2019-01-31T02:16:00.0000000Z", 
            "encodingFormat": "jpeg", 
            "webSearchUrl": "https://www.bing.com/images/search?view=detailv2&FORM=OIIRPO&q=site%3a(thepaper.cn+or+chinadaily.com.cn+or+china.com.cn+or+chinanews.com+or+youth.cn+or+sina.com.cn+or+xinhuanet.com+or+cri.cn+or+163.com+or+cankaoxiaoxi.com+or+cctv.com+or+ifeng.com+or+qq.com+or+takungpao.com+or+people.com.cn+or+southcn.com+or+southcn.com+or+cnr.cn+or+people.com.cn+or+cyol.com+or+bjnews.com.cn+or+gmw.cn+or+dahe.cn+or+xfrb.com.cn+or+cqnews.net+or+lifeweek.com.cn+or+cpd.com.cn+or+haiwainet.cn+or+yidianzixun.com+or+ftchinese.com+or+guancha.cn+or+zhcw.com+or+huanqiu.com+or+ihuawen.com+or+nytimes.com+or+flickr.com+or+quanjing.com+or+vcg.com+or+gettyimages.co.uk+or+paixin.com)+%e6%9d%b0%e5%85%8b+%e6%8b%92%e7%bb%9d+%e5%85%ac%e5%8f%b8+%e6%94%bf%e6%b2%bb&id=4CCA638EFF8117C03FBA4358322890072CFD601A&simid=608002526949998804", 
            "hostPageUrl": "http://tech.sina.com.cn/i/2018-09-06/doc-ihiixyeu4276723.shtml", 
            "thumbnailUrl": "https://tse2.mm.bing.net/th?id=OIP.Q9YE160YJJoDPcJ4Kz4fUgHaE8&pid=Api", 
            "thumbnail": {
                "width": 474, 
                "height": 316
            }, 
            "contentSize": "26848 B"
        }, 
        {
            "contentUrl": "https://inews.gtimg.com/newsapp_bt/0/6709715879/1000", 
            "insightsMetadata": {
                "pagesIncludingCount": 24, 
                "availableSizesCount": 12
            }, 
            "height": 338, 
            "accentColor": "950617", 
            "hostPageDisplayUrl": "https://new.qq.com/omn/20181206/20181206B1P763.html", 
            "name": "为什么奥斯卡主持人的工作越来越不吃香？", 
            "width": 600, 
            "imageInsightsToken": "ccid_5r8LLc6d*mid_7F70390C42D818E5E26F2555B8E17DF928F93023*simid_608002290727913874*thid_OIP.5r8LLc6dcsLxZPtTwMmE6QHaEL", 
            "imageId": "7F70390C42D818E5E26F2555B8E17DF928F93023", 
            "isFamilyFriendly": true, 
            "datePublished": "2018-12-07T03:01:00.0000000Z", 
            "encodingFormat": "jpeg", 
            "webSearchUrl": "https://www.bing.com/images/search?view=detailv2&FORM=OIIRPO&q=site%3a(thepaper.cn+or+chinadaily.com.cn+or+china.com.cn+or+chinanews.com+or+youth.cn+or+sina.com.cn+or+xinhuanet.com+or+cri.cn+or+163.com+or+cankaoxiaoxi.com+or+cctv.com+or+ifeng.com+or+qq.com+or+takungpao.com+or+people.com.cn+or+southcn.com+or+southcn.com+or+cnr.cn+or+people.com.cn+or+cyol.com+or+bjnews.com.cn+or+gmw.cn+or+dahe.cn+or+xfrb.com.cn+or+cqnews.net+or+lifeweek.com.cn+or+cpd.com.cn+or+haiwainet.cn+or+yidianzixun.com+or+ftchinese.com+or+guancha.cn+or+zhcw.com+or+huanqiu.com+or+ihuawen.com+or+nytimes.com+or+flickr.com+or+quanjing.com+or+vcg.com+or+gettyimages.co.uk+or+paixin.com)+%e6%9d%b0%e5%85%8b+%e6%8b%92%e7%bb%9d+%e5%85%ac%e5%8f%b8+%e6%94%bf%e6%b2%bb&id=7F70390C42D818E5E26F2555B8E17DF928F93023&simid=608002290727913874", 
            "hostPageUrl": "https://new.qq.com/omn/20181206/20181206B1P763.html", 
            "thumbnailUrl": "https://tse4.mm.bing.net/th?id=OIP.5r8LLc6dcsLxZPtTwMmE6QHaEL&pid=Api", 
            "thumbnail": {
                "width": 474, 
                "height": 267
            }, 
            "contentSize": "15634 B"
        }
    ], 
    "nextOffset": 2, 
    "queryContext": {
        "alterationMethod": "AM_JustChangeIt", 
        "alterationType": "CombinedAlterationsChained", 
        "originalQuery": "site:(thepaper.cn or chinadaily.com.cn or china.com.cn or chinanews.com or youth.cn or sina.com.cn or xinhuanet.com or cri.cn or 163.com or cankaoxiaoxi.com or cctv.com or ifeng.com or qq.com or takungpao.com or people.com.cn or southcn.com or southcn.com or cnr.cn or people.com.cn or cyol.com or bjnews.com.cn or gmw.cn or dahe.cn or xfrb.com.cn or cqnews.net or lifeweek.com.cn or cpd.com.cn or haiwainet.cn or yidianzixun.com or ftchinese.com or guancha.cn or zhcw.com or huanqiu.com or ihuawen.com or nytimes.com or flickr.com or quanjing.com or vcg.com or gettyimages.co.uk or paixin.com) 杰克 拒绝 公司 政治", 
        "alterationOverrideQuery": "+site:(thepaper.cn or chinadaily.com.cn or china.com.cn or chinanews.com or youth.cn or sina.com.cn or xinhuanet.com or cri.cn or 163.com or cankaoxiaoxi.com or cctv.com or ifeng.com or qq.com or takungpao.com or people.com.cn or southcn.com or southcn.com or cnr.cn or people.com.cn or cyol.com or bjnews.com.cn or gmw.cn or dahe.cn or xfrb.com.cn or cqnews.net or lifeweek.com.cn or cpd.com.cn or haiwainet.cn or yidianzixun.com or ftchinese.com or guancha.cn or zhcw.com or huanqiu.com or ihuawen.com or nytimes.com or flickr.com or quanjing.com or vcg.com or gettyimages.co.uk or paixin.com) 杰克 拒绝 公司 政治", 
        "alterationDisplayQuery": "杰克 拒绝 公司 政治"
    }, 
    "currentOffset": 0, 
    "readLink": "images/search?q=site:(thepaper.cn or chinadaily.com.cn or china.com.cn or chinanews.com or youth.cn or sina.com.cn or xinhuanet.com or cri.cn or 163.com or cankaoxiaoxi.com or cctv.com or ifeng.com or qq.com or takungpao.com or people.com.cn or southcn.com or southcn.com or cnr.cn or people.com.cn or cyol.com or bjnews.com.cn or gmw.cn or dahe.cn or xfrb.com.cn or cqnews.net or lifeweek.com.cn or cpd.com.cn or haiwainet.cn or yidianzixun.com or ftchinese.com or guancha.cn or zhcw.com or huanqiu.com or ihuawen.com or nytimes.com or flickr.com or quanjing.com or vcg.com or gettyimages.co.uk or paixin.com) 杰克 拒绝 公司 政治", 
    "totalEstimatedMatches": 2
}