{
    "instrumentation": {
        "_type": "ResponseInstrumentation"
    }, 
    "_type": "Images", 
    "webSearchUrl": "https://www.bing.com/images/search?q=site:(thepaper.cn or chinadaily.com.cn or china.com.cn or chinanews.com or youth.cn or sina.com.cn or xinhuanet.com or cri.cn or 163.com or cankaoxiaoxi.com or cctv.com or ifeng.com or qq.com or takungpao.com or people.com.cn or southcn.com or southcn.com or cnr.cn or people.com.cn or cyol.com or bjnews.com.cn or gmw.cn or dahe.cn or xfrb.com.cn or cqnews.net or lifeweek.com.cn or cpd.com.cn or haiwainet.cn or yidianzixun.com or ftchinese.com or guancha.cn or zhcw.com or huanqiu.com or ihuawen.com or nytimes.com or flickr.com or quanjing.com or vcg.com or gettyimages.co.uk or paixin.com) 不够 保护&FORM=OIIARP", 
    "value": [
        {
            "contentUrl": "http://p2.cri.cn/M00/2B/2F/CqgNOlayusuAbJqPAAAAAAAAAAA499.550x413.jpg", 
            "insightsMetadata": {
                "pagesIncludingCount": 7, 
                "availableSizesCount": 3
            }, 
            "height": 413, 
            "accentColor": "BF9B0C", 
            "hostPageDisplayUrl": "news.cri.cn/2016-2-4/f2f036f1-c464-ca15-c90d-292e7d1441ec...", 
            "name": "四川独有小熊猫仅3000只 保护不够屡遭盗猎(图)-国际在线", 
            "width": 550, 
            "imageInsightsToken": "ccid_LeuUDaqG*mid_EF4D0A648FF2F1678C036A7FF6EC31D9B42F90D4*simid_608030130714837678*thid_OIP.LeuUDaqGG7F67jizeofy9wHaFj", 
            "imageId": "EF4D0A648FF2F1678C036A7FF6EC31D9B42F90D4", 
            "isFamilyFriendly": true, 
            "datePublished": "2018-11-03T01:39:00.0000000Z", 
            "encodingFormat": "jpeg", 
            "webSearchUrl": "https://www.bing.com/images/search?view=detailv2&FORM=OIIRPO&q=site%3a(thepaper.cn+or+chinadaily.com.cn+or+china.com.cn+or+chinanews.com+or+youth.cn+or+sina.com.cn+or+xinhuanet.com+or+cri.cn+or+163.com+or+cankaoxiaoxi.com+or+cctv.com+or+ifeng.com+or+qq.com+or+takungpao.com+or+people.com.cn+or+southcn.com+or+southcn.com+or+cnr.cn+or+people.com.cn+or+cyol.com+or+bjnews.com.cn+or+gmw.cn+or+dahe.cn+or+xfrb.com.cn+or+cqnews.net+or+lifeweek.com.cn+or+cpd.com.cn+or+haiwainet.cn+or+yidianzixun.com+or+ftchinese.com+or+guancha.cn+or+zhcw.com+or+huanqiu.com+or+ihuawen.com+or+nytimes.com+or+flickr.com+or+quanjing.com+or+vcg.com+or+gettyimages.co.uk+or+paixin.com)+%e4%b8%8d%e5%a4%9f+%e4%bf%9d%e6%8a%a4&id=EF4D0A648FF2F1678C036A7FF6EC31D9B42F90D4&simid=608030130714837678", 
            "hostPageUrl": "http://news.cri.cn/2016-2-4/f2f036f1-c464-ca15-c90d-292e7d1441ec.html", 
            "thumbnailUrl": "https://tse1.mm.bing.net/th?id=OIP.LeuUDaqGG7F67jizeofy9wHaFj&pid=Api", 
            "thumbnail": {
                "width": 474, 
                "height": 355
            }, 
            "hostPageFavIconUrl": "https://www.bing.com/th?id=AR_43a8e6729fb4544de63cbf9540fe59af&pid=Api", 
            "contentSize": "56163 B"
        }, 
        {
            "contentUrl": "http://i0.sinaimg.cn/dy/o/2014-05-17/1400288495_yBSxfe.jpg", 
            "insightsMetadata": {
                "pagesIncludingCount": 2, 
                "availableSizesCount": 1
            }, 
            "height": 262, 
            "accentColor": "363636", 
            "hostPageDisplayUrl": "news.sina.com.cn/o/2014-05-17/090030155674.shtml", 
            "name": "保护珍稀野生动物，仅靠立法还不够_新浪新闻", 
            "width": 346, 
            "imageInsightsToken": "ccid_fVJHN0rw*mid_5476B7E87DD1F34BB072131B5CC80B1CDC10FB27*simid_607991102352851388*thid_OIP.fVJHN0rwCgJLfzeg349lgQAAAA", 
            "imageId": "5476B7E87DD1F34BB072131B5CC80B1CDC10FB27", 
            "isFamilyFriendly": true, 
            "datePublished": "2014-05-17T12:00:00.0000000Z", 
            "encodingFormat": "jpeg", 
            "webSearchUrl": "https://www.bing.com/images/search?view=detailv2&FORM=OIIRPO&q=site%3a(thepaper.cn+or+chinadaily.com.cn+or+china.com.cn+or+chinanews.com+or+youth.cn+or+sina.com.cn+or+xinhuanet.com+or+cri.cn+or+163.com+or+cankaoxiaoxi.com+or+cctv.com+or+ifeng.com+or+qq.com+or+takungpao.com+or+people.com.cn+or+southcn.com+or+southcn.com+or+cnr.cn+or+people.com.cn+or+cyol.com+or+bjnews.com.cn+or+gmw.cn+or+dahe.cn+or+xfrb.com.cn+or+cqnews.net+or+lifeweek.com.cn+or+cpd.com.cn+or+haiwainet.cn+or+yidianzixun.com+or+ftchinese.com+or+guancha.cn+or+zhcw.com+or+huanqiu.com+or+ihuawen.com+or+nytimes.com+or+flickr.com+or+quanjing.com+or+vcg.com+or+gettyimages.co.uk+or+paixin.com)+%e4%b8%8d%e5%a4%9f+%e4%bf%9d%e6%8a%a4&id=5476B7E87DD1F34BB072131B5CC80B1CDC10FB27&simid=607991102352851388", 
            "hostPageUrl": "http://news.sina.com.cn/o/2014-05-17/090030155674.shtml", 
            "thumbnailUrl": "https://tse2.mm.bing.net/th?id=OIP.fVJHN0rwCgJLfzeg349lgQAAAA&pid=Api", 
            "thumbnail": {
                "width": 346, 
                "height": 262
            }, 
            "contentSize": "22981 B"
        }, 
        {
            "contentUrl": "http://i1.sinaimg.cn/IT/i/2012-04-20/U4375P2T1D6991727F13DT20120420131928.jpg", 
            "insightsMetadata": {
                "pagesIncludingCount": 3, 
                "availableSizesCount": 1
            }, 
            "height": 371, 
            "accentColor": "86062C", 
            "hostPageDisplayUrl": "tech.sina.com.cn/i/2012-04-20/12556991727.shtml", 
            "name": "个人信息保护立法尚无时间表 企业成泄密主渠道_互联网_科技 ...", 
            "width": 371, 
            "imageInsightsToken": "ccid_1EYNBiFh*mid_696FC480EE8CFA84EAF9BE51930B594ECD6D19C8*simid_608016356802037537*thid_OIP.1EYNBiFh3wuMRZF!_BM0ifAHaHa", 
            "imageId": "696FC480EE8CFA84EAF9BE51930B594ECD6D19C8", 
            "isFamilyFriendly": true, 
            "datePublished": "2012-04-20T12:00:00.0000000Z", 
            "encodingFormat": "jpeg", 
            "webSearchUrl": "https://www.bing.com/images/search?view=detailv2&FORM=OIIRPO&q=site%3a(thepaper.cn+or+chinadaily.com.cn+or+china.com.cn+or+chinanews.com+or+youth.cn+or+sina.com.cn+or+xinhuanet.com+or+cri.cn+or+163.com+or+cankaoxiaoxi.com+or+cctv.com+or+ifeng.com+or+qq.com+or+takungpao.com+or+people.com.cn+or+southcn.com+or+southcn.com+or+cnr.cn+or+people.com.cn+or+cyol.com+or+bjnews.com.cn+or+gmw.cn+or+dahe.cn+or+xfrb.com.cn+or+cqnews.net+or+lifeweek.com.cn+or+cpd.com.cn+or+haiwainet.cn+or+yidianzixun.com+or+ftchinese.com+or+guancha.cn+or+zhcw.com+or+huanqiu.com+or+ihuawen.com+or+nytimes.com+or+flickr.com+or+quanjing.com+or+vcg.com+or+gettyimages.co.uk+or+paixin.com)+%e4%b8%8d%e5%a4%9f+%e4%bf%9d%e6%8a%a4&id=696FC480EE8CFA84EAF9BE51930B594ECD6D19C8&simid=608016356802037537", 
            "hostPageUrl": "http://tech.sina.com.cn/i/2012-04-20/12556991727.shtml", 
            "thumbnailUrl": "https://tse3.mm.bing.net/th?id=OIP.1EYNBiFh3wuMRZF_BM0ifAHaHa&pid=Api", 
            "thumbnail": {
                "width": 474, 
                "height": 474
            }, 
            "contentSize": "11337 B"
        }, 
        {
            "contentUrl": "http://n.sinaimg.cn/translate/81/w540h341/20180909/9Un--hivtsyk3551218.jpg", 
            "insightsMetadata": {
                "pagesIncludingCount": 3, 
                "availableSizesCount": 1
            }, 
            "height": 341, 
            "accentColor": "927039", 
            "hostPageDisplayUrl": "news.sina.com.cn/o/2018-09-09/doc-ihiixyeu5268433.shtml", 
            "name": "保护古建筑刻不容缓，专家：仅靠政府投入远不够|投融资|古建筑 ...", 
            "width": 540, 
            "imageInsightsToken": "ccid_S0eH2VXp*mid_D5BD7E4A1C4824A8B32861C0CE09507241F4E89D*simid_608007964411037990*thid_OIP.S0eH2VXpJS1H6wikOwDebwHaEr", 
            "imageId": "D5BD7E4A1C4824A8B32861C0CE09507241F4E89D", 
            "isFamilyFriendly": true, 
            "datePublished": "2018-09-09T02:04:00.0000000Z", 
            "encodingFormat": "jpeg", 
            "webSearchUrl": "https://www.bing.com/images/search?view=detailv2&FORM=OIIRPO&q=site%3a(thepaper.cn+or+chinadaily.com.cn+or+china.com.cn+or+chinanews.com+or+youth.cn+or+sina.com.cn+or+xinhuanet.com+or+cri.cn+or+163.com+or+cankaoxiaoxi.com+or+cctv.com+or+ifeng.com+or+qq.com+or+takungpao.com+or+people.com.cn+or+southcn.com+or+southcn.com+or+cnr.cn+or+people.com.cn+or+cyol.com+or+bjnews.com.cn+or+gmw.cn+or+dahe.cn+or+xfrb.com.cn+or+cqnews.net+or+lifeweek.com.cn+or+cpd.com.cn+or+haiwainet.cn+or+yidianzixun.com+or+ftchinese.com+or+guancha.cn+or+zhcw.com+or+huanqiu.com+or+ihuawen.com+or+nytimes.com+or+flickr.com+or+quanjing.com+or+vcg.com+or+gettyimages.co.uk+or+paixin.com)+%e4%b8%8d%e5%a4%9f+%e4%bf%9d%e6%8a%a4&id=D5BD7E4A1C4824A8B32861C0CE09507241F4E89D&simid=608007964411037990", 
            "hostPageUrl": "http://news.sina.com.cn/o/2018-09-09/doc-ihiixyeu5268433.shtml", 
            "thumbnailUrl": "https://tse2.mm.bing.net/th?id=OIP.S0eH2VXpJS1H6wikOwDebwHaEr&pid=Api", 
            "thumbnail": {
                "width": 474, 
                "height": 299
            }, 
            "contentSize": "49371 B"
        }, 
        {
            "contentUrl": "http://paper.people.com.cn/rmrb/res/1/20141020/1413743640448_1.jpg", 
            "insightsMetadata": {
                "pagesIncludingCount": 1, 
                "availableSizesCount": 1
            }, 
            "height": 343, 
            "accentColor": "363636", 
            "hostPageDisplayUrl": "world.people.com.cn/n/2014/1020/c1002-25864206.html", 
            "name": "保护土壤，守住人类生命线--国际--人民网", 
            "width": 400, 
            "imageInsightsToken": "ccid_AKrX5xQy*mid_02ADD52E7C3F828F9222D413942FF4B2D44937DD*simid_608016726163263286*thid_OIP.AKrX5xQySVDUs7carf3QawAAAA", 
            "imageId": "02ADD52E7C3F828F9222D413942FF4B2D44937DD", 
            "isFamilyFriendly": true, 
            "datePublished": "2018-03-24T21:13:00.0000000Z", 
            "encodingFormat": "jpeg", 
            "webSearchUrl": "https://www.bing.com/images/search?view=detailv2&FORM=OIIRPO&q=site%3a(thepaper.cn+or+chinadaily.com.cn+or+china.com.cn+or+chinanews.com+or+youth.cn+or+sina.com.cn+or+xinhuanet.com+or+cri.cn+or+163.com+or+cankaoxiaoxi.com+or+cctv.com+or+ifeng.com+or+qq.com+or+takungpao.com+or+people.com.cn+or+southcn.com+or+southcn.com+or+cnr.cn+or+people.com.cn+or+cyol.com+or+bjnews.com.cn+or+gmw.cn+or+dahe.cn+or+xfrb.com.cn+or+cqnews.net+or+lifeweek.com.cn+or+cpd.com.cn+or+haiwainet.cn+or+yidianzixun.com+or+ftchinese.com+or+guancha.cn+or+zhcw.com+or+huanqiu.com+or+ihuawen.com+or+nytimes.com+or+flickr.com+or+quanjing.com+or+vcg.com+or+gettyimages.co.uk+or+paixin.com)+%e4%b8%8d%e5%a4%9f+%e4%bf%9d%e6%8a%a4&id=02ADD52E7C3F828F9222D413942FF4B2D44937DD&simid=608016726163263286", 
            "hostPageUrl": "http://world.people.com.cn/n/2014/1020/c1002-25864206.html", 
            "thumbnailUrl": "https://tse4.mm.bing.net/th?id=OIP.AKrX5xQySVDUs7carf3QawAAAA&pid=Api", 
            "thumbnail": {
                "width": 400, 
                "height": 343
            }, 
            "contentSize": "76819 B"
        }, 
        {
            "contentUrl": "http://image.finance.china.cn/upload/images/2017/0612/075847/16_4244193_6f0bf3f4e9880ae973daac49944e6840.jpg", 
            "insightsMetadata": {
                "pagesIncludingCount": 15, 
                "availableSizesCount": 2
            }, 
            "height": 329, 
            "accentColor": "0299B0", 
            "hostPageDisplayUrl": "finance.china.com.cn/money/bank/yhyw/20170612/4244193.shtml", 
            "name": "民间借贷暴力催债屡发 放贷人权益保护不够助推催收产生_财经 ...", 
            "width": 400, 
            "imageInsightsToken": "ccid_49QgKXvp*mid_AB2358A33DA65206D184B802FBC95C23B0FC4F41*simid_607989904062548898*thid_OIP.49QgKXvpRghC8An5rx6hnwAAAA", 
            "imageId": "AB2358A33DA65206D184B802FBC95C23B0FC4F41", 
            "isFamilyFriendly": true, 
            "datePublished": "2017-06-12T00:16:00.0000000Z", 
            "encodingFormat": "jpeg", 
            "webSearchUrl": "https://www.bing.com/images/search?view=detailv2&FORM=OIIRPO&q=site%3a(thepaper.cn+or+chinadaily.com.cn+or+china.com.cn+or+chinanews.com+or+youth.cn+or+sina.com.cn+or+xinhuanet.com+or+cri.cn+or+163.com+or+cankaoxiaoxi.com+or+cctv.com+or+ifeng.com+or+qq.com+or+takungpao.com+or+people.com.cn+or+southcn.com+or+southcn.com+or+cnr.cn+or+people.com.cn+or+cyol.com+or+bjnews.com.cn+or+gmw.cn+or+dahe.cn+or+xfrb.com.cn+or+cqnews.net+or+lifeweek.com.cn+or+cpd.com.cn+or+haiwainet.cn+or+yidianzixun.com+or+ftchinese.com+or+guancha.cn+or+zhcw.com+or+huanqiu.com+or+ihuawen.com+or+nytimes.com+or+flickr.com+or+quanjing.com+or+vcg.com+or+gettyimages.co.uk+or+paixin.com)+%e4%b8%8d%e5%a4%9f+%e4%bf%9d%e6%8a%a4&id=AB2358A33DA65206D184B802FBC95C23B0FC4F41&simid=607989904062548898", 
            "hostPageUrl": "http://finance.china.com.cn/money/bank/yhyw/20170612/4244193.shtml", 
            "thumbnailUrl": "https://tse2.mm.bing.net/th?id=OIP.49QgKXvpRghC8An5rx6hnwAAAA&pid=Api", 
            "thumbnail": {
                "width": 400, 
                "height": 329
            }, 
            "contentSize": "45560 B"
        }, 
        {
            "contentUrl": "http://n.sinaimg.cn/top/transform/20160628/pO7K-fxtmweh2640087.jpg", 
            "insightsMetadata": {
                "pagesIncludingCount": 3, 
                "availableSizesCount": 1
            }, 
            "height": 412, 
            "accentColor": "836A48", 
            "hostPageDisplayUrl": "collection.sina.com.cn/yjjj/2016-06-28/doc...", 
            "name": "杨绛故居成群租房无人保护 官方称不够文物标准_业界聚焦_新浪 ...", 
            "width": 550, 
            "imageInsightsToken": "ccid_bdLttJpI*mid_B0A748E1FE4501049D5E01E9F74741A60B38F8D1*simid_608016970937860377*thid_OIP.bdLttJpIqOcn1ZbLzj8CdwHaFj", 
            "imageId": "B0A748E1FE4501049D5E01E9F74741A60B38F8D1", 
            "isFamilyFriendly": true, 
            "datePublished": "2016-06-28T00:15:00.0000000Z", 
            "encodingFormat": "jpeg", 
            "webSearchUrl": "https://www.bing.com/images/search?view=detailv2&FORM=OIIRPO&q=site%3a(thepaper.cn+or+chinadaily.com.cn+or+china.com.cn+or+chinanews.com+or+youth.cn+or+sina.com.cn+or+xinhuanet.com+or+cri.cn+or+163.com+or+cankaoxiaoxi.com+or+cctv.com+or+ifeng.com+or+qq.com+or+takungpao.com+or+people.com.cn+or+southcn.com+or+southcn.com+or+cnr.cn+or+people.com.cn+or+cyol.com+or+bjnews.com.cn+or+gmw.cn+or+dahe.cn+or+xfrb.com.cn+or+cqnews.net+or+lifeweek.com.cn+or+cpd.com.cn+or+haiwainet.cn+or+yidianzixun.com+or+ftchinese.com+or+guancha.cn+or+zhcw.com+or+huanqiu.com+or+ihuawen.com+or+nytimes.com+or+flickr.com+or+quanjing.com+or+vcg.com+or+gettyimages.co.uk+or+paixin.com)+%e4%b8%8d%e5%a4%9f+%e4%bf%9d%e6%8a%a4&id=B0A748E1FE4501049D5E01E9F74741A60B38F8D1&simid=608016970937860377", 
            "hostPageUrl": "http://collection.sina.com.cn/yjjj/2016-06-28/doc-ifxtmwei9387189.shtml", 
            "thumbnailUrl": "https://tse1.mm.bing.net/th?id=OIP.bdLttJpIqOcn1ZbLzj8CdwHaFj&pid=Api", 
            "thumbnail": {
                "width": 474, 
                "height": 355
            }, 
            "contentSize": "46045 B"
        }, 
        {
            "contentUrl": "http://y1.ifengimg.com/cmpp/2014/10/06/06/891e432d-af0e-4f95-8e5b-0adc9abc5c39.jpg", 
            "insightsMetadata": {
                "pagesIncludingCount": 1, 
                "availableSizesCount": 1
            }, 
            "height": 400, 
            "accentColor": "2B2B2B", 
            "hostPageDisplayUrl": "news.ifeng.com/a/20141006/42142969_0.shtml", 
            "name": "包括家庭用电在内 只装空气开关不够的一定要装漏电保护器 ...", 
            "width": 300, 
            "imageInsightsToken": "ccid_Adb9KYbo*mid_3049D935A075DFDB746A37F5E25EA3758C4921D3*simid_608052760865738470*thid_OIP.Adb9KYbonSXKQBEkBz1ECgAAAA", 
            "imageId": "3049D935A075DFDB746A37F5E25EA3758C4921D3", 
            "isFamilyFriendly": true, 
            "datePublished": "2014-11-01T19:22:00.0000000Z", 
            "encodingFormat": "jpeg", 
            "webSearchUrl": "https://www.bing.com/images/search?view=detailv2&FORM=OIIRPO&q=site%3a(thepaper.cn+or+chinadaily.com.cn+or+china.com.cn+or+chinanews.com+or+youth.cn+or+sina.com.cn+or+xinhuanet.com+or+cri.cn+or+163.com+or+cankaoxiaoxi.com+or+cctv.com+or+ifeng.com+or+qq.com+or+takungpao.com+or+people.com.cn+or+southcn.com+or+southcn.com+or+cnr.cn+or+people.com.cn+or+cyol.com+or+bjnews.com.cn+or+gmw.cn+or+dahe.cn+or+xfrb.com.cn+or+cqnews.net+or+lifeweek.com.cn+or+cpd.com.cn+or+haiwainet.cn+or+yidianzixun.com+or+ftchinese.com+or+guancha.cn+or+zhcw.com+or+huanqiu.com+or+ihuawen.com+or+nytimes.com+or+flickr.com+or+quanjing.com+or+vcg.com+or+gettyimages.co.uk+or+paixin.com)+%e4%b8%8d%e5%a4%9f+%e4%bf%9d%e6%8a%a4&id=3049D935A075DFDB746A37F5E25EA3758C4921D3&simid=608052760865738470", 
            "hostPageUrl": "http://news.ifeng.com/a/20141006/42142969_0.shtml", 
            "thumbnailUrl": "https://tse3.mm.bing.net/th?id=OIP.Adb9KYbonSXKQBEkBz1ECgAAAA&pid=Api", 
            "thumbnail": {
                "width": 300, 
                "height": 400
            }, 
            "contentSize": "46063 B"
        }, 
        {
            "contentUrl": "http://img1.cache.netease.com/home/2015/12/16/20151216105038b66d8.jpg", 
            "insightsMetadata": {
                "pagesIncludingCount": 1, 
                "availableSizesCount": 1
            }, 
            "height": 733, 
            "accentColor": "A42829", 
            "hostPageDisplayUrl": "home.163.com/15/1216/11/BAV0AJDU00104IOM.html", 
            "name": "装修日记大赛：墙面喷漆经验享_网易家居", 
            "width": 550, 
            "imageInsightsToken": "ccid_aBFsc+xv*mid_370186C011A8E2D30805DCA31E6E2D04368BE93F*simid_608000362297822783*thid_OIP.aBFsc-xv237AewUrlaECAgHaJ3", 
            "imageId": "370186C011A8E2D30805DCA31E6E2D04368BE93F", 
            "isFamilyFriendly": true, 
            "datePublished": "2015-12-16T04:32:00.0000000Z", 
            "encodingFormat": "jpeg", 
            "webSearchUrl": "https://www.bing.com/images/search?view=detailv2&FORM=OIIRPO&q=site%3a(thepaper.cn+or+chinadaily.com.cn+or+china.com.cn+or+chinanews.com+or+youth.cn+or+sina.com.cn+or+xinhuanet.com+or+cri.cn+or+163.com+or+cankaoxiaoxi.com+or+cctv.com+or+ifeng.com+or+qq.com+or+takungpao.com+or+people.com.cn+or+southcn.com+or+southcn.com+or+cnr.cn+or+people.com.cn+or+cyol.com+or+bjnews.com.cn+or+gmw.cn+or+dahe.cn+or+xfrb.com.cn+or+cqnews.net+or+lifeweek.com.cn+or+cpd.com.cn+or+haiwainet.cn+or+yidianzixun.com+or+ftchinese.com+or+guancha.cn+or+zhcw.com+or+huanqiu.com+or+ihuawen.com+or+nytimes.com+or+flickr.com+or+quanjing.com+or+vcg.com+or+gettyimages.co.uk+or+paixin.com)+%e4%b8%8d%e5%a4%9f+%e4%bf%9d%e6%8a%a4&id=370186C011A8E2D30805DCA31E6E2D04368BE93F&simid=608000362297822783", 
            "hostPageUrl": "http://home.163.com/15/1216/11/BAV0AJDU00104IOM.html", 
            "thumbnailUrl": "https://tse2.mm.bing.net/th?id=OIP.aBFsc-xv237AewUrlaECAgHaJ3&pid=Api", 
            "thumbnail": {
                "width": 474, 
                "height": 631
            }, 
            "contentSize": "35182 B"
        }, 
        {
            "contentUrl": "http://img4.cache.netease.com/home/2015/12/16/2015121610503332ada.jpg", 
            "insightsMetadata": {
                "pagesIncludingCount": 1, 
                "availableSizesCount": 1
            }, 
            "height": 413, 
            "accentColor": "855646", 
            "hostPageDisplayUrl": "home.163.com/15/1216/11/BAV0AJDU00104IOM.html", 
            "name": "装修日记大赛：墙面喷漆经验享_网易家居", 
            "width": 550, 
            "imageInsightsToken": "ccid_y8BZLmv1*mid_370186C011A8E2D3080579A288012817A281DEE1*simid_608052168169359800*thid_OIP.y8BZLmv1kBPeH!_5BIwz-jAHaFj", 
            "imageId": "370186C011A8E2D3080579A288012817A281DEE1", 
            "isFamilyFriendly": true, 
            "datePublished": "2015-12-16T04:32:00.0000000Z", 
            "encodingFormat": "jpeg", 
            "webSearchUrl": "https://www.bing.com/images/search?view=detailv2&FORM=OIIRPO&q=site%3a(thepaper.cn+or+chinadaily.com.cn+or+china.com.cn+or+chinanews.com+or+youth.cn+or+sina.com.cn+or+xinhuanet.com+or+cri.cn+or+163.com+or+cankaoxiaoxi.com+or+cctv.com+or+ifeng.com+or+qq.com+or+takungpao.com+or+people.com.cn+or+southcn.com+or+southcn.com+or+cnr.cn+or+people.com.cn+or+cyol.com+or+bjnews.com.cn+or+gmw.cn+or+dahe.cn+or+xfrb.com.cn+or+cqnews.net+or+lifeweek.com.cn+or+cpd.com.cn+or+haiwainet.cn+or+yidianzixun.com+or+ftchinese.com+or+guancha.cn+or+zhcw.com+or+huanqiu.com+or+ihuawen.com+or+nytimes.com+or+flickr.com+or+quanjing.com+or+vcg.com+or+gettyimages.co.uk+or+paixin.com)+%e4%b8%8d%e5%a4%9f+%e4%bf%9d%e6%8a%a4&id=370186C011A8E2D3080579A288012817A281DEE1&simid=608052168169359800", 
            "hostPageUrl": "http://home.163.com/15/1216/11/BAV0AJDU00104IOM.html", 
            "thumbnailUrl": "https://tse1.mm.bing.net/th?id=OIP.y8BZLmv1kBPeH_5BIwz-jAHaFj&pid=Api", 
            "thumbnail": {
                "width": 474, 
                "height": 355
            }, 
            "contentSize": "29281 B"
        }
    ], 
    "nextOffset": 10, 
    "queryContext": {
        "alterationMethod": "AM_JustChangeIt", 
        "alterationType": "CombinedAlterationsChained", 
        "originalQuery": "site:(thepaper.cn or chinadaily.com.cn or china.com.cn or chinanews.com or youth.cn or sina.com.cn or xinhuanet.com or cri.cn or 163.com or cankaoxiaoxi.com or cctv.com or ifeng.com or qq.com or takungpao.com or people.com.cn or southcn.com or southcn.com or cnr.cn or people.com.cn or cyol.com or bjnews.com.cn or gmw.cn or dahe.cn or xfrb.com.cn or cqnews.net or lifeweek.com.cn or cpd.com.cn or haiwainet.cn or yidianzixun.com or ftchinese.com or guancha.cn or zhcw.com or huanqiu.com or ihuawen.com or nytimes.com or flickr.com or quanjing.com or vcg.com or gettyimages.co.uk or paixin.com) 不够 保护", 
        "alterationOverrideQuery": "+site:(thepaper.cn or chinadaily.com.cn or china.com.cn or chinanews.com or youth.cn or sina.com.cn or xinhuanet.com or cri.cn or 163.com or cankaoxiaoxi.com or cctv.com or ifeng.com or qq.com or takungpao.com or people.com.cn or southcn.com or southcn.com or cnr.cn or people.com.cn or cyol.com or bjnews.com.cn or gmw.cn or dahe.cn or xfrb.com.cn or cqnews.net or lifeweek.com.cn or cpd.com.cn or haiwainet.cn or yidianzixun.com or ftchinese.com or guancha.cn or zhcw.com or huanqiu.com or ihuawen.com or nytimes.com or flickr.com or quanjing.com or vcg.com or gettyimages.co.uk or paixin.com) 不够 保护", 
        "alterationDisplayQuery": "不够 保护"
    }, 
    "currentOffset": 0, 
    "readLink": "images/search?q=site:(thepaper.cn or chinadaily.com.cn or china.com.cn or chinanews.com or youth.cn or sina.com.cn or xinhuanet.com or cri.cn or 163.com or cankaoxiaoxi.com or cctv.com or ifeng.com or qq.com or takungpao.com or people.com.cn or southcn.com or southcn.com or cnr.cn or people.com.cn or cyol.com or bjnews.com.cn or gmw.cn or dahe.cn or xfrb.com.cn or cqnews.net or lifeweek.com.cn or cpd.com.cn or haiwainet.cn or yidianzixun.com or ftchinese.com or guancha.cn or zhcw.com or huanqiu.com or ihuawen.com or nytimes.com or flickr.com or quanjing.com or vcg.com or gettyimages.co.uk or paixin.com) 不够 保护", 
    "totalEstimatedMatches": 100
}