{
    "instrumentation": {
        "_type": "ResponseInstrumentation"
    }, 
    "_type": "Images", 
    "webSearchUrl": "https://www.bing.com/images/search?q=site:(thepaper.cn or chinadaily.com.cn or china.com.cn or chinanews.com or youth.cn or sina.com.cn or xinhuanet.com or cri.cn or 163.com or cankaoxiaoxi.com or cctv.com or ifeng.com or qq.com or takungpao.com or people.com.cn or southcn.com or southcn.com or cnr.cn or people.com.cn or cyol.com or bjnews.com.cn or gmw.cn or dahe.cn or xfrb.com.cn or cqnews.net or lifeweek.com.cn or cpd.com.cn or haiwainet.cn or yidianzixun.com or ftchinese.com or guancha.cn or zhcw.com or huanqiu.com or ihuawen.com or nytimes.com or flickr.com or quanjing.com or vcg.com or gettyimages.co.uk or paixin.com) 杰克 说 国家&FORM=OIIARP", 
    "value": [
        {
            "contentUrl": "https://puui.qpic.cn/qqvideo_ori/0/i0503het5ur_496_280/0", 
            "insightsMetadata": {
                "pagesIncludingCount": 1, 
                "availableSizesCount": 1
            }, 
            "height": 280, 
            "accentColor": "020170", 
            "hostPageDisplayUrl": "https://v.qq.com/x/search/?q=跨界冰雪王&stag=0...", 
            "name": "跨界冰雪王-腾讯视频全网搜", 
            "width": 496, 
            "imageInsightsToken": "ccid_2gnsBdHA*mid_08E9B964E693DD3AA9D8160F43ED5466CB168CD1*simid_608002174761305040*thid_OIP.2gnsBdHAI-xiVkkkoIicOQHaEL", 
            "imageId": "08E9B964E693DD3AA9D8160F43ED5466CB168CD1", 
            "isFamilyFriendly": true, 
            "datePublished": "2018-02-02T17:05:00.0000000Z", 
            "encodingFormat": "jpeg", 
            "webSearchUrl": "https://www.bing.com/images/search?view=detailv2&FORM=OIIRPO&q=site%3a(thepaper.cn+or+chinadaily.com.cn+or+china.com.cn+or+chinanews.com+or+youth.cn+or+sina.com.cn+or+xinhuanet.com+or+cri.cn+or+163.com+or+cankaoxiaoxi.com+or+cctv.com+or+ifeng.com+or+qq.com+or+takungpao.com+or+people.com.cn+or+southcn.com+or+southcn.com+or+cnr.cn+or+people.com.cn+or+cyol.com+or+bjnews.com.cn+or+gmw.cn+or+dahe.cn+or+xfrb.com.cn+or+cqnews.net+or+lifeweek.com.cn+or+cpd.com.cn+or+haiwainet.cn+or+yidianzixun.com+or+ftchinese.com+or+guancha.cn+or+zhcw.com+or+huanqiu.com+or+ihuawen.com+or+nytimes.com+or+flickr.com+or+quanjing.com+or+vcg.com+or+gettyimages.co.uk+or+paixin.com)+%e6%9d%b0%e5%85%8b+%e8%af%b4+%e5%9b%bd%e5%ae%b6&id=08E9B964E693DD3AA9D8160F43ED5466CB168CD1&simid=608002174761305040", 
            "hostPageUrl": "https://v.qq.com/x/search/?q=%E8%B7%A8%E7%95%8C%E5%86%B0%E9%9B%AA%E7%8E%8B&stag=0&smartbox_ab=", 
            "thumbnailUrl": "https://tse2.mm.bing.net/th?id=OIP.2gnsBdHAI-xiVkkkoIicOQHaEL&pid=Api", 
            "thumbnail": {
                "width": 474, 
                "height": 267
            }, 
            "contentSize": "15434 B"
        }, 
        {
            "contentUrl": "http://y2.ifengimg.com/cmpp/2015/09/24/13/83e5d416-5b30-4835-92e3-c5a78bed131d_size66_w500_h375.jpg", 
            "insightsMetadata": {
                "pagesIncludingCount": 1, 
                "availableSizesCount": 1
            }, 
            "height": 375, 
            "accentColor": "9B3070", 
            "hostPageDisplayUrl": "news.ifeng.com/a/20150924/44726860_1.shtml", 
            "name": "分析|欧盟三大危机 难民首当其冲|欧洲|欧盟_凤凰资讯", 
            "width": 500, 
            "imageInsightsToken": "ccid_yZUvH6m5*mid_77E95E0966633203A7AEA2B4D4D3E5787988E96A*simid_608002247780534601*thid_OIP.yZUvH6m5gW4sJX!_0-8LpyQHaFj", 
            "imageId": "77E95E0966633203A7AEA2B4D4D3E5787988E96A", 
            "isFamilyFriendly": true, 
            "datePublished": "2018-09-24T03:16:00.0000000Z", 
            "encodingFormat": "jpeg", 
            "webSearchUrl": "https://www.bing.com/images/search?view=detailv2&FORM=OIIRPO&q=site%3a(thepaper.cn+or+chinadaily.com.cn+or+china.com.cn+or+chinanews.com+or+youth.cn+or+sina.com.cn+or+xinhuanet.com+or+cri.cn+or+163.com+or+cankaoxiaoxi.com+or+cctv.com+or+ifeng.com+or+qq.com+or+takungpao.com+or+people.com.cn+or+southcn.com+or+southcn.com+or+cnr.cn+or+people.com.cn+or+cyol.com+or+bjnews.com.cn+or+gmw.cn+or+dahe.cn+or+xfrb.com.cn+or+cqnews.net+or+lifeweek.com.cn+or+cpd.com.cn+or+haiwainet.cn+or+yidianzixun.com+or+ftchinese.com+or+guancha.cn+or+zhcw.com+or+huanqiu.com+or+ihuawen.com+or+nytimes.com+or+flickr.com+or+quanjing.com+or+vcg.com+or+gettyimages.co.uk+or+paixin.com)+%e6%9d%b0%e5%85%8b+%e8%af%b4+%e5%9b%bd%e5%ae%b6&id=77E95E0966633203A7AEA2B4D4D3E5787988E96A&simid=608002247780534601", 
            "hostPageUrl": "http://news.ifeng.com/a/20150924/44726860_1.shtml", 
            "thumbnailUrl": "https://tse3.mm.bing.net/th?id=OIP.yZUvH6m5gW4sJX_0-8LpyQHaFj&pid=Api", 
            "thumbnail": {
                "width": 474, 
                "height": 355
            }, 
            "contentSize": "68481 B"
        }, 
        {
            "contentUrl": "http://gb.cri.cn/mmsource/images/2015/09/30/71/14745286533244058455.jpg", 
            "insightsMetadata": {
                "pagesIncludingCount": 4, 
                "availableSizesCount": 3
            }, 
            "height": 242, 
            "accentColor": "666666", 
            "hostPageDisplayUrl": "gb.cri.cn/27224/2015/09/30/108s5120200_8.htm", 
            "name": "\"小飞侠\"被评堪比\"哈利\" 休叔中文说我爱你- 娱乐 - 国际在线", 
            "width": 600, 
            "imageInsightsToken": "ccid_1h7F61ff*mid_C0192302D4412C596F7E593FAF71FC3568CEB01D*simid_608013608031028278*thid_OIP.1h7F61ffIBuQxGfycz84UAHaC!_", 
            "imageId": "C0192302D4412C596F7E593FAF71FC3568CEB01D", 
            "isFamilyFriendly": true, 
            "datePublished": "2015-09-30T01:08:00.0000000Z", 
            "encodingFormat": "jpeg", 
            "webSearchUrl": "https://www.bing.com/images/search?view=detailv2&FORM=OIIRPO&q=site%3a(thepaper.cn+or+chinadaily.com.cn+or+china.com.cn+or+chinanews.com+or+youth.cn+or+sina.com.cn+or+xinhuanet.com+or+cri.cn+or+163.com+or+cankaoxiaoxi.com+or+cctv.com+or+ifeng.com+or+qq.com+or+takungpao.com+or+people.com.cn+or+southcn.com+or+southcn.com+or+cnr.cn+or+people.com.cn+or+cyol.com+or+bjnews.com.cn+or+gmw.cn+or+dahe.cn+or+xfrb.com.cn+or+cqnews.net+or+lifeweek.com.cn+or+cpd.com.cn+or+haiwainet.cn+or+yidianzixun.com+or+ftchinese.com+or+guancha.cn+or+zhcw.com+or+huanqiu.com+or+ihuawen.com+or+nytimes.com+or+flickr.com+or+quanjing.com+or+vcg.com+or+gettyimages.co.uk+or+paixin.com)+%e6%9d%b0%e5%85%8b+%e8%af%b4+%e5%9b%bd%e5%ae%b6&id=C0192302D4412C596F7E593FAF71FC3568CEB01D&simid=608013608031028278", 
            "hostPageUrl": "http://gb.cri.cn/27224/2015/09/30/108s5120200_8.htm", 
            "thumbnailUrl": "https://tse3.mm.bing.net/th?id=OIP.1h7F61ffIBuQxGfycz84UAHaC_&pid=Api", 
            "thumbnail": {
                "width": 474, 
                "height": 191
            }, 
            "hostPageFavIconUrl": "https://www.bing.com/th?id=AR_43a8e6729fb4544de63cbf9540fe59af&pid=Api", 
            "contentSize": "40771 B"
        }, 
        {
            "contentUrl": "http://n.sinaimg.cn/transform/20151008/3Vpw-fxirmpz8139774.jpg", 
            "insightsMetadata": {
                "pagesIncludingCount": 1, 
                "availableSizesCount": 1
            }, 
            "height": 375, 
            "accentColor": "B71714", 
            "hostPageDisplayUrl": "sports.sina.com.cn/golf/pgatour/2015-10-08/doc...", 
            "name": "总统杯与莱德杯只是形似 美国队从鼠变虎非常轻松_美巡赛_新浪 ...", 
            "width": 550, 
            "imageInsightsToken": "ccid_EnGMiYJ4*mid_C59D5F9DBC07B1D5A947FBE8D76FAD4326F8CF29*simid_607990539700209189*thid_OIP.EnGMiYJ4wtVW8aErc3IwGgEsDM", 
            "imageId": "C59D5F9DBC07B1D5A947FBE8D76FAD4326F8CF29", 
            "isFamilyFriendly": true, 
            "datePublished": "2015-10-08T01:20:00.0000000Z", 
            "encodingFormat": "jpeg", 
            "webSearchUrl": "https://www.bing.com/images/search?view=detailv2&FORM=OIIRPO&q=site%3a(thepaper.cn+or+chinadaily.com.cn+or+china.com.cn+or+chinanews.com+or+youth.cn+or+sina.com.cn+or+xinhuanet.com+or+cri.cn+or+163.com+or+cankaoxiaoxi.com+or+cctv.com+or+ifeng.com+or+qq.com+or+takungpao.com+or+people.com.cn+or+southcn.com+or+southcn.com+or+cnr.cn+or+people.com.cn+or+cyol.com+or+bjnews.com.cn+or+gmw.cn+or+dahe.cn+or+xfrb.com.cn+or+cqnews.net+or+lifeweek.com.cn+or+cpd.com.cn+or+haiwainet.cn+or+yidianzixun.com+or+ftchinese.com+or+guancha.cn+or+zhcw.com+or+huanqiu.com+or+ihuawen.com+or+nytimes.com+or+flickr.com+or+quanjing.com+or+vcg.com+or+gettyimages.co.uk+or+paixin.com)+%e6%9d%b0%e5%85%8b+%e8%af%b4+%e5%9b%bd%e5%ae%b6&id=C59D5F9DBC07B1D5A947FBE8D76FAD4326F8CF29&simid=607990539700209189", 
            "hostPageUrl": "http://sports.sina.com.cn/golf/pgatour/2015-10-08/doc-ifxirmpy1366832.shtml", 
            "thumbnailUrl": "https://tse1.mm.bing.net/th?id=OIP.EnGMiYJ4wtVW8aErc3IwGgEsDM&pid=Api", 
            "thumbnail": {
                "width": 474, 
                "height": 323
            }, 
            "contentSize": "21663 B"
        }, 
        {
            "contentUrl": "http://himg2.huanqiu.com/attachment2010/2018/0529/09/56/20180529095615297.jpg", 
            "insightsMetadata": {
                "pagesIncludingCount": 4, 
                "availableSizesCount": 3
            }, 
            "height": 600, 
            "accentColor": "641B3D", 
            "hostPageDisplayUrl": "look.huanqiu.com/article/2018-05/12113365.html", 
            "name": "澳男子扮漫威“死侍”与半裸男在公交站大打出手_博览_环球网", 
            "width": 600, 
            "imageInsightsToken": "ccid_gEKwrzs2*mid_555DE396F964CE2EB5D8E95A5E38D6ED6D99809D*simid_608018628783902638*thid_OIP.gEKwrzs2UJnj5yS2e5-VHQHaHa", 
            "imageId": "555DE396F964CE2EB5D8E95A5E38D6ED6D99809D", 
            "isFamilyFriendly": true, 
            "datePublished": "2018-05-30T00:19:00.0000000Z", 
            "encodingFormat": "jpeg", 
            "webSearchUrl": "https://www.bing.com/images/search?view=detailv2&FORM=OIIRPO&q=site%3a(thepaper.cn+or+chinadaily.com.cn+or+china.com.cn+or+chinanews.com+or+youth.cn+or+sina.com.cn+or+xinhuanet.com+or+cri.cn+or+163.com+or+cankaoxiaoxi.com+or+cctv.com+or+ifeng.com+or+qq.com+or+takungpao.com+or+people.com.cn+or+southcn.com+or+southcn.com+or+cnr.cn+or+people.com.cn+or+cyol.com+or+bjnews.com.cn+or+gmw.cn+or+dahe.cn+or+xfrb.com.cn+or+cqnews.net+or+lifeweek.com.cn+or+cpd.com.cn+or+haiwainet.cn+or+yidianzixun.com+or+ftchinese.com+or+guancha.cn+or+zhcw.com+or+huanqiu.com+or+ihuawen.com+or+nytimes.com+or+flickr.com+or+quanjing.com+or+vcg.com+or+gettyimages.co.uk+or+paixin.com)+%e6%9d%b0%e5%85%8b+%e8%af%b4+%e5%9b%bd%e5%ae%b6&id=555DE396F964CE2EB5D8E95A5E38D6ED6D99809D&simid=608018628783902638", 
            "hostPageUrl": "http://look.huanqiu.com/article/2018-05/12113365.html", 
            "thumbnailUrl": "https://tse2.mm.bing.net/th?id=OIP.gEKwrzs2UJnj5yS2e5-VHQHaHa&pid=Api", 
            "thumbnail": {
                "width": 474, 
                "height": 474
            }, 
            "contentSize": "149656 B"
        }, 
        {
            "contentUrl": "http://i2.sinaimg.cn/cj/2015/1111/U10225P31DT20151111074235.jpg", 
            "insightsMetadata": {
                "pagesIncludingCount": 4, 
                "availableSizesCount": 1
            }, 
            "height": 392, 
            "accentColor": "967B35", 
            "hostPageDisplayUrl": "finance.sina.com.cn/360desktop/world/gjjj/20151111...", 
            "name": "美国财长敦促中国坚持改革_国际经济_新浪财经_新浪网", 
            "width": 543, 
            "imageInsightsToken": "ccid_nh3qYkYt*mid_77DB8AB6575C6BC65B06CEE83595957E582DBEE7*simid_608053014259500848*thid_OIP.nh3qYkYtFUs9vFZ64W2tcQHaFW", 
            "imageId": "77DB8AB6575C6BC65B06CEE83595957E582DBEE7", 
            "isFamilyFriendly": true, 
            "datePublished": "2018-10-19T00:16:00.0000000Z", 
            "encodingFormat": "jpeg", 
            "webSearchUrl": "https://www.bing.com/images/search?view=detailv2&FORM=OIIRPO&q=site%3a(thepaper.cn+or+chinadaily.com.cn+or+china.com.cn+or+chinanews.com+or+youth.cn+or+sina.com.cn+or+xinhuanet.com+or+cri.cn+or+163.com+or+cankaoxiaoxi.com+or+cctv.com+or+ifeng.com+or+qq.com+or+takungpao.com+or+people.com.cn+or+southcn.com+or+southcn.com+or+cnr.cn+or+people.com.cn+or+cyol.com+or+bjnews.com.cn+or+gmw.cn+or+dahe.cn+or+xfrb.com.cn+or+cqnews.net+or+lifeweek.com.cn+or+cpd.com.cn+or+haiwainet.cn+or+yidianzixun.com+or+ftchinese.com+or+guancha.cn+or+zhcw.com+or+huanqiu.com+or+ihuawen.com+or+nytimes.com+or+flickr.com+or+quanjing.com+or+vcg.com+or+gettyimages.co.uk+or+paixin.com)+%e6%9d%b0%e5%85%8b+%e8%af%b4+%e5%9b%bd%e5%ae%b6&id=77DB8AB6575C6BC65B06CEE83595957E582DBEE7&simid=608053014259500848", 
            "hostPageUrl": "http://finance.sina.com.cn/360desktop/world/gjjj/20151111/074323735960.shtml", 
            "thumbnailUrl": "https://tse2.mm.bing.net/th?id=OIP.nh3qYkYtFUs9vFZ64W2tcQHaFW&pid=Api", 
            "thumbnail": {
                "width": 474, 
                "height": 342
            }, 
            "contentSize": "23908 B"
        }, 
        {
            "contentUrl": "http://i1.sinaimg.cn/ent/2011/0915/U4099P28DT20110915160214.jpg", 
            "insightsMetadata": {
                "pagesIncludingCount": 72, 
                "availableSizesCount": 36
            }, 
            "height": 426, 
            "accentColor": "B59916", 
            "hostPageDisplayUrl": "ent.sina.com.cn/m/f/2011-09-15/15513417207.shtml", 
            "name": "对话休-杰克曼：《铁甲钢拳》下的好父亲_影音娱乐_新浪网", 
            "width": 550, 
            "imageInsightsToken": "ccid_XvgPsctU*mid_E4AC32BB559A4A199737CC8B9A817B59E3EAB5DE*simid_608006860572593174*thid_OIP.XvgPsctUekZePmOPFi5LzQHaFv", 
            "imageId": "E4AC32BB559A4A199737CC8B9A817B59E3EAB5DE", 
            "isFamilyFriendly": true, 
            "datePublished": "2011-09-15T08:00:00.0000000Z", 
            "encodingFormat": "jpeg", 
            "webSearchUrl": "https://www.bing.com/images/search?view=detailv2&FORM=OIIRPO&q=site%3a(thepaper.cn+or+chinadaily.com.cn+or+china.com.cn+or+chinanews.com+or+youth.cn+or+sina.com.cn+or+xinhuanet.com+or+cri.cn+or+163.com+or+cankaoxiaoxi.com+or+cctv.com+or+ifeng.com+or+qq.com+or+takungpao.com+or+people.com.cn+or+southcn.com+or+southcn.com+or+cnr.cn+or+people.com.cn+or+cyol.com+or+bjnews.com.cn+or+gmw.cn+or+dahe.cn+or+xfrb.com.cn+or+cqnews.net+or+lifeweek.com.cn+or+cpd.com.cn+or+haiwainet.cn+or+yidianzixun.com+or+ftchinese.com+or+guancha.cn+or+zhcw.com+or+huanqiu.com+or+ihuawen.com+or+nytimes.com+or+flickr.com+or+quanjing.com+or+vcg.com+or+gettyimages.co.uk+or+paixin.com)+%e6%9d%b0%e5%85%8b+%e8%af%b4+%e5%9b%bd%e5%ae%b6&id=E4AC32BB559A4A199737CC8B9A817B59E3EAB5DE&simid=608006860572593174", 
            "hostPageUrl": "http://ent.sina.com.cn/m/f/2011-09-15/15513417207.shtml", 
            "thumbnailUrl": "https://tse2.mm.bing.net/th?id=OIP.XvgPsctUekZePmOPFi5LzQHaFv&pid=Api", 
            "thumbnail": {
                "width": 474, 
                "height": 367
            }, 
            "contentSize": "41076 B"
        }, 
        {
            "contentUrl": "http://n.sinaimg.cn/translate/20151210/QkDL-fxmpnpv5539747.png", 
            "insightsMetadata": {
                "pagesIncludingCount": 8, 
                "availableSizesCount": 5
            }, 
            "height": 374, 
            "accentColor": "9F732C", 
            "hostPageDisplayUrl": "news.sina.com.cn/o/2015-12-10/doc-ifxmpxnx4906203.shtml", 
            "name": "“大嘴“特朗普捅了马蜂窝 特朗普你可长点心吧|贫富|就业|争议 ...", 
            "width": 625, 
            "imageInsightsToken": "ccid_j7of0f7x*mid_19D3A416AB563F03F02D306A6361DFC324E645F5*simid_607996986461130058*thid_OIP.j7of0f7xZB-MQLoXA6OI3wHaEb", 
            "imageId": "19D3A416AB563F03F02D306A6361DFC324E645F5", 
            "isFamilyFriendly": true, 
            "datePublished": "2015-12-10T08:27:00.0000000Z", 
            "encodingFormat": "png", 
            "webSearchUrl": "https://www.bing.com/images/search?view=detailv2&FORM=OIIRPO&q=site%3a(thepaper.cn+or+chinadaily.com.cn+or+china.com.cn+or+chinanews.com+or+youth.cn+or+sina.com.cn+or+xinhuanet.com+or+cri.cn+or+163.com+or+cankaoxiaoxi.com+or+cctv.com+or+ifeng.com+or+qq.com+or+takungpao.com+or+people.com.cn+or+southcn.com+or+southcn.com+or+cnr.cn+or+people.com.cn+or+cyol.com+or+bjnews.com.cn+or+gmw.cn+or+dahe.cn+or+xfrb.com.cn+or+cqnews.net+or+lifeweek.com.cn+or+cpd.com.cn+or+haiwainet.cn+or+yidianzixun.com+or+ftchinese.com+or+guancha.cn+or+zhcw.com+or+huanqiu.com+or+ihuawen.com+or+nytimes.com+or+flickr.com+or+quanjing.com+or+vcg.com+or+gettyimages.co.uk+or+paixin.com)+%e6%9d%b0%e5%85%8b+%e8%af%b4+%e5%9b%bd%e5%ae%b6&id=19D3A416AB563F03F02D306A6361DFC324E645F5&simid=607996986461130058", 
            "hostPageUrl": "http://news.sina.com.cn/o/2015-12-10/doc-ifxmpxnx4906203.shtml", 
            "thumbnailUrl": "https://tse3.mm.bing.net/th?id=OIP.j7of0f7xZB-MQLoXA6OI3wHaEb&pid=Api", 
            "thumbnail": {
                "width": 474, 
                "height": 283
            }, 
            "contentSize": "323049 B"
        }, 
        {
            "contentUrl": "http://n.sinaimg.cn/news/crawl/115/w550h365/20180811/9A9h-hhnunsr1909074.jpg", 
            "insightsMetadata": {
                "pagesIncludingCount": 4, 
                "availableSizesCount": 2
            }, 
            "height": 365, 
            "accentColor": "81554A", 
            "hostPageDisplayUrl": "news.sina.com.cn/w/sy/2018-08-11/doc-ihhnunsr1910691.shtml", 
            "name": "美国对全世界“敲竹杠” 意外暴露自身一大软肋|特朗普|伊朗 ...", 
            "width": 550, 
            "imageInsightsToken": "ccid_DgrIr/9g*mid_4F65CE457EABDFCCFC20BFF2EA8CE99BE71195CD*simid_608021334645606372*thid_OIP.DgrIr!_9gPRiQiILHWuiWjwHaE6", 
            "imageId": "4F65CE457EABDFCCFC20BFF2EA8CE99BE71195CD", 
            "isFamilyFriendly": true, 
            "datePublished": "2018-08-11T00:05:00.0000000Z", 
            "encodingFormat": "jpeg", 
            "webSearchUrl": "https://www.bing.com/images/search?view=detailv2&FORM=OIIRPO&q=site%3a(thepaper.cn+or+chinadaily.com.cn+or+china.com.cn+or+chinanews.com+or+youth.cn+or+sina.com.cn+or+xinhuanet.com+or+cri.cn+or+163.com+or+cankaoxiaoxi.com+or+cctv.com+or+ifeng.com+or+qq.com+or+takungpao.com+or+people.com.cn+or+southcn.com+or+southcn.com+or+cnr.cn+or+people.com.cn+or+cyol.com+or+bjnews.com.cn+or+gmw.cn+or+dahe.cn+or+xfrb.com.cn+or+cqnews.net+or+lifeweek.com.cn+or+cpd.com.cn+or+haiwainet.cn+or+yidianzixun.com+or+ftchinese.com+or+guancha.cn+or+zhcw.com+or+huanqiu.com+or+ihuawen.com+or+nytimes.com+or+flickr.com+or+quanjing.com+or+vcg.com+or+gettyimages.co.uk+or+paixin.com)+%e6%9d%b0%e5%85%8b+%e8%af%b4+%e5%9b%bd%e5%ae%b6&id=4F65CE457EABDFCCFC20BFF2EA8CE99BE71195CD&simid=608021334645606372", 
            "hostPageUrl": "http://news.sina.com.cn/w/sy/2018-08-11/doc-ihhnunsr1910691.shtml", 
            "thumbnailUrl": "https://tse3.mm.bing.net/th?id=OIP.DgrIr_9gPRiQiILHWuiWjwHaE6&pid=Api", 
            "thumbnail": {
                "width": 474, 
                "height": 314
            }, 
            "contentSize": "21832 B"
        }, 
        {
            "contentUrl": "http://gb.cri.cn/mmsource/images/2012/03/22/eb1203220048.jpg", 
            "insightsMetadata": {
                "pagesIncludingCount": 9, 
                "availableSizesCount": 8
            }, 
            "height": 1070, 
            "accentColor": "C37008", 
            "hostPageDisplayUrl": "gb.cri.cn/27224/2012/03/22/3465s3612282.htm", 
            "name": "高清：休·杰克曼《悲惨世界》片场曝光 衣衫褴褛很悲惨 - 娱乐 ...", 
            "width": 800, 
            "imageInsightsToken": "ccid_NPrnAwYV*mid_434B6A1269ACC7AD79D5331A59BD3A8DB0600F1B*simid_607990685734997686*thid_OIP.NPrnAwYV5bX15eEs5OayJgHaJ5", 
            "imageId": "434B6A1269ACC7AD79D5331A59BD3A8DB0600F1B", 
            "isFamilyFriendly": true, 
            "datePublished": "2012-03-22T07:59:00.0000000Z", 
            "encodingFormat": "jpeg", 
            "webSearchUrl": "https://www.bing.com/images/search?view=detailv2&FORM=OIIRPO&q=site%3a(thepaper.cn+or+chinadaily.com.cn+or+china.com.cn+or+chinanews.com+or+youth.cn+or+sina.com.cn+or+xinhuanet.com+or+cri.cn+or+163.com+or+cankaoxiaoxi.com+or+cctv.com+or+ifeng.com+or+qq.com+or+takungpao.com+or+people.com.cn+or+southcn.com+or+southcn.com+or+cnr.cn+or+people.com.cn+or+cyol.com+or+bjnews.com.cn+or+gmw.cn+or+dahe.cn+or+xfrb.com.cn+or+cqnews.net+or+lifeweek.com.cn+or+cpd.com.cn+or+haiwainet.cn+or+yidianzixun.com+or+ftchinese.com+or+guancha.cn+or+zhcw.com+or+huanqiu.com+or+ihuawen.com+or+nytimes.com+or+flickr.com+or+quanjing.com+or+vcg.com+or+gettyimages.co.uk+or+paixin.com)+%e6%9d%b0%e5%85%8b+%e8%af%b4+%e5%9b%bd%e5%ae%b6&id=434B6A1269ACC7AD79D5331A59BD3A8DB0600F1B&simid=607990685734997686", 
            "hostPageUrl": "http://gb.cri.cn/27224/2012/03/22/3465s3612282.htm", 
            "thumbnailUrl": "https://tse1.mm.bing.net/th?id=OIP.NPrnAwYV5bX15eEs5OayJgHaJ5&pid=Api", 
            "thumbnail": {
                "width": 474, 
                "height": 633
            }, 
            "hostPageFavIconUrl": "https://www.bing.com/th?id=AR_43a8e6729fb4544de63cbf9540fe59af&pid=Api", 
            "contentSize": "194117 B"
        }
    ], 
    "nextOffset": 10, 
    "queryContext": {
        "alterationMethod": "AM_JustChangeIt", 
        "alterationType": "CombinedAlterationsChained", 
        "originalQuery": "site:(thepaper.cn or chinadaily.com.cn or china.com.cn or chinanews.com or youth.cn or sina.com.cn or xinhuanet.com or cri.cn or 163.com or cankaoxiaoxi.com or cctv.com or ifeng.com or qq.com or takungpao.com or people.com.cn or southcn.com or southcn.com or cnr.cn or people.com.cn or cyol.com or bjnews.com.cn or gmw.cn or dahe.cn or xfrb.com.cn or cqnews.net or lifeweek.com.cn or cpd.com.cn or haiwainet.cn or yidianzixun.com or ftchinese.com or guancha.cn or zhcw.com or huanqiu.com or ihuawen.com or nytimes.com or flickr.com or quanjing.com or vcg.com or gettyimages.co.uk or paixin.com) 杰克 说 国家", 
        "alterationOverrideQuery": "+site:(thepaper.cn or chinadaily.com.cn or china.com.cn or chinanews.com or youth.cn or sina.com.cn or xinhuanet.com or cri.cn or 163.com or cankaoxiaoxi.com or cctv.com or ifeng.com or qq.com or takungpao.com or people.com.cn or southcn.com or southcn.com or cnr.cn or people.com.cn or cyol.com or bjnews.com.cn or gmw.cn or dahe.cn or xfrb.com.cn or cqnews.net or lifeweek.com.cn or cpd.com.cn or haiwainet.cn or yidianzixun.com or ftchinese.com or guancha.cn or zhcw.com or huanqiu.com or ihuawen.com or nytimes.com or flickr.com or quanjing.com or vcg.com or gettyimages.co.uk or paixin.com) 杰克 说 国家", 
        "alterationDisplayQuery": "杰克 说 国家"
    }, 
    "currentOffset": 0, 
    "readLink": "images/search?q=site:(thepaper.cn or chinadaily.com.cn or china.com.cn or chinanews.com or youth.cn or sina.com.cn or xinhuanet.com or cri.cn or 163.com or cankaoxiaoxi.com or cctv.com or ifeng.com or qq.com or takungpao.com or people.com.cn or southcn.com or southcn.com or cnr.cn or people.com.cn or cyol.com or bjnews.com.cn or gmw.cn or dahe.cn or xfrb.com.cn or cqnews.net or lifeweek.com.cn or cpd.com.cn or haiwainet.cn or yidianzixun.com or ftchinese.com or guancha.cn or zhcw.com or huanqiu.com or ihuawen.com or nytimes.com or flickr.com or quanjing.com or vcg.com or gettyimages.co.uk or paixin.com) 杰克 说 国家", 
    "totalEstimatedMatches": 100
}