{
    "instrumentation": {
        "_type": "ResponseInstrumentation"
    }, 
    "_type": "Images", 
    "webSearchUrl": "https://www.bing.com/images/search?q=site:(thepaper.cn or chinadaily.com.cn or china.com.cn or chinanews.com or youth.cn or sina.com.cn or xinhuanet.com or cri.cn or 163.com or cankaoxiaoxi.com or cctv.com or ifeng.com or qq.com or takungpao.com or people.com.cn or southcn.com or southcn.com or cnr.cn or people.com.cn or cyol.com or bjnews.com.cn or gmw.cn or dahe.cn or xfrb.com.cn or cqnews.net or lifeweek.com.cn or cpd.com.cn or haiwainet.cn or yidianzixun.com or ftchinese.com or guancha.cn or zhcw.com or huanqiu.com or ihuawen.com or nytimes.com or flickr.com or quanjing.com or vcg.com or gettyimages.co.uk or paixin.com) 接管&FORM=OIIARP", 
    "value": [
        {
            "contentUrl": "http://n.sinaimg.cn/finance/crawl/w550h284/20180223/hLaG-fyrswmv3862883.jpg", 
            "insightsMetadata": {
                "pagesIncludingCount": 17, 
                "availableSizesCount": 14
            }, 
            "height": 284, 
            "accentColor": "89424B", 
            "hostPageDisplayUrl": "finance.sina.com.cn/chanjing/gsnews/2018-02-23/doc...", 
            "name": "安邦集团被接管 我的保单还保险吗？_新浪财经_新浪网", 
            "width": 550, 
            "imageInsightsToken": "ccid_HK9JKf7v*mid_D61C027DBAE2669F47E101AEE5FFC8F28004D99D*simid_608036942546603709*thid_OIP.HK9JKf7vP2RafVAxhm6-HAHaD0", 
            "imageId": "D61C027DBAE2669F47E101AEE5FFC8F28004D99D", 
            "isFamilyFriendly": true, 
            "datePublished": "2018-02-23T14:29:00.0000000Z", 
            "encodingFormat": "jpeg", 
            "webSearchUrl": "https://www.bing.com/images/search?view=detailv2&FORM=OIIRPO&q=site%3a(thepaper.cn+or+chinadaily.com.cn+or+china.com.cn+or+chinanews.com+or+youth.cn+or+sina.com.cn+or+xinhuanet.com+or+cri.cn+or+163.com+or+cankaoxiaoxi.com+or+cctv.com+or+ifeng.com+or+qq.com+or+takungpao.com+or+people.com.cn+or+southcn.com+or+southcn.com+or+cnr.cn+or+people.com.cn+or+cyol.com+or+bjnews.com.cn+or+gmw.cn+or+dahe.cn+or+xfrb.com.cn+or+cqnews.net+or+lifeweek.com.cn+or+cpd.com.cn+or+haiwainet.cn+or+yidianzixun.com+or+ftchinese.com+or+guancha.cn+or+zhcw.com+or+huanqiu.com+or+ihuawen.com+or+nytimes.com+or+flickr.com+or+quanjing.com+or+vcg.com+or+gettyimages.co.uk+or+paixin.com)+%e6%8e%a5%e7%ae%a1&id=D61C027DBAE2669F47E101AEE5FFC8F28004D99D&simid=608036942546603709", 
            "hostPageUrl": "http://finance.sina.com.cn/chanjing/gsnews/2018-02-23/doc-ifyrswmv3865506.shtml", 
            "thumbnailUrl": "https://tse3.mm.bing.net/th?id=OIP.HK9JKf7vP2RafVAxhm6-HAHaD0&pid=Api", 
            "thumbnail": {
                "width": 474, 
                "height": 244
            }, 
            "contentSize": "20940 B"
        }, 
        {
            "contentUrl": "http://img6.cache.netease.com/hebei/2015/3/17/20150317091259b83da.jpg", 
            "insightsMetadata": {
                "pagesIncludingCount": 5, 
                "availableSizesCount": 2
            }, 
            "height": 449, 
            "accentColor": "2E6E73", 
            "hostPageDisplayUrl": "hebei.news.163.com/15/0317/09/AKT9F4HS02790DNK.html", 
            "name": "“小龙女”交成龙接管？ 律师：生父没这个权利(图) - 网易河北", 
            "width": 500, 
            "imageInsightsToken": "ccid_Swq5eORm*mid_180C6F5E89FC7C418EA81ADAC6BA072C1E383C0F*simid_607997334334080051*thid_OIP.Swq5eORmDPV6QnawB8fX4wHaGp", 
            "imageId": "180C6F5E89FC7C418EA81ADAC6BA072C1E383C0F", 
            "isFamilyFriendly": true, 
            "datePublished": "2018-08-27T05:44:00.0000000Z", 
            "encodingFormat": "jpeg", 
            "webSearchUrl": "https://www.bing.com/images/search?view=detailv2&FORM=OIIRPO&q=site%3a(thepaper.cn+or+chinadaily.com.cn+or+china.com.cn+or+chinanews.com+or+youth.cn+or+sina.com.cn+or+xinhuanet.com+or+cri.cn+or+163.com+or+cankaoxiaoxi.com+or+cctv.com+or+ifeng.com+or+qq.com+or+takungpao.com+or+people.com.cn+or+southcn.com+or+southcn.com+or+cnr.cn+or+people.com.cn+or+cyol.com+or+bjnews.com.cn+or+gmw.cn+or+dahe.cn+or+xfrb.com.cn+or+cqnews.net+or+lifeweek.com.cn+or+cpd.com.cn+or+haiwainet.cn+or+yidianzixun.com+or+ftchinese.com+or+guancha.cn+or+zhcw.com+or+huanqiu.com+or+ihuawen.com+or+nytimes.com+or+flickr.com+or+quanjing.com+or+vcg.com+or+gettyimages.co.uk+or+paixin.com)+%e6%8e%a5%e7%ae%a1&id=180C6F5E89FC7C418EA81ADAC6BA072C1E383C0F&simid=607997334334080051", 
            "hostPageUrl": "http://hebei.news.163.com/15/0317/09/AKT9F4HS02790DNK.html", 
            "thumbnailUrl": "https://tse2.mm.bing.net/th?id=OIP.Swq5eORmDPV6QnawB8fX4wHaGp&pid=Api", 
            "thumbnail": {
                "width": 474, 
                "height": 425
            }, 
            "contentSize": "61010 B"
        }, 
        {
            "contentUrl": "http://n.sinaimg.cn/fashion/transform/237/w630h407/20180326/O3lj-fysqfnf9423208.png", 
            "insightsMetadata": {
                "pagesIncludingCount": 3, 
                "availableSizesCount": 2
            }, 
            "height": 407, 
            "accentColor": "BE820D", 
            "hostPageDisplayUrl": "fashion.sina.com.cn/s/in/2018-03-26/1731/doc...", 
            "name": "Off-White掌门人接管LV Supreme还会远吗|supreme|潮牌|掌门人_新浪时尚 ...", 
            "width": 630, 
            "imageInsightsToken": "ccid_BjglI800*mid_9A7924242821F40CD9891BDF98774020A886FCCB*simid_608041671298387299*thid_OIP.BjglI8004V8iVmuv4Z26PwHaEy", 
            "imageId": "9A7924242821F40CD9891BDF98774020A886FCCB", 
            "isFamilyFriendly": true, 
            "datePublished": "2018-03-26T09:42:00.0000000Z", 
            "encodingFormat": "png", 
            "webSearchUrl": "https://www.bing.com/images/search?view=detailv2&FORM=OIIRPO&q=site%3a(thepaper.cn+or+chinadaily.com.cn+or+china.com.cn+or+chinanews.com+or+youth.cn+or+sina.com.cn+or+xinhuanet.com+or+cri.cn+or+163.com+or+cankaoxiaoxi.com+or+cctv.com+or+ifeng.com+or+qq.com+or+takungpao.com+or+people.com.cn+or+southcn.com+or+southcn.com+or+cnr.cn+or+people.com.cn+or+cyol.com+or+bjnews.com.cn+or+gmw.cn+or+dahe.cn+or+xfrb.com.cn+or+cqnews.net+or+lifeweek.com.cn+or+cpd.com.cn+or+haiwainet.cn+or+yidianzixun.com+or+ftchinese.com+or+guancha.cn+or+zhcw.com+or+huanqiu.com+or+ihuawen.com+or+nytimes.com+or+flickr.com+or+quanjing.com+or+vcg.com+or+gettyimages.co.uk+or+paixin.com)+%e6%8e%a5%e7%ae%a1&id=9A7924242821F40CD9891BDF98774020A886FCCB&simid=608041671298387299", 
            "hostPageUrl": "http://fashion.sina.com.cn/s/in/2018-03-26/1731/doc-ifysqfnf9539643.shtml", 
            "thumbnailUrl": "https://tse4.mm.bing.net/th?id=OIP.BjglI8004V8iVmuv4Z26PwHaEy&pid=Api", 
            "thumbnail": {
                "width": 474, 
                "height": 306
            }, 
            "contentSize": "387031 B"
        }, 
        {
            "contentUrl": "http://i2.sinaimg.cn/edu/2015/0429/U3649P42DT20150429100335.jpg", 
            "insightsMetadata": {
                "pagesIncludingCount": 1, 
                "availableSizesCount": 1
            }, 
            "height": 330, 
            "accentColor": "05C6C6", 
            "hostPageDisplayUrl": "edu.sina.com.cn/en/2015-04-29/100489356.shtml", 
            "name": "双语：假设人类灭绝了地球谁来接管_新浪教育_新浪网", 
            "width": 440, 
            "imageInsightsToken": "ccid_5eFFv6Gh*mid_2E02C7E8967465D8A7EAED2AEBF6205DC47E99E9*simid_608031629649316820*thid_OIP.5eFFv6GhPlwv7Pf0TtdTJAEsDh", 
            "imageId": "2E02C7E8967465D8A7EAED2AEBF6205DC47E99E9", 
            "isFamilyFriendly": true, 
            "datePublished": "2015-04-29T02:10:00.0000000Z", 
            "encodingFormat": "jpeg", 
            "webSearchUrl": "https://www.bing.com/images/search?view=detailv2&FORM=OIIRPO&q=site%3a(thepaper.cn+or+chinadaily.com.cn+or+china.com.cn+or+chinanews.com+or+youth.cn+or+sina.com.cn+or+xinhuanet.com+or+cri.cn+or+163.com+or+cankaoxiaoxi.com+or+cctv.com+or+ifeng.com+or+qq.com+or+takungpao.com+or+people.com.cn+or+southcn.com+or+southcn.com+or+cnr.cn+or+people.com.cn+or+cyol.com+or+bjnews.com.cn+or+gmw.cn+or+dahe.cn+or+xfrb.com.cn+or+cqnews.net+or+lifeweek.com.cn+or+cpd.com.cn+or+haiwainet.cn+or+yidianzixun.com+or+ftchinese.com+or+guancha.cn+or+zhcw.com+or+huanqiu.com+or+ihuawen.com+or+nytimes.com+or+flickr.com+or+quanjing.com+or+vcg.com+or+gettyimages.co.uk+or+paixin.com)+%e6%8e%a5%e7%ae%a1&id=2E02C7E8967465D8A7EAED2AEBF6205DC47E99E9&simid=608031629649316820", 
            "hostPageUrl": "http://edu.sina.com.cn/en/2015-04-29/100489356.shtml", 
            "thumbnailUrl": "https://tse1.mm.bing.net/th?id=OIP.5eFFv6GhPlwv7Pf0TtdTJAEsDh&pid=Api", 
            "thumbnail": {
                "width": 440, 
                "height": 330
            }, 
            "contentSize": "35358 B"
        }, 
        {
            "contentUrl": "http://www.he.xinhuanet.com/xinwen/1123736496_15426180923021n.png", 
            "insightsMetadata": {
                "pagesIncludingCount": 1, 
                "availableSizesCount": 1
            }, 
            "height": 563, 
            "accentColor": "167FB5", 
            "hostPageDisplayUrl": "www.he.xinhuanet.com/xinwen/2018-11/20/c_1123736496.htm", 
            "name": "世界儿童日|假如今天让儿童接管世界……", 
            "width": 567, 
            "imageInsightsToken": "ccid_aY/2T25C*mid_C721B2710795B34FD5B73328405902CAB08E5669*simid_608009776880484705*thid_OIP.aY!_2T25CjQgCfI5W1!_nIXQHaHW", 
            "imageId": "C721B2710795B34FD5B73328405902CAB08E5669", 
            "isFamilyFriendly": true, 
            "datePublished": "2018-11-20T00:53:00.0000000Z", 
            "encodingFormat": "png", 
            "webSearchUrl": "https://www.bing.com/images/search?view=detailv2&FORM=OIIRPO&q=site%3a(thepaper.cn+or+chinadaily.com.cn+or+china.com.cn+or+chinanews.com+or+youth.cn+or+sina.com.cn+or+xinhuanet.com+or+cri.cn+or+163.com+or+cankaoxiaoxi.com+or+cctv.com+or+ifeng.com+or+qq.com+or+takungpao.com+or+people.com.cn+or+southcn.com+or+southcn.com+or+cnr.cn+or+people.com.cn+or+cyol.com+or+bjnews.com.cn+or+gmw.cn+or+dahe.cn+or+xfrb.com.cn+or+cqnews.net+or+lifeweek.com.cn+or+cpd.com.cn+or+haiwainet.cn+or+yidianzixun.com+or+ftchinese.com+or+guancha.cn+or+zhcw.com+or+huanqiu.com+or+ihuawen.com+or+nytimes.com+or+flickr.com+or+quanjing.com+or+vcg.com+or+gettyimages.co.uk+or+paixin.com)+%e6%8e%a5%e7%ae%a1&id=C721B2710795B34FD5B73328405902CAB08E5669&simid=608009776880484705", 
            "hostPageUrl": "http://www.he.xinhuanet.com/xinwen/2018-11/20/c_1123736496.htm", 
            "thumbnailUrl": "https://tse4.mm.bing.net/th?id=OIP.aY_2T25CjQgCfI5W1_nIXQHaHW&pid=Api", 
            "thumbnail": {
                "width": 474, 
                "height": 470
            }, 
            "hostPageFavIconUrl": "https://www.bing.com/th?id=AR_6034f89765965526777239fbb6bac707&pid=Api", 
            "contentSize": "323448 B"
        }, 
        {
            "contentUrl": "http://himg2.huanqiu.com/attachment2010/2015/0323/20150323043706774.jpg", 
            "insightsMetadata": {
                "pagesIncludingCount": 3, 
                "availableSizesCount": 1
            }, 
            "height": 600, 
            "accentColor": "C57A06", 
            "hostPageDisplayUrl": "mil.huanqiu.com/gt/2015-03/2768501_10.html", 
            "name": "乌克兰唯一潜艇已被俄罗斯接管_军事_环球网", 
            "width": 900, 
            "imageInsightsToken": "ccid_DO7JBwMr*mid_7345B302C4BC1BA765D4F8FCBE69190ED83A8F3A*simid_608043281890149310*thid_OIP.DO7JBwMrJtEMmd1ITJsOHQHaE8", 
            "imageId": "7345B302C4BC1BA765D4F8FCBE69190ED83A8F3A", 
            "isFamilyFriendly": true, 
            "datePublished": "2015-03-23T08:58:00.0000000Z", 
            "encodingFormat": "jpeg", 
            "webSearchUrl": "https://www.bing.com/images/search?view=detailv2&FORM=OIIRPO&q=site%3a(thepaper.cn+or+chinadaily.com.cn+or+china.com.cn+or+chinanews.com+or+youth.cn+or+sina.com.cn+or+xinhuanet.com+or+cri.cn+or+163.com+or+cankaoxiaoxi.com+or+cctv.com+or+ifeng.com+or+qq.com+or+takungpao.com+or+people.com.cn+or+southcn.com+or+southcn.com+or+cnr.cn+or+people.com.cn+or+cyol.com+or+bjnews.com.cn+or+gmw.cn+or+dahe.cn+or+xfrb.com.cn+or+cqnews.net+or+lifeweek.com.cn+or+cpd.com.cn+or+haiwainet.cn+or+yidianzixun.com+or+ftchinese.com+or+guancha.cn+or+zhcw.com+or+huanqiu.com+or+ihuawen.com+or+nytimes.com+or+flickr.com+or+quanjing.com+or+vcg.com+or+gettyimages.co.uk+or+paixin.com)+%e6%8e%a5%e7%ae%a1&id=7345B302C4BC1BA765D4F8FCBE69190ED83A8F3A&simid=608043281890149310", 
            "hostPageUrl": "http://mil.huanqiu.com/gt/2015-03/2768501_10.html", 
            "thumbnailUrl": "https://tse3.mm.bing.net/th?id=OIP.DO7JBwMrJtEMmd1ITJsOHQHaE8&pid=Api", 
            "thumbnail": {
                "width": 474, 
                "height": 316
            }, 
            "contentSize": "126342 B"
        }, 
        {
            "contentUrl": "http://n.sinaimg.cn/sports/transform/153/w610h343/20180823/K2-q-fzrwica1419806.jpg", 
            "insightsMetadata": {
                "pagesIncludingCount": 2, 
                "availableSizesCount": 1
            }, 
            "height": 343, 
            "accentColor": "1E2E59", 
            "hostPageDisplayUrl": "sports.sina.com.cn/g/pl/2018-08-23/doc-ihhzsnec4060276.shtml", 
            "name": "FIFA宣布临时接管乌拉圭足协 前主席因贪污辞职_国际足球_新浪 ...", 
            "width": 610, 
            "imageInsightsToken": "ccid_oAfm2/O2*mid_45AD42E0EFCF8D35F0BDAAD4421E00369DEEEB8D*simid_608005404597749796*thid_OIP.oAfm2!_O24JsNtLXk!_QAgyAHaEK", 
            "imageId": "45AD42E0EFCF8D35F0BDAAD4421E00369DEEEB8D", 
            "isFamilyFriendly": true, 
            "datePublished": "2018-08-23T01:06:00.0000000Z", 
            "encodingFormat": "jpeg", 
            "webSearchUrl": "https://www.bing.com/images/search?view=detailv2&FORM=OIIRPO&q=site%3a(thepaper.cn+or+chinadaily.com.cn+or+china.com.cn+or+chinanews.com+or+youth.cn+or+sina.com.cn+or+xinhuanet.com+or+cri.cn+or+163.com+or+cankaoxiaoxi.com+or+cctv.com+or+ifeng.com+or+qq.com+or+takungpao.com+or+people.com.cn+or+southcn.com+or+southcn.com+or+cnr.cn+or+people.com.cn+or+cyol.com+or+bjnews.com.cn+or+gmw.cn+or+dahe.cn+or+xfrb.com.cn+or+cqnews.net+or+lifeweek.com.cn+or+cpd.com.cn+or+haiwainet.cn+or+yidianzixun.com+or+ftchinese.com+or+guancha.cn+or+zhcw.com+or+huanqiu.com+or+ihuawen.com+or+nytimes.com+or+flickr.com+or+quanjing.com+or+vcg.com+or+gettyimages.co.uk+or+paixin.com)+%e6%8e%a5%e7%ae%a1&id=45AD42E0EFCF8D35F0BDAAD4421E00369DEEEB8D&simid=608005404597749796", 
            "hostPageUrl": "http://sports.sina.com.cn/g/pl/2018-08-23/doc-ihhzsnec4060276.shtml", 
            "thumbnailUrl": "https://tse1.mm.bing.net/th?id=OIP.oAfm2_O24JsNtLXk_QAgyAHaEK&pid=Api", 
            "thumbnail": {
                "width": 474, 
                "height": 266
            }, 
            "contentSize": "22217 B"
        }, 
        {
            "contentUrl": "http://jiangsu.china.com.cn/uploadfile/2018/0223/1519362467470244.jpg", 
            "insightsMetadata": {
                "pagesIncludingCount": 1, 
                "availableSizesCount": 1
            }, 
            "height": 446, 
            "accentColor": "4D4D4D", 
            "hostPageDisplayUrl": "jiangsu.china.com.cn/html/finance/finances/10561469_1.html", 
            "name": "保监会依法对安邦集团实施接管 接管期限一年 - 财经新闻 - 中国 ...", 
            "width": 599, 
            "imageInsightsToken": "ccid_+uBLrnc4*mid_0FBB6168474438BB9082CB7E68D4CFA7357AEE7C*simid_608001337244978601*thid_OIP.-uBLrnc4qDyDNrQMCEDzGAHaFg", 
            "imageId": "0FBB6168474438BB9082CB7E68D4CFA7357AEE7C", 
            "isFamilyFriendly": true, 
            "datePublished": "2018-02-23T05:26:00.0000000Z", 
            "encodingFormat": "jpeg", 
            "webSearchUrl": "https://www.bing.com/images/search?view=detailv2&FORM=OIIRPO&q=site%3a(thepaper.cn+or+chinadaily.com.cn+or+china.com.cn+or+chinanews.com+or+youth.cn+or+sina.com.cn+or+xinhuanet.com+or+cri.cn+or+163.com+or+cankaoxiaoxi.com+or+cctv.com+or+ifeng.com+or+qq.com+or+takungpao.com+or+people.com.cn+or+southcn.com+or+southcn.com+or+cnr.cn+or+people.com.cn+or+cyol.com+or+bjnews.com.cn+or+gmw.cn+or+dahe.cn+or+xfrb.com.cn+or+cqnews.net+or+lifeweek.com.cn+or+cpd.com.cn+or+haiwainet.cn+or+yidianzixun.com+or+ftchinese.com+or+guancha.cn+or+zhcw.com+or+huanqiu.com+or+ihuawen.com+or+nytimes.com+or+flickr.com+or+quanjing.com+or+vcg.com+or+gettyimages.co.uk+or+paixin.com)+%e6%8e%a5%e7%ae%a1&id=0FBB6168474438BB9082CB7E68D4CFA7357AEE7C&simid=608001337244978601", 
            "hostPageUrl": "http://jiangsu.china.com.cn/html/finance/finances/10561469_1.html", 
            "thumbnailUrl": "https://tse4.mm.bing.net/th?id=OIP.-uBLrnc4qDyDNrQMCEDzGAHaFg&pid=Api", 
            "thumbnail": {
                "width": 474, 
                "height": 352
            }, 
            "contentSize": "15147 B"
        }, 
        {
            "contentUrl": "http://i2.chinanews.com/simg/hd/2014/05/23/f03dfee7a7d1479faa70767469eb9f1e.jpg", 
            "insightsMetadata": {
                "pagesIncludingCount": 2, 
                "availableSizesCount": 1
            }, 
            "height": 626, 
            "accentColor": "A72824", 
            "hostPageDisplayUrl": "www.chinanews.com/tp/hd2011/2014/05-23/351543.shtml", 
            "name": "泰军方宣布接管国家政权并实施宵禁-中新网", 
            "width": 940, 
            "imageInsightsToken": "ccid_ajiWxFC5*mid_F450AE2002AC91398AC38CCB56578F2F2D813025*simid_608009016682743152*thid_OIP.ajiWxFC5Iq1jpoWszdUrvgHaE7", 
            "imageId": "F450AE2002AC91398AC38CCB56578F2F2D813025", 
            "isFamilyFriendly": true, 
            "datePublished": "2014-05-23T00:10:00.0000000Z", 
            "encodingFormat": "jpeg", 
            "webSearchUrl": "https://www.bing.com/images/search?view=detailv2&FORM=OIIRPO&q=site%3a(thepaper.cn+or+chinadaily.com.cn+or+china.com.cn+or+chinanews.com+or+youth.cn+or+sina.com.cn+or+xinhuanet.com+or+cri.cn+or+163.com+or+cankaoxiaoxi.com+or+cctv.com+or+ifeng.com+or+qq.com+or+takungpao.com+or+people.com.cn+or+southcn.com+or+southcn.com+or+cnr.cn+or+people.com.cn+or+cyol.com+or+bjnews.com.cn+or+gmw.cn+or+dahe.cn+or+xfrb.com.cn+or+cqnews.net+or+lifeweek.com.cn+or+cpd.com.cn+or+haiwainet.cn+or+yidianzixun.com+or+ftchinese.com+or+guancha.cn+or+zhcw.com+or+huanqiu.com+or+ihuawen.com+or+nytimes.com+or+flickr.com+or+quanjing.com+or+vcg.com+or+gettyimages.co.uk+or+paixin.com)+%e6%8e%a5%e7%ae%a1&id=F450AE2002AC91398AC38CCB56578F2F2D813025&simid=608009016682743152", 
            "hostPageUrl": "http://www.chinanews.com/tp/hd2011/2014/05-23/351543.shtml", 
            "thumbnailUrl": "https://tse3.mm.bing.net/th?id=OIP.ajiWxFC5Iq1jpoWszdUrvgHaE7&pid=Api", 
            "thumbnail": {
                "width": 474, 
                "height": 315
            }, 
            "contentSize": "90772 B"
        }, 
        {
            "contentUrl": "http://n.sinaimg.cn/henan/transform/20170414/DOMD-fyeiwny2329682.png", 
            "insightsMetadata": {
                "pagesIncludingCount": 3, 
                "availableSizesCount": 1
            }, 
            "height": 300, 
            "accentColor": "426E89", 
            "hostPageDisplayUrl": "henan.sina.com.cn/news/2017-04-14/detail-ifyeimqc3529197...", 
            "name": "郑州小区交房一年多无社区接管 业主:没娘的孩子_新浪河南_新浪网", 
            "width": 400, 
            "imageInsightsToken": "ccid_HTzRxaVw*mid_15F426240C8862DCB735741AFB185E5096D5EAF1*simid_608041782965305573*thid_OIP.HTzRxaVwsbPopOd1aRMuOAAAAA", 
            "imageId": "15F426240C8862DCB735741AFB185E5096D5EAF1", 
            "isFamilyFriendly": true, 
            "datePublished": "2017-04-14T00:25:00.0000000Z", 
            "encodingFormat": "png", 
            "webSearchUrl": "https://www.bing.com/images/search?view=detailv2&FORM=OIIRPO&q=site%3a(thepaper.cn+or+chinadaily.com.cn+or+china.com.cn+or+chinanews.com+or+youth.cn+or+sina.com.cn+or+xinhuanet.com+or+cri.cn+or+163.com+or+cankaoxiaoxi.com+or+cctv.com+or+ifeng.com+or+qq.com+or+takungpao.com+or+people.com.cn+or+southcn.com+or+southcn.com+or+cnr.cn+or+people.com.cn+or+cyol.com+or+bjnews.com.cn+or+gmw.cn+or+dahe.cn+or+xfrb.com.cn+or+cqnews.net+or+lifeweek.com.cn+or+cpd.com.cn+or+haiwainet.cn+or+yidianzixun.com+or+ftchinese.com+or+guancha.cn+or+zhcw.com+or+huanqiu.com+or+ihuawen.com+or+nytimes.com+or+flickr.com+or+quanjing.com+or+vcg.com+or+gettyimages.co.uk+or+paixin.com)+%e6%8e%a5%e7%ae%a1&id=15F426240C8862DCB735741AFB185E5096D5EAF1&simid=608041782965305573", 
            "hostPageUrl": "http://henan.sina.com.cn/news/2017-04-14/detail-ifyeimqc3529197.shtml", 
            "thumbnailUrl": "https://tse4.mm.bing.net/th?id=OIP.HTzRxaVwsbPopOd1aRMuOAAAAA&pid=Api", 
            "thumbnail": {
                "width": 400, 
                "height": 300
            }, 
            "contentSize": "257606 B"
        }
    ], 
    "nextOffset": 10, 
    "queryContext": {
        "alterationMethod": "AM_JustChangeIt", 
        "alterationType": "CombinedAlterationsChained", 
        "originalQuery": "site:(thepaper.cn or chinadaily.com.cn or china.com.cn or chinanews.com or youth.cn or sina.com.cn or xinhuanet.com or cri.cn or 163.com or cankaoxiaoxi.com or cctv.com or ifeng.com or qq.com or takungpao.com or people.com.cn or southcn.com or southcn.com or cnr.cn or people.com.cn or cyol.com or bjnews.com.cn or gmw.cn or dahe.cn or xfrb.com.cn or cqnews.net or lifeweek.com.cn or cpd.com.cn or haiwainet.cn or yidianzixun.com or ftchinese.com or guancha.cn or zhcw.com or huanqiu.com or ihuawen.com or nytimes.com or flickr.com or quanjing.com or vcg.com or gettyimages.co.uk or paixin.com) 接管", 
        "alterationOverrideQuery": "+site:(thepaper.cn or chinadaily.com.cn or china.com.cn or chinanews.com or youth.cn or sina.com.cn or xinhuanet.com or cri.cn or 163.com or cankaoxiaoxi.com or cctv.com or ifeng.com or qq.com or takungpao.com or people.com.cn or southcn.com or southcn.com or cnr.cn or people.com.cn or cyol.com or bjnews.com.cn or gmw.cn or dahe.cn or xfrb.com.cn or cqnews.net or lifeweek.com.cn or cpd.com.cn or haiwainet.cn or yidianzixun.com or ftchinese.com or guancha.cn or zhcw.com or huanqiu.com or ihuawen.com or nytimes.com or flickr.com or quanjing.com or vcg.com or gettyimages.co.uk or paixin.com) 接管", 
        "alterationDisplayQuery": "接管"
    }, 
    "currentOffset": 0, 
    "readLink": "images/search?q=site:(thepaper.cn or chinadaily.com.cn or china.com.cn or chinanews.com or youth.cn or sina.com.cn or xinhuanet.com or cri.cn or 163.com or cankaoxiaoxi.com or cctv.com or ifeng.com or qq.com or takungpao.com or people.com.cn or southcn.com or southcn.com or cnr.cn or people.com.cn or cyol.com or bjnews.com.cn or gmw.cn or dahe.cn or xfrb.com.cn or cqnews.net or lifeweek.com.cn or cpd.com.cn or haiwainet.cn or yidianzixun.com or ftchinese.com or guancha.cn or zhcw.com or huanqiu.com or ihuawen.com or nytimes.com or flickr.com or quanjing.com or vcg.com or gettyimages.co.uk or paixin.com) 接管", 
    "totalEstimatedMatches": 100, 
    "relatedSearches": [
        {
            "text": "武警将接管故宫防卫", 
            "displayText": "武警将接管故宫防卫", 
            "thumbnail": {
                "thumbnailUrl": "https://tse4.mm.bing.net/th?q=%e6%ad%a6%e8%ad%a6%e5%b0%86%e6%8e%a5%e7%ae%a1%e6%95%85%e5%ae%ab%e9%98%b2%e5%8d%ab&pid=Api&mkt=zh-CN&adlt=strict&t=1"
            }, 
            "searchLink": "https://api.cognitive.microsoft.com/api/v7/images/search?q=%e6%ad%a6%e8%ad%a6%e5%b0%86%e6%8e%a5%e7%ae%a1%e6%95%85%e5%ae%ab%e9%98%b2%e5%8d%ab", 
            "webSearchUrl": "https://www.bing.com/images/search?q=%e6%ad%a6%e8%ad%a6%e5%b0%86%e6%8e%a5%e7%ae%a1%e6%95%85%e5%ae%ab%e9%98%b2%e5%8d%ab&FORM=IRPATC"
        }, 
        {
            "text": "冷却塔接管", 
            "displayText": "冷却塔接管", 
            "thumbnail": {
                "thumbnailUrl": "https://tse2.mm.bing.net/th?q=%e5%86%b7%e5%8d%b4%e5%a1%94%e6%8e%a5%e7%ae%a1&pid=Api&mkt=zh-CN&adlt=strict&t=1"
            }, 
            "searchLink": "https://api.cognitive.microsoft.com/api/v7/images/search?q=%e5%86%b7%e5%8d%b4%e5%a1%94%e6%8e%a5%e7%ae%a1", 
            "webSearchUrl": "https://www.bing.com/images/search?q=%e5%86%b7%e5%8d%b4%e5%a1%94%e6%8e%a5%e7%ae%a1&FORM=IRPATC"
        }, 
        {
            "text": "接管段", 
            "displayText": "接管段", 
            "thumbnail": {
                "thumbnailUrl": "https://tse4.mm.bing.net/th?q=%e6%8e%a5%e7%ae%a1%e6%ae%b5&pid=Api&mkt=zh-CN&adlt=strict&t=1"
            }, 
            "searchLink": "https://api.cognitive.microsoft.com/api/v7/images/search?q=%e6%8e%a5%e7%ae%a1%e6%ae%b5", 
            "webSearchUrl": "https://www.bing.com/images/search?q=%e6%8e%a5%e7%ae%a1%e6%ae%b5&FORM=IRPATC"
        }, 
        {
            "text": "空调盘管风机接管", 
            "displayText": "空调盘管风机接管", 
            "thumbnail": {
                "thumbnailUrl": "https://tse1.mm.bing.net/th?q=%e7%a9%ba%e8%b0%83%e7%9b%98%e7%ae%a1%e9%a3%8e%e6%9c%ba%e6%8e%a5%e7%ae%a1&pid=Api&mkt=zh-CN&adlt=strict&t=1"
            }, 
            "searchLink": "https://api.cognitive.microsoft.com/api/v7/images/search?q=%e7%a9%ba%e8%b0%83%e7%9b%98%e7%ae%a1%e9%a3%8e%e6%9c%ba%e6%8e%a5%e7%ae%a1", 
            "webSearchUrl": "https://www.bing.com/images/search?q=%e7%a9%ba%e8%b0%83%e7%9b%98%e7%ae%a1%e9%a3%8e%e6%9c%ba%e6%8e%a5%e7%ae%a1&FORM=IRPATC"
        }, 
        {
            "text": "盘管风机接管", 
            "displayText": "盘管风机接管", 
            "thumbnail": {
                "thumbnailUrl": "https://tse4.mm.bing.net/th?q=%e7%9b%98%e7%ae%a1%e9%a3%8e%e6%9c%ba%e6%8e%a5%e7%ae%a1&pid=Api&mkt=zh-CN&adlt=strict&t=1"
            }, 
            "searchLink": "https://api.cognitive.microsoft.com/api/v7/images/search?q=%e7%9b%98%e7%ae%a1%e9%a3%8e%e6%9c%ba%e6%8e%a5%e7%ae%a1", 
            "webSearchUrl": "https://www.bing.com/images/search?q=%e7%9b%98%e7%ae%a1%e9%a3%8e%e6%9c%ba%e6%8e%a5%e7%ae%a1&FORM=IRPATC"
        }, 
        {
            "text": "接管板", 
            "displayText": "接管板", 
            "thumbnail": {
                "thumbnailUrl": "https://tse2.mm.bing.net/th?q=%e6%8e%a5%e7%ae%a1%e6%9d%bf&pid=Api&mkt=zh-CN&adlt=strict&t=1"
            }, 
            "searchLink": "https://api.cognitive.microsoft.com/api/v7/images/search?q=%e6%8e%a5%e7%ae%a1%e6%9d%bf", 
            "webSearchUrl": "https://www.bing.com/images/search?q=%e6%8e%a5%e7%ae%a1%e6%9d%bf&FORM=IRPATC"
        }, 
        {
            "text": "标准吸盘固定金属基座快速接管型", 
            "displayText": "标准吸盘固定金属基座快速接管型", 
            "thumbnail": {
                "thumbnailUrl": "https://tse1.mm.bing.net/th?q=%e6%a0%87%e5%87%86%e5%90%b8%e7%9b%98%e5%9b%ba%e5%ae%9a%e9%87%91%e5%b1%9e%e5%9f%ba%e5%ba%a7%e5%bf%ab%e9%80%9f%e6%8e%a5%e7%ae%a1%e5%9e%8b&pid=Api&mkt=zh-CN&adlt=strict&t=1"
            }, 
            "searchLink": "https://api.cognitive.microsoft.com/api/v7/images/search?q=%e6%a0%87%e5%87%86%e5%90%b8%e7%9b%98%e5%9b%ba%e5%ae%9a%e9%87%91%e5%b1%9e%e5%9f%ba%e5%ba%a7%e5%bf%ab%e9%80%9f%e6%8e%a5%e7%ae%a1%e5%9e%8b", 
            "webSearchUrl": "https://www.bing.com/images/search?q=%e6%a0%87%e5%87%86%e5%90%b8%e7%9b%98%e5%9b%ba%e5%ae%9a%e9%87%91%e5%b1%9e%e5%9f%ba%e5%ba%a7%e5%bf%ab%e9%80%9f%e6%8e%a5%e7%ae%a1%e5%9e%8b&FORM=IRPATC"
        }, 
        {
            "text": "中华民国接管西沙群岛和南沙群岛", 
            "displayText": "中华民国接管西沙群岛和南沙群岛", 
            "thumbnail": {
                "thumbnailUrl": "https://tse2.mm.bing.net/th?q=%e4%b8%ad%e5%8d%8e%e6%b0%91%e5%9b%bd%e6%8e%a5%e7%ae%a1%e8%a5%bf%e6%b2%99%e7%be%a4%e5%b2%9b%e5%92%8c%e5%8d%97%e6%b2%99%e7%be%a4%e5%b2%9b&pid=Api&mkt=zh-CN&adlt=strict&t=1"
            }, 
            "searchLink": "https://api.cognitive.microsoft.com/api/v7/images/search?q=%e4%b8%ad%e5%8d%8e%e6%b0%91%e5%9b%bd%e6%8e%a5%e7%ae%a1%e8%a5%bf%e6%b2%99%e7%be%a4%e5%b2%9b%e5%92%8c%e5%8d%97%e6%b2%99%e7%be%a4%e5%b2%9b", 
            "webSearchUrl": "https://www.bing.com/images/search?q=%e4%b8%ad%e5%8d%8e%e6%b0%91%e5%9b%bd%e6%8e%a5%e7%ae%a1%e8%a5%bf%e6%b2%99%e7%be%a4%e5%b2%9b%e5%92%8c%e5%8d%97%e6%b2%99%e7%be%a4%e5%b2%9b&FORM=IRPATC"
        }, 
        {
            "text": "48钢管接管", 
            "displayText": "48钢管接管", 
            "thumbnail": {
                "thumbnailUrl": "https://tse4.mm.bing.net/th?q=48%e9%92%a2%e7%ae%a1%e6%8e%a5%e7%ae%a1&pid=Api&mkt=zh-CN&adlt=strict&t=1"
            }, 
            "searchLink": "https://api.cognitive.microsoft.com/api/v7/images/search?q=48%e9%92%a2%e7%ae%a1%e6%8e%a5%e7%ae%a1", 
            "webSearchUrl": "https://www.bing.com/images/search?q=48%e9%92%a2%e7%ae%a1%e6%8e%a5%e7%ae%a1&FORM=IRPATC"
        }, 
        {
            "text": "细滤器进油接管", 
            "displayText": "细滤器进油接管", 
            "thumbnail": {
                "thumbnailUrl": "https://tse3.mm.bing.net/th?q=%e7%bb%86%e6%bb%a4%e5%99%a8%e8%bf%9b%e6%b2%b9%e6%8e%a5%e7%ae%a1&pid=Api&mkt=zh-CN&adlt=strict&t=1"
            }, 
            "searchLink": "https://api.cognitive.microsoft.com/api/v7/images/search?q=%e7%bb%86%e6%bb%a4%e5%99%a8%e8%bf%9b%e6%b2%b9%e6%8e%a5%e7%ae%a1", 
            "webSearchUrl": "https://www.bing.com/images/search?q=%e7%bb%86%e6%bb%a4%e5%99%a8%e8%bf%9b%e6%b2%b9%e6%8e%a5%e7%ae%a1&FORM=IRPATC"
        }, 
        {
            "text": "伊朗接管布什尔核电站", 
            "displayText": "伊朗接管布什尔核电站", 
            "thumbnail": {
                "thumbnailUrl": "https://tse3.mm.bing.net/th?q=%e4%bc%8a%e6%9c%97%e6%8e%a5%e7%ae%a1%e5%b8%83%e4%bb%80%e5%b0%94%e6%a0%b8%e7%94%b5%e7%ab%99&pid=Api&mkt=zh-CN&adlt=strict&t=1"
            }, 
            "searchLink": "https://api.cognitive.microsoft.com/api/v7/images/search?q=%e4%bc%8a%e6%9c%97%e6%8e%a5%e7%ae%a1%e5%b8%83%e4%bb%80%e5%b0%94%e6%a0%b8%e7%94%b5%e7%ab%99", 
            "webSearchUrl": "https://www.bing.com/images/search?q=%e4%bc%8a%e6%9c%97%e6%8e%a5%e7%ae%a1%e5%b8%83%e4%bb%80%e5%b0%94%e6%a0%b8%e7%94%b5%e7%ab%99&FORM=IRPATC"
        }, 
        {
            "text": "波形伸缩式接管", 
            "displayText": "波形伸缩式接管", 
            "thumbnail": {
                "thumbnailUrl": "https://tse1.mm.bing.net/th?q=%e6%b3%a2%e5%bd%a2%e4%bc%b8%e7%bc%a9%e5%bc%8f%e6%8e%a5%e7%ae%a1&pid=Api&mkt=zh-CN&adlt=strict&t=1"
            }, 
            "searchLink": "https://api.cognitive.microsoft.com/api/v7/images/search?q=%e6%b3%a2%e5%bd%a2%e4%bc%b8%e7%bc%a9%e5%bc%8f%e6%8e%a5%e7%ae%a1", 
            "webSearchUrl": "https://www.bing.com/images/search?q=%e6%b3%a2%e5%bd%a2%e4%bc%b8%e7%bc%a9%e5%bc%8f%e6%8e%a5%e7%ae%a1&FORM=IRPATC"
        }, 
        {
            "text": "风机盘管接管图", 
            "displayText": "风机盘管接管图", 
            "thumbnail": {
                "thumbnailUrl": "https://tse2.mm.bing.net/th?q=%e9%a3%8e%e6%9c%ba%e7%9b%98%e7%ae%a1%e6%8e%a5%e7%ae%a1%e5%9b%be&pid=Api&mkt=zh-CN&adlt=strict&t=1"
            }, 
            "searchLink": "https://api.cognitive.microsoft.com/api/v7/images/search?q=%e9%a3%8e%e6%9c%ba%e7%9b%98%e7%ae%a1%e6%8e%a5%e7%ae%a1%e5%9b%be", 
            "webSearchUrl": "https://www.bing.com/images/search?q=%e9%a3%8e%e6%9c%ba%e7%9b%98%e7%ae%a1%e6%8e%a5%e7%ae%a1%e5%9b%be&FORM=IRPATC"
        }, 
        {
            "text": "Qq中断接管", 
            "displayText": "Qq中断接管", 
            "thumbnail": {
                "thumbnailUrl": "https://tse1.mm.bing.net/th?q=Qq%e4%b8%ad%e6%96%ad%e6%8e%a5%e7%ae%a1&pid=Api&mkt=zh-CN&adlt=strict&t=1"
            }, 
            "searchLink": "https://api.cognitive.microsoft.com/api/v7/images/search?q=Qq%e4%b8%ad%e6%96%ad%e6%8e%a5%e7%ae%a1", 
            "webSearchUrl": "https://www.bing.com/images/search?q=Qq%e4%b8%ad%e6%96%ad%e6%8e%a5%e7%ae%a1&FORM=IRPATC"
        }, 
        {
            "text": "接管上海社会局", 
            "displayText": "接管上海社会局", 
            "thumbnail": {
                "thumbnailUrl": "https://tse4.mm.bing.net/th?q=%e6%8e%a5%e7%ae%a1%e4%b8%8a%e6%b5%b7%e7%a4%be%e4%bc%9a%e5%b1%80&pid=Api&mkt=zh-CN&adlt=strict&t=1"
            }, 
            "searchLink": "https://api.cognitive.microsoft.com/api/v7/images/search?q=%e6%8e%a5%e7%ae%a1%e4%b8%8a%e6%b5%b7%e7%a4%be%e4%bc%9a%e5%b1%80", 
            "webSearchUrl": "https://www.bing.com/images/search?q=%e6%8e%a5%e7%ae%a1%e4%b8%8a%e6%b5%b7%e7%a4%be%e4%bc%9a%e5%b1%80&FORM=IRPATC"
        }
    ]
}