{
    "instrumentation": {
        "_type": "ResponseInstrumentation"
    }, 
    "_type": "Images", 
    "webSearchUrl": "https://www.bing.com/images/search?q=site:(thepaper.cn or chinadaily.com.cn or china.com.cn or chinanews.com or youth.cn or sina.com.cn or xinhuanet.com or cri.cn or 163.com or cankaoxiaoxi.com or cctv.com or ifeng.com or qq.com or takungpao.com or people.com.cn or southcn.com or southcn.com or cnr.cn or people.com.cn or cyol.com or bjnews.com.cn or gmw.cn or dahe.cn or xfrb.com.cn or cqnews.net or lifeweek.com.cn or cpd.com.cn or haiwainet.cn or yidianzixun.com or ftchinese.com or guancha.cn or zhcw.com or huanqiu.com or ihuawen.com or nytimes.com or flickr.com or quanjing.com or vcg.com or gettyimages.co.uk or paixin.com) I don't understand its party, Jack said,&FORM=OIIARP", 
    "value": [
        {
            "contentUrl": "https://static01.nyt.com/images/2012/08/29/us/jp-RISE-2/jp-RISE-2-jumbo.jpg", 
            "insightsMetadata": {
                "pagesIncludingCount": 2, 
                "availableSizesCount": 1
            }, 
            "height": 747, 
            "accentColor": "773633", 
            "hostPageDisplayUrl": "www.nytimes.com/2012/08/29/us/politics/ryans-rise-was...", 
            "name": "Ryan’s Rise Was Fueled by Networking and Economic Focus - The New York Times", 
            "width": 1024, 
            "imageInsightsToken": "ccid_dirULqjg*mid_932E3C92A20EB38061F43F2CC1EFB0752206B7B8*simid_608027626716139212*thid_OIP.dirULqjgagtmly4KLSHP0wHaFZ", 
            "imageId": "932E3C92A20EB38061F43F2CC1EFB0752206B7B8", 
            "isFamilyFriendly": true, 
            "datePublished": "2012-08-29T12:00:00.0000000Z", 
            "encodingFormat": "jpeg", 
            "webSearchUrl": "https://www.bing.com/images/search?view=detailv2&FORM=OIIRPO&q=site%3a(thepaper.cn+or+chinadaily.com.cn+or+china.com.cn+or+chinanews.com+or+youth.cn+or+sina.com.cn+or+xinhuanet.com+or+cri.cn+or+163.com+or+cankaoxiaoxi.com+or+cctv.com+or+ifeng.com+or+qq.com+or+takungpao.com+or+people.com.cn+or+southcn.com+or+southcn.com+or+cnr.cn+or+people.com.cn+or+cyol.com+or+bjnews.com.cn+or+gmw.cn+or+dahe.cn+or+xfrb.com.cn+or+cqnews.net+or+lifeweek.com.cn+or+cpd.com.cn+or+haiwainet.cn+or+yidianzixun.com+or+ftchinese.com+or+guancha.cn+or+zhcw.com+or+huanqiu.com+or+ihuawen.com+or+nytimes.com+or+flickr.com+or+quanjing.com+or+vcg.com+or+gettyimages.co.uk+or+paixin.com)+I+don%27t+understand+its+party%2c+Jack+said%2c&id=932E3C92A20EB38061F43F2CC1EFB0752206B7B8&simid=608027626716139212", 
            "hostPageUrl": "http://www.nytimes.com/2012/08/29/us/politics/ryans-rise-was-fueled-by-networking-and-economic-focus.html", 
            "thumbnailUrl": "https://tse1.mm.bing.net/th?id=OIP.dirULqjgagtmly4KLSHP0wHaFZ&pid=Api", 
            "thumbnail": {
                "width": 474, 
                "height": 345
            }, 
            "hostPageFavIconUrl": "https://www.bing.com/th?id=AR_cc657c1af702fae867766bbf2aa25756&pid=Api", 
            "contentSize": "112286 B"
        }, 
        {
            "contentUrl": "https://static01.nyt.com/images/2017/01/27/business/27BANNON/27BANNON-articleLarge.jpg?quality=75&auto=webp", 
            "insightsMetadata": {
                "pagesIncludingCount": 12, 
                "availableSizesCount": 7
            }, 
            "height": 400, 
            "accentColor": "B59116", 
            "hostPageDisplayUrl": "https://www.nytimes.com/2017/01/26/business/media/stephen...", 
            "name": "Trump Strategist Stephen Bannon Says Media Should ‘Keep Its Mouth Shut’ - The New ...", 
            "width": 600, 
            "imageInsightsToken": "ccid_i751+hu+*mid_F2DE15B2CEC84C28F8F3D9DFF206D0BB9F588128*simid_608034490113265617*thid_OIP.i751-hu-Bf-zS!_zwDEtYNgHaE8", 
            "imageId": "F2DE15B2CEC84C28F8F3D9DFF206D0BB9F588128", 
            "isFamilyFriendly": true, 
            "datePublished": "2017-01-26T12:00:00.0000000Z", 
            "encodingFormat": "jpeg", 
            "webSearchUrl": "https://www.bing.com/images/search?view=detailv2&FORM=OIIRPO&q=site%3a(thepaper.cn+or+chinadaily.com.cn+or+china.com.cn+or+chinanews.com+or+youth.cn+or+sina.com.cn+or+xinhuanet.com+or+cri.cn+or+163.com+or+cankaoxiaoxi.com+or+cctv.com+or+ifeng.com+or+qq.com+or+takungpao.com+or+people.com.cn+or+southcn.com+or+southcn.com+or+cnr.cn+or+people.com.cn+or+cyol.com+or+bjnews.com.cn+or+gmw.cn+or+dahe.cn+or+xfrb.com.cn+or+cqnews.net+or+lifeweek.com.cn+or+cpd.com.cn+or+haiwainet.cn+or+yidianzixun.com+or+ftchinese.com+or+guancha.cn+or+zhcw.com+or+huanqiu.com+or+ihuawen.com+or+nytimes.com+or+flickr.com+or+quanjing.com+or+vcg.com+or+gettyimages.co.uk+or+paixin.com)+I+don%27t+understand+its+party%2c+Jack+said%2c&id=F2DE15B2CEC84C28F8F3D9DFF206D0BB9F588128&simid=608034490113265617", 
            "hostPageUrl": "https://www.nytimes.com/2017/01/26/business/media/stephen-bannon-trump-news-media.html?_r=0", 
            "thumbnailUrl": "https://tse3.mm.bing.net/th?id=OIP.i751-hu-Bf-zS_zwDEtYNgHaE8&pid=Api", 
            "thumbnail": {
                "width": 474, 
                "height": 316
            }, 
            "hostPageFavIconUrl": "https://www.bing.com/th?id=AR_cc657c1af702fae867766bbf2aa25756&pid=Api", 
            "contentSize": "40672 B"
        }, 
        {
            "contentUrl": "http://www.chinadaily.com.cn/kindle/attachement/jpg/site1/20140523/0013729c049514e9474c63.jpg", 
            "insightsMetadata": {
                "pagesIncludingCount": 3, 
                "availableSizesCount": 1
            }, 
            "height": 308, 
            "accentColor": "824961", 
            "hostPageDisplayUrl": "www.chinadaily.com.cn/kindle/node_1061881.htm", 
            "name": "http www chinadaily com cn kindle 2014 05 23 content 17536997 htm", 
            "width": 450, 
            "imageInsightsToken": "ccid_50HbVrSq*mid_F29C82707A784CF98BC6120441A5D7DCA76F3CF1*simid_608020995308195031*thid_OIP.50HbVrSqAdOL2Gevqu5qXAHaFE", 
            "imageId": "F29C82707A784CF98BC6120441A5D7DCA76F3CF1", 
            "isFamilyFriendly": true, 
            "datePublished": "2011-08-22T03:13:00.0000000Z", 
            "encodingFormat": "jpeg", 
            "webSearchUrl": "https://www.bing.com/images/search?view=detailv2&FORM=OIIRPO&q=site%3a(thepaper.cn+or+chinadaily.com.cn+or+china.com.cn+or+chinanews.com+or+youth.cn+or+sina.com.cn+or+xinhuanet.com+or+cri.cn+or+163.com+or+cankaoxiaoxi.com+or+cctv.com+or+ifeng.com+or+qq.com+or+takungpao.com+or+people.com.cn+or+southcn.com+or+southcn.com+or+cnr.cn+or+people.com.cn+or+cyol.com+or+bjnews.com.cn+or+gmw.cn+or+dahe.cn+or+xfrb.com.cn+or+cqnews.net+or+lifeweek.com.cn+or+cpd.com.cn+or+haiwainet.cn+or+yidianzixun.com+or+ftchinese.com+or+guancha.cn+or+zhcw.com+or+huanqiu.com+or+ihuawen.com+or+nytimes.com+or+flickr.com+or+quanjing.com+or+vcg.com+or+gettyimages.co.uk+or+paixin.com)+I+don%27t+understand+its+party%2c+Jack+said%2c&id=F29C82707A784CF98BC6120441A5D7DCA76F3CF1&simid=608020995308195031", 
            "hostPageUrl": "http://www.chinadaily.com.cn/kindle/node_1061881.htm", 
            "thumbnailUrl": "https://tse1.mm.bing.net/th?id=OIP.50HbVrSqAdOL2Gevqu5qXAHaFE&pid=Api", 
            "thumbnail": {
                "width": 474, 
                "height": 324
            }, 
            "contentSize": "31909 B"
        }, 
        {
            "contentUrl": "http://www.chinadaily.com.cn/kindle/attachement/jpg/site1/20140530/0013729c049514f2814c4a.jpg", 
            "insightsMetadata": {
                "pagesIncludingCount": 1, 
                "availableSizesCount": 1
            }, 
            "height": 469, 
            "accentColor": "1C212A", 
            "hostPageDisplayUrl": "www.chinadaily.com.cn/kindle/node_1061881.htm", 
            "name": "http www chinadaily com cn kindle 2014 05 30 content 17554003 htm", 
            "width": 600, 
            "imageInsightsToken": "ccid_3yV+onKk*mid_F29C82707A784CF98BC68F078BB7110FF55F5732*simid_608011404676762958*thid_OIP.3yV-onKkyP3nbmRhSjJQhgHaFy", 
            "imageId": "F29C82707A784CF98BC68F078BB7110FF55F5732", 
            "isFamilyFriendly": true, 
            "datePublished": "2011-08-22T03:13:00.0000000Z", 
            "encodingFormat": "jpeg", 
            "webSearchUrl": "https://www.bing.com/images/search?view=detailv2&FORM=OIIRPO&q=site%3a(thepaper.cn+or+chinadaily.com.cn+or+china.com.cn+or+chinanews.com+or+youth.cn+or+sina.com.cn+or+xinhuanet.com+or+cri.cn+or+163.com+or+cankaoxiaoxi.com+or+cctv.com+or+ifeng.com+or+qq.com+or+takungpao.com+or+people.com.cn+or+southcn.com+or+southcn.com+or+cnr.cn+or+people.com.cn+or+cyol.com+or+bjnews.com.cn+or+gmw.cn+or+dahe.cn+or+xfrb.com.cn+or+cqnews.net+or+lifeweek.com.cn+or+cpd.com.cn+or+haiwainet.cn+or+yidianzixun.com+or+ftchinese.com+or+guancha.cn+or+zhcw.com+or+huanqiu.com+or+ihuawen.com+or+nytimes.com+or+flickr.com+or+quanjing.com+or+vcg.com+or+gettyimages.co.uk+or+paixin.com)+I+don%27t+understand+its+party%2c+Jack+said%2c&id=F29C82707A784CF98BC68F078BB7110FF55F5732&simid=608011404676762958", 
            "hostPageUrl": "http://www.chinadaily.com.cn/kindle/node_1061881.htm", 
            "thumbnailUrl": "https://tse3.mm.bing.net/th?id=OIP.3yV-onKkyP3nbmRhSjJQhgHaFy&pid=Api", 
            "thumbnail": {
                "width": 474, 
                "height": 370
            }, 
            "contentSize": "47960 B"
        }, 
        {
            "contentUrl": "http://www.chinadaily.com.cn/kindle/attachement/jpg/site1/20160815/f04da2db1122191b4e9520.jpg", 
            "insightsMetadata": {
                "pagesIncludingCount": 1, 
                "availableSizesCount": 1
            }, 
            "height": 292, 
            "accentColor": "666666", 
            "hostPageDisplayUrl": "www.chinadaily.com.cn/kindle/node_1061884.htm", 
            "name": "a couple wait in a queue to pay for some made in japan baby diapers during a japanese ...", 
            "width": 410, 
            "imageInsightsToken": "ccid_lfXF5znl*mid_974724F57350DF09D84CDCB01D658324F737189C*simid_608033605344035226*thid_OIP.lfXF5znlFp4r8mj6rL4p!_QHaFR", 
            "imageId": "974724F57350DF09D84CDCB01D658324F737189C", 
            "isFamilyFriendly": true, 
            "datePublished": "2016-08-21T10:23:00.0000000Z", 
            "encodingFormat": "jpeg", 
            "webSearchUrl": "https://www.bing.com/images/search?view=detailv2&FORM=OIIRPO&q=site%3a(thepaper.cn+or+chinadaily.com.cn+or+china.com.cn+or+chinanews.com+or+youth.cn+or+sina.com.cn+or+xinhuanet.com+or+cri.cn+or+163.com+or+cankaoxiaoxi.com+or+cctv.com+or+ifeng.com+or+qq.com+or+takungpao.com+or+people.com.cn+or+southcn.com+or+southcn.com+or+cnr.cn+or+people.com.cn+or+cyol.com+or+bjnews.com.cn+or+gmw.cn+or+dahe.cn+or+xfrb.com.cn+or+cqnews.net+or+lifeweek.com.cn+or+cpd.com.cn+or+haiwainet.cn+or+yidianzixun.com+or+ftchinese.com+or+guancha.cn+or+zhcw.com+or+huanqiu.com+or+ihuawen.com+or+nytimes.com+or+flickr.com+or+quanjing.com+or+vcg.com+or+gettyimages.co.uk+or+paixin.com)+I+don%27t+understand+its+party%2c+Jack+said%2c&id=974724F57350DF09D84CDCB01D658324F737189C&simid=608033605344035226", 
            "hostPageUrl": "http://www.chinadaily.com.cn/kindle/node_1061884.htm", 
            "thumbnailUrl": "https://tse2.mm.bing.net/th?id=OIP.lfXF5znlFp4r8mj6rL4p_QHaFR&pid=Api", 
            "thumbnail": {
                "width": 474, 
                "height": 337
            }, 
            "contentSize": "34561 B"
        }, 
        {
            "contentUrl": "http://static01.nyt.com/images/2011/06/30/fashion/Z-JP-POP-UP-1/Z-JP-POP-UP-1-popup.jpg", 
            "insightsMetadata": {
                "pagesIncludingCount": 1, 
                "availableSizesCount": 1
            }, 
            "height": 585, 
            "accentColor": "AE1D27", 
            "hostPageDisplayUrl": "nytimes.com/2011/06/30/fashion/pop-up-clubs-in-secret...", 
            "name": "Pop-Up Clubs, in Secret Spaces, Party by Night - The New York Times", 
            "width": 650, 
            "imageInsightsToken": "ccid_bVQX6NRv*mid_D207238C6DCC9A21323FFE583D72AB0688346259*simid_607997841168141241*thid_OIP.bVQX6NRvi6qiHH3-Cu9sbQHaGq", 
            "imageId": "D207238C6DCC9A21323FFE583D72AB0688346259", 
            "isFamilyFriendly": true, 
            "datePublished": "2011-06-29T12:00:00.0000000Z", 
            "encodingFormat": "jpeg", 
            "webSearchUrl": "https://www.bing.com/images/search?view=detailv2&FORM=OIIRPO&q=site%3a(thepaper.cn+or+chinadaily.com.cn+or+china.com.cn+or+chinanews.com+or+youth.cn+or+sina.com.cn+or+xinhuanet.com+or+cri.cn+or+163.com+or+cankaoxiaoxi.com+or+cctv.com+or+ifeng.com+or+qq.com+or+takungpao.com+or+people.com.cn+or+southcn.com+or+southcn.com+or+cnr.cn+or+people.com.cn+or+cyol.com+or+bjnews.com.cn+or+gmw.cn+or+dahe.cn+or+xfrb.com.cn+or+cqnews.net+or+lifeweek.com.cn+or+cpd.com.cn+or+haiwainet.cn+or+yidianzixun.com+or+ftchinese.com+or+guancha.cn+or+zhcw.com+or+huanqiu.com+or+ihuawen.com+or+nytimes.com+or+flickr.com+or+quanjing.com+or+vcg.com+or+gettyimages.co.uk+or+paixin.com)+I+don%27t+understand+its+party%2c+Jack+said%2c&id=D207238C6DCC9A21323FFE583D72AB0688346259&simid=607997841168141241", 
            "hostPageUrl": "http://nytimes.com/2011/06/30/fashion/pop-up-clubs-in-secret-spaces-party-by-night.html", 
            "thumbnailUrl": "https://tse3.mm.bing.net/th?id=OIP.bVQX6NRvi6qiHH3-Cu9sbQHaGq&pid=Api", 
            "thumbnail": {
                "width": 474, 
                "height": 426
            }, 
            "hostPageFavIconUrl": "https://www.bing.com/th?id=AR_cc657c1af702fae867766bbf2aa25756&pid=Api", 
            "contentSize": "99593 B"
        }, 
        {
            "contentUrl": "http://www.chinadaily.com.cn/kindle/attachement/jpg/site1/20160813/00221917e13e1918a4fe03.jpg", 
            "insightsMetadata": {
                "pagesIncludingCount": 1, 
                "availableSizesCount": 1
            }, 
            "height": 385, 
            "accentColor": "6E4128", 
            "hostPageDisplayUrl": "www.chinadaily.com.cn/kindle/node_1061881.htm", 
            "name": "former philippine president fidel ramos speaks to journalists on friday during a trip ...", 
            "width": 600, 
            "imageInsightsToken": "ccid_eHdUCKT0*mid_F29C82707A784CF98BC69C7260184E25BBAD3D9B*simid_608008020242071744*thid_OIP.eHdUCKT0dI7kI9nWND37jgHaEw", 
            "imageId": "F29C82707A784CF98BC69C7260184E25BBAD3D9B", 
            "isFamilyFriendly": true, 
            "datePublished": "2016-08-26T17:05:00.0000000Z", 
            "encodingFormat": "jpeg", 
            "webSearchUrl": "https://www.bing.com/images/search?view=detailv2&FORM=OIIRPO&q=site%3a(thepaper.cn+or+chinadaily.com.cn+or+china.com.cn+or+chinanews.com+or+youth.cn+or+sina.com.cn+or+xinhuanet.com+or+cri.cn+or+163.com+or+cankaoxiaoxi.com+or+cctv.com+or+ifeng.com+or+qq.com+or+takungpao.com+or+people.com.cn+or+southcn.com+or+southcn.com+or+cnr.cn+or+people.com.cn+or+cyol.com+or+bjnews.com.cn+or+gmw.cn+or+dahe.cn+or+xfrb.com.cn+or+cqnews.net+or+lifeweek.com.cn+or+cpd.com.cn+or+haiwainet.cn+or+yidianzixun.com+or+ftchinese.com+or+guancha.cn+or+zhcw.com+or+huanqiu.com+or+ihuawen.com+or+nytimes.com+or+flickr.com+or+quanjing.com+or+vcg.com+or+gettyimages.co.uk+or+paixin.com)+I+don%27t+understand+its+party%2c+Jack+said%2c&id=F29C82707A784CF98BC69C7260184E25BBAD3D9B&simid=608008020242071744", 
            "hostPageUrl": "http://www.chinadaily.com.cn/kindle/node_1061881.htm", 
            "thumbnailUrl": "https://tse1.mm.bing.net/th?id=OIP.eHdUCKT0dI7kI9nWND37jgHaEw&pid=Api", 
            "thumbnail": {
                "width": 474, 
                "height": 304
            }, 
            "contentSize": "62632 B"
        }, 
        {
            "contentUrl": "http://graphics8.nytimes.com/images/2008/07/09/dining/09nick-190.jpg", 
            "insightsMetadata": {
                "pagesIncludingCount": 1, 
                "availableSizesCount": 1
            }, 
            "height": 184, 
            "accentColor": "29A299", 
            "hostPageDisplayUrl": "www.nytimes.com/2008/07/09/dining/09nick.html", 
            "name": "In the Hamptons, Nick & Toni’s Celebrates an Anniversary - NYTimes.com", 
            "width": 190, 
            "imageInsightsToken": "ccid_E3wnuTfV*mid_7E6526265E27C022DEEB565CDC00E9AC810B200C*simid_608002110340729246*thid_OIP.E3wnuTfV8QTmVDCA!_aIpOwAAAA", 
            "imageId": "7E6526265E27C022DEEB565CDC00E9AC810B200C", 
            "isFamilyFriendly": true, 
            "datePublished": "2008-07-09T12:00:00.0000000Z", 
            "encodingFormat": "jpeg", 
            "webSearchUrl": "https://www.bing.com/images/search?view=detailv2&FORM=OIIRPO&q=site%3a(thepaper.cn+or+chinadaily.com.cn+or+china.com.cn+or+chinanews.com+or+youth.cn+or+sina.com.cn+or+xinhuanet.com+or+cri.cn+or+163.com+or+cankaoxiaoxi.com+or+cctv.com+or+ifeng.com+or+qq.com+or+takungpao.com+or+people.com.cn+or+southcn.com+or+southcn.com+or+cnr.cn+or+people.com.cn+or+cyol.com+or+bjnews.com.cn+or+gmw.cn+or+dahe.cn+or+xfrb.com.cn+or+cqnews.net+or+lifeweek.com.cn+or+cpd.com.cn+or+haiwainet.cn+or+yidianzixun.com+or+ftchinese.com+or+guancha.cn+or+zhcw.com+or+huanqiu.com+or+ihuawen.com+or+nytimes.com+or+flickr.com+or+quanjing.com+or+vcg.com+or+gettyimages.co.uk+or+paixin.com)+I+don%27t+understand+its+party%2c+Jack+said%2c&id=7E6526265E27C022DEEB565CDC00E9AC810B200C&simid=608002110340729246", 
            "hostPageUrl": "http://www.nytimes.com/2008/07/09/dining/09nick.html", 
            "thumbnailUrl": "https://tse4.mm.bing.net/th?id=OIP.E3wnuTfV8QTmVDCA_aIpOwAAAA&pid=Api", 
            "thumbnail": {
                "width": 190, 
                "height": 184
            }, 
            "hostPageFavIconUrl": "https://www.bing.com/th?id=AR_cc657c1af702fae867766bbf2aa25756&pid=Api", 
            "contentSize": "20449 B"
        }, 
        {
            "contentUrl": "http://static01.nyt.com/images/2014/12/05/business/EURates/EURates-master675.jpg", 
            "insightsMetadata": {
                "pagesIncludingCount": 1, 
                "availableSizesCount": 2
            }, 
            "height": 451, 
            "accentColor": "51577A", 
            "hostPageDisplayUrl": "nytimes.com/2014/12/05/business/international/ecb-rate...", 
            "name": "E.C.B.’s Draghi Hints at More Stimulus in Future for Europe - NYTimes.com", 
            "width": 675, 
            "imageInsightsToken": "ccid_D2u6AAzv*mid_21B761041A9940165DDA7B3B061BAA4689A9A086*simid_608051137410238910*thid_OIP.D2u6AAzvBT0iqTRc5nHndAHaE8", 
            "imageId": "21B761041A9940165DDA7B3B061BAA4689A9A086", 
            "isFamilyFriendly": true, 
            "datePublished": "2014-12-04T12:00:00.0000000Z", 
            "encodingFormat": "jpeg", 
            "webSearchUrl": "https://www.bing.com/images/search?view=detailv2&FORM=OIIRPO&q=site%3a(thepaper.cn+or+chinadaily.com.cn+or+china.com.cn+or+chinanews.com+or+youth.cn+or+sina.com.cn+or+xinhuanet.com+or+cri.cn+or+163.com+or+cankaoxiaoxi.com+or+cctv.com+or+ifeng.com+or+qq.com+or+takungpao.com+or+people.com.cn+or+southcn.com+or+southcn.com+or+cnr.cn+or+people.com.cn+or+cyol.com+or+bjnews.com.cn+or+gmw.cn+or+dahe.cn+or+xfrb.com.cn+or+cqnews.net+or+lifeweek.com.cn+or+cpd.com.cn+or+haiwainet.cn+or+yidianzixun.com+or+ftchinese.com+or+guancha.cn+or+zhcw.com+or+huanqiu.com+or+ihuawen.com+or+nytimes.com+or+flickr.com+or+quanjing.com+or+vcg.com+or+gettyimages.co.uk+or+paixin.com)+I+don%27t+understand+its+party%2c+Jack+said%2c&id=21B761041A9940165DDA7B3B061BAA4689A9A086&simid=608051137410238910", 
            "hostPageUrl": "http://nytimes.com/2014/12/05/business/international/ecb-rate-announcement-draghi.html", 
            "thumbnailUrl": "https://tse1.mm.bing.net/th?id=OIP.D2u6AAzvBT0iqTRc5nHndAHaE8&pid=Api", 
            "thumbnail": {
                "width": 474, 
                "height": 316
            }, 
            "hostPageFavIconUrl": "https://www.bing.com/th?id=AR_cc657c1af702fae867766bbf2aa25756&pid=Api", 
            "contentSize": "31957 B"
        }, 
        {
            "contentUrl": "http://graphics8.nytimes.com/images/2008/10/29/opinion/david.conn.jpg", 
            "insightsMetadata": {
                "pagesIncludingCount": 2, 
                "availableSizesCount": 1
            }, 
            "height": 351, 
            "accentColor": "B3B417", 
            "hostPageDisplayUrl": "opinionator.blogs.nytimes.com/2008/10/28/people-in-the...", 
            "name": "People in the Middle - The New York Times", 
            "width": 533, 
            "imageInsightsToken": "ccid_V23J+pv0*mid_0EFF58F0BA85E8E0A7522F01F2A9F50DA082DF24*simid_607991759482523206*thid_OIP.V23J-pv005Z9KARZxC5cwgHaE4", 
            "imageId": "0EFF58F0BA85E8E0A7522F01F2A9F50DA082DF24", 
            "isFamilyFriendly": true, 
            "datePublished": "2008-10-28T12:00:00.0000000Z", 
            "encodingFormat": "jpeg", 
            "webSearchUrl": "https://www.bing.com/images/search?view=detailv2&FORM=OIIRPO&q=site%3a(thepaper.cn+or+chinadaily.com.cn+or+china.com.cn+or+chinanews.com+or+youth.cn+or+sina.com.cn+or+xinhuanet.com+or+cri.cn+or+163.com+or+cankaoxiaoxi.com+or+cctv.com+or+ifeng.com+or+qq.com+or+takungpao.com+or+people.com.cn+or+southcn.com+or+southcn.com+or+cnr.cn+or+people.com.cn+or+cyol.com+or+bjnews.com.cn+or+gmw.cn+or+dahe.cn+or+xfrb.com.cn+or+cqnews.net+or+lifeweek.com.cn+or+cpd.com.cn+or+haiwainet.cn+or+yidianzixun.com+or+ftchinese.com+or+guancha.cn+or+zhcw.com+or+huanqiu.com+or+ihuawen.com+or+nytimes.com+or+flickr.com+or+quanjing.com+or+vcg.com+or+gettyimages.co.uk+or+paixin.com)+I+don%27t+understand+its+party%2c+Jack+said%2c&id=0EFF58F0BA85E8E0A7522F01F2A9F50DA082DF24&simid=607991759482523206", 
            "hostPageUrl": "http://opinionator.blogs.nytimes.com/2008/10/28/people-in-the-middle", 
            "thumbnailUrl": "https://tse2.mm.bing.net/th?id=OIP.V23J-pv005Z9KARZxC5cwgHaE4&pid=Api", 
            "thumbnail": {
                "width": 474, 
                "height": 312
            }, 
            "hostPageFavIconUrl": "https://www.bing.com/th?id=AR_cc657c1af702fae867766bbf2aa25756&pid=Api", 
            "contentSize": "49063 B"
        }
    ], 
    "nextOffset": 18, 
    "queryContext": {
        "alterationMethod": "AM_JustChangeIt", 
        "alterationType": "CombinedAlterations", 
        "originalQuery": "site:(thepaper.cn or chinadaily.com.cn or china.com.cn or chinanews.com or youth.cn or sina.com.cn or xinhuanet.com or cri.cn or 163.com or cankaoxiaoxi.com or cctv.com or ifeng.com or qq.com or takungpao.com or people.com.cn or southcn.com or southcn.com or cnr.cn or people.com.cn or cyol.com or bjnews.com.cn or gmw.cn or dahe.cn or xfrb.com.cn or cqnews.net or lifeweek.com.cn or cpd.com.cn or haiwainet.cn or yidianzixun.com or ftchinese.com or guancha.cn or zhcw.com or huanqiu.com or ihuawen.com or nytimes.com or flickr.com or quanjing.com or vcg.com or gettyimages.co.uk or paixin.com) I don't understand its party, Jack said,", 
        "alterationOverrideQuery": "+site:(thepaper.cn or chinadaily.com.cn or china.com.cn or chinanews.com or youth.cn or sina.com.cn or xinhuanet.com or cri.cn or 163.com or cankaoxiaoxi.com or cctv.com or ifeng.com or qq.com or takungpao.com or people.com.cn or southcn.com or southcn.com or cnr.cn or people.com.cn or cyol.com or bjnews.com.cn or gmw.cn or dahe.cn or xfrb.com.cn or cqnews.net or lifeweek.com.cn or cpd.com.cn or haiwainet.cn or yidianzixun.com or ftchinese.com or guancha.cn or zhcw.com or huanqiu.com or ihuawen.com or nytimes.com or flickr.com or quanjing.com or vcg.com or gettyimages.co.uk or paixin.com) I don't understand its party, Jack said,", 
        "alterationDisplayQuery": "i dont understand its 派对 jack said"
    }, 
    "currentOffset": 0, 
    "readLink": "images/search?q=site:(thepaper.cn or chinadaily.com.cn or china.com.cn or chinanews.com or youth.cn or sina.com.cn or xinhuanet.com or cri.cn or 163.com or cankaoxiaoxi.com or cctv.com or ifeng.com or qq.com or takungpao.com or people.com.cn or southcn.com or southcn.com or cnr.cn or people.com.cn or cyol.com or bjnews.com.cn or gmw.cn or dahe.cn or xfrb.com.cn or cqnews.net or lifeweek.com.cn or cpd.com.cn or haiwainet.cn or yidianzixun.com or ftchinese.com or guancha.cn or zhcw.com or huanqiu.com or ihuawen.com or nytimes.com or flickr.com or quanjing.com or vcg.com or gettyimages.co.uk or paixin.com) I don't understand its party, Jack said,", 
    "totalEstimatedMatches": 18
}