{
    "instrumentation": {
        "_type": "ResponseInstrumentation"
    }, 
    "_type": "Images", 
    "webSearchUrl": "https://www.bing.com/images/search?q=site:(thepaper.cn or chinadaily.com.cn or china.com.cn or chinanews.com or youth.cn or sina.com.cn or xinhuanet.com or cri.cn or 163.com or cankaoxiaoxi.com or cctv.com or ifeng.com or qq.com or takungpao.com or people.com.cn or southcn.com or southcn.com or cnr.cn or people.com.cn or cyol.com or bjnews.com.cn or gmw.cn or dahe.cn or xfrb.com.cn or cqnews.net or lifeweek.com.cn or cpd.com.cn or haiwainet.cn or yidianzixun.com or ftchinese.com or guancha.cn or zhcw.com or huanqiu.com or ihuawen.com or nytimes.com or flickr.com or quanjing.com or vcg.com or gettyimages.co.uk or paixin.com) 正在 处理&FORM=OIIARP", 
    "value": [
        {
            "contentUrl": "http://i2.sinaimg.cn/dy/c/p/2008-05-16/U1043P1T1D15552102F21DT20080516092136.jpg", 
            "insightsMetadata": {
                "pagesIncludingCount": 1, 
                "availableSizesCount": 1
            }, 
            "height": 400, 
            "accentColor": "A3282E", 
            "hostPageDisplayUrl": "news.sina.com.cn/c/p/2008-05-16/092115552102.shtml", 
            "name": "图文：家属正在处理善后_新闻中心_新浪网", 
            "width": 600, 
            "imageInsightsToken": "ccid_jyJdOew7*mid_3779882DCA3B9B3FF17D55F49D7BAF2FBAEA9253*simid_608044012032491779*thid_OIP.Kyh0kgbL53ZVyOd!_KgUPewHaE8", 
            "imageId": "3779882DCA3B9B3FF17D55F49D7BAF2FBAEA9253", 
            "isFamilyFriendly": true, 
            "datePublished": "2018-11-03T11:40:00.0000000Z", 
            "encodingFormat": "jpeg", 
            "webSearchUrl": "https://www.bing.com/images/search?view=detailv2&FORM=OIIRPO&q=site%3a(thepaper.cn+or+chinadaily.com.cn+or+china.com.cn+or+chinanews.com+or+youth.cn+or+sina.com.cn+or+xinhuanet.com+or+cri.cn+or+163.com+or+cankaoxiaoxi.com+or+cctv.com+or+ifeng.com+or+qq.com+or+takungpao.com+or+people.com.cn+or+southcn.com+or+southcn.com+or+cnr.cn+or+people.com.cn+or+cyol.com+or+bjnews.com.cn+or+gmw.cn+or+dahe.cn+or+xfrb.com.cn+or+cqnews.net+or+lifeweek.com.cn+or+cpd.com.cn+or+haiwainet.cn+or+yidianzixun.com+or+ftchinese.com+or+guancha.cn+or+zhcw.com+or+huanqiu.com+or+ihuawen.com+or+nytimes.com+or+flickr.com+or+quanjing.com+or+vcg.com+or+gettyimages.co.uk+or+paixin.com)+%e6%ad%a3%e5%9c%a8+%e5%a4%84%e7%90%86&id=3779882DCA3B9B3FF17D55F49D7BAF2FBAEA9253&simid=608044012032491779", 
            "hostPageUrl": "http://news.sina.com.cn/c/p/2008-05-16/092115552102.shtml", 
            "thumbnailUrl": "https://tse1.mm.bing.net/th?id=OIP.Kyh0kgbL53ZVyOd_KgUPewHaE8&pid=Api", 
            "thumbnail": {
                "width": 474, 
                "height": 316
            }, 
            "contentSize": "68192 B"
        }, 
        {
            "contentUrl": "https://inews.gtimg.com/newsapp_bt/0/324786206/1000", 
            "insightsMetadata": {
                "pagesIncludingCount": 13, 
                "availableSizesCount": 4
            }, 
            "height": 800, 
            "accentColor": "1486B7", 
            "hostPageDisplayUrl": "https://xw.qq.com/tech/20160530014850", 
            "name": "支付宝转账截图藏猫腻，新手法已经骗了上百人_腾讯网", 
            "width": 450, 
            "imageInsightsToken": "ccid_VDtW3aLc*mid_CF8DD140167F235DFB90ACECD489C899DC911280*simid_608040404308459969*thid_OIP.VDtW3aLcOhHuNI-xAPEZnAAAAA", 
            "imageId": "CF8DD140167F235DFB90ACECD489C899DC911280", 
            "isFamilyFriendly": true, 
            "datePublished": "2018-03-14T16:10:00.0000000Z", 
            "encodingFormat": "jpeg", 
            "webSearchUrl": "https://www.bing.com/images/search?view=detailv2&FORM=OIIRPO&q=site%3a(thepaper.cn+or+chinadaily.com.cn+or+china.com.cn+or+chinanews.com+or+youth.cn+or+sina.com.cn+or+xinhuanet.com+or+cri.cn+or+163.com+or+cankaoxiaoxi.com+or+cctv.com+or+ifeng.com+or+qq.com+or+takungpao.com+or+people.com.cn+or+southcn.com+or+southcn.com+or+cnr.cn+or+people.com.cn+or+cyol.com+or+bjnews.com.cn+or+gmw.cn+or+dahe.cn+or+xfrb.com.cn+or+cqnews.net+or+lifeweek.com.cn+or+cpd.com.cn+or+haiwainet.cn+or+yidianzixun.com+or+ftchinese.com+or+guancha.cn+or+zhcw.com+or+huanqiu.com+or+ihuawen.com+or+nytimes.com+or+flickr.com+or+quanjing.com+or+vcg.com+or+gettyimages.co.uk+or+paixin.com)+%e6%ad%a3%e5%9c%a8+%e5%a4%84%e7%90%86&id=CF8DD140167F235DFB90ACECD489C899DC911280&simid=608040404308459969", 
            "hostPageUrl": "https://xw.qq.com/tech/20160530014850/", 
            "thumbnailUrl": "https://tse2.mm.bing.net/th?id=OIP.VDtW3aLcOhHuNI-xAPEZnAAAAA&pid=Api", 
            "thumbnail": {
                "width": 450, 
                "height": 800
            }, 
            "contentSize": "24426 B"
        }, 
        {
            "contentUrl": "http://n.sinaimg.cn/translate/600/w1080h1920/20181104/pG_B-hnknmqw7935755.jpg", 
            "insightsMetadata": {
                "pagesIncludingCount": 1, 
                "availableSizesCount": 1
            }, 
            "height": 1920, 
            "accentColor": "753724", 
            "hostPageDisplayUrl": "news.sina.com.cn/c/2018-11-04/doc-ihmutuea6896024.shtml", 
            "name": "福建泉港区空气出现异味 官方：石化公司油品泄露|东港|泉港区 ...", 
            "width": 1080, 
            "imageInsightsToken": "ccid_N1icaFNa*mid_8F29B6D2B1A0635F40F148DF926FF584526F9994*simid_608039029916438075*thid_OIP.N1icaFNaDkv7d!_tAbWt7NQHaNK", 
            "imageId": "8F29B6D2B1A0635F40F148DF926FF584526F9994", 
            "isFamilyFriendly": true, 
            "datePublished": "2019-01-21T03:11:00.0000000Z", 
            "encodingFormat": "jpeg", 
            "webSearchUrl": "https://www.bing.com/images/search?view=detailv2&FORM=OIIRPO&q=site%3a(thepaper.cn+or+chinadaily.com.cn+or+china.com.cn+or+chinanews.com+or+youth.cn+or+sina.com.cn+or+xinhuanet.com+or+cri.cn+or+163.com+or+cankaoxiaoxi.com+or+cctv.com+or+ifeng.com+or+qq.com+or+takungpao.com+or+people.com.cn+or+southcn.com+or+southcn.com+or+cnr.cn+or+people.com.cn+or+cyol.com+or+bjnews.com.cn+or+gmw.cn+or+dahe.cn+or+xfrb.com.cn+or+cqnews.net+or+lifeweek.com.cn+or+cpd.com.cn+or+haiwainet.cn+or+yidianzixun.com+or+ftchinese.com+or+guancha.cn+or+zhcw.com+or+huanqiu.com+or+ihuawen.com+or+nytimes.com+or+flickr.com+or+quanjing.com+or+vcg.com+or+gettyimages.co.uk+or+paixin.com)+%e6%ad%a3%e5%9c%a8+%e5%a4%84%e7%90%86&id=8F29B6D2B1A0635F40F148DF926FF584526F9994&simid=608039029916438075", 
            "hostPageUrl": "http://news.sina.com.cn/c/2018-11-04/doc-ihmutuea6896024.shtml", 
            "thumbnailUrl": "https://tse1.mm.bing.net/th?id=OIP.N1icaFNaDkv7d_tAbWt7NQHaNK&pid=Api", 
            "thumbnail": {
                "width": 474, 
                "height": 842
            }, 
            "contentSize": "183866 B"
        }, 
        {
            "contentUrl": "http://gb.cri.cn/mmsource/images/2015/09/26/7/2256701893596064591.jpg", 
            "insightsMetadata": {
                "pagesIncludingCount": 2, 
                "availableSizesCount": 1
            }, 
            "height": 640, 
            "accentColor": "455F86", 
            "hostPageDisplayUrl": "www.chinadaily.com.cn/hqgj/jryw/2015-09-26/content...", 
            "name": "河南郑尧高速隧道内一轿车自燃 现场浓烟密布(组图)- Micro Reading", 
            "width": 480, 
            "imageInsightsToken": "ccid_uxib4hOW*mid_99A68E3EB24DDB047AAE31ECB62814093EF2E97B*simid_608032802181942894*thid_OIP.uxib4hOWb75O5vP5xp3u5AHaJ4", 
            "imageId": "99A68E3EB24DDB047AAE31ECB62814093EF2E97B", 
            "isFamilyFriendly": true, 
            "datePublished": "2015-09-26T07:38:00.0000000Z", 
            "encodingFormat": "jpeg", 
            "webSearchUrl": "https://www.bing.com/images/search?view=detailv2&FORM=OIIRPO&q=site%3a(thepaper.cn+or+chinadaily.com.cn+or+china.com.cn+or+chinanews.com+or+youth.cn+or+sina.com.cn+or+xinhuanet.com+or+cri.cn+or+163.com+or+cankaoxiaoxi.com+or+cctv.com+or+ifeng.com+or+qq.com+or+takungpao.com+or+people.com.cn+or+southcn.com+or+southcn.com+or+cnr.cn+or+people.com.cn+or+cyol.com+or+bjnews.com.cn+or+gmw.cn+or+dahe.cn+or+xfrb.com.cn+or+cqnews.net+or+lifeweek.com.cn+or+cpd.com.cn+or+haiwainet.cn+or+yidianzixun.com+or+ftchinese.com+or+guancha.cn+or+zhcw.com+or+huanqiu.com+or+ihuawen.com+or+nytimes.com+or+flickr.com+or+quanjing.com+or+vcg.com+or+gettyimages.co.uk+or+paixin.com)+%e6%ad%a3%e5%9c%a8+%e5%a4%84%e7%90%86&id=99A68E3EB24DDB047AAE31ECB62814093EF2E97B&simid=608032802181942894", 
            "hostPageUrl": "http://www.chinadaily.com.cn/hqgj/jryw/2015-09-26/content_14219611.html", 
            "thumbnailUrl": "https://tse1.mm.bing.net/th?id=OIP.uxib4hOWb75O5vP5xp3u5AHaJ4&pid=Api", 
            "thumbnail": {
                "width": 474, 
                "height": 632
            }, 
            "hostPageFavIconUrl": "https://www.bing.com/th?id=AR_6bbc59f7064ed213027d1c4ffbd7baac&pid=Api", 
            "contentSize": "15985 B"
        }, 
        {
            "contentUrl": "http://image2.sina.com.cn/dy/c/p/2005-09-01/U397P1T1D7654986F21DT20050901173619.jpg", 
            "insightsMetadata": {
                "pagesIncludingCount": 1, 
                "availableSizesCount": 1
            }, 
            "height": 298, 
            "accentColor": "674634", 
            "hostPageDisplayUrl": "news.sina.com.cn/c/p/2005-09-01/17367654986.shtml", 
            "name": "图文：福州园林工人正在处理被大风刮断的树木_新闻中心_新浪网", 
            "width": 450, 
            "imageInsightsToken": "ccid_M8r1Ph2t*mid_7DABA6464FE5B4F804629D03B94AC757BD65D894*simid_608048349985901500*thid_OIP.M8r1Ph2todwG7BeOuqzAuwAAAA", 
            "imageId": "7DABA6464FE5B4F804629D03B94AC757BD65D894", 
            "isFamilyFriendly": true, 
            "datePublished": "2018-10-19T11:00:00.0000000Z", 
            "encodingFormat": "jpeg", 
            "webSearchUrl": "https://www.bing.com/images/search?view=detailv2&FORM=OIIRPO&q=site%3a(thepaper.cn+or+chinadaily.com.cn+or+china.com.cn+or+chinanews.com+or+youth.cn+or+sina.com.cn+or+xinhuanet.com+or+cri.cn+or+163.com+or+cankaoxiaoxi.com+or+cctv.com+or+ifeng.com+or+qq.com+or+takungpao.com+or+people.com.cn+or+southcn.com+or+southcn.com+or+cnr.cn+or+people.com.cn+or+cyol.com+or+bjnews.com.cn+or+gmw.cn+or+dahe.cn+or+xfrb.com.cn+or+cqnews.net+or+lifeweek.com.cn+or+cpd.com.cn+or+haiwainet.cn+or+yidianzixun.com+or+ftchinese.com+or+guancha.cn+or+zhcw.com+or+huanqiu.com+or+ihuawen.com+or+nytimes.com+or+flickr.com+or+quanjing.com+or+vcg.com+or+gettyimages.co.uk+or+paixin.com)+%e6%ad%a3%e5%9c%a8+%e5%a4%84%e7%90%86&id=7DABA6464FE5B4F804629D03B94AC757BD65D894&simid=608048349985901500", 
            "hostPageUrl": "http://news.sina.com.cn/c/p/2005-09-01/17367654986.shtml", 
            "thumbnailUrl": "https://tse2.mm.bing.net/th?id=OIP.M8r1Ph2todwG7BeOuqzAuwAAAA&pid=Api", 
            "thumbnail": {
                "width": 450, 
                "height": 298
            }, 
            "contentSize": "47759 B"
        }, 
        {
            "contentUrl": "http://i0.sinaimg.cn/jc/p/2007-12-01/U1335P27T1D474385F3DT20071201110456.jpg", 
            "insightsMetadata": {
                "pagesIncludingCount": 2, 
                "availableSizesCount": 2
            }, 
            "height": 285, 
            "accentColor": "48515A", 
            "hostPageDisplayUrl": "mil.news.sina.com.cn/p/2007-12-01/1104474385.html", 
            "name": "图文：印度正在处理采购C-130J运输机议案_新浪军事_新浪网", 
            "width": 570, 
            "imageInsightsToken": "ccid_aylvLlJU*mid_B8FD5CA5619065B58BC20C8052EEC4C37A64A81C*simid_607989869691013726*thid_OIP.aylvLlJUiGXAATjDOuvrfgHaDt", 
            "imageId": "B8FD5CA5619065B58BC20C8052EEC4C37A64A81C", 
            "isFamilyFriendly": true, 
            "datePublished": "2018-09-02T22:40:00.0000000Z", 
            "encodingFormat": "jpeg", 
            "webSearchUrl": "https://www.bing.com/images/search?view=detailv2&FORM=OIIRPO&q=site%3a(thepaper.cn+or+chinadaily.com.cn+or+china.com.cn+or+chinanews.com+or+youth.cn+or+sina.com.cn+or+xinhuanet.com+or+cri.cn+or+163.com+or+cankaoxiaoxi.com+or+cctv.com+or+ifeng.com+or+qq.com+or+takungpao.com+or+people.com.cn+or+southcn.com+or+southcn.com+or+cnr.cn+or+people.com.cn+or+cyol.com+or+bjnews.com.cn+or+gmw.cn+or+dahe.cn+or+xfrb.com.cn+or+cqnews.net+or+lifeweek.com.cn+or+cpd.com.cn+or+haiwainet.cn+or+yidianzixun.com+or+ftchinese.com+or+guancha.cn+or+zhcw.com+or+huanqiu.com+or+ihuawen.com+or+nytimes.com+or+flickr.com+or+quanjing.com+or+vcg.com+or+gettyimages.co.uk+or+paixin.com)+%e6%ad%a3%e5%9c%a8+%e5%a4%84%e7%90%86&id=B8FD5CA5619065B58BC20C8052EEC4C37A64A81C&simid=607989869691013726", 
            "hostPageUrl": "http://mil.news.sina.com.cn/p/2007-12-01/1104474385.html", 
            "thumbnailUrl": "https://tse4.mm.bing.net/th?id=OIP.aylvLlJUiGXAATjDOuvrfgHaDt&pid=Api", 
            "thumbnail": {
                "width": 474, 
                "height": 237
            }, 
            "contentSize": "63128 B"
        }, 
        {
            "contentUrl": "http://news.cnr.cn/native/city/20160122/W020160122515600158765.jpg", 
            "insightsMetadata": {
                "pagesIncludingCount": 1, 
                "availableSizesCount": 1
            }, 
            "height": 533, 
            "accentColor": "98A922", 
            "hostPageDisplayUrl": "news.cnr.cn/native/city/20160122/t20160122_521205038.shtml", 
            "name": "交警正在处理道路上的障碍物", 
            "width": 800, 
            "imageInsightsToken": "ccid_IEfUwdAR*mid_1101ACB2C66464177407387E52CF5387DAF5DE3C*simid_607993047969301221*thid_OIP.IEfUwdARrRcuzF!_5KomOzAHaE7", 
            "imageId": "1101ACB2C66464177407387E52CF5387DAF5DE3C", 
            "isFamilyFriendly": true, 
            "datePublished": "2016-01-22T06:28:00.0000000Z", 
            "encodingFormat": "jpeg", 
            "webSearchUrl": "https://www.bing.com/images/search?view=detailv2&FORM=OIIRPO&q=site%3a(thepaper.cn+or+chinadaily.com.cn+or+china.com.cn+or+chinanews.com+or+youth.cn+or+sina.com.cn+or+xinhuanet.com+or+cri.cn+or+163.com+or+cankaoxiaoxi.com+or+cctv.com+or+ifeng.com+or+qq.com+or+takungpao.com+or+people.com.cn+or+southcn.com+or+southcn.com+or+cnr.cn+or+people.com.cn+or+cyol.com+or+bjnews.com.cn+or+gmw.cn+or+dahe.cn+or+xfrb.com.cn+or+cqnews.net+or+lifeweek.com.cn+or+cpd.com.cn+or+haiwainet.cn+or+yidianzixun.com+or+ftchinese.com+or+guancha.cn+or+zhcw.com+or+huanqiu.com+or+ihuawen.com+or+nytimes.com+or+flickr.com+or+quanjing.com+or+vcg.com+or+gettyimages.co.uk+or+paixin.com)+%e6%ad%a3%e5%9c%a8+%e5%a4%84%e7%90%86&id=1101ACB2C66464177407387E52CF5387DAF5DE3C&simid=607993047969301221", 
            "hostPageUrl": "http://news.cnr.cn/native/city/20160122/t20160122_521205038.shtml", 
            "thumbnailUrl": "https://tse4.mm.bing.net/th?id=OIP.IEfUwdARrRcuzF_5KomOzAHaE7&pid=Api", 
            "thumbnail": {
                "width": 474, 
                "height": 315
            }, 
            "contentSize": "96287 B"
        }, 
        {
            "contentUrl": "http://img1.cache.netease.com/catchpic/6/60/6005E61CADE57481F69B99924C66033E.jpg", 
            "insightsMetadata": {
                "pagesIncludingCount": 10, 
                "availableSizesCount": 1
            }, 
            "height": 298, 
            "accentColor": "614B2F", 
            "hostPageDisplayUrl": "news.163.com/09/0422/09/57GASJ9P000120GR.html", 
            "name": "经济欠佳 列宁遗体因资金缺乏无法更换新装(组图)_网易新闻", 
            "width": 400, 
            "imageInsightsToken": "ccid_aIhyPnAO*mid_0591A55EA27C9389AAA50411157EEEE7622F7F93*simid_608007315835391577*thid_OIP.aIhyPnAOfWC-UNBEKVdB3wAAAA", 
            "imageId": "0591A55EA27C9389AAA50411157EEEE7622F7F93", 
            "isFamilyFriendly": true, 
            "datePublished": "2019-02-10T15:12:00.0000000Z", 
            "encodingFormat": "jpeg", 
            "webSearchUrl": "https://www.bing.com/images/search?view=detailv2&FORM=OIIRPO&q=site%3a(thepaper.cn+or+chinadaily.com.cn+or+china.com.cn+or+chinanews.com+or+youth.cn+or+sina.com.cn+or+xinhuanet.com+or+cri.cn+or+163.com+or+cankaoxiaoxi.com+or+cctv.com+or+ifeng.com+or+qq.com+or+takungpao.com+or+people.com.cn+or+southcn.com+or+southcn.com+or+cnr.cn+or+people.com.cn+or+cyol.com+or+bjnews.com.cn+or+gmw.cn+or+dahe.cn+or+xfrb.com.cn+or+cqnews.net+or+lifeweek.com.cn+or+cpd.com.cn+or+haiwainet.cn+or+yidianzixun.com+or+ftchinese.com+or+guancha.cn+or+zhcw.com+or+huanqiu.com+or+ihuawen.com+or+nytimes.com+or+flickr.com+or+quanjing.com+or+vcg.com+or+gettyimages.co.uk+or+paixin.com)+%e6%ad%a3%e5%9c%a8+%e5%a4%84%e7%90%86&id=0591A55EA27C9389AAA50411157EEEE7622F7F93&simid=608007315835391577", 
            "hostPageUrl": "http://news.163.com/09/0422/09/57GASJ9P000120GR.html", 
            "thumbnailUrl": "https://tse4.mm.bing.net/th?id=OIP.aIhyPnAOfWC-UNBEKVdB3wAAAA&pid=Api", 
            "thumbnail": {
                "width": 400, 
                "height": 298
            }, 
            "contentSize": "23553 B"
        }, 
        {
            "contentUrl": "http://n.sinaimg.cn/fj/crawl/w500h366/20180125/3uKK-fyqyunq7513241.jpg", 
            "insightsMetadata": {
                "pagesIncludingCount": 3, 
                "availableSizesCount": 1
            }, 
            "height": 366, 
            "accentColor": "969E2D", 
            "hostPageDisplayUrl": "fj.sina.com.cn/news/s/2018-01-25/detail-ifyqyuhy6255986...", 
            "name": "厦门完善垃圾处理体系 岛外四区将有大件垃圾处理厂_新浪福建 ...", 
            "width": 500, 
            "imageInsightsToken": "ccid_XS1XmYH0*mid_C3451F26DE3B668C4F87061D99AA0D412B2520D2*simid_608008277939324846*thid_OIP.XS1XmYH0tPDSkls9VqEofgHaFa", 
            "imageId": "C3451F26DE3B668C4F87061D99AA0D412B2520D2", 
            "isFamilyFriendly": true, 
            "datePublished": "2018-01-25T03:55:00.0000000Z", 
            "encodingFormat": "jpeg", 
            "webSearchUrl": "https://www.bing.com/images/search?view=detailv2&FORM=OIIRPO&q=site%3a(thepaper.cn+or+chinadaily.com.cn+or+china.com.cn+or+chinanews.com+or+youth.cn+or+sina.com.cn+or+xinhuanet.com+or+cri.cn+or+163.com+or+cankaoxiaoxi.com+or+cctv.com+or+ifeng.com+or+qq.com+or+takungpao.com+or+people.com.cn+or+southcn.com+or+southcn.com+or+cnr.cn+or+people.com.cn+or+cyol.com+or+bjnews.com.cn+or+gmw.cn+or+dahe.cn+or+xfrb.com.cn+or+cqnews.net+or+lifeweek.com.cn+or+cpd.com.cn+or+haiwainet.cn+or+yidianzixun.com+or+ftchinese.com+or+guancha.cn+or+zhcw.com+or+huanqiu.com+or+ihuawen.com+or+nytimes.com+or+flickr.com+or+quanjing.com+or+vcg.com+or+gettyimages.co.uk+or+paixin.com)+%e6%ad%a3%e5%9c%a8+%e5%a4%84%e7%90%86&id=C3451F26DE3B668C4F87061D99AA0D412B2520D2&simid=608008277939324846", 
            "hostPageUrl": "http://fj.sina.com.cn/news/s/2018-01-25/detail-ifyqyuhy6255986.shtml", 
            "thumbnailUrl": "https://tse1.mm.bing.net/th?id=OIP.XS1XmYH0tPDSkls9VqEofgHaFa&pid=Api", 
            "thumbnail": {
                "width": 474, 
                "height": 346
            }, 
            "contentSize": "50695 B"
        }, 
        {
            "contentUrl": "http://img.tbnimg.com/2016/07/07/156B48E2550B.jpg", 
            "insightsMetadata": {
                "pagesIncludingCount": 2, 
                "availableSizesCount": 1
            }, 
            "height": 467, 
            "accentColor": "6A3F2F", 
            "hostPageDisplayUrl": "www.bjnews.com.cn/news/2016/07/07/409180.html", 
            "name": "长沙一拆迁村民被埋废墟身亡 官方称正在处理 - 国内 - 新京报网", 
            "width": 350, 
            "imageInsightsToken": "ccid_sISLby1R*mid_5E305CD727D571DB16BE31DB26C61A4D59F3B37E*simid_608015562226141971*thid_OIP.sISLby1RN5shvELPXyWS8AAAAA", 
            "imageId": "5E305CD727D571DB16BE31DB26C61A4D59F3B37E", 
            "isFamilyFriendly": true, 
            "datePublished": "2016-07-07T15:50:00.0000000Z", 
            "encodingFormat": "jpeg", 
            "webSearchUrl": "https://www.bing.com/images/search?view=detailv2&FORM=OIIRPO&q=site%3a(thepaper.cn+or+chinadaily.com.cn+or+china.com.cn+or+chinanews.com+or+youth.cn+or+sina.com.cn+or+xinhuanet.com+or+cri.cn+or+163.com+or+cankaoxiaoxi.com+or+cctv.com+or+ifeng.com+or+qq.com+or+takungpao.com+or+people.com.cn+or+southcn.com+or+southcn.com+or+cnr.cn+or+people.com.cn+or+cyol.com+or+bjnews.com.cn+or+gmw.cn+or+dahe.cn+or+xfrb.com.cn+or+cqnews.net+or+lifeweek.com.cn+or+cpd.com.cn+or+haiwainet.cn+or+yidianzixun.com+or+ftchinese.com+or+guancha.cn+or+zhcw.com+or+huanqiu.com+or+ihuawen.com+or+nytimes.com+or+flickr.com+or+quanjing.com+or+vcg.com+or+gettyimages.co.uk+or+paixin.com)+%e6%ad%a3%e5%9c%a8+%e5%a4%84%e7%90%86&id=5E305CD727D571DB16BE31DB26C61A4D59F3B37E&simid=608015562226141971", 
            "hostPageUrl": "http://www.bjnews.com.cn/news/2016/07/07/409180.html", 
            "thumbnailUrl": "https://tse1.mm.bing.net/th?id=OIP.sISLby1RN5shvELPXyWS8AAAAA&pid=Api", 
            "thumbnail": {
                "width": 350, 
                "height": 467
            }, 
            "contentSize": "79133 B"
        }
    ], 
    "nextOffset": 10, 
    "queryContext": {
        "alterationMethod": "AM_JustChangeIt", 
        "alterationType": "CombinedAlterationsChained", 
        "originalQuery": "site:(thepaper.cn or chinadaily.com.cn or china.com.cn or chinanews.com or youth.cn or sina.com.cn or xinhuanet.com or cri.cn or 163.com or cankaoxiaoxi.com or cctv.com or ifeng.com or qq.com or takungpao.com or people.com.cn or southcn.com or southcn.com or cnr.cn or people.com.cn or cyol.com or bjnews.com.cn or gmw.cn or dahe.cn or xfrb.com.cn or cqnews.net or lifeweek.com.cn or cpd.com.cn or haiwainet.cn or yidianzixun.com or ftchinese.com or guancha.cn or zhcw.com or huanqiu.com or ihuawen.com or nytimes.com or flickr.com or quanjing.com or vcg.com or gettyimages.co.uk or paixin.com) 正在 处理", 
        "alterationOverrideQuery": "+site:(thepaper.cn or chinadaily.com.cn or china.com.cn or chinanews.com or youth.cn or sina.com.cn or xinhuanet.com or cri.cn or 163.com or cankaoxiaoxi.com or cctv.com or ifeng.com or qq.com or takungpao.com or people.com.cn or southcn.com or southcn.com or cnr.cn or people.com.cn or cyol.com or bjnews.com.cn or gmw.cn or dahe.cn or xfrb.com.cn or cqnews.net or lifeweek.com.cn or cpd.com.cn or haiwainet.cn or yidianzixun.com or ftchinese.com or guancha.cn or zhcw.com or huanqiu.com or ihuawen.com or nytimes.com or flickr.com or quanjing.com or vcg.com or gettyimages.co.uk or paixin.com) 正在 处理", 
        "alterationDisplayQuery": "正在 处理"
    }, 
    "currentOffset": 0, 
    "readLink": "images/search?q=site:(thepaper.cn or chinadaily.com.cn or china.com.cn or chinanews.com or youth.cn or sina.com.cn or xinhuanet.com or cri.cn or 163.com or cankaoxiaoxi.com or cctv.com or ifeng.com or qq.com or takungpao.com or people.com.cn or southcn.com or southcn.com or cnr.cn or people.com.cn or cyol.com or bjnews.com.cn or gmw.cn or dahe.cn or xfrb.com.cn or cqnews.net or lifeweek.com.cn or cpd.com.cn or haiwainet.cn or yidianzixun.com or ftchinese.com or guancha.cn or zhcw.com or huanqiu.com or ihuawen.com or nytimes.com or flickr.com or quanjing.com or vcg.com or gettyimages.co.uk or paixin.com) 正在 处理", 
    "totalEstimatedMatches": 100
}