{
    "instrumentation": {
        "_type": "ResponseInstrumentation"
    }, 
    "_type": "Images", 
    "webSearchUrl": "https://www.bing.com/images/search?q=site:(thepaper.cn or chinadaily.com.cn or china.com.cn or chinanews.com or youth.cn or sina.com.cn or xinhuanet.com or cri.cn or 163.com or cankaoxiaoxi.com or cctv.com or ifeng.com or qq.com or takungpao.com or people.com.cn or southcn.com or southcn.com or cnr.cn or people.com.cn or cyol.com or bjnews.com.cn or gmw.cn or dahe.cn or xfrb.com.cn or cqnews.net or lifeweek.com.cn or cpd.com.cn or haiwainet.cn or yidianzixun.com or ftchinese.com or guancha.cn or zhcw.com or huanqiu.com or ihuawen.com or nytimes.com or flickr.com or quanjing.com or vcg.com or gettyimages.co.uk or paixin.com) I almost like good trade relations, Rose said,&FORM=OIIARP", 
    "value": [
        {
            "contentUrl": "http://www.chinadaily.com.cn/kindle/attachement/jpg/site1/20161130/eca86bda350e19a853fe40.jpg", 
            "insightsMetadata": {
                "pagesIncludingCount": 2, 
                "availableSizesCount": 1
            }, 
            "height": 374, 
            "accentColor": "A75824", 
            "hostPageDisplayUrl": "www.chinadaily.com.cn/kindle/node_1061885.htm", 
            "name": "above japanese buddhist monk kazuki yazawa carries out his religious studies at the ...", 
            "width": 341, 
            "imageInsightsToken": "ccid_rDEBovE5*mid_09141DAF7ED78F0F8C1542BB39ACF62E27A65696*simid_608000388065528572*thid_OIP.rDEBovE5Dg5IFmi9M1rrnwHaIH", 
            "imageId": "09141DAF7ED78F0F8C1542BB39ACF62E27A65696", 
            "isFamilyFriendly": true, 
            "datePublished": "2016-12-23T01:15:00.0000000Z", 
            "encodingFormat": "jpeg", 
            "webSearchUrl": "https://www.bing.com/images/search?view=detailv2&FORM=OIIRPO&q=site%3a(thepaper.cn+or+chinadaily.com.cn+or+china.com.cn+or+chinanews.com+or+youth.cn+or+sina.com.cn+or+xinhuanet.com+or+cri.cn+or+163.com+or+cankaoxiaoxi.com+or+cctv.com+or+ifeng.com+or+qq.com+or+takungpao.com+or+people.com.cn+or+southcn.com+or+southcn.com+or+cnr.cn+or+people.com.cn+or+cyol.com+or+bjnews.com.cn+or+gmw.cn+or+dahe.cn+or+xfrb.com.cn+or+cqnews.net+or+lifeweek.com.cn+or+cpd.com.cn+or+haiwainet.cn+or+yidianzixun.com+or+ftchinese.com+or+guancha.cn+or+zhcw.com+or+huanqiu.com+or+ihuawen.com+or+nytimes.com+or+flickr.com+or+quanjing.com+or+vcg.com+or+gettyimages.co.uk+or+paixin.com)+I+almost+like+good+trade+relations%2c+Rose+said%2c&id=09141DAF7ED78F0F8C1542BB39ACF62E27A65696&simid=608000388065528572", 
            "hostPageUrl": "http://www.chinadaily.com.cn/kindle/node_1061885.htm", 
            "thumbnailUrl": "https://tse2.mm.bing.net/th?id=OIP.rDEBovE5Dg5IFmi9M1rrnwHaIH&pid=Api", 
            "thumbnail": {
                "width": 474, 
                "height": 519
            }, 
            "contentSize": "61001 B"
        }, 
        {
            "contentUrl": "http://www.chinadaily.com.cn/kindle/attachement/jpg/site1/20161205/00221917e13e19aef8f633.jpg", 
            "insightsMetadata": {
                "pagesIncludingCount": 4, 
                "availableSizesCount": 1
            }, 
            "height": 346, 
            "accentColor": "8D633E", 
            "hostPageDisplayUrl": "www.chinadaily.com.cn/kindle/node_1061885.htm", 
            "name": "firefighters work at the scene of the blaze in the fruitvale neighborhood of oakland ...", 
            "width": 600, 
            "imageInsightsToken": "ccid_CTwUg5K7*mid_09141DAF7ED78F0F8C157400BE7933668A307709*simid_608010494141464705*thid_OIP.CTwUg5K7PtBRYtFkVjtzHQHaER", 
            "imageId": "09141DAF7ED78F0F8C157400BE7933668A307709", 
            "isFamilyFriendly": true, 
            "datePublished": "2016-12-23T01:15:00.0000000Z", 
            "encodingFormat": "jpeg", 
            "webSearchUrl": "https://www.bing.com/images/search?view=detailv2&FORM=OIIRPO&q=site%3a(thepaper.cn+or+chinadaily.com.cn+or+china.com.cn+or+chinanews.com+or+youth.cn+or+sina.com.cn+or+xinhuanet.com+or+cri.cn+or+163.com+or+cankaoxiaoxi.com+or+cctv.com+or+ifeng.com+or+qq.com+or+takungpao.com+or+people.com.cn+or+southcn.com+or+southcn.com+or+cnr.cn+or+people.com.cn+or+cyol.com+or+bjnews.com.cn+or+gmw.cn+or+dahe.cn+or+xfrb.com.cn+or+cqnews.net+or+lifeweek.com.cn+or+cpd.com.cn+or+haiwainet.cn+or+yidianzixun.com+or+ftchinese.com+or+guancha.cn+or+zhcw.com+or+huanqiu.com+or+ihuawen.com+or+nytimes.com+or+flickr.com+or+quanjing.com+or+vcg.com+or+gettyimages.co.uk+or+paixin.com)+I+almost+like+good+trade+relations%2c+Rose+said%2c&id=09141DAF7ED78F0F8C157400BE7933668A307709&simid=608010494141464705", 
            "hostPageUrl": "http://www.chinadaily.com.cn/kindle/node_1061885.htm", 
            "thumbnailUrl": "https://tse3.mm.bing.net/th?id=OIP.CTwUg5K7PtBRYtFkVjtzHQHaER&pid=Api", 
            "thumbnail": {
                "width": 474, 
                "height": 273
            }, 
            "contentSize": "78121 B"
        }, 
        {
            "contentUrl": "http://www.chinadaily.com.cn/kindle/attachement/jpg/site1/20161206/00221917e13e19b047002f.jpg", 
            "insightsMetadata": {
                "pagesIncludingCount": 3, 
                "availableSizesCount": 1
            }, 
            "height": 427, 
            "accentColor": "AC711F", 
            "hostPageDisplayUrl": "www.chinadaily.com.cn/kindle/node_1061885.htm", 
            "name": "a crowd gathers in celebration at the oceti sakowin camp after it was announced that ...", 
            "width": 600, 
            "imageInsightsToken": "ccid_znbItGec*mid_09141DAF7ED78F0F8C157E3A72A532863DE8C244*simid_607991424477692435*thid_OIP.znbItGecDux1EMzHUDYThgHaFR", 
            "imageId": "09141DAF7ED78F0F8C157E3A72A532863DE8C244", 
            "isFamilyFriendly": true, 
            "datePublished": "2016-12-23T01:15:00.0000000Z", 
            "encodingFormat": "jpeg", 
            "webSearchUrl": "https://www.bing.com/images/search?view=detailv2&FORM=OIIRPO&q=site%3a(thepaper.cn+or+chinadaily.com.cn+or+china.com.cn+or+chinanews.com+or+youth.cn+or+sina.com.cn+or+xinhuanet.com+or+cri.cn+or+163.com+or+cankaoxiaoxi.com+or+cctv.com+or+ifeng.com+or+qq.com+or+takungpao.com+or+people.com.cn+or+southcn.com+or+southcn.com+or+cnr.cn+or+people.com.cn+or+cyol.com+or+bjnews.com.cn+or+gmw.cn+or+dahe.cn+or+xfrb.com.cn+or+cqnews.net+or+lifeweek.com.cn+or+cpd.com.cn+or+haiwainet.cn+or+yidianzixun.com+or+ftchinese.com+or+guancha.cn+or+zhcw.com+or+huanqiu.com+or+ihuawen.com+or+nytimes.com+or+flickr.com+or+quanjing.com+or+vcg.com+or+gettyimages.co.uk+or+paixin.com)+I+almost+like+good+trade+relations%2c+Rose+said%2c&id=09141DAF7ED78F0F8C157E3A72A532863DE8C244&simid=607991424477692435", 
            "hostPageUrl": "http://www.chinadaily.com.cn/kindle/node_1061885.htm", 
            "thumbnailUrl": "https://tse3.mm.bing.net/th?id=OIP.znbItGecDux1EMzHUDYThgHaFR&pid=Api", 
            "thumbnail": {
                "width": 474, 
                "height": 337
            }, 
            "contentSize": "84984 B"
        }, 
        {
            "contentUrl": "http://www.chinadaily.com.cn/kindle/attachement/jpg/site1/20180220/00221917e13e1bf5ad0b21.jpg", 
            "insightsMetadata": {
                "pagesIncludingCount": 1, 
                "availableSizesCount": 1
            }, 
            "height": 367, 
            "accentColor": "7F3242", 
            "hostPageDisplayUrl": "www.chinadaily.com.cn/kindle/node_1061887.htm", 
            "name": "a multiple exposure of peng guolong with masks he has made using the song dynasty ...", 
            "width": 600, 
            "imageInsightsToken": "ccid_yDqtz4EM*mid_B40E46898BB751A616CA3BAD5781B716C5477EA8*simid_608050591932023828*thid_OIP.yDqtz4EMTuv!_w88-aUjOBQHaEh", 
            "imageId": "B40E46898BB751A616CA3BAD5781B716C5477EA8", 
            "isFamilyFriendly": true, 
            "datePublished": "2018-03-10T15:53:00.0000000Z", 
            "encodingFormat": "jpeg", 
            "webSearchUrl": "https://www.bing.com/images/search?view=detailv2&FORM=OIIRPO&q=site%3a(thepaper.cn+or+chinadaily.com.cn+or+china.com.cn+or+chinanews.com+or+youth.cn+or+sina.com.cn+or+xinhuanet.com+or+cri.cn+or+163.com+or+cankaoxiaoxi.com+or+cctv.com+or+ifeng.com+or+qq.com+or+takungpao.com+or+people.com.cn+or+southcn.com+or+southcn.com+or+cnr.cn+or+people.com.cn+or+cyol.com+or+bjnews.com.cn+or+gmw.cn+or+dahe.cn+or+xfrb.com.cn+or+cqnews.net+or+lifeweek.com.cn+or+cpd.com.cn+or+haiwainet.cn+or+yidianzixun.com+or+ftchinese.com+or+guancha.cn+or+zhcw.com+or+huanqiu.com+or+ihuawen.com+or+nytimes.com+or+flickr.com+or+quanjing.com+or+vcg.com+or+gettyimages.co.uk+or+paixin.com)+I+almost+like+good+trade+relations%2c+Rose+said%2c&id=B40E46898BB751A616CA3BAD5781B716C5477EA8&simid=608050591932023828", 
            "hostPageUrl": "http://www.chinadaily.com.cn/kindle/node_1061887.htm", 
            "thumbnailUrl": "https://tse3.mm.bing.net/th?id=OIP.yDqtz4EMTuv_w88-aUjOBQHaEh&pid=Api", 
            "thumbnail": {
                "width": 474, 
                "height": 289
            }, 
            "contentSize": "65240 B"
        }, 
        {
            "contentUrl": "https://static01.nyt.com/images/2013/05/26/sports/dog-bases/dog-bases-blog427.jpg", 
            "insightsMetadata": {
                "pagesIncludingCount": 3, 
                "availableSizesCount": 3
            }, 
            "height": 569, 
            "accentColor": "9E2D31", 
            "hostPageDisplayUrl": "www.nytimes.com/2013/05/26/sports/baseball/in-corbin-a...", 
            "name": "In Corbin, a 2010 Trade Pays Arizona a Big Dividend - The New York Times", 
            "width": 427, 
            "imageInsightsToken": "ccid_PMC83ST+*mid_921DEADE9CC500FAFC73577538A93BA369DD50A5*simid_608000907755193181*thid_OIP.PMC83ST-opgvoyRgbDonogAAAA", 
            "imageId": "921DEADE9CC500FAFC73577538A93BA369DD50A5", 
            "isFamilyFriendly": true, 
            "datePublished": "2013-05-25T12:00:00.0000000Z", 
            "encodingFormat": "jpeg", 
            "webSearchUrl": "https://www.bing.com/images/search?view=detailv2&FORM=OIIRPO&q=site%3a(thepaper.cn+or+chinadaily.com.cn+or+china.com.cn+or+chinanews.com+or+youth.cn+or+sina.com.cn+or+xinhuanet.com+or+cri.cn+or+163.com+or+cankaoxiaoxi.com+or+cctv.com+or+ifeng.com+or+qq.com+or+takungpao.com+or+people.com.cn+or+southcn.com+or+southcn.com+or+cnr.cn+or+people.com.cn+or+cyol.com+or+bjnews.com.cn+or+gmw.cn+or+dahe.cn+or+xfrb.com.cn+or+cqnews.net+or+lifeweek.com.cn+or+cpd.com.cn+or+haiwainet.cn+or+yidianzixun.com+or+ftchinese.com+or+guancha.cn+or+zhcw.com+or+huanqiu.com+or+ihuawen.com+or+nytimes.com+or+flickr.com+or+quanjing.com+or+vcg.com+or+gettyimages.co.uk+or+paixin.com)+I+almost+like+good+trade+relations%2c+Rose+said%2c&id=921DEADE9CC500FAFC73577538A93BA369DD50A5&simid=608000907755193181", 
            "hostPageUrl": "http://www.nytimes.com/2013/05/26/sports/baseball/in-corbin-a-2010-trade-pays-arizona-a-big-dividend.html", 
            "thumbnailUrl": "https://tse2.mm.bing.net/th?id=OIP.PMC83ST-opgvoyRgbDonogAAAA&pid=Api", 
            "thumbnail": {
                "width": 427, 
                "height": 569
            }, 
            "hostPageFavIconUrl": "https://www.bing.com/th?id=AR_cc657c1af702fae867766bbf2aa25756&pid=Api", 
            "contentSize": "49758 B"
        }, 
        {
            "contentUrl": "http://www.chinadaily.com.cn/kindle/attachement/jpg/site1/20140320/002564bc67451494d96735.jpg", 
            "insightsMetadata": {
                "pagesIncludingCount": 2, 
                "availableSizesCount": 1
            }, 
            "height": 457, 
            "accentColor": "20427C", 
            "hostPageDisplayUrl": "www.chinadaily.com.cn/kindle/node_1061883.htm", 
            "name": "volunteers sign a banner at the winter olympics in sochi russia to support beijing s ...", 
            "width": 600, 
            "imageInsightsToken": "ccid_LSAn8Rkp*mid_4F86D9568F1892501119504498ACF1809836AD3B*simid_608022915183477073*thid_OIP.LSAn8RkpuQ9ZyJrdPtaZbwHaFp", 
            "imageId": "4F86D9568F1892501119504498ACF1809836AD3B", 
            "isFamilyFriendly": true, 
            "datePublished": "2014-05-29T14:19:00.0000000Z", 
            "encodingFormat": "jpeg", 
            "webSearchUrl": "https://www.bing.com/images/search?view=detailv2&FORM=OIIRPO&q=site%3a(thepaper.cn+or+chinadaily.com.cn+or+china.com.cn+or+chinanews.com+or+youth.cn+or+sina.com.cn+or+xinhuanet.com+or+cri.cn+or+163.com+or+cankaoxiaoxi.com+or+cctv.com+or+ifeng.com+or+qq.com+or+takungpao.com+or+people.com.cn+or+southcn.com+or+southcn.com+or+cnr.cn+or+people.com.cn+or+cyol.com+or+bjnews.com.cn+or+gmw.cn+or+dahe.cn+or+xfrb.com.cn+or+cqnews.net+or+lifeweek.com.cn+or+cpd.com.cn+or+haiwainet.cn+or+yidianzixun.com+or+ftchinese.com+or+guancha.cn+or+zhcw.com+or+huanqiu.com+or+ihuawen.com+or+nytimes.com+or+flickr.com+or+quanjing.com+or+vcg.com+or+gettyimages.co.uk+or+paixin.com)+I+almost+like+good+trade+relations%2c+Rose+said%2c&id=4F86D9568F1892501119504498ACF1809836AD3B&simid=608022915183477073", 
            "hostPageUrl": "http://www.chinadaily.com.cn/kindle/node_1061883.htm", 
            "thumbnailUrl": "https://tse3.mm.bing.net/th?id=OIP.LSAn8RkpuQ9ZyJrdPtaZbwHaFp&pid=Api", 
            "thumbnail": {
                "width": 474, 
                "height": 361
            }, 
            "contentSize": "111355 B"
        }, 
        {
            "contentUrl": "http://www.chinadaily.com.cn/kindle/attachement/jpg/site1/20160514/b083fe955fd818a0e7a706.jpg", 
            "insightsMetadata": {
                "pagesIncludingCount": 2, 
                "availableSizesCount": 1
            }, 
            "height": 536, 
            "accentColor": "7F5B4C", 
            "hostPageDisplayUrl": "www.chinadaily.com.cn/kindle/node_1061883.htm", 
            "name": "http www chinadaily com cn kindle 2016 05 14 content 25272657 htm", 
            "width": 500, 
            "imageInsightsToken": "ccid_88V2Vlsa*mid_4F86D9568F1892501119D6F223A7D496EA2C4CFC*simid_608041306234749084*thid_OIP.88V2VlsaPeaHEuKIrvbQYgHaH8", 
            "imageId": "4F86D9568F1892501119D6F223A7D496EA2C4CFC", 
            "isFamilyFriendly": true, 
            "datePublished": "2016-10-19T05:45:00.0000000Z", 
            "encodingFormat": "jpeg", 
            "webSearchUrl": "https://www.bing.com/images/search?view=detailv2&FORM=OIIRPO&q=site%3a(thepaper.cn+or+chinadaily.com.cn+or+china.com.cn+or+chinanews.com+or+youth.cn+or+sina.com.cn+or+xinhuanet.com+or+cri.cn+or+163.com+or+cankaoxiaoxi.com+or+cctv.com+or+ifeng.com+or+qq.com+or+takungpao.com+or+people.com.cn+or+southcn.com+or+southcn.com+or+cnr.cn+or+people.com.cn+or+cyol.com+or+bjnews.com.cn+or+gmw.cn+or+dahe.cn+or+xfrb.com.cn+or+cqnews.net+or+lifeweek.com.cn+or+cpd.com.cn+or+haiwainet.cn+or+yidianzixun.com+or+ftchinese.com+or+guancha.cn+or+zhcw.com+or+huanqiu.com+or+ihuawen.com+or+nytimes.com+or+flickr.com+or+quanjing.com+or+vcg.com+or+gettyimages.co.uk+or+paixin.com)+I+almost+like+good+trade+relations%2c+Rose+said%2c&id=4F86D9568F1892501119D6F223A7D496EA2C4CFC&simid=608041306234749084", 
            "hostPageUrl": "http://www.chinadaily.com.cn/kindle/node_1061883.htm", 
            "thumbnailUrl": "https://tse1.mm.bing.net/th?id=OIP.88V2VlsaPeaHEuKIrvbQYgHaH8&pid=Api", 
            "thumbnail": {
                "width": 474, 
                "height": 508
            }, 
            "contentSize": "96921 B"
        }, 
        {
            "contentUrl": "http://www.chinadaily.com.cn/kindle/attachement/jpg/site1/20150425/f04da2db112216a51e572b.jpg", 
            "insightsMetadata": {
                "pagesIncludingCount": 1, 
                "availableSizesCount": 1
            }, 
            "height": 353, 
            "accentColor": "AA6221", 
            "hostPageDisplayUrl": "chinadaily.com.cn/kindle/node_1061889.htm", 
            "name": "(China Daily 04/25/2015 page19)", 
            "width": 600, 
            "imageInsightsToken": "ccid_0e8BT/Hj*mid_8431945C9D49B5B0B60D79B4FD53B4E90E871FEC*simid_608048242608439701*thid_OIP.0e8BT!_HjOJbBIaOhBn3VcAHaEW", 
            "imageId": "8431945C9D49B5B0B60D79B4FD53B4E90E871FEC", 
            "isFamilyFriendly": true, 
            "datePublished": "2001-01-01T00:00:00.0000000Z", 
            "encodingFormat": "jpeg", 
            "webSearchUrl": "https://www.bing.com/images/search?view=detailv2&FORM=OIIRPO&q=site%3a(thepaper.cn+or+chinadaily.com.cn+or+china.com.cn+or+chinanews.com+or+youth.cn+or+sina.com.cn+or+xinhuanet.com+or+cri.cn+or+163.com+or+cankaoxiaoxi.com+or+cctv.com+or+ifeng.com+or+qq.com+or+takungpao.com+or+people.com.cn+or+southcn.com+or+southcn.com+or+cnr.cn+or+people.com.cn+or+cyol.com+or+bjnews.com.cn+or+gmw.cn+or+dahe.cn+or+xfrb.com.cn+or+cqnews.net+or+lifeweek.com.cn+or+cpd.com.cn+or+haiwainet.cn+or+yidianzixun.com+or+ftchinese.com+or+guancha.cn+or+zhcw.com+or+huanqiu.com+or+ihuawen.com+or+nytimes.com+or+flickr.com+or+quanjing.com+or+vcg.com+or+gettyimages.co.uk+or+paixin.com)+I+almost+like+good+trade+relations%2c+Rose+said%2c&id=8431945C9D49B5B0B60D79B4FD53B4E90E871FEC&simid=608048242608439701", 
            "hostPageUrl": "http://chinadaily.com.cn/kindle/node_1061889.htm", 
            "thumbnailUrl": "https://tse1.mm.bing.net/th?id=OIP.0e8BT_HjOJbBIaOhBn3VcAHaEW&pid=Api", 
            "thumbnail": {
                "width": 474, 
                "height": 278
            }, 
            "contentSize": "53099 B"
        }, 
        {
            "contentUrl": "http://static01.nyt.com/images/2013/10/22/business/Netflixjp/Netflixjp-articleLarge.jpg", 
            "insightsMetadata": {
                "pagesIncludingCount": 4, 
                "availableSizesCount": 4
            }, 
            "height": 386, 
            "accentColor": "9A8C31", 
            "hostPageDisplayUrl": "nytimes.com/2013/10/22/business/media/netflix-hits...", 
            "name": "Netflix Hits Milestone and Raises Its Sights - NYTimes.com", 
            "width": 600, 
            "imageInsightsToken": "ccid_jLcMFUBN*mid_C8BFA3E679ACA52A1286BA0F6AF84912BCFC1045*simid_607996475367951272*thid_OIP.jLcMFUBNbGUTSAcOYEqNLAHaEw", 
            "imageId": "C8BFA3E679ACA52A1286BA0F6AF84912BCFC1045", 
            "isFamilyFriendly": true, 
            "datePublished": "2013-10-25T12:00:00.0000000Z", 
            "encodingFormat": "jpeg", 
            "webSearchUrl": "https://www.bing.com/images/search?view=detailv2&FORM=OIIRPO&q=site%3a(thepaper.cn+or+chinadaily.com.cn+or+china.com.cn+or+chinanews.com+or+youth.cn+or+sina.com.cn+or+xinhuanet.com+or+cri.cn+or+163.com+or+cankaoxiaoxi.com+or+cctv.com+or+ifeng.com+or+qq.com+or+takungpao.com+or+people.com.cn+or+southcn.com+or+southcn.com+or+cnr.cn+or+people.com.cn+or+cyol.com+or+bjnews.com.cn+or+gmw.cn+or+dahe.cn+or+xfrb.com.cn+or+cqnews.net+or+lifeweek.com.cn+or+cpd.com.cn+or+haiwainet.cn+or+yidianzixun.com+or+ftchinese.com+or+guancha.cn+or+zhcw.com+or+huanqiu.com+or+ihuawen.com+or+nytimes.com+or+flickr.com+or+quanjing.com+or+vcg.com+or+gettyimages.co.uk+or+paixin.com)+I+almost+like+good+trade+relations%2c+Rose+said%2c&id=C8BFA3E679ACA52A1286BA0F6AF84912BCFC1045&simid=607996475367951272", 
            "hostPageUrl": "http://nytimes.com/2013/10/22/business/media/netflix-hits-subscriber-milestone-as-shares-soar.html", 
            "thumbnailUrl": "https://tse3.mm.bing.net/th?id=OIP.jLcMFUBNbGUTSAcOYEqNLAHaEw&pid=Api", 
            "thumbnail": {
                "width": 474, 
                "height": 304
            }, 
            "hostPageFavIconUrl": "https://www.bing.com/th?id=AR_cc657c1af702fae867766bbf2aa25756&pid=Api", 
            "contentSize": "56254 B"
        }, 
        {
            "contentUrl": "http://www.chinadaily.com.cn/kindle/attachement/gif/site1/20161117/b083fe9fe785199793f93e.gif", 
            "insightsMetadata": {
                "pagesIncludingCount": 8, 
                "availableSizesCount": 8
            }, 
            "height": 402, 
            "accentColor": "B42517", 
            "hostPageDisplayUrl": "www.chinadaily.com.cn/kindle/node_1061885.htm", 
            "name": "iranian artist mehdi ghadyanloo sits in front of his mural spaces of hope on the rose ...", 
            "width": 600, 
            "imageInsightsToken": "ccid_L3E6y2Gw*mid_09141DAF7ED78F0F8C159BDDD020A9696782B777*simid_608014449830986733*thid_OIP.L3E6y2GwdT!_vjDtY2Tvg8AHaE9", 
            "imageId": "09141DAF7ED78F0F8C159BDDD020A9696782B777", 
            "isFamilyFriendly": true, 
            "datePublished": "2016-11-27T23:50:00.0000000Z", 
            "encodingFormat": "gif", 
            "webSearchUrl": "https://www.bing.com/images/search?view=detailv2&FORM=OIIRPO&q=site%3a(thepaper.cn+or+chinadaily.com.cn+or+china.com.cn+or+chinanews.com+or+youth.cn+or+sina.com.cn+or+xinhuanet.com+or+cri.cn+or+163.com+or+cankaoxiaoxi.com+or+cctv.com+or+ifeng.com+or+qq.com+or+takungpao.com+or+people.com.cn+or+southcn.com+or+southcn.com+or+cnr.cn+or+people.com.cn+or+cyol.com+or+bjnews.com.cn+or+gmw.cn+or+dahe.cn+or+xfrb.com.cn+or+cqnews.net+or+lifeweek.com.cn+or+cpd.com.cn+or+haiwainet.cn+or+yidianzixun.com+or+ftchinese.com+or+guancha.cn+or+zhcw.com+or+huanqiu.com+or+ihuawen.com+or+nytimes.com+or+flickr.com+or+quanjing.com+or+vcg.com+or+gettyimages.co.uk+or+paixin.com)+I+almost+like+good+trade+relations%2c+Rose+said%2c&id=09141DAF7ED78F0F8C159BDDD020A9696782B777&simid=608014449830986733", 
            "hostPageUrl": "http://www.chinadaily.com.cn/kindle/node_1061885.htm", 
            "thumbnailUrl": "https://tse1.mm.bing.net/th?id=OIP.L3E6y2GwdT_vjDtY2Tvg8AHaE9&pid=Api", 
            "thumbnail": {
                "width": 474, 
                "height": 317
            }, 
            "contentSize": "162311 B"
        }
    ], 
    "nextOffset": 23, 
    "queryContext": {
        "alterationMethod": "AM_JustChangeIt", 
        "alterationType": "CombinedAlterations", 
        "originalQuery": "site:(thepaper.cn or chinadaily.com.cn or china.com.cn or chinanews.com or youth.cn or sina.com.cn or xinhuanet.com or cri.cn or 163.com or cankaoxiaoxi.com or cctv.com or ifeng.com or qq.com or takungpao.com or people.com.cn or southcn.com or southcn.com or cnr.cn or people.com.cn or cyol.com or bjnews.com.cn or gmw.cn or dahe.cn or xfrb.com.cn or cqnews.net or lifeweek.com.cn or cpd.com.cn or haiwainet.cn or yidianzixun.com or ftchinese.com or guancha.cn or zhcw.com or huanqiu.com or ihuawen.com or nytimes.com or flickr.com or quanjing.com or vcg.com or gettyimages.co.uk or paixin.com) I almost like good trade relations, Rose said,", 
        "alterationOverrideQuery": "+site:(thepaper.cn or chinadaily.com.cn or china.com.cn or chinanews.com or youth.cn or sina.com.cn or xinhuanet.com or cri.cn or 163.com or cankaoxiaoxi.com or cctv.com or ifeng.com or qq.com or takungpao.com or people.com.cn or southcn.com or southcn.com or cnr.cn or people.com.cn or cyol.com or bjnews.com.cn or gmw.cn or dahe.cn or xfrb.com.cn or cqnews.net or lifeweek.com.cn or cpd.com.cn or haiwainet.cn or yidianzixun.com or ftchinese.com or guancha.cn or zhcw.com or huanqiu.com or ihuawen.com or nytimes.com or flickr.com or quanjing.com or vcg.com or gettyimages.co.uk or paixin.com) I almost like good trade relations, Rose said,", 
        "alterationDisplayQuery": "i almost like best trading relation rose said"
    }, 
    "currentOffset": 0, 
    "readLink": "images/search?q=site:(thepaper.cn or chinadaily.com.cn or china.com.cn or chinanews.com or youth.cn or sina.com.cn or xinhuanet.com or cri.cn or 163.com or cankaoxiaoxi.com or cctv.com or ifeng.com or qq.com or takungpao.com or people.com.cn or southcn.com or southcn.com or cnr.cn or people.com.cn or cyol.com or bjnews.com.cn or gmw.cn or dahe.cn or xfrb.com.cn or cqnews.net or lifeweek.com.cn or cpd.com.cn or haiwainet.cn or yidianzixun.com or ftchinese.com or guancha.cn or zhcw.com or huanqiu.com or ihuawen.com or nytimes.com or flickr.com or quanjing.com or vcg.com or gettyimages.co.uk or paixin.com) I almost like good trade relations, Rose said,", 
    "totalEstimatedMatches": 23
}