{
    "instrumentation": {
        "_type": "ResponseInstrumentation"
    }, 
    "_type": "Images", 
    "webSearchUrl": "https://www.bing.com/images/search?q=site:(thepaper.cn or chinadaily.com.cn or china.com.cn or chinanews.com or youth.cn or sina.com.cn or xinhuanet.com or cri.cn or 163.com or cankaoxiaoxi.com or cctv.com or ifeng.com or qq.com or takungpao.com or people.com.cn or southcn.com or southcn.com or cnr.cn or people.com.cn or cyol.com or bjnews.com.cn or gmw.cn or dahe.cn or xfrb.com.cn or cqnews.net or lifeweek.com.cn or cpd.com.cn or haiwainet.cn or yidianzixun.com or ftchinese.com or guancha.cn or zhcw.com or huanqiu.com or ihuawen.com or nytimes.com or flickr.com or quanjing.com or vcg.com or gettyimages.co.uk or paixin.com) 现在&FORM=OIIARP", 
    "value": [
        {
            "contentUrl": "http://n.sinaimg.cn/fashion/crawl/w550h825/20180312/aawB-fyscsmu5602737.jpg", 
            "insightsMetadata": {
                "pagesIncludingCount": 2, 
                "availableSizesCount": 1
            }, 
            "height": 825, 
            "accentColor": "303F6E", 
            "hostPageDisplayUrl": "fashion.sina.com.cn/s/ac/2018-03-20/1816/doc...", 
            "name": "老爹鞋红过了 现在流行老爹工装裤|工装裤|连体裤|黑色_新浪时尚 ...", 
            "width": 550, 
            "imageInsightsToken": "ccid_IdmYZWr/*mid_83D7B4F6182F7B96A39439C365BEE12A4448F1E1*simid_608050016405424507*thid_OIP.IdmYZWr!_lyWCDBqJGdtcxQHaLH", 
            "imageId": "83D7B4F6182F7B96A39439C365BEE12A4448F1E1", 
            "isFamilyFriendly": true, 
            "datePublished": "2018-10-14T03:42:00.0000000Z", 
            "encodingFormat": "jpeg", 
            "webSearchUrl": "https://www.bing.com/images/search?view=detailv2&FORM=OIIRPO&q=site%3a(thepaper.cn+or+chinadaily.com.cn+or+china.com.cn+or+chinanews.com+or+youth.cn+or+sina.com.cn+or+xinhuanet.com+or+cri.cn+or+163.com+or+cankaoxiaoxi.com+or+cctv.com+or+ifeng.com+or+qq.com+or+takungpao.com+or+people.com.cn+or+southcn.com+or+southcn.com+or+cnr.cn+or+people.com.cn+or+cyol.com+or+bjnews.com.cn+or+gmw.cn+or+dahe.cn+or+xfrb.com.cn+or+cqnews.net+or+lifeweek.com.cn+or+cpd.com.cn+or+haiwainet.cn+or+yidianzixun.com+or+ftchinese.com+or+guancha.cn+or+zhcw.com+or+huanqiu.com+or+ihuawen.com+or+nytimes.com+or+flickr.com+or+quanjing.com+or+vcg.com+or+gettyimages.co.uk+or+paixin.com)+%e7%8e%b0%e5%9c%a8&id=83D7B4F6182F7B96A39439C365BEE12A4448F1E1&simid=608050016405424507", 
            "hostPageUrl": "http://fashion.sina.com.cn/s/ac/2018-03-20/1816/doc-ifyscsmu5662610.shtml", 
            "thumbnailUrl": "https://tse2.mm.bing.net/th?id=OIP.IdmYZWr_lyWCDBqJGdtcxQHaLH&pid=Api", 
            "thumbnail": {
                "width": 474, 
                "height": 711
            }, 
            "contentSize": "51380 B"
        }, 
        {
            "contentUrl": "http://himg2.huanqiu.com/attachment2010/2013/0610/20130610023253339.jpg", 
            "insightsMetadata": {
                "pagesIncludingCount": 4, 
                "availableSizesCount": 1
            }, 
            "height": 800, 
            "accentColor": "714036", 
            "hostPageDisplayUrl": "look.huanqiu.com/photo/2013-06/2696354_5.html", 
            "name": "现在流行大叔穿丝袜？_博览_环球网", 
            "width": 597, 
            "imageInsightsToken": "ccid_z4dD5+yo*mid_36424D3E1BB9A59A17B1F306CCD2DBDC25AC61A6*simid_608043488054873801*thid_OIP.z4dD5-yoc6A788!_d2ULBHwHaJ7", 
            "imageId": "36424D3E1BB9A59A17B1F306CCD2DBDC25AC61A6", 
            "isFamilyFriendly": true, 
            "datePublished": "2013-06-24T04:54:00.0000000Z", 
            "encodingFormat": "jpeg", 
            "webSearchUrl": "https://www.bing.com/images/search?view=detailv2&FORM=OIIRPO&q=site%3a(thepaper.cn+or+chinadaily.com.cn+or+china.com.cn+or+chinanews.com+or+youth.cn+or+sina.com.cn+or+xinhuanet.com+or+cri.cn+or+163.com+or+cankaoxiaoxi.com+or+cctv.com+or+ifeng.com+or+qq.com+or+takungpao.com+or+people.com.cn+or+southcn.com+or+southcn.com+or+cnr.cn+or+people.com.cn+or+cyol.com+or+bjnews.com.cn+or+gmw.cn+or+dahe.cn+or+xfrb.com.cn+or+cqnews.net+or+lifeweek.com.cn+or+cpd.com.cn+or+haiwainet.cn+or+yidianzixun.com+or+ftchinese.com+or+guancha.cn+or+zhcw.com+or+huanqiu.com+or+ihuawen.com+or+nytimes.com+or+flickr.com+or+quanjing.com+or+vcg.com+or+gettyimages.co.uk+or+paixin.com)+%e7%8e%b0%e5%9c%a8&id=36424D3E1BB9A59A17B1F306CCD2DBDC25AC61A6&simid=608043488054873801", 
            "hostPageUrl": "http://look.huanqiu.com/photo/2013-06/2696354_5.html", 
            "thumbnailUrl": "https://tse1.mm.bing.net/th?id=OIP.z4dD5-yoc6A788_d2ULBHwHaJ7&pid=Api", 
            "thumbnail": {
                "width": 474, 
                "height": 635
            }, 
            "contentSize": "185310 B"
        }, 
        {
            "contentUrl": "http://i3.sinaimg.cn/cj/2015/0826/U12164P31DT20150826103239.jpg", 
            "insightsMetadata": {
                "pagesIncludingCount": 3, 
                "availableSizesCount": 1
            }, 
            "height": 384, 
            "accentColor": "13418C", 
            "hostPageDisplayUrl": "finance.sina.com.cn/zl/international/20150826...", 
            "name": "现在并不是全球金融危机|股市|美国|金融危机_新浪财经_新浪网", 
            "width": 550, 
            "imageInsightsToken": "ccid_GEZbqw9r*mid_1F2F103E65AD7C49436AAF09F8C8D8D238299C9D*simid_608016227945547822*thid_OIP.GEZbqw9rzSOd7TT1Z7mr9gHaFK", 
            "imageId": "1F2F103E65AD7C49436AAF09F8C8D8D238299C9D", 
            "isFamilyFriendly": true, 
            "datePublished": "2015-08-26T02:40:00.0000000Z", 
            "encodingFormat": "jpeg", 
            "webSearchUrl": "https://www.bing.com/images/search?view=detailv2&FORM=OIIRPO&q=site%3a(thepaper.cn+or+chinadaily.com.cn+or+china.com.cn+or+chinanews.com+or+youth.cn+or+sina.com.cn+or+xinhuanet.com+or+cri.cn+or+163.com+or+cankaoxiaoxi.com+or+cctv.com+or+ifeng.com+or+qq.com+or+takungpao.com+or+people.com.cn+or+southcn.com+or+southcn.com+or+cnr.cn+or+people.com.cn+or+cyol.com+or+bjnews.com.cn+or+gmw.cn+or+dahe.cn+or+xfrb.com.cn+or+cqnews.net+or+lifeweek.com.cn+or+cpd.com.cn+or+haiwainet.cn+or+yidianzixun.com+or+ftchinese.com+or+guancha.cn+or+zhcw.com+or+huanqiu.com+or+ihuawen.com+or+nytimes.com+or+flickr.com+or+quanjing.com+or+vcg.com+or+gettyimages.co.uk+or+paixin.com)+%e7%8e%b0%e5%9c%a8&id=1F2F103E65AD7C49436AAF09F8C8D8D238299C9D&simid=608016227945547822", 
            "hostPageUrl": "http://finance.sina.com.cn/zl/international/20150826/103323071219.shtml", 
            "thumbnailUrl": "https://tse4.mm.bing.net/th?id=OIP.GEZbqw9rzSOd7TT1Z7mr9gHaFK&pid=Api", 
            "thumbnail": {
                "width": 474, 
                "height": 330
            }, 
            "contentSize": "28098 B"
        }, 
        {
            "contentUrl": "http://i0.sinaimg.cn/book/2015/1222/U12592P112DT20151222172637.jpg", 
            "insightsMetadata": {
                "pagesIncludingCount": 2, 
                "availableSizesCount": 1
            }, 
            "height": 550, 
            "accentColor": "B11A42", 
            "hostPageDisplayUrl": "book.sina.com.cn/news/v/2015-12-22/1727783942.shtml", 
            "name": "超级畅销书《现在是女生时代3》上市_读书频道_新浪网", 
            "width": 550, 
            "imageInsightsToken": "ccid_CscDaFQT*mid_57C17EAE2CE28D62D1341BEDEB5004497AE883CD*simid_607991798137554596*thid_OIP.CscDaFQTmungyU1mAAXXUQHaHa", 
            "imageId": "57C17EAE2CE28D62D1341BEDEB5004497AE883CD", 
            "isFamilyFriendly": true, 
            "datePublished": "2016-03-22T02:29:00.0000000Z", 
            "encodingFormat": "jpeg", 
            "webSearchUrl": "https://www.bing.com/images/search?view=detailv2&FORM=OIIRPO&q=site%3a(thepaper.cn+or+chinadaily.com.cn+or+china.com.cn+or+chinanews.com+or+youth.cn+or+sina.com.cn+or+xinhuanet.com+or+cri.cn+or+163.com+or+cankaoxiaoxi.com+or+cctv.com+or+ifeng.com+or+qq.com+or+takungpao.com+or+people.com.cn+or+southcn.com+or+southcn.com+or+cnr.cn+or+people.com.cn+or+cyol.com+or+bjnews.com.cn+or+gmw.cn+or+dahe.cn+or+xfrb.com.cn+or+cqnews.net+or+lifeweek.com.cn+or+cpd.com.cn+or+haiwainet.cn+or+yidianzixun.com+or+ftchinese.com+or+guancha.cn+or+zhcw.com+or+huanqiu.com+or+ihuawen.com+or+nytimes.com+or+flickr.com+or+quanjing.com+or+vcg.com+or+gettyimages.co.uk+or+paixin.com)+%e7%8e%b0%e5%9c%a8&id=57C17EAE2CE28D62D1341BEDEB5004497AE883CD&simid=607991798137554596", 
            "hostPageUrl": "http://book.sina.com.cn/news/v/2015-12-22/1727783942.shtml", 
            "thumbnailUrl": "https://tse3.mm.bing.net/th?id=OIP.CscDaFQTmungyU1mAAXXUQHaHa&pid=Api", 
            "thumbnail": {
                "width": 474, 
                "height": 474
            }, 
            "contentSize": "70252 B"
        }, 
        {
            "contentUrl": "http://i2.sinaimg.cn/dy/o/2008-12-17/5adae61999341fa0438b52dac82649e9.jpg", 
            "insightsMetadata": {
                "pagesIncludingCount": 1, 
                "availableSizesCount": 1
            }, 
            "height": 676, 
            "accentColor": "2826A5", 
            "hostPageDisplayUrl": "news.sina.com.cn/o/2008-12-17/052014891774s.shtml", 
            "name": "现在买房就是爱国_新闻中心_新浪网", 
            "width": 450, 
            "imageInsightsToken": "ccid_o9X6ZNKi*mid_729F8E50878D53E93DF0D3F353BBD490280EB790*simid_608037247470997206*thid_OIP.o9X6ZNKi1xD7vC3weJYYjgAAAA", 
            "imageId": "729F8E50878D53E93DF0D3F353BBD490280EB790", 
            "isFamilyFriendly": true, 
            "datePublished": "2018-07-06T06:17:00.0000000Z", 
            "encodingFormat": "jpeg", 
            "webSearchUrl": "https://www.bing.com/images/search?view=detailv2&FORM=OIIRPO&q=site%3a(thepaper.cn+or+chinadaily.com.cn+or+china.com.cn+or+chinanews.com+or+youth.cn+or+sina.com.cn+or+xinhuanet.com+or+cri.cn+or+163.com+or+cankaoxiaoxi.com+or+cctv.com+or+ifeng.com+or+qq.com+or+takungpao.com+or+people.com.cn+or+southcn.com+or+southcn.com+or+cnr.cn+or+people.com.cn+or+cyol.com+or+bjnews.com.cn+or+gmw.cn+or+dahe.cn+or+xfrb.com.cn+or+cqnews.net+or+lifeweek.com.cn+or+cpd.com.cn+or+haiwainet.cn+or+yidianzixun.com+or+ftchinese.com+or+guancha.cn+or+zhcw.com+or+huanqiu.com+or+ihuawen.com+or+nytimes.com+or+flickr.com+or+quanjing.com+or+vcg.com+or+gettyimages.co.uk+or+paixin.com)+%e7%8e%b0%e5%9c%a8&id=729F8E50878D53E93DF0D3F353BBD490280EB790&simid=608037247470997206", 
            "hostPageUrl": "http://news.sina.com.cn/o/2008-12-17/052014891774s.shtml", 
            "thumbnailUrl": "https://tse2.mm.bing.net/th?id=OIP.o9X6ZNKi1xD7vC3weJYYjgAAAA&pid=Api", 
            "thumbnail": {
                "width": 450, 
                "height": 676
            }, 
            "contentSize": "156670 B"
        }, 
        {
            "contentUrl": "http://y3.ifengimg.com/a/2015_35/d00caa8dc2bdcb6.jpg", 
            "insightsMetadata": {
                "pagesIncludingCount": 11, 
                "availableSizesCount": 1
            }, 
            "height": 400, 
            "accentColor": "915B3A", 
            "hostPageDisplayUrl": "ent.ifeng.com/a/20150825/42480227_0.shtml", 
            "name": "胡歌《伪装者》承认已分手：现在没有女朋友|伪装者| 分手_凤凰 ...", 
            "width": 600, 
            "imageInsightsToken": "ccid_9cLhVg4S*mid_AE61D5D55CE161FC1EBD0DD61EA5795739794BC4*simid_607997785319540789*thid_OIP.9cLhVg4S3HhtUWKPPHfeLgHaE8", 
            "imageId": "AE61D5D55CE161FC1EBD0DD61EA5795739794BC4", 
            "isFamilyFriendly": true, 
            "datePublished": "2015-08-25T01:45:00.0000000Z", 
            "encodingFormat": "jpeg", 
            "webSearchUrl": "https://www.bing.com/images/search?view=detailv2&FORM=OIIRPO&q=site%3a(thepaper.cn+or+chinadaily.com.cn+or+china.com.cn+or+chinanews.com+or+youth.cn+or+sina.com.cn+or+xinhuanet.com+or+cri.cn+or+163.com+or+cankaoxiaoxi.com+or+cctv.com+or+ifeng.com+or+qq.com+or+takungpao.com+or+people.com.cn+or+southcn.com+or+southcn.com+or+cnr.cn+or+people.com.cn+or+cyol.com+or+bjnews.com.cn+or+gmw.cn+or+dahe.cn+or+xfrb.com.cn+or+cqnews.net+or+lifeweek.com.cn+or+cpd.com.cn+or+haiwainet.cn+or+yidianzixun.com+or+ftchinese.com+or+guancha.cn+or+zhcw.com+or+huanqiu.com+or+ihuawen.com+or+nytimes.com+or+flickr.com+or+quanjing.com+or+vcg.com+or+gettyimages.co.uk+or+paixin.com)+%e7%8e%b0%e5%9c%a8&id=AE61D5D55CE161FC1EBD0DD61EA5795739794BC4&simid=607997785319540789", 
            "hostPageUrl": "http://ent.ifeng.com/a/20150825/42480227_0.shtml", 
            "thumbnailUrl": "https://tse1.mm.bing.net/th?id=OIP.9cLhVg4S3HhtUWKPPHfeLgHaE8&pid=Api", 
            "thumbnail": {
                "width": 474, 
                "height": 316
            }, 
            "contentSize": "34833 B"
        }, 
        {
            "contentUrl": "http://img3.cache.netease.com/house/2015/7/14/20150714113554c5de9.jpg", 
            "insightsMetadata": {
                "pagesIncludingCount": 6, 
                "availableSizesCount": 4
            }, 
            "height": 554, 
            "accentColor": "412618", 
            "hostPageDisplayUrl": "henan.163.com/15/0714/11/AUFUKU5T022702KA.html", 
            "name": "现在流行的新娘发型 做最美时尚新娘 - 网易河南", 
            "width": 452, 
            "imageInsightsToken": "ccid_R5YB6V2i*mid_B945BF871B5CFAB9A0D75CF106C08FA761150184*simid_608050050776957850*thid_OIP.R5YB6V2i13Xs8Te0fMEgdwHaJE", 
            "imageId": "B945BF871B5CFAB9A0D75CF106C08FA761150184", 
            "isFamilyFriendly": true, 
            "datePublished": "2018-09-02T07:38:00.0000000Z", 
            "encodingFormat": "jpeg", 
            "webSearchUrl": "https://www.bing.com/images/search?view=detailv2&FORM=OIIRPO&q=site%3a(thepaper.cn+or+chinadaily.com.cn+or+china.com.cn+or+chinanews.com+or+youth.cn+or+sina.com.cn+or+xinhuanet.com+or+cri.cn+or+163.com+or+cankaoxiaoxi.com+or+cctv.com+or+ifeng.com+or+qq.com+or+takungpao.com+or+people.com.cn+or+southcn.com+or+southcn.com+or+cnr.cn+or+people.com.cn+or+cyol.com+or+bjnews.com.cn+or+gmw.cn+or+dahe.cn+or+xfrb.com.cn+or+cqnews.net+or+lifeweek.com.cn+or+cpd.com.cn+or+haiwainet.cn+or+yidianzixun.com+or+ftchinese.com+or+guancha.cn+or+zhcw.com+or+huanqiu.com+or+ihuawen.com+or+nytimes.com+or+flickr.com+or+quanjing.com+or+vcg.com+or+gettyimages.co.uk+or+paixin.com)+%e7%8e%b0%e5%9c%a8&id=B945BF871B5CFAB9A0D75CF106C08FA761150184&simid=608050050776957850", 
            "hostPageUrl": "http://henan.163.com/15/0714/11/AUFUKU5T022702KA.html", 
            "thumbnailUrl": "https://tse2.mm.bing.net/th?id=OIP.R5YB6V2i13Xs8Te0fMEgdwHaJE&pid=Api", 
            "thumbnail": {
                "width": 474, 
                "height": 580
            }, 
            "contentSize": "267747 B"
        }, 
        {
            "contentUrl": "http://img3.cache.netease.com/henan/2015/5/27/20150527110718f234a.jpg", 
            "insightsMetadata": {
                "pagesIncludingCount": 1, 
                "availableSizesCount": 1
            }, 
            "height": 514, 
            "accentColor": "2B0B08", 
            "hostPageDisplayUrl": "henan.163.com/15/0527/11/AQK9TNRA022702KA_2.html", 
            "name": "现在婚宴流行用什么酒？婚礼用酒购买招数 - 网易河南", 
            "width": 401, 
            "imageInsightsToken": "ccid_Ia2g10/2*mid_B5CFE3F9A3E72529594179D23969AB3E79E85D9E*simid_608020432663678215*thid_OIP.Ia2g10!_2zZASoLG1!_aIizgAAAA", 
            "imageId": "B5CFE3F9A3E72529594179D23969AB3E79E85D9E", 
            "isFamilyFriendly": true, 
            "datePublished": "2015-05-27T03:22:00.0000000Z", 
            "encodingFormat": "jpeg", 
            "webSearchUrl": "https://www.bing.com/images/search?view=detailv2&FORM=OIIRPO&q=site%3a(thepaper.cn+or+chinadaily.com.cn+or+china.com.cn+or+chinanews.com+or+youth.cn+or+sina.com.cn+or+xinhuanet.com+or+cri.cn+or+163.com+or+cankaoxiaoxi.com+or+cctv.com+or+ifeng.com+or+qq.com+or+takungpao.com+or+people.com.cn+or+southcn.com+or+southcn.com+or+cnr.cn+or+people.com.cn+or+cyol.com+or+bjnews.com.cn+or+gmw.cn+or+dahe.cn+or+xfrb.com.cn+or+cqnews.net+or+lifeweek.com.cn+or+cpd.com.cn+or+haiwainet.cn+or+yidianzixun.com+or+ftchinese.com+or+guancha.cn+or+zhcw.com+or+huanqiu.com+or+ihuawen.com+or+nytimes.com+or+flickr.com+or+quanjing.com+or+vcg.com+or+gettyimages.co.uk+or+paixin.com)+%e7%8e%b0%e5%9c%a8&id=B5CFE3F9A3E72529594179D23969AB3E79E85D9E&simid=608020432663678215", 
            "hostPageUrl": "http://henan.163.com/15/0527/11/AQK9TNRA022702KA_2.html", 
            "thumbnailUrl": "https://tse2.mm.bing.net/th?id=OIP.Ia2g10_2zZASoLG1_aIizgAAAA&pid=Api", 
            "thumbnail": {
                "width": 401, 
                "height": 514
            }, 
            "contentSize": "250879 B"
        }, 
        {
            "contentUrl": "http://n.sinaimg.cn/fashion/transform/20160825/9jT0-fxvkkcf5878186.jpg", 
            "insightsMetadata": {
                "pagesIncludingCount": 3, 
                "availableSizesCount": 1
            }, 
            "height": 550, 
            "accentColor": "516159", 
            "hostPageDisplayUrl": "fashion.sina.com.cn/b/sk/2016-08-26/0732/doc...", 
            "name": "现在流行硬币眼？倪妮周冬雨的弯弯眼也很好看|硬币眼|倪妮|周 ...", 
            "width": 458, 
            "imageInsightsToken": "ccid_ZtpsDpZ0*mid_5EA58509E260F86693A47C6B2CEF9FDC840FAC9C*simid_608046855295405095*thid_OIP.ZtpsDpZ03cIDDCL0aQNnVwHaI5", 
            "imageId": "5EA58509E260F86693A47C6B2CEF9FDC840FAC9C", 
            "isFamilyFriendly": true, 
            "datePublished": "2016-08-25T23:46:00.0000000Z", 
            "encodingFormat": "jpeg", 
            "webSearchUrl": "https://www.bing.com/images/search?view=detailv2&FORM=OIIRPO&q=site%3a(thepaper.cn+or+chinadaily.com.cn+or+china.com.cn+or+chinanews.com+or+youth.cn+or+sina.com.cn+or+xinhuanet.com+or+cri.cn+or+163.com+or+cankaoxiaoxi.com+or+cctv.com+or+ifeng.com+or+qq.com+or+takungpao.com+or+people.com.cn+or+southcn.com+or+southcn.com+or+cnr.cn+or+people.com.cn+or+cyol.com+or+bjnews.com.cn+or+gmw.cn+or+dahe.cn+or+xfrb.com.cn+or+cqnews.net+or+lifeweek.com.cn+or+cpd.com.cn+or+haiwainet.cn+or+yidianzixun.com+or+ftchinese.com+or+guancha.cn+or+zhcw.com+or+huanqiu.com+or+ihuawen.com+or+nytimes.com+or+flickr.com+or+quanjing.com+or+vcg.com+or+gettyimages.co.uk+or+paixin.com)+%e7%8e%b0%e5%9c%a8&id=5EA58509E260F86693A47C6B2CEF9FDC840FAC9C&simid=608046855295405095", 
            "hostPageUrl": "http://fashion.sina.com.cn/b/sk/2016-08-26/0732/doc-ifxvixeq0476519.shtml", 
            "thumbnailUrl": "https://tse4.mm.bing.net/th?id=OIP.ZtpsDpZ03cIDDCL0aQNnVwHaI5&pid=Api", 
            "thumbnail": {
                "width": 474, 
                "height": 569
            }, 
            "contentSize": "37458 B"
        }, 
        {
            "contentUrl": "http://n.sinaimg.cn/finance/transform/20160729/ZeWe-fxunyyf6224925.jpg", 
            "insightsMetadata": {
                "pagesIncludingCount": 3, 
                "availableSizesCount": 1
            }, 
            "height": 333, 
            "accentColor": "B84814", 
            "hostPageDisplayUrl": "finance.sina.com.cn/zl/stock/2016-07-29/zl...", 
            "name": "现在是“扔飞镖”的黄金阶段|李德林|郭佳莹_新浪财经_新浪网", 
            "width": 500, 
            "imageInsightsToken": "ccid_T7Jofubw*mid_606CA0A89BFC9EFD893D6B59B97DB895AE0BE65D*simid_608042629081467263*thid_OIP.T7Jofubw86dHnEmvlba1MQHaE7", 
            "imageId": "606CA0A89BFC9EFD893D6B59B97DB895AE0BE65D", 
            "isFamilyFriendly": true, 
            "datePublished": "2016-07-29T08:31:00.0000000Z", 
            "encodingFormat": "jpeg", 
            "webSearchUrl": "https://www.bing.com/images/search?view=detailv2&FORM=OIIRPO&q=site%3a(thepaper.cn+or+chinadaily.com.cn+or+china.com.cn+or+chinanews.com+or+youth.cn+or+sina.com.cn+or+xinhuanet.com+or+cri.cn+or+163.com+or+cankaoxiaoxi.com+or+cctv.com+or+ifeng.com+or+qq.com+or+takungpao.com+or+people.com.cn+or+southcn.com+or+southcn.com+or+cnr.cn+or+people.com.cn+or+cyol.com+or+bjnews.com.cn+or+gmw.cn+or+dahe.cn+or+xfrb.com.cn+or+cqnews.net+or+lifeweek.com.cn+or+cpd.com.cn+or+haiwainet.cn+or+yidianzixun.com+or+ftchinese.com+or+guancha.cn+or+zhcw.com+or+huanqiu.com+or+ihuawen.com+or+nytimes.com+or+flickr.com+or+quanjing.com+or+vcg.com+or+gettyimages.co.uk+or+paixin.com)+%e7%8e%b0%e5%9c%a8&id=606CA0A89BFC9EFD893D6B59B97DB895AE0BE65D&simid=608042629081467263", 
            "hostPageUrl": "http://finance.sina.com.cn/zl/stock/2016-07-29/zl-ifxunyya2726311.shtml", 
            "thumbnailUrl": "https://tse4.mm.bing.net/th?id=OIP.T7Jofubw86dHnEmvlba1MQHaE7&pid=Api", 
            "thumbnail": {
                "width": 474, 
                "height": 315
            }, 
            "contentSize": "55335 B"
        }
    ], 
    "nextOffset": 10, 
    "queryContext": {
        "alterationMethod": "AM_JustChangeIt", 
        "alterationType": "CombinedAlterationsChained", 
        "originalQuery": "site:(thepaper.cn or chinadaily.com.cn or china.com.cn or chinanews.com or youth.cn or sina.com.cn or xinhuanet.com or cri.cn or 163.com or cankaoxiaoxi.com or cctv.com or ifeng.com or qq.com or takungpao.com or people.com.cn or southcn.com or southcn.com or cnr.cn or people.com.cn or cyol.com or bjnews.com.cn or gmw.cn or dahe.cn or xfrb.com.cn or cqnews.net or lifeweek.com.cn or cpd.com.cn or haiwainet.cn or yidianzixun.com or ftchinese.com or guancha.cn or zhcw.com or huanqiu.com or ihuawen.com or nytimes.com or flickr.com or quanjing.com or vcg.com or gettyimages.co.uk or paixin.com) 现在", 
        "alterationOverrideQuery": "+site:(thepaper.cn or chinadaily.com.cn or china.com.cn or chinanews.com or youth.cn or sina.com.cn or xinhuanet.com or cri.cn or 163.com or cankaoxiaoxi.com or cctv.com or ifeng.com or qq.com or takungpao.com or people.com.cn or southcn.com or southcn.com or cnr.cn or people.com.cn or cyol.com or bjnews.com.cn or gmw.cn or dahe.cn or xfrb.com.cn or cqnews.net or lifeweek.com.cn or cpd.com.cn or haiwainet.cn or yidianzixun.com or ftchinese.com or guancha.cn or zhcw.com or huanqiu.com or ihuawen.com or nytimes.com or flickr.com or quanjing.com or vcg.com or gettyimages.co.uk or paixin.com) 现在", 
        "alterationDisplayQuery": "现在"
    }, 
    "currentOffset": 0, 
    "readLink": "images/search?q=site:(thepaper.cn or chinadaily.com.cn or china.com.cn or chinanews.com or youth.cn or sina.com.cn or xinhuanet.com or cri.cn or 163.com or cankaoxiaoxi.com or cctv.com or ifeng.com or qq.com or takungpao.com or people.com.cn or southcn.com or southcn.com or cnr.cn or people.com.cn or cyol.com or bjnews.com.cn or gmw.cn or dahe.cn or xfrb.com.cn or cqnews.net or lifeweek.com.cn or cpd.com.cn or haiwainet.cn or yidianzixun.com or ftchinese.com or guancha.cn or zhcw.com or huanqiu.com or ihuawen.com or nytimes.com or flickr.com or quanjing.com or vcg.com or gettyimages.co.uk or paixin.com) 现在", 
    "totalEstimatedMatches": 100, 
    "relatedSearches": [
        {
            "text": "现在非主流的流行装束", 
            "displayText": "现在非主流的流行装束", 
            "thumbnail": {
                "thumbnailUrl": "https://tse2.mm.bing.net/th?q=%e7%8e%b0%e5%9c%a8%e9%9d%9e%e4%b8%bb%e6%b5%81%e7%9a%84%e6%b5%81%e8%a1%8c%e8%a3%85%e6%9d%9f&pid=Api&mkt=zh-CN&adlt=strict&t=1"
            }, 
            "searchLink": "https://api.cognitive.microsoft.com/api/v7/images/search?q=%e7%8e%b0%e5%9c%a8%e9%9d%9e%e4%b8%bb%e6%b5%81%e7%9a%84%e6%b5%81%e8%a1%8c%e8%a3%85%e6%9d%9f", 
            "webSearchUrl": "https://www.bing.com/images/search?q=%e7%8e%b0%e5%9c%a8%e9%9d%9e%e4%b8%bb%e6%b5%81%e7%9a%84%e6%b5%81%e8%a1%8c%e8%a3%85%e6%9d%9f&FORM=IRPATC"
        }, 
        {
            "text": "张根硕现在女友", 
            "displayText": "张根硕现在女友", 
            "thumbnail": {
                "thumbnailUrl": "https://tse3.mm.bing.net/th?q=%e5%bc%a0%e6%a0%b9%e7%a1%95%e7%8e%b0%e5%9c%a8%e5%a5%b3%e5%8f%8b&pid=Api&mkt=zh-CN&adlt=strict&t=1"
            }, 
            "searchLink": "https://api.cognitive.microsoft.com/api/v7/images/search?q=%e5%bc%a0%e6%a0%b9%e7%a1%95%e7%8e%b0%e5%9c%a8%e5%a5%b3%e5%8f%8b", 
            "webSearchUrl": "https://www.bing.com/images/search?q=%e5%bc%a0%e6%a0%b9%e7%a1%95%e7%8e%b0%e5%9c%a8%e5%a5%b3%e5%8f%8b&FORM=IRPATC"
        }, 
        {
            "text": "真爱趁现在", 
            "displayText": "真爱趁现在", 
            "thumbnail": {
                "thumbnailUrl": "https://tse2.mm.bing.net/th?q=%e7%9c%9f%e7%88%b1%e8%b6%81%e7%8e%b0%e5%9c%a8&pid=Api&mkt=zh-CN&adlt=strict&t=1"
            }, 
            "searchLink": "https://api.cognitive.microsoft.com/api/v7/images/search?q=%e7%9c%9f%e7%88%b1%e8%b6%81%e7%8e%b0%e5%9c%a8", 
            "webSearchUrl": "https://www.bing.com/images/search?q=%e7%9c%9f%e7%88%b1%e8%b6%81%e7%8e%b0%e5%9c%a8&FORM=IRPATC"
        }, 
        {
            "text": "王祖贤现在", 
            "displayText": "王祖贤现在", 
            "thumbnail": {
                "thumbnailUrl": "https://tse2.mm.bing.net/th?q=%e7%8e%8b%e7%a5%96%e8%b4%a4%e7%8e%b0%e5%9c%a8&pid=Api&mkt=zh-CN&adlt=strict&t=1"
            }, 
            "searchLink": "https://api.cognitive.microsoft.com/api/v7/images/search?q=%e7%8e%8b%e7%a5%96%e8%b4%a4%e7%8e%b0%e5%9c%a8", 
            "webSearchUrl": "https://www.bing.com/images/search?q=%e7%8e%8b%e7%a5%96%e8%b4%a4%e7%8e%b0%e5%9c%a8&FORM=IRPATC"
        }, 
        {
            "text": "陈翔现在的女朋友", 
            "displayText": "陈翔现在的女朋友", 
            "thumbnail": {
                "thumbnailUrl": "https://tse2.mm.bing.net/th?q=%e9%99%88%e7%bf%94%e7%8e%b0%e5%9c%a8%e7%9a%84%e5%a5%b3%e6%9c%8b%e5%8f%8b&pid=Api&mkt=zh-CN&adlt=strict&t=1"
            }, 
            "searchLink": "https://api.cognitive.microsoft.com/api/v7/images/search?q=%e9%99%88%e7%bf%94%e7%8e%b0%e5%9c%a8%e7%9a%84%e5%a5%b3%e6%9c%8b%e5%8f%8b", 
            "webSearchUrl": "https://www.bing.com/images/search?q=%e9%99%88%e7%bf%94%e7%8e%b0%e5%9c%a8%e7%9a%84%e5%a5%b3%e6%9c%8b%e5%8f%8b&FORM=IRPATC"
        }, 
        {
            "text": "张杰和谢娜现在的家", 
            "displayText": "张杰和谢娜现在的家", 
            "thumbnail": {
                "thumbnailUrl": "https://tse3.mm.bing.net/th?q=%e5%bc%a0%e6%9d%b0%e5%92%8c%e8%b0%a2%e5%a8%9c%e7%8e%b0%e5%9c%a8%e7%9a%84%e5%ae%b6&pid=Api&mkt=zh-CN&adlt=strict&t=1"
            }, 
            "searchLink": "https://api.cognitive.microsoft.com/api/v7/images/search?q=%e5%bc%a0%e6%9d%b0%e5%92%8c%e8%b0%a2%e5%a8%9c%e7%8e%b0%e5%9c%a8%e7%9a%84%e5%ae%b6", 
            "webSearchUrl": "https://www.bing.com/images/search?q=%e5%bc%a0%e6%9d%b0%e5%92%8c%e8%b0%a2%e5%a8%9c%e7%8e%b0%e5%9c%a8%e7%9a%84%e5%ae%b6&FORM=IRPATC"
        }, 
        {
            "text": "吴奇隆现在的老婆", 
            "displayText": "吴奇隆现在的老婆", 
            "thumbnail": {
                "thumbnailUrl": "https://tse3.mm.bing.net/th?q=%e5%90%b4%e5%a5%87%e9%9a%86%e7%8e%b0%e5%9c%a8%e7%9a%84%e8%80%81%e5%a9%86&pid=Api&mkt=zh-CN&adlt=strict&t=1"
            }, 
            "searchLink": "https://api.cognitive.microsoft.com/api/v7/images/search?q=%e5%90%b4%e5%a5%87%e9%9a%86%e7%8e%b0%e5%9c%a8%e7%9a%84%e8%80%81%e5%a9%86", 
            "webSearchUrl": "https://www.bing.com/images/search?q=%e5%90%b4%e5%a5%87%e9%9a%86%e7%8e%b0%e5%9c%a8%e7%9a%84%e8%80%81%e5%a9%86&FORM=IRPATC"
        }, 
        {
            "text": "王菲女儿李嫣现在照片", 
            "displayText": "王菲女儿李嫣现在照片", 
            "thumbnail": {
                "thumbnailUrl": "https://tse1.mm.bing.net/th?q=%e7%8e%8b%e8%8f%b2%e5%a5%b3%e5%84%bf%e6%9d%8e%e5%ab%a3%e7%8e%b0%e5%9c%a8%e7%85%a7%e7%89%87&pid=Api&mkt=zh-CN&adlt=strict&t=1"
            }, 
            "searchLink": "https://api.cognitive.microsoft.com/api/v7/images/search?q=%e7%8e%8b%e8%8f%b2%e5%a5%b3%e5%84%bf%e6%9d%8e%e5%ab%a3%e7%8e%b0%e5%9c%a8%e7%85%a7%e7%89%87", 
            "webSearchUrl": "https://www.bing.com/images/search?q=%e7%8e%8b%e8%8f%b2%e5%a5%b3%e5%84%bf%e6%9d%8e%e5%ab%a3%e7%8e%b0%e5%9c%a8%e7%85%a7%e7%89%87&FORM=IRPATC"
        }, 
        {
            "text": "汪峰现在老婆和女儿", 
            "displayText": "汪峰现在老婆和女儿", 
            "thumbnail": {
                "thumbnailUrl": "https://tse4.mm.bing.net/th?q=%e6%b1%aa%e5%b3%b0%e7%8e%b0%e5%9c%a8%e8%80%81%e5%a9%86%e5%92%8c%e5%a5%b3%e5%84%bf&pid=Api&mkt=zh-CN&adlt=strict&t=1"
            }, 
            "searchLink": "https://api.cognitive.microsoft.com/api/v7/images/search?q=%e6%b1%aa%e5%b3%b0%e7%8e%b0%e5%9c%a8%e8%80%81%e5%a9%86%e5%92%8c%e5%a5%b3%e5%84%bf", 
            "webSearchUrl": "https://www.bing.com/images/search?q=%e6%b1%aa%e5%b3%b0%e7%8e%b0%e5%9c%a8%e8%80%81%e5%a9%86%e5%92%8c%e5%a5%b3%e5%84%bf&FORM=IRPATC"
        }, 
        {
            "text": "魏晨现在的女朋友", 
            "displayText": "魏晨现在的女朋友", 
            "thumbnail": {
                "thumbnailUrl": "https://tse3.mm.bing.net/th?q=%e9%ad%8f%e6%99%a8%e7%8e%b0%e5%9c%a8%e7%9a%84%e5%a5%b3%e6%9c%8b%e5%8f%8b&pid=Api&mkt=zh-CN&adlt=strict&t=1"
            }, 
            "searchLink": "https://api.cognitive.microsoft.com/api/v7/images/search?q=%e9%ad%8f%e6%99%a8%e7%8e%b0%e5%9c%a8%e7%9a%84%e5%a5%b3%e6%9c%8b%e5%8f%8b", 
            "webSearchUrl": "https://www.bing.com/images/search?q=%e9%ad%8f%e6%99%a8%e7%8e%b0%e5%9c%a8%e7%9a%84%e5%a5%b3%e6%9c%8b%e5%8f%8b&FORM=IRPATC"
        }, 
        {
            "text": "赵薇女儿现在的照片", 
            "displayText": "赵薇女儿现在的照片", 
            "thumbnail": {
                "thumbnailUrl": "https://tse3.mm.bing.net/th?q=%e8%b5%b5%e8%96%87%e5%a5%b3%e5%84%bf%e7%8e%b0%e5%9c%a8%e7%9a%84%e7%85%a7%e7%89%87&pid=Api&mkt=zh-CN&adlt=strict&t=1"
            }, 
            "searchLink": "https://api.cognitive.microsoft.com/api/v7/images/search?q=%e8%b5%b5%e8%96%87%e5%a5%b3%e5%84%bf%e7%8e%b0%e5%9c%a8%e7%9a%84%e7%85%a7%e7%89%87", 
            "webSearchUrl": "https://www.bing.com/images/search?q=%e8%b5%b5%e8%96%87%e5%a5%b3%e5%84%bf%e7%8e%b0%e5%9c%a8%e7%9a%84%e7%85%a7%e7%89%87&FORM=IRPATC"
        }, 
        {
            "text": "赵本山现在的老婆", 
            "displayText": "赵本山现在的老婆", 
            "thumbnail": {
                "thumbnailUrl": "https://tse2.mm.bing.net/th?q=%e8%b5%b5%e6%9c%ac%e5%b1%b1%e7%8e%b0%e5%9c%a8%e7%9a%84%e8%80%81%e5%a9%86&pid=Api&mkt=zh-CN&adlt=strict&t=1"
            }, 
            "searchLink": "https://api.cognitive.microsoft.com/api/v7/images/search?q=%e8%b5%b5%e6%9c%ac%e5%b1%b1%e7%8e%b0%e5%9c%a8%e7%9a%84%e8%80%81%e5%a9%86", 
            "webSearchUrl": "https://www.bing.com/images/search?q=%e8%b5%b5%e6%9c%ac%e5%b1%b1%e7%8e%b0%e5%9c%a8%e7%9a%84%e8%80%81%e5%a9%86&FORM=IRPATC"
        }, 
        {
            "text": "杨幂现在的男朋友", 
            "displayText": "杨幂现在的男朋友", 
            "thumbnail": {
                "thumbnailUrl": "https://tse2.mm.bing.net/th?q=%e6%9d%a8%e5%b9%82%e7%8e%b0%e5%9c%a8%e7%9a%84%e7%94%b7%e6%9c%8b%e5%8f%8b&pid=Api&mkt=zh-CN&adlt=strict&t=1"
            }, 
            "searchLink": "https://api.cognitive.microsoft.com/api/v7/images/search?q=%e6%9d%a8%e5%b9%82%e7%8e%b0%e5%9c%a8%e7%9a%84%e7%94%b7%e6%9c%8b%e5%8f%8b", 
            "webSearchUrl": "https://www.bing.com/images/search?q=%e6%9d%a8%e5%b9%82%e7%8e%b0%e5%9c%a8%e7%9a%84%e7%94%b7%e6%9c%8b%e5%8f%8b&FORM=IRPATC"
        }, 
        {
            "text": "汪峰现在的老婆", 
            "displayText": "汪峰现在的老婆", 
            "thumbnail": {
                "thumbnailUrl": "https://tse2.mm.bing.net/th?q=%e6%b1%aa%e5%b3%b0%e7%8e%b0%e5%9c%a8%e7%9a%84%e8%80%81%e5%a9%86&pid=Api&mkt=zh-CN&adlt=strict&t=1"
            }, 
            "searchLink": "https://api.cognitive.microsoft.com/api/v7/images/search?q=%e6%b1%aa%e5%b3%b0%e7%8e%b0%e5%9c%a8%e7%9a%84%e8%80%81%e5%a9%86", 
            "webSearchUrl": "https://www.bing.com/images/search?q=%e6%b1%aa%e5%b3%b0%e7%8e%b0%e5%9c%a8%e7%9a%84%e8%80%81%e5%a9%86&FORM=IRPATC"
        }
    ]
}