{
    "instrumentation": {
        "_type": "ResponseInstrumentation"
    }, 
    "_type": "Images", 
    "webSearchUrl": "https://www.bing.com/images/search?q=site:(thepaper.cn or chinadaily.com.cn or china.com.cn or chinanews.com or youth.cn or sina.com.cn or xinhuanet.com or cri.cn or 163.com or cankaoxiaoxi.com or cctv.com or ifeng.com or qq.com or takungpao.com or people.com.cn or southcn.com or southcn.com or cnr.cn or people.com.cn or cyol.com or bjnews.com.cn or gmw.cn or dahe.cn or xfrb.com.cn or cqnews.net or lifeweek.com.cn or cpd.com.cn or haiwainet.cn or yidianzixun.com or ftchinese.com or guancha.cn or zhcw.com or huanqiu.com or ihuawen.com or nytimes.com or flickr.com or quanjing.com or vcg.com or gettyimages.co.uk or paixin.com) 信件&FORM=OIIARP", 
    "value": [
        {
            "contentUrl": "http://img2.ph.126.net/xlrouPGWj061ve2TarH7sw==/2531585940552972232.jpg", 
            "insightsMetadata": {
                "pagesIncludingCount": 5, 
                "availableSizesCount": 1
            }, 
            "height": 390, 
            "accentColor": "151515", 
            "hostPageDisplayUrl": "zssqjq.blog.163.com/blog/static/133460498201012212850201", 
            "name": "转 英文信件格式（附模板） - 易拉罐bb的日志 - 网易博客", 
            "width": 485, 
            "imageInsightsToken": "ccid_z08whDNn*mid_E78872289661E6370355203290857A5C56D59528*simid_608013358912900669*thid_OIP.z08whDNnlF!_NYoO4mmw0EgHaF9", 
            "imageId": "E78872289661E6370355203290857A5C56D59528", 
            "isFamilyFriendly": true, 
            "datePublished": "2018-08-13T23:18:00.0000000Z", 
            "encodingFormat": "jpeg", 
            "webSearchUrl": "https://www.bing.com/images/search?view=detailv2&FORM=OIIRPO&q=site%3a(thepaper.cn+or+chinadaily.com.cn+or+china.com.cn+or+chinanews.com+or+youth.cn+or+sina.com.cn+or+xinhuanet.com+or+cri.cn+or+163.com+or+cankaoxiaoxi.com+or+cctv.com+or+ifeng.com+or+qq.com+or+takungpao.com+or+people.com.cn+or+southcn.com+or+southcn.com+or+cnr.cn+or+people.com.cn+or+cyol.com+or+bjnews.com.cn+or+gmw.cn+or+dahe.cn+or+xfrb.com.cn+or+cqnews.net+or+lifeweek.com.cn+or+cpd.com.cn+or+haiwainet.cn+or+yidianzixun.com+or+ftchinese.com+or+guancha.cn+or+zhcw.com+or+huanqiu.com+or+ihuawen.com+or+nytimes.com+or+flickr.com+or+quanjing.com+or+vcg.com+or+gettyimages.co.uk+or+paixin.com)+%e4%bf%a1%e4%bb%b6&id=E78872289661E6370355203290857A5C56D59528&simid=608013358912900669", 
            "hostPageUrl": "http://zssqjq.blog.163.com/blog/static/133460498201012212850201", 
            "thumbnailUrl": "https://tse1.mm.bing.net/th?id=OIP.z08whDNnlF_NYoO4mmw0EgHaF9&pid=Api", 
            "thumbnail": {
                "width": 474, 
                "height": 381
            }, 
            "contentSize": "32747 B"
        }, 
        {
            "contentUrl": "http://img1.gtimg.com/news/pics/hv1/175/203/1141/74245465.jpg", 
            "insightsMetadata": {
                "pagesIncludingCount": 4, 
                "availableSizesCount": 1
            }, 
            "height": 220, 
            "accentColor": "1E6B78", 
            "hostPageDisplayUrl": "news.qq.com/a/20120913/000349.htm", 
            "name": "台各地往钓岛寄信大增 将各种账单寄给“岛主”_新闻_腾讯网", 
            "width": 330, 
            "imageInsightsToken": "ccid_aDeEyl12*mid_FA6CBE20ACA0FC32B90F6CF26EC8A432D9D2B67F*simid_607997957104534898*thid_OIP.aDeEyl121vuDijpU!_YPRgAHaE8", 
            "imageId": "FA6CBE20ACA0FC32B90F6CF26EC8A432D9D2B67F", 
            "isFamilyFriendly": true, 
            "datePublished": "2012-09-13T12:00:00.0000000Z", 
            "encodingFormat": "jpeg", 
            "webSearchUrl": "https://www.bing.com/images/search?view=detailv2&FORM=OIIRPO&q=site%3a(thepaper.cn+or+chinadaily.com.cn+or+china.com.cn+or+chinanews.com+or+youth.cn+or+sina.com.cn+or+xinhuanet.com+or+cri.cn+or+163.com+or+cankaoxiaoxi.com+or+cctv.com+or+ifeng.com+or+qq.com+or+takungpao.com+or+people.com.cn+or+southcn.com+or+southcn.com+or+cnr.cn+or+people.com.cn+or+cyol.com+or+bjnews.com.cn+or+gmw.cn+or+dahe.cn+or+xfrb.com.cn+or+cqnews.net+or+lifeweek.com.cn+or+cpd.com.cn+or+haiwainet.cn+or+yidianzixun.com+or+ftchinese.com+or+guancha.cn+or+zhcw.com+or+huanqiu.com+or+ihuawen.com+or+nytimes.com+or+flickr.com+or+quanjing.com+or+vcg.com+or+gettyimages.co.uk+or+paixin.com)+%e4%bf%a1%e4%bb%b6&id=FA6CBE20ACA0FC32B90F6CF26EC8A432D9D2B67F&simid=607997957104534898", 
            "hostPageUrl": "http://news.qq.com/a/20120913/000349.htm", 
            "thumbnailUrl": "https://tse2.mm.bing.net/th?id=OIP.aDeEyl121vuDijpU_YPRgAHaE8&pid=Api", 
            "thumbnail": {
                "width": 474, 
                "height": 316
            }, 
            "contentSize": "20643 B"
        }, 
        {
            "contentUrl": "http://preview.quanjing.com/chineseview094/mhrf-cpmh-55109f30z.jpg", 
            "insightsMetadata": {
                "pagesIncludingCount": 2, 
                "availableSizesCount": 1
            }, 
            "height": 400, 
            "accentColor": "B93312", 
            "hostPageDisplayUrl": "quanjing.com/imginfo/mhrf-cpmh-55109f30z.html", 
            "name": "航空信件图片_图片大全", 
            "width": 600, 
            "imageInsightsToken": "ccid_s/S+dc6J*mid_972962696FF25041EAC670A4440D4652B32DAF5E*simid_608018169223253902*thid_OIP.s!_S-dc6JqCvriFpH0jZUJAHaE8", 
            "imageId": "972962696FF25041EAC670A4440D4652B32DAF5E", 
            "isFamilyFriendly": true, 
            "datePublished": "2014-09-16T09:59:00.0000000Z", 
            "encodingFormat": "jpeg", 
            "webSearchUrl": "https://www.bing.com/images/search?view=detailv2&FORM=OIIRPO&q=site%3a(thepaper.cn+or+chinadaily.com.cn+or+china.com.cn+or+chinanews.com+or+youth.cn+or+sina.com.cn+or+xinhuanet.com+or+cri.cn+or+163.com+or+cankaoxiaoxi.com+or+cctv.com+or+ifeng.com+or+qq.com+or+takungpao.com+or+people.com.cn+or+southcn.com+or+southcn.com+or+cnr.cn+or+people.com.cn+or+cyol.com+or+bjnews.com.cn+or+gmw.cn+or+dahe.cn+or+xfrb.com.cn+or+cqnews.net+or+lifeweek.com.cn+or+cpd.com.cn+or+haiwainet.cn+or+yidianzixun.com+or+ftchinese.com+or+guancha.cn+or+zhcw.com+or+huanqiu.com+or+ihuawen.com+or+nytimes.com+or+flickr.com+or+quanjing.com+or+vcg.com+or+gettyimages.co.uk+or+paixin.com)+%e4%bf%a1%e4%bb%b6&id=972962696FF25041EAC670A4440D4652B32DAF5E&simid=608018169223253902", 
            "hostPageUrl": "http://quanjing.com/imginfo/mhrf-cpmh-55109f30z.html", 
            "thumbnailUrl": "https://tse1.mm.bing.net/th?id=OIP.s_S-dc6JqCvriFpH0jZUJAHaE8&pid=Api", 
            "thumbnail": {
                "width": 474, 
                "height": 316
            }, 
            "contentSize": "22989 B"
        }, 
        {
            "contentUrl": "http://preview.quanjing.com/chineseview094/mhrf-cpmh-55118f30z.jpg", 
            "insightsMetadata": {
                "pagesIncludingCount": 1, 
                "availableSizesCount": 1
            }, 
            "height": 400, 
            "accentColor": "B44117", 
            "hostPageDisplayUrl": "quanjing.com/imginfo/mhrf-cpmh-55118f30z.html", 
            "name": "航空信件图片_图片大全", 
            "width": 600, 
            "imageInsightsToken": "ccid_Ton3j3Pt*mid_A2721D086447FAAEBE4B19D6E2355B528F01C290*simid_608042092212587336*thid_OIP.Ton3j3PtCk19oJHN9wS!_uwHaE8", 
            "imageId": "A2721D086447FAAEBE4B19D6E2355B528F01C290", 
            "isFamilyFriendly": true, 
            "datePublished": "2014-06-28T10:05:00.0000000Z", 
            "encodingFormat": "jpeg", 
            "webSearchUrl": "https://www.bing.com/images/search?view=detailv2&FORM=OIIRPO&q=site%3a(thepaper.cn+or+chinadaily.com.cn+or+china.com.cn+or+chinanews.com+or+youth.cn+or+sina.com.cn+or+xinhuanet.com+or+cri.cn+or+163.com+or+cankaoxiaoxi.com+or+cctv.com+or+ifeng.com+or+qq.com+or+takungpao.com+or+people.com.cn+or+southcn.com+or+southcn.com+or+cnr.cn+or+people.com.cn+or+cyol.com+or+bjnews.com.cn+or+gmw.cn+or+dahe.cn+or+xfrb.com.cn+or+cqnews.net+or+lifeweek.com.cn+or+cpd.com.cn+or+haiwainet.cn+or+yidianzixun.com+or+ftchinese.com+or+guancha.cn+or+zhcw.com+or+huanqiu.com+or+ihuawen.com+or+nytimes.com+or+flickr.com+or+quanjing.com+or+vcg.com+or+gettyimages.co.uk+or+paixin.com)+%e4%bf%a1%e4%bb%b6&id=A2721D086447FAAEBE4B19D6E2355B528F01C290&simid=608042092212587336", 
            "hostPageUrl": "http://quanjing.com/imginfo/mhrf-cpmh-55118f30z.html", 
            "thumbnailUrl": "https://tse3.mm.bing.net/th?id=OIP.Ton3j3PtCk19oJHN9wS_uwHaE8&pid=Api", 
            "thumbnail": {
                "width": 474, 
                "height": 316
            }, 
            "contentSize": "30595 B"
        }, 
        {
            "contentUrl": "http://images.china.cn/attachement/jpg/site1000/20151029/d02788e9b72d179c1a0134.jpg", 
            "insightsMetadata": {
                "pagesIncludingCount": 5, 
                "availableSizesCount": 3
            }, 
            "height": 710, 
            "accentColor": "C98702", 
            "hostPageDisplayUrl": "www.china.com.cn/guoqing/2015-10/29/content_36927518.htm", 
            "name": "姚笛感恩粉丝来信：无以回报,笛子努力多出点好戏!_中国国情 ...", 
            "width": 527, 
            "imageInsightsToken": "ccid_DA27+aFV*mid_D81872317767711105A50F0BF3B36957803FAC7D*simid_608048556141840185*thid_OIP.DA27-aFVcYQ!_ydhgL5MxvgHaJ-", 
            "imageId": "D81872317767711105A50F0BF3B36957803FAC7D", 
            "isFamilyFriendly": true, 
            "datePublished": "2018-03-15T20:41:00.0000000Z", 
            "encodingFormat": "jpeg", 
            "webSearchUrl": "https://www.bing.com/images/search?view=detailv2&FORM=OIIRPO&q=site%3a(thepaper.cn+or+chinadaily.com.cn+or+china.com.cn+or+chinanews.com+or+youth.cn+or+sina.com.cn+or+xinhuanet.com+or+cri.cn+or+163.com+or+cankaoxiaoxi.com+or+cctv.com+or+ifeng.com+or+qq.com+or+takungpao.com+or+people.com.cn+or+southcn.com+or+southcn.com+or+cnr.cn+or+people.com.cn+or+cyol.com+or+bjnews.com.cn+or+gmw.cn+or+dahe.cn+or+xfrb.com.cn+or+cqnews.net+or+lifeweek.com.cn+or+cpd.com.cn+or+haiwainet.cn+or+yidianzixun.com+or+ftchinese.com+or+guancha.cn+or+zhcw.com+or+huanqiu.com+or+ihuawen.com+or+nytimes.com+or+flickr.com+or+quanjing.com+or+vcg.com+or+gettyimages.co.uk+or+paixin.com)+%e4%bf%a1%e4%bb%b6&id=D81872317767711105A50F0BF3B36957803FAC7D&simid=608048556141840185", 
            "hostPageUrl": "http://www.china.com.cn/guoqing/2015-10/29/content_36927518.htm", 
            "thumbnailUrl": "https://tse4.mm.bing.net/th?id=OIP.DA27-aFVcYQ_ydhgL5MxvgHaJ-&pid=Api", 
            "thumbnail": {
                "width": 474, 
                "height": 638
            }, 
            "contentSize": "125414 B"
        }, 
        {
            "contentUrl": "http://n.sinaimg.cn/tech/transform/20161205/0th4-fxyiayr9068386.jpg", 
            "insightsMetadata": {
                "pagesIncludingCount": 2, 
                "availableSizesCount": 2
            }, 
            "height": 732, 
            "accentColor": "414978", 
            "hostPageDisplayUrl": "tech.sina.com.cn/mobile/n/n/2016-12-05/doc...", 
            "name": "泰坦计划大转折！苹果自动驾驶项目改变研发方向|自动驾驶汽车 ...", 
            "width": 630, 
            "imageInsightsToken": "ccid_TTj+IMFy*mid_40F9EC41794106CAF758D48905D5753223BAF91B*simid_608021944524997007*thid_OIP.TTj-IMFykrZuY5uYy0jwHgHaIm", 
            "imageId": "40F9EC41794106CAF758D48905D5753223BAF91B", 
            "isFamilyFriendly": true, 
            "datePublished": "2016-12-05T02:11:00.0000000Z", 
            "encodingFormat": "jpeg", 
            "webSearchUrl": "https://www.bing.com/images/search?view=detailv2&FORM=OIIRPO&q=site%3a(thepaper.cn+or+chinadaily.com.cn+or+china.com.cn+or+chinanews.com+or+youth.cn+or+sina.com.cn+or+xinhuanet.com+or+cri.cn+or+163.com+or+cankaoxiaoxi.com+or+cctv.com+or+ifeng.com+or+qq.com+or+takungpao.com+or+people.com.cn+or+southcn.com+or+southcn.com+or+cnr.cn+or+people.com.cn+or+cyol.com+or+bjnews.com.cn+or+gmw.cn+or+dahe.cn+or+xfrb.com.cn+or+cqnews.net+or+lifeweek.com.cn+or+cpd.com.cn+or+haiwainet.cn+or+yidianzixun.com+or+ftchinese.com+or+guancha.cn+or+zhcw.com+or+huanqiu.com+or+ihuawen.com+or+nytimes.com+or+flickr.com+or+quanjing.com+or+vcg.com+or+gettyimages.co.uk+or+paixin.com)+%e4%bf%a1%e4%bb%b6&id=40F9EC41794106CAF758D48905D5753223BAF91B&simid=608021944524997007", 
            "hostPageUrl": "http://tech.sina.com.cn/mobile/n/n/2016-12-05/doc-ifxyiayq2320601.shtml", 
            "thumbnailUrl": "https://tse1.mm.bing.net/th?id=OIP.TTj-IMFykrZuY5uYy0jwHgHaIm&pid=Api", 
            "thumbnail": {
                "width": 474, 
                "height": 550
            }, 
            "contentSize": "45647 B"
        }, 
        {
            "contentUrl": "http://n.sinaimg.cn/games/transform/20161021/K3nK-fxwztrw3526413.jpg", 
            "insightsMetadata": {
                "pagesIncludingCount": 2, 
                "availableSizesCount": 1
            }, 
            "height": 281, 
            "accentColor": "A12A2E", 
            "hostPageDisplayUrl": "games.sina.com.cn/g/g/2016-10-21/fxwztru6792495.shtml", 
            "name": "动用版权也没用！《GTA5》炸弹Note7视频已解封_八卦趣闻_新浪游戏 ...", 
            "width": 550, 
            "imageInsightsToken": "ccid_/J6NJEc0*mid_A04645B738A3D19420EDC759F8D9E5BB3875F95F*simid_608030281045249540*thid_OIP.!_J6NJEc0iezGxATZ-b5ZgwHaDy", 
            "imageId": "A04645B738A3D19420EDC759F8D9E5BB3875F95F", 
            "isFamilyFriendly": true, 
            "datePublished": "2017-03-19T13:37:00.0000000Z", 
            "encodingFormat": "jpeg", 
            "webSearchUrl": "https://www.bing.com/images/search?view=detailv2&FORM=OIIRPO&q=site%3a(thepaper.cn+or+chinadaily.com.cn+or+china.com.cn+or+chinanews.com+or+youth.cn+or+sina.com.cn+or+xinhuanet.com+or+cri.cn+or+163.com+or+cankaoxiaoxi.com+or+cctv.com+or+ifeng.com+or+qq.com+or+takungpao.com+or+people.com.cn+or+southcn.com+or+southcn.com+or+cnr.cn+or+people.com.cn+or+cyol.com+or+bjnews.com.cn+or+gmw.cn+or+dahe.cn+or+xfrb.com.cn+or+cqnews.net+or+lifeweek.com.cn+or+cpd.com.cn+or+haiwainet.cn+or+yidianzixun.com+or+ftchinese.com+or+guancha.cn+or+zhcw.com+or+huanqiu.com+or+ihuawen.com+or+nytimes.com+or+flickr.com+or+quanjing.com+or+vcg.com+or+gettyimages.co.uk+or+paixin.com)+%e4%bf%a1%e4%bb%b6&id=A04645B738A3D19420EDC759F8D9E5BB3875F95F&simid=608030281045249540", 
            "hostPageUrl": "http://games.sina.com.cn/g/g/2016-10-21/fxwztru6792495.shtml", 
            "thumbnailUrl": "https://tse4.mm.bing.net/th?id=OIP._J6NJEc0iezGxATZ-b5ZgwHaDy&pid=Api", 
            "thumbnail": {
                "width": 474, 
                "height": 242
            }, 
            "contentSize": "15780 B"
        }, 
        {
            "contentUrl": "http://i1.sinaimg.cn/ent/s/m/p/2009-03-14/U3461P28T3D2420059F358DT20090314100451.JPG", 
            "insightsMetadata": {
                "pagesIncludingCount": 3, 
                "availableSizesCount": 1
            }, 
            "height": 244, 
            "accentColor": "4B6980", 
            "hostPageDisplayUrl": "ent.sina.com.cn/s/m/p/2009-03-14/10042420059.shtml", 
            "name": "郭德纲收到恐吓信 信件内容展示(组图)_影音娱乐_新浪网", 
            "width": 366, 
            "imageInsightsToken": "ccid_N2NaGTka*mid_2AC966ED6DECBC3978669662FAABFEFADF07EF99*simid_608030942475255875*thid_OIP.N2NaGTkaEflc596PlCX-EQHaE8", 
            "imageId": "2AC966ED6DECBC3978669662FAABFEFADF07EF99", 
            "isFamilyFriendly": true, 
            "datePublished": "2010-02-09T00:37:00.0000000Z", 
            "encodingFormat": "jpeg", 
            "webSearchUrl": "https://www.bing.com/images/search?view=detailv2&FORM=OIIRPO&q=site%3a(thepaper.cn+or+chinadaily.com.cn+or+china.com.cn+or+chinanews.com+or+youth.cn+or+sina.com.cn+or+xinhuanet.com+or+cri.cn+or+163.com+or+cankaoxiaoxi.com+or+cctv.com+or+ifeng.com+or+qq.com+or+takungpao.com+or+people.com.cn+or+southcn.com+or+southcn.com+or+cnr.cn+or+people.com.cn+or+cyol.com+or+bjnews.com.cn+or+gmw.cn+or+dahe.cn+or+xfrb.com.cn+or+cqnews.net+or+lifeweek.com.cn+or+cpd.com.cn+or+haiwainet.cn+or+yidianzixun.com+or+ftchinese.com+or+guancha.cn+or+zhcw.com+or+huanqiu.com+or+ihuawen.com+or+nytimes.com+or+flickr.com+or+quanjing.com+or+vcg.com+or+gettyimages.co.uk+or+paixin.com)+%e4%bf%a1%e4%bb%b6&id=2AC966ED6DECBC3978669662FAABFEFADF07EF99&simid=608030942475255875", 
            "hostPageUrl": "http://ent.sina.com.cn/s/m/p/2009-03-14/10042420059.shtml", 
            "thumbnailUrl": "https://tse3.mm.bing.net/th?id=OIP.N2NaGTkaEflc596PlCX-EQHaE8&pid=Api", 
            "thumbnail": {
                "width": 474, 
                "height": 316
            }, 
            "contentSize": "15204 B"
        }, 
        {
            "contentUrl": "http://n.sinaimg.cn/ent/transform/20170228/sYX6-fyawhqy3260054.jpg", 
            "insightsMetadata": {
                "pagesIncludingCount": 4, 
                "availableSizesCount": 1
            }, 
            "height": 428, 
            "accentColor": "30699B", 
            "hostPageDisplayUrl": "ent.sina.com.cn/s/j/2017-02-28/doc-ifyavvsh7196306.shtml", 
            "name": "太阳写信给军中T.O.P 一句“哥好想你”惹哭粉丝|T.O.P|太阳|bigbang ...", 
            "width": 534, 
            "imageInsightsToken": "ccid_J4yKGD90*mid_40E66C2599669A4F1AAF6444CD047B4AEDCB30EB*simid_608045309117596959*thid_OIP.J4yKGD90p33sPn2gAp0NagHaF7", 
            "imageId": "40E66C2599669A4F1AAF6444CD047B4AEDCB30EB", 
            "isFamilyFriendly": true, 
            "datePublished": "2017-02-28T16:25:00.0000000Z", 
            "encodingFormat": "jpeg", 
            "webSearchUrl": "https://www.bing.com/images/search?view=detailv2&FORM=OIIRPO&q=site%3a(thepaper.cn+or+chinadaily.com.cn+or+china.com.cn+or+chinanews.com+or+youth.cn+or+sina.com.cn+or+xinhuanet.com+or+cri.cn+or+163.com+or+cankaoxiaoxi.com+or+cctv.com+or+ifeng.com+or+qq.com+or+takungpao.com+or+people.com.cn+or+southcn.com+or+southcn.com+or+cnr.cn+or+people.com.cn+or+cyol.com+or+bjnews.com.cn+or+gmw.cn+or+dahe.cn+or+xfrb.com.cn+or+cqnews.net+or+lifeweek.com.cn+or+cpd.com.cn+or+haiwainet.cn+or+yidianzixun.com+or+ftchinese.com+or+guancha.cn+or+zhcw.com+or+huanqiu.com+or+ihuawen.com+or+nytimes.com+or+flickr.com+or+quanjing.com+or+vcg.com+or+gettyimages.co.uk+or+paixin.com)+%e4%bf%a1%e4%bb%b6&id=40E66C2599669A4F1AAF6444CD047B4AEDCB30EB&simid=608045309117596959", 
            "hostPageUrl": "http://ent.sina.com.cn/s/j/2017-02-28/doc-ifyavvsh7196306.shtml", 
            "thumbnailUrl": "https://tse2.mm.bing.net/th?id=OIP.J4yKGD90p33sPn2gAp0NagHaF7&pid=Api", 
            "thumbnail": {
                "width": 474, 
                "height": 379
            }, 
            "contentSize": "53260 B"
        }, 
        {
            "contentUrl": "http://n.sinaimg.cn/collect/crawl/526/w550h776/20180329/QhmP-fysqfni2286323.jpg", 
            "insightsMetadata": {
                "pagesIncludingCount": 2, 
                "availableSizesCount": 1
            }, 
            "height": 776, 
            "accentColor": "847447", 
            "hostPageDisplayUrl": "collection.sina.com.cn/auction/pcdt/2018-03-29/doc...", 
            "name": "虎蓥未必是圆明园流失文物 或炒作吸引爱国情怀|圆明园_新浪 ...", 
            "width": 550, 
            "imageInsightsToken": "ccid_gGnJ1LYP*mid_2FF4F89F98A0909B89CA4861B49E0DC9AC4072E8*simid_608007032375476864*thid_OIP.gGnJ1LYPc9ef0AzTejt84QHaKc", 
            "imageId": "2FF4F89F98A0909B89CA4861B49E0DC9AC4072E8", 
            "isFamilyFriendly": true, 
            "datePublished": "2018-03-29T01:31:00.0000000Z", 
            "encodingFormat": "jpeg", 
            "webSearchUrl": "https://www.bing.com/images/search?view=detailv2&FORM=OIIRPO&q=site%3a(thepaper.cn+or+chinadaily.com.cn+or+china.com.cn+or+chinanews.com+or+youth.cn+or+sina.com.cn+or+xinhuanet.com+or+cri.cn+or+163.com+or+cankaoxiaoxi.com+or+cctv.com+or+ifeng.com+or+qq.com+or+takungpao.com+or+people.com.cn+or+southcn.com+or+southcn.com+or+cnr.cn+or+people.com.cn+or+cyol.com+or+bjnews.com.cn+or+gmw.cn+or+dahe.cn+or+xfrb.com.cn+or+cqnews.net+or+lifeweek.com.cn+or+cpd.com.cn+or+haiwainet.cn+or+yidianzixun.com+or+ftchinese.com+or+guancha.cn+or+zhcw.com+or+huanqiu.com+or+ihuawen.com+or+nytimes.com+or+flickr.com+or+quanjing.com+or+vcg.com+or+gettyimages.co.uk+or+paixin.com)+%e4%bf%a1%e4%bb%b6&id=2FF4F89F98A0909B89CA4861B49E0DC9AC4072E8&simid=608007032375476864", 
            "hostPageUrl": "http://collection.sina.com.cn/auction/pcdt/2018-03-29/doc-ifysqfni2289505.shtml", 
            "thumbnailUrl": "https://tse2.mm.bing.net/th?id=OIP.gGnJ1LYPc9ef0AzTejt84QHaKc&pid=Api", 
            "thumbnail": {
                "width": 474, 
                "height": 668
            }, 
            "contentSize": "103086 B"
        }
    ], 
    "nextOffset": 13, 
    "queryContext": {
        "alterationMethod": "AM_JustChangeIt", 
        "alterationType": "CombinedAlterationsChained", 
        "originalQuery": "site:(thepaper.cn or chinadaily.com.cn or china.com.cn or chinanews.com or youth.cn or sina.com.cn or xinhuanet.com or cri.cn or 163.com or cankaoxiaoxi.com or cctv.com or ifeng.com or qq.com or takungpao.com or people.com.cn or southcn.com or southcn.com or cnr.cn or people.com.cn or cyol.com or bjnews.com.cn or gmw.cn or dahe.cn or xfrb.com.cn or cqnews.net or lifeweek.com.cn or cpd.com.cn or haiwainet.cn or yidianzixun.com or ftchinese.com or guancha.cn or zhcw.com or huanqiu.com or ihuawen.com or nytimes.com or flickr.com or quanjing.com or vcg.com or gettyimages.co.uk or paixin.com) 信件", 
        "alterationOverrideQuery": "+site:(thepaper.cn or chinadaily.com.cn or china.com.cn or chinanews.com or youth.cn or sina.com.cn or xinhuanet.com or cri.cn or 163.com or cankaoxiaoxi.com or cctv.com or ifeng.com or qq.com or takungpao.com or people.com.cn or southcn.com or southcn.com or cnr.cn or people.com.cn or cyol.com or bjnews.com.cn or gmw.cn or dahe.cn or xfrb.com.cn or cqnews.net or lifeweek.com.cn or cpd.com.cn or haiwainet.cn or yidianzixun.com or ftchinese.com or guancha.cn or zhcw.com or huanqiu.com or ihuawen.com or nytimes.com or flickr.com or quanjing.com or vcg.com or gettyimages.co.uk or paixin.com) 信件", 
        "alterationDisplayQuery": "信件"
    }, 
    "currentOffset": 0, 
    "readLink": "images/search?q=site:(thepaper.cn or chinadaily.com.cn or china.com.cn or chinanews.com or youth.cn or sina.com.cn or xinhuanet.com or cri.cn or 163.com or cankaoxiaoxi.com or cctv.com or ifeng.com or qq.com or takungpao.com or people.com.cn or southcn.com or southcn.com or cnr.cn or people.com.cn or cyol.com or bjnews.com.cn or gmw.cn or dahe.cn or xfrb.com.cn or cqnews.net or lifeweek.com.cn or cpd.com.cn or haiwainet.cn or yidianzixun.com or ftchinese.com or guancha.cn or zhcw.com or huanqiu.com or ihuawen.com or nytimes.com or flickr.com or quanjing.com or vcg.com or gettyimages.co.uk or paixin.com) 信件", 
    "totalEstimatedMatches": 100, 
    "relatedSearches": [
        {
            "text": "信件矢量图", 
            "displayText": "信件矢量图", 
            "thumbnail": {
                "thumbnailUrl": "https://tse1.mm.bing.net/th?q=%e4%bf%a1%e4%bb%b6%e7%9f%a2%e9%87%8f%e5%9b%be&pid=Api&mkt=zh-CN&adlt=strict&t=1"
            }, 
            "searchLink": "https://api.cognitive.microsoft.com/api/v7/images/search?q=%e4%bf%a1%e4%bb%b6%e7%9f%a2%e9%87%8f%e5%9b%be", 
            "webSearchUrl": "https://www.bing.com/images/search?q=%e4%bf%a1%e4%bb%b6%e7%9f%a2%e9%87%8f%e5%9b%be&FORM=IRPATC"
        }, 
        {
            "text": "复古信件", 
            "displayText": "复古信件", 
            "thumbnail": {
                "thumbnailUrl": "https://tse1.mm.bing.net/th?q=%e5%a4%8d%e5%8f%a4%e4%bf%a1%e4%bb%b6&pid=Api&mkt=zh-CN&adlt=strict&t=1"
            }, 
            "searchLink": "https://api.cognitive.microsoft.com/api/v7/images/search?q=%e5%a4%8d%e5%8f%a4%e4%bf%a1%e4%bb%b6", 
            "webSearchUrl": "https://www.bing.com/images/search?q=%e5%a4%8d%e5%8f%a4%e4%bf%a1%e4%bb%b6&FORM=IRPATC"
        }, 
        {
            "text": "信件格式", 
            "displayText": "信件格式", 
            "thumbnail": {
                "thumbnailUrl": "https://tse1.mm.bing.net/th?q=%e4%bf%a1%e4%bb%b6%e6%a0%bc%e5%bc%8f&pid=Api&mkt=zh-CN&adlt=strict&t=1"
            }, 
            "searchLink": "https://api.cognitive.microsoft.com/api/v7/images/search?q=%e4%bf%a1%e4%bb%b6%e6%a0%bc%e5%bc%8f", 
            "webSearchUrl": "https://www.bing.com/images/search?q=%e4%bf%a1%e4%bb%b6%e6%a0%bc%e5%bc%8f&FORM=IRPATC"
        }, 
        {
            "text": "英文信件格式", 
            "displayText": "英文信件格式", 
            "thumbnail": {
                "thumbnailUrl": "https://tse1.mm.bing.net/th?q=%e8%8b%b1%e6%96%87%e4%bf%a1%e4%bb%b6%e6%a0%bc%e5%bc%8f&pid=Api&mkt=zh-CN&adlt=strict&t=1"
            }, 
            "searchLink": "https://api.cognitive.microsoft.com/api/v7/images/search?q=%e8%8b%b1%e6%96%87%e4%bf%a1%e4%bb%b6%e6%a0%bc%e5%bc%8f", 
            "webSearchUrl": "https://www.bing.com/images/search?q=%e8%8b%b1%e6%96%87%e4%bf%a1%e4%bb%b6%e6%a0%bc%e5%bc%8f&FORM=IRPATC"
        }, 
        {
            "text": "信件图标", 
            "displayText": "信件图标", 
            "thumbnail": {
                "thumbnailUrl": "https://tse3.mm.bing.net/th?q=%e4%bf%a1%e4%bb%b6%e5%9b%be%e6%a0%87&pid=Api&mkt=zh-CN&adlt=strict&t=1"
            }, 
            "searchLink": "https://api.cognitive.microsoft.com/api/v7/images/search?q=%e4%bf%a1%e4%bb%b6%e5%9b%be%e6%a0%87", 
            "webSearchUrl": "https://www.bing.com/images/search?q=%e4%bf%a1%e4%bb%b6%e5%9b%be%e6%a0%87&FORM=IRPATC"
        }, 
        {
            "text": "中文信件格式", 
            "displayText": "中文信件格式", 
            "thumbnail": {
                "thumbnailUrl": "https://tse1.mm.bing.net/th?q=%e4%b8%ad%e6%96%87%e4%bf%a1%e4%bb%b6%e6%a0%bc%e5%bc%8f&pid=Api&mkt=zh-CN&adlt=strict&t=1"
            }, 
            "searchLink": "https://api.cognitive.microsoft.com/api/v7/images/search?q=%e4%b8%ad%e6%96%87%e4%bf%a1%e4%bb%b6%e6%a0%bc%e5%bc%8f", 
            "webSearchUrl": "https://www.bing.com/images/search?q=%e4%b8%ad%e6%96%87%e4%bf%a1%e4%bb%b6%e6%a0%bc%e5%bc%8f&FORM=IRPATC"
        }, 
        {
            "text": "卡通信件", 
            "displayText": "卡通信件", 
            "thumbnail": {
                "thumbnailUrl": "https://tse3.mm.bing.net/th?q=%e5%8d%a1%e9%80%9a%e4%bf%a1%e4%bb%b6&pid=Api&mkt=zh-CN&adlt=strict&t=1"
            }, 
            "searchLink": "https://api.cognitive.microsoft.com/api/v7/images/search?q=%e5%8d%a1%e9%80%9a%e4%bf%a1%e4%bb%b6", 
            "webSearchUrl": "https://www.bing.com/images/search?q=%e5%8d%a1%e9%80%9a%e4%bf%a1%e4%bb%b6&FORM=IRPATC"
        }, 
        {
            "text": "英文信件", 
            "displayText": "英文信件", 
            "thumbnail": {
                "thumbnailUrl": "https://tse2.mm.bing.net/th?q=%e8%8b%b1%e6%96%87%e4%bf%a1%e4%bb%b6&pid=Api&mkt=zh-CN&adlt=strict&t=1"
            }, 
            "searchLink": "https://api.cognitive.microsoft.com/api/v7/images/search?q=%e8%8b%b1%e6%96%87%e4%bf%a1%e4%bb%b6", 
            "webSearchUrl": "https://www.bing.com/images/search?q=%e8%8b%b1%e6%96%87%e4%bf%a1%e4%bb%b6&FORM=IRPATC"
        }, 
        {
            "text": "信件封面格式", 
            "displayText": "信件封面格式", 
            "thumbnail": {
                "thumbnailUrl": "https://tse4.mm.bing.net/th?q=%e4%bf%a1%e4%bb%b6%e5%b0%81%e9%9d%a2%e6%a0%bc%e5%bc%8f&pid=Api&mkt=zh-CN&adlt=strict&t=1"
            }, 
            "searchLink": "https://api.cognitive.microsoft.com/api/v7/images/search?q=%e4%bf%a1%e4%bb%b6%e5%b0%81%e9%9d%a2%e6%a0%bc%e5%bc%8f", 
            "webSearchUrl": "https://www.bing.com/images/search?q=%e4%bf%a1%e4%bb%b6%e5%b0%81%e9%9d%a2%e6%a0%bc%e5%bc%8f&FORM=IRPATC"
        }, 
        {
            "text": "义务兵信件章", 
            "displayText": "义务兵信件章", 
            "thumbnail": {
                "thumbnailUrl": "https://tse1.mm.bing.net/th?q=%e4%b9%89%e5%8a%a1%e5%85%b5%e4%bf%a1%e4%bb%b6%e7%ab%a0&pid=Api&mkt=zh-CN&adlt=strict&t=1"
            }, 
            "searchLink": "https://api.cognitive.microsoft.com/api/v7/images/search?q=%e4%b9%89%e5%8a%a1%e5%85%b5%e4%bf%a1%e4%bb%b6%e7%ab%a0", 
            "webSearchUrl": "https://www.bing.com/images/search?q=%e4%b9%89%e5%8a%a1%e5%85%b5%e4%bf%a1%e4%bb%b6%e7%ab%a0&FORM=IRPATC"
        }, 
        {
            "text": "国外信件信封格式", 
            "displayText": "国外信件信封格式", 
            "thumbnail": {
                "thumbnailUrl": "https://tse2.mm.bing.net/th?q=%e5%9b%bd%e5%a4%96%e4%bf%a1%e4%bb%b6%e4%bf%a1%e5%b0%81%e6%a0%bc%e5%bc%8f&pid=Api&mkt=zh-CN&adlt=strict&t=1"
            }, 
            "searchLink": "https://api.cognitive.microsoft.com/api/v7/images/search?q=%e5%9b%bd%e5%a4%96%e4%bf%a1%e4%bb%b6%e4%bf%a1%e5%b0%81%e6%a0%bc%e5%bc%8f", 
            "webSearchUrl": "https://www.bing.com/images/search?q=%e5%9b%bd%e5%a4%96%e4%bf%a1%e4%bb%b6%e4%bf%a1%e5%b0%81%e6%a0%bc%e5%bc%8f&FORM=IRPATC"
        }, 
        {
            "text": "英文手写信件", 
            "displayText": "英文手写信件", 
            "thumbnail": {
                "thumbnailUrl": "https://tse4.mm.bing.net/th?q=%e8%8b%b1%e6%96%87%e6%89%8b%e5%86%99%e4%bf%a1%e4%bb%b6&pid=Api&mkt=zh-CN&adlt=strict&t=1"
            }, 
            "searchLink": "https://api.cognitive.microsoft.com/api/v7/images/search?q=%e8%8b%b1%e6%96%87%e6%89%8b%e5%86%99%e4%bf%a1%e4%bb%b6", 
            "webSearchUrl": "https://www.bing.com/images/search?q=%e8%8b%b1%e6%96%87%e6%89%8b%e5%86%99%e4%bf%a1%e4%bb%b6&FORM=IRPATC"
        }, 
        {
            "text": "信件背景", 
            "displayText": "信件背景", 
            "thumbnail": {
                "thumbnailUrl": "https://tse1.mm.bing.net/th?q=%e4%bf%a1%e4%bb%b6%e8%83%8c%e6%99%af&pid=Api&mkt=zh-CN&adlt=strict&t=1"
            }, 
            "searchLink": "https://api.cognitive.microsoft.com/api/v7/images/search?q=%e4%bf%a1%e4%bb%b6%e8%83%8c%e6%99%af", 
            "webSearchUrl": "https://www.bing.com/images/search?q=%e4%bf%a1%e4%bb%b6%e8%83%8c%e6%99%af&FORM=IRPATC"
        }, 
        {
            "text": "国际信件格式", 
            "displayText": "国际信件格式", 
            "thumbnail": {
                "thumbnailUrl": "https://tse3.mm.bing.net/th?q=%e5%9b%bd%e9%99%85%e4%bf%a1%e4%bb%b6%e6%a0%bc%e5%bc%8f&pid=Api&mkt=zh-CN&adlt=strict&t=1"
            }, 
            "searchLink": "https://api.cognitive.microsoft.com/api/v7/images/search?q=%e5%9b%bd%e9%99%85%e4%bf%a1%e4%bb%b6%e6%a0%bc%e5%bc%8f", 
            "webSearchUrl": "https://www.bing.com/images/search?q=%e5%9b%bd%e9%99%85%e4%bf%a1%e4%bb%b6%e6%a0%bc%e5%bc%8f&FORM=IRPATC"
        }, 
        {
            "text": "张爱玲给我的信件", 
            "displayText": "张爱玲给我的信件", 
            "thumbnail": {
                "thumbnailUrl": "https://tse3.mm.bing.net/th?q=%e5%bc%a0%e7%88%b1%e7%8e%b2%e7%bb%99%e6%88%91%e7%9a%84%e4%bf%a1%e4%bb%b6&pid=Api&mkt=zh-CN&adlt=strict&t=1"
            }, 
            "searchLink": "https://api.cognitive.microsoft.com/api/v7/images/search?q=%e5%bc%a0%e7%88%b1%e7%8e%b2%e7%bb%99%e6%88%91%e7%9a%84%e4%bf%a1%e4%bb%b6", 
            "webSearchUrl": "https://www.bing.com/images/search?q=%e5%bc%a0%e7%88%b1%e7%8e%b2%e7%bb%99%e6%88%91%e7%9a%84%e4%bf%a1%e4%bb%b6&FORM=IRPATC"
        }
    ]
}