{
    "instrumentation": {
        "_type": "ResponseInstrumentation"
    }, 
    "_type": "Images", 
    "webSearchUrl": "https://www.bing.com/images/search?q=site:(thepaper.cn or chinadaily.com.cn or china.com.cn or chinanews.com or youth.cn or sina.com.cn or xinhuanet.com or cri.cn or 163.com or cankaoxiaoxi.com or cctv.com or ifeng.com or qq.com or takungpao.com or people.com.cn or southcn.com or southcn.com or cnr.cn or people.com.cn or cyol.com or bjnews.com.cn or gmw.cn or dahe.cn or xfrb.com.cn or cqnews.net or lifeweek.com.cn or cpd.com.cn or haiwainet.cn or yidianzixun.com or ftchinese.com or guancha.cn or zhcw.com or huanqiu.com or ihuawen.com or nytimes.com or flickr.com or quanjing.com or vcg.com or gettyimages.co.uk or paixin.com) 杰克 认为 亚马逊 了解 情况&FORM=OIIARP", 
    "value": [
        {
            "contentUrl": "http://n.sinaimg.cn/translate/w542h461/20180123/gATg-fyqwiqi5739717.png", 
            "insightsMetadata": {
                "pagesIncludingCount": 2, 
                "availableSizesCount": 1
            }, 
            "height": 461, 
            "accentColor": "AC401F", 
            "hostPageDisplayUrl": "tech.sina.com.cn/roll/2018-01-23/doc-ifyqtycx2265299.shtml", 
            "name": "美国记者体验亚马逊无人店遭遇尴尬：没付钱也能离开|亚马逊 ...", 
            "width": 542, 
            "imageInsightsToken": "ccid_uMy/7FC6*mid_04DB2E9F380C757F9B1E1C46DEB3B1D5E0A6B1A3*simid_608042689204585081*thid_OIP.uMy!_7FC6gPJlXKKnEPHJVgHaGT", 
            "imageId": "04DB2E9F380C757F9B1E1C46DEB3B1D5E0A6B1A3", 
            "isFamilyFriendly": true, 
            "datePublished": "2018-01-23T01:24:00.0000000Z", 
            "encodingFormat": "png", 
            "webSearchUrl": "https://www.bing.com/images/search?view=detailv2&FORM=OIIRPO&q=site%3a(thepaper.cn+or+chinadaily.com.cn+or+china.com.cn+or+chinanews.com+or+youth.cn+or+sina.com.cn+or+xinhuanet.com+or+cri.cn+or+163.com+or+cankaoxiaoxi.com+or+cctv.com+or+ifeng.com+or+qq.com+or+takungpao.com+or+people.com.cn+or+southcn.com+or+southcn.com+or+cnr.cn+or+people.com.cn+or+cyol.com+or+bjnews.com.cn+or+gmw.cn+or+dahe.cn+or+xfrb.com.cn+or+cqnews.net+or+lifeweek.com.cn+or+cpd.com.cn+or+haiwainet.cn+or+yidianzixun.com+or+ftchinese.com+or+guancha.cn+or+zhcw.com+or+huanqiu.com+or+ihuawen.com+or+nytimes.com+or+flickr.com+or+quanjing.com+or+vcg.com+or+gettyimages.co.uk+or+paixin.com)+%e6%9d%b0%e5%85%8b+%e8%ae%a4%e4%b8%ba+%e4%ba%9a%e9%a9%ac%e9%80%8a+%e4%ba%86%e8%a7%a3+%e6%83%85%e5%86%b5&id=04DB2E9F380C757F9B1E1C46DEB3B1D5E0A6B1A3&simid=608042689204585081", 
            "hostPageUrl": "http://tech.sina.com.cn/roll/2018-01-23/doc-ifyqtycx2265299.shtml", 
            "thumbnailUrl": "https://tse4.mm.bing.net/th?id=OIP.uMy_7FC6gPJlXKKnEPHJVgHaGT&pid=Api", 
            "thumbnail": {
                "width": 474, 
                "height": 403
            }, 
            "contentSize": "175738 B"
        }, 
        {
            "contentUrl": "http://inews.gtimg.com/newsapp_bt/0/1693525108/641", 
            "insightsMetadata": {
                "pagesIncludingCount": 4, 
                "availableSizesCount": 2
            }, 
            "height": 388, 
            "accentColor": "06BFC5", 
            "hostPageDisplayUrl": "tech.qq.com/a/20170622/001717.htm", 
            "name": "马云要将更多的美国品牌引进中国消费者会买单吗？_科技_腾讯网", 
            "width": 580, 
            "imageInsightsToken": "ccid_W0PGVN2c*mid_CA1DD29D72218013B5C5D54A7D9B2DCE79AEC6BB*simid_608028743405863581*thid_OIP.W0PGVN2cb5jCA6OZAArXqgHaE9", 
            "imageId": "CA1DD29D72218013B5C5D54A7D9B2DCE79AEC6BB", 
            "isFamilyFriendly": true, 
            "datePublished": "2017-06-21T22:46:00.0000000Z", 
            "encodingFormat": "jpeg", 
            "webSearchUrl": "https://www.bing.com/images/search?view=detailv2&FORM=OIIRPO&q=site%3a(thepaper.cn+or+chinadaily.com.cn+or+china.com.cn+or+chinanews.com+or+youth.cn+or+sina.com.cn+or+xinhuanet.com+or+cri.cn+or+163.com+or+cankaoxiaoxi.com+or+cctv.com+or+ifeng.com+or+qq.com+or+takungpao.com+or+people.com.cn+or+southcn.com+or+southcn.com+or+cnr.cn+or+people.com.cn+or+cyol.com+or+bjnews.com.cn+or+gmw.cn+or+dahe.cn+or+xfrb.com.cn+or+cqnews.net+or+lifeweek.com.cn+or+cpd.com.cn+or+haiwainet.cn+or+yidianzixun.com+or+ftchinese.com+or+guancha.cn+or+zhcw.com+or+huanqiu.com+or+ihuawen.com+or+nytimes.com+or+flickr.com+or+quanjing.com+or+vcg.com+or+gettyimages.co.uk+or+paixin.com)+%e6%9d%b0%e5%85%8b+%e8%ae%a4%e4%b8%ba+%e4%ba%9a%e9%a9%ac%e9%80%8a+%e4%ba%86%e8%a7%a3+%e6%83%85%e5%86%b5&id=CA1DD29D72218013B5C5D54A7D9B2DCE79AEC6BB&simid=608028743405863581", 
            "hostPageUrl": "http://tech.qq.com/a/20170622/001717.htm", 
            "thumbnailUrl": "https://tse1.mm.bing.net/th?id=OIP.W0PGVN2cb5jCA6OZAArXqgHaE9&pid=Api", 
            "thumbnail": {
                "width": 474, 
                "height": 317
            }, 
            "contentSize": "81010 B"
        }, 
        {
            "contentUrl": "http://n.sinaimg.cn/tech/transform/w630h839/20180123/VeOx-fyqwiqi6065874.jpg", 
            "insightsMetadata": {
                "pagesIncludingCount": 3, 
                "availableSizesCount": 2
            }, 
            "height": 839, 
            "accentColor": "C58D06", 
            "hostPageDisplayUrl": "tech.sina.com.cn/roll/2018-01-23/doc-ifyqtycx2265299.shtml", 
            "name": "美国记者体验亚马逊无人店遭遇尴尬：没付钱也能离开|亚马逊 ...", 
            "width": 630, 
            "imageInsightsToken": "ccid_6C/nZUBN*mid_04DB2E9F380C757F9B1E034B95DEFD61976623B0*simid_608009695296555463*thid_OIP.6C!_nZUBNRYeCPS18elzfqwHaJ3", 
            "imageId": "04DB2E9F380C757F9B1E034B95DEFD61976623B0", 
            "isFamilyFriendly": true, 
            "datePublished": "2018-01-23T02:27:00.0000000Z", 
            "encodingFormat": "jpeg", 
            "webSearchUrl": "https://www.bing.com/images/search?view=detailv2&FORM=OIIRPO&q=site%3a(thepaper.cn+or+chinadaily.com.cn+or+china.com.cn+or+chinanews.com+or+youth.cn+or+sina.com.cn+or+xinhuanet.com+or+cri.cn+or+163.com+or+cankaoxiaoxi.com+or+cctv.com+or+ifeng.com+or+qq.com+or+takungpao.com+or+people.com.cn+or+southcn.com+or+southcn.com+or+cnr.cn+or+people.com.cn+or+cyol.com+or+bjnews.com.cn+or+gmw.cn+or+dahe.cn+or+xfrb.com.cn+or+cqnews.net+or+lifeweek.com.cn+or+cpd.com.cn+or+haiwainet.cn+or+yidianzixun.com+or+ftchinese.com+or+guancha.cn+or+zhcw.com+or+huanqiu.com+or+ihuawen.com+or+nytimes.com+or+flickr.com+or+quanjing.com+or+vcg.com+or+gettyimages.co.uk+or+paixin.com)+%e6%9d%b0%e5%85%8b+%e8%ae%a4%e4%b8%ba+%e4%ba%9a%e9%a9%ac%e9%80%8a+%e4%ba%86%e8%a7%a3+%e6%83%85%e5%86%b5&id=04DB2E9F380C757F9B1E034B95DEFD61976623B0&simid=608009695296555463", 
            "hostPageUrl": "http://tech.sina.com.cn/roll/2018-01-23/doc-ifyqtycx2265299.shtml", 
            "thumbnailUrl": "https://tse4.mm.bing.net/th?id=OIP.6C_nZUBNRYeCPS18elzfqwHaJ3&pid=Api", 
            "thumbnail": {
                "width": 474, 
                "height": 631
            }, 
            "contentSize": "48921 B"
        }, 
        {
            "contentUrl": "http://n.sinaimg.cn/tech/transform/w630h1120/20180123/Htew-fyqwiqi6067130.jpg", 
            "insightsMetadata": {
                "pagesIncludingCount": 3, 
                "availableSizesCount": 2
            }, 
            "height": 1120, 
            "accentColor": "6B492A", 
            "hostPageDisplayUrl": "tech.sina.com.cn/roll/2018-01-23/doc-ifyqtycx2265299.shtml", 
            "name": "美国记者体验亚马逊无人店遭遇尴尬：没付钱也能离开|亚马逊 ...", 
            "width": 630, 
            "imageInsightsToken": "ccid_hk6/voVM*mid_04DB2E9F380C757F9B1E968374C9D3720C4CE2DA*simid_608012456973566944*thid_OIP.hk6!_voVM-xcKm3ZzbaYqHQHaNK", 
            "imageId": "04DB2E9F380C757F9B1E968374C9D3720C4CE2DA", 
            "isFamilyFriendly": true, 
            "datePublished": "2018-01-23T02:27:00.0000000Z", 
            "encodingFormat": "jpeg", 
            "webSearchUrl": "https://www.bing.com/images/search?view=detailv2&FORM=OIIRPO&q=site%3a(thepaper.cn+or+chinadaily.com.cn+or+china.com.cn+or+chinanews.com+or+youth.cn+or+sina.com.cn+or+xinhuanet.com+or+cri.cn+or+163.com+or+cankaoxiaoxi.com+or+cctv.com+or+ifeng.com+or+qq.com+or+takungpao.com+or+people.com.cn+or+southcn.com+or+southcn.com+or+cnr.cn+or+people.com.cn+or+cyol.com+or+bjnews.com.cn+or+gmw.cn+or+dahe.cn+or+xfrb.com.cn+or+cqnews.net+or+lifeweek.com.cn+or+cpd.com.cn+or+haiwainet.cn+or+yidianzixun.com+or+ftchinese.com+or+guancha.cn+or+zhcw.com+or+huanqiu.com+or+ihuawen.com+or+nytimes.com+or+flickr.com+or+quanjing.com+or+vcg.com+or+gettyimages.co.uk+or+paixin.com)+%e6%9d%b0%e5%85%8b+%e8%ae%a4%e4%b8%ba+%e4%ba%9a%e9%a9%ac%e9%80%8a+%e4%ba%86%e8%a7%a3+%e6%83%85%e5%86%b5&id=04DB2E9F380C757F9B1E968374C9D3720C4CE2DA&simid=608012456973566944", 
            "hostPageUrl": "http://tech.sina.com.cn/roll/2018-01-23/doc-ifyqtycx2265299.shtml", 
            "thumbnailUrl": "https://tse4.mm.bing.net/th?id=OIP.hk6_voVM-xcKm3ZzbaYqHQHaNK&pid=Api", 
            "thumbnail": {
                "width": 474, 
                "height": 842
            }, 
            "contentSize": "66439 B"
        }, 
        {
            "contentUrl": "http://n.sinaimg.cn/tech/transform/20160308/S9kx-fxqaser9049634.png", 
            "insightsMetadata": {
                "pagesIncludingCount": 4, 
                "availableSizesCount": 1
            }, 
            "height": 397, 
            "accentColor": "326499", 
            "hostPageDisplayUrl": "tech.sina.com.cn/it/2016-03-08/doc-ifxqafha0464376.shtml", 
            "name": "马斯克传作者：他和乔布斯都有现实扭曲力场|特斯拉|乔布斯|马 ...", 
            "width": 630, 
            "imageInsightsToken": "ccid_0TwFMhaI*mid_11D627B335E78567F14E7E68B2A77D0B8DD1CFF2*simid_608005335868246268*thid_OIP.0TwFMhaI4uCMzckjJa5YvwHaEq", 
            "imageId": "11D627B335E78567F14E7E68B2A77D0B8DD1CFF2", 
            "isFamilyFriendly": true, 
            "datePublished": "2016-03-07T22:48:00.0000000Z", 
            "encodingFormat": "png", 
            "webSearchUrl": "https://www.bing.com/images/search?view=detailv2&FORM=OIIRPO&q=site%3a(thepaper.cn+or+chinadaily.com.cn+or+china.com.cn+or+chinanews.com+or+youth.cn+or+sina.com.cn+or+xinhuanet.com+or+cri.cn+or+163.com+or+cankaoxiaoxi.com+or+cctv.com+or+ifeng.com+or+qq.com+or+takungpao.com+or+people.com.cn+or+southcn.com+or+southcn.com+or+cnr.cn+or+people.com.cn+or+cyol.com+or+bjnews.com.cn+or+gmw.cn+or+dahe.cn+or+xfrb.com.cn+or+cqnews.net+or+lifeweek.com.cn+or+cpd.com.cn+or+haiwainet.cn+or+yidianzixun.com+or+ftchinese.com+or+guancha.cn+or+zhcw.com+or+huanqiu.com+or+ihuawen.com+or+nytimes.com+or+flickr.com+or+quanjing.com+or+vcg.com+or+gettyimages.co.uk+or+paixin.com)+%e6%9d%b0%e5%85%8b+%e8%ae%a4%e4%b8%ba+%e4%ba%9a%e9%a9%ac%e9%80%8a+%e4%ba%86%e8%a7%a3+%e6%83%85%e5%86%b5&id=11D627B335E78567F14E7E68B2A77D0B8DD1CFF2&simid=608005335868246268", 
            "hostPageUrl": "http://tech.sina.com.cn/it/2016-03-08/doc-ifxqafha0464376.shtml", 
            "thumbnailUrl": "https://tse3.mm.bing.net/th?id=OIP.0TwFMhaI4uCMzckjJa5YvwHaEq&pid=Api", 
            "thumbnail": {
                "width": 474, 
                "height": 298
            }, 
            "contentSize": "191433 B"
        }, 
        {
            "contentUrl": "http://n.sinaimg.cn/translate/20151210/QkDL-fxmpnpv5539747.png", 
            "insightsMetadata": {
                "pagesIncludingCount": 8, 
                "availableSizesCount": 5
            }, 
            "height": 374, 
            "accentColor": "9F732C", 
            "hostPageDisplayUrl": "news.sina.com.cn/o/2015-12-10/doc-ifxmpxnx4906203.shtml", 
            "name": "“大嘴“特朗普捅了马蜂窝 特朗普你可长点心吧|贫富|就业|争议 ...", 
            "width": 625, 
            "imageInsightsToken": "ccid_j7of0f7x*mid_19D3A416AB563F03F02D306A6361DFC324E645F5*simid_607996986461130058*thid_OIP.j7of0f7xZB-MQLoXA6OI3wHaEb", 
            "imageId": "19D3A416AB563F03F02D306A6361DFC324E645F5", 
            "isFamilyFriendly": true, 
            "datePublished": "2015-12-10T08:27:00.0000000Z", 
            "encodingFormat": "png", 
            "webSearchUrl": "https://www.bing.com/images/search?view=detailv2&FORM=OIIRPO&q=site%3a(thepaper.cn+or+chinadaily.com.cn+or+china.com.cn+or+chinanews.com+or+youth.cn+or+sina.com.cn+or+xinhuanet.com+or+cri.cn+or+163.com+or+cankaoxiaoxi.com+or+cctv.com+or+ifeng.com+or+qq.com+or+takungpao.com+or+people.com.cn+or+southcn.com+or+southcn.com+or+cnr.cn+or+people.com.cn+or+cyol.com+or+bjnews.com.cn+or+gmw.cn+or+dahe.cn+or+xfrb.com.cn+or+cqnews.net+or+lifeweek.com.cn+or+cpd.com.cn+or+haiwainet.cn+or+yidianzixun.com+or+ftchinese.com+or+guancha.cn+or+zhcw.com+or+huanqiu.com+or+ihuawen.com+or+nytimes.com+or+flickr.com+or+quanjing.com+or+vcg.com+or+gettyimages.co.uk+or+paixin.com)+%e6%9d%b0%e5%85%8b+%e8%ae%a4%e4%b8%ba+%e4%ba%9a%e9%a9%ac%e9%80%8a+%e4%ba%86%e8%a7%a3+%e6%83%85%e5%86%b5&id=19D3A416AB563F03F02D306A6361DFC324E645F5&simid=607996986461130058", 
            "hostPageUrl": "http://news.sina.com.cn/o/2015-12-10/doc-ifxmpxnx4906203.shtml", 
            "thumbnailUrl": "https://tse3.mm.bing.net/th?id=OIP.j7of0f7xZB-MQLoXA6OI3wHaEb&pid=Api", 
            "thumbnail": {
                "width": 474, 
                "height": 283
            }, 
            "contentSize": "323049 B"
        }, 
        {
            "contentUrl": "http://img1.gtimg.com/digi/pics/hv1/80/242/1201/78156815.jpg", 
            "insightsMetadata": {
                "pagesIncludingCount": 1, 
                "availableSizesCount": 1
            }, 
            "height": 367, 
            "accentColor": "7E6331", 
            "hostPageDisplayUrl": "digi.tech.qq.com/a/20121121/000479.htm", 
            "name": "Kindle Fire HD 8.9评测：性价比位列平板之首_数码_腾讯网", 
            "width": 550, 
            "imageInsightsToken": "ccid_piLd0TLP*mid_D3810724F2D4B5FA49228056BB7B80E2B1433D5E*simid_608023881540177682*thid_OIP.piLd0TLP0IbOSDS4zKQpwAHaE8", 
            "imageId": "D3810724F2D4B5FA49228056BB7B80E2B1433D5E", 
            "isFamilyFriendly": true, 
            "datePublished": "2012-11-21T00:49:00.0000000Z", 
            "encodingFormat": "jpeg", 
            "webSearchUrl": "https://www.bing.com/images/search?view=detailv2&FORM=OIIRPO&q=site%3a(thepaper.cn+or+chinadaily.com.cn+or+china.com.cn+or+chinanews.com+or+youth.cn+or+sina.com.cn+or+xinhuanet.com+or+cri.cn+or+163.com+or+cankaoxiaoxi.com+or+cctv.com+or+ifeng.com+or+qq.com+or+takungpao.com+or+people.com.cn+or+southcn.com+or+southcn.com+or+cnr.cn+or+people.com.cn+or+cyol.com+or+bjnews.com.cn+or+gmw.cn+or+dahe.cn+or+xfrb.com.cn+or+cqnews.net+or+lifeweek.com.cn+or+cpd.com.cn+or+haiwainet.cn+or+yidianzixun.com+or+ftchinese.com+or+guancha.cn+or+zhcw.com+or+huanqiu.com+or+ihuawen.com+or+nytimes.com+or+flickr.com+or+quanjing.com+or+vcg.com+or+gettyimages.co.uk+or+paixin.com)+%e6%9d%b0%e5%85%8b+%e8%ae%a4%e4%b8%ba+%e4%ba%9a%e9%a9%ac%e9%80%8a+%e4%ba%86%e8%a7%a3+%e6%83%85%e5%86%b5&id=D3810724F2D4B5FA49228056BB7B80E2B1433D5E&simid=608023881540177682", 
            "hostPageUrl": "http://digi.tech.qq.com/a/20121121/000479.htm", 
            "thumbnailUrl": "https://tse2.mm.bing.net/th?id=OIP.piLd0TLP0IbOSDS4zKQpwAHaE8&pid=Api", 
            "thumbnail": {
                "width": 474, 
                "height": 316
            }, 
            "contentSize": "19882 B"
        }, 
        {
            "contentUrl": "http://easyread.ph.126.net/5Yu9Sx830ubVW0wzc-gvFw==/8796093022911796834.png", 
            "insightsMetadata": {
                "pagesIncludingCount": 1, 
                "availableSizesCount": 1
            }, 
            "height": 360, 
            "accentColor": "AB8C20", 
            "hostPageDisplayUrl": "yuedu.163.com/source/d31a4fe715664efe88a8ebd52038b284_4", 
            "name": "大师与玛格丽特-【苏联】布尔加科夫-免费电子书-在线阅读-网易 ...", 
            "width": 280, 
            "imageInsightsToken": "ccid_lf6IOTmr*mid_51F3A4FD43DCD91D1DF158BB5C6C5D90A95D98D3*simid_607996758835727810*thid_OIP.lf6IOTmruKSfHI5lXnBEYAAAAA", 
            "imageId": "51F3A4FD43DCD91D1DF158BB5C6C5D90A95D98D3", 
            "isFamilyFriendly": true, 
            "datePublished": "2016-10-11T10:05:00.0000000Z", 
            "encodingFormat": "png", 
            "webSearchUrl": "https://www.bing.com/images/search?view=detailv2&FORM=OIIRPO&q=site%3a(thepaper.cn+or+chinadaily.com.cn+or+china.com.cn+or+chinanews.com+or+youth.cn+or+sina.com.cn+or+xinhuanet.com+or+cri.cn+or+163.com+or+cankaoxiaoxi.com+or+cctv.com+or+ifeng.com+or+qq.com+or+takungpao.com+or+people.com.cn+or+southcn.com+or+southcn.com+or+cnr.cn+or+people.com.cn+or+cyol.com+or+bjnews.com.cn+or+gmw.cn+or+dahe.cn+or+xfrb.com.cn+or+cqnews.net+or+lifeweek.com.cn+or+cpd.com.cn+or+haiwainet.cn+or+yidianzixun.com+or+ftchinese.com+or+guancha.cn+or+zhcw.com+or+huanqiu.com+or+ihuawen.com+or+nytimes.com+or+flickr.com+or+quanjing.com+or+vcg.com+or+gettyimages.co.uk+or+paixin.com)+%e6%9d%b0%e5%85%8b+%e8%ae%a4%e4%b8%ba+%e4%ba%9a%e9%a9%ac%e9%80%8a+%e4%ba%86%e8%a7%a3+%e6%83%85%e5%86%b5&id=51F3A4FD43DCD91D1DF158BB5C6C5D90A95D98D3&simid=607996758835727810", 
            "hostPageUrl": "http://yuedu.163.com/source/d31a4fe715664efe88a8ebd52038b284_4", 
            "thumbnailUrl": "https://tse4.mm.bing.net/th?id=OIP.lf6IOTmruKSfHI5lXnBEYAAAAA&pid=Api", 
            "thumbnail": {
                "width": 280, 
                "height": 360
            }, 
            "contentSize": "75148 B"
        }, 
        {
            "contentUrl": "http://img1.gtimg.com/tech/pics/hv1/251/140/1882/122413001.jpg", 
            "insightsMetadata": {
                "pagesIncludingCount": 2, 
                "availableSizesCount": 1
            }, 
            "height": 445, 
            "accentColor": "AC241F", 
            "hostPageDisplayUrl": "tech.qq.com/a/20150718/001995.htm", 
            "name": "信息过载让我们丧失了做决定的能力_科技_腾讯网", 
            "width": 640, 
            "imageInsightsToken": "ccid_u0G0Bk+o*mid_6F50652D91107986CE30829EF1EBBED5ABB2A20A*simid_608027437745507343*thid_OIP.u0G0Bk-oe1yILVOPoWe2twHaFJ", 
            "imageId": "6F50652D91107986CE30829EF1EBBED5ABB2A20A", 
            "isFamilyFriendly": true, 
            "datePublished": "2015-07-17T19:04:00.0000000Z", 
            "encodingFormat": "jpeg", 
            "webSearchUrl": "https://www.bing.com/images/search?view=detailv2&FORM=OIIRPO&q=site%3a(thepaper.cn+or+chinadaily.com.cn+or+china.com.cn+or+chinanews.com+or+youth.cn+or+sina.com.cn+or+xinhuanet.com+or+cri.cn+or+163.com+or+cankaoxiaoxi.com+or+cctv.com+or+ifeng.com+or+qq.com+or+takungpao.com+or+people.com.cn+or+southcn.com+or+southcn.com+or+cnr.cn+or+people.com.cn+or+cyol.com+or+bjnews.com.cn+or+gmw.cn+or+dahe.cn+or+xfrb.com.cn+or+cqnews.net+or+lifeweek.com.cn+or+cpd.com.cn+or+haiwainet.cn+or+yidianzixun.com+or+ftchinese.com+or+guancha.cn+or+zhcw.com+or+huanqiu.com+or+ihuawen.com+or+nytimes.com+or+flickr.com+or+quanjing.com+or+vcg.com+or+gettyimages.co.uk+or+paixin.com)+%e6%9d%b0%e5%85%8b+%e8%ae%a4%e4%b8%ba+%e4%ba%9a%e9%a9%ac%e9%80%8a+%e4%ba%86%e8%a7%a3+%e6%83%85%e5%86%b5&id=6F50652D91107986CE30829EF1EBBED5ABB2A20A&simid=608027437745507343", 
            "hostPageUrl": "http://tech.qq.com/a/20150718/001995.htm", 
            "thumbnailUrl": "https://tse4.mm.bing.net/th?id=OIP.u0G0Bk-oe1yILVOPoWe2twHaFJ&pid=Api", 
            "thumbnail": {
                "width": 474, 
                "height": 329
            }, 
            "contentSize": "19429 B"
        }, 
        {
            "contentUrl": "http://img5.cache.netease.com/tech/2014/12/4/20141204115620a3ebb.jpg", 
            "insightsMetadata": {
                "pagesIncludingCount": 4, 
                "availableSizesCount": 3
            }, 
            "height": 287, 
            "accentColor": "4C677F", 
            "hostPageDisplayUrl": "tech.163.com/14/1204/11/ACKBESVR000915BF.html", 
            "name": "“情绪量化”成真 或将彻底改变产品设计发展方向_网易科技", 
            "width": 315, 
            "imageInsightsToken": "ccid_4pv5vZXV*mid_EDBDE8DADF7308F10ECD6DAF876790EA2EB3DF54*simid_607989203970163834*thid_OIP.4pv5vZXVm3!_F0MKSb25pqAAAAA", 
            "imageId": "EDBDE8DADF7308F10ECD6DAF876790EA2EB3DF54", 
            "isFamilyFriendly": true, 
            "datePublished": "2014-12-04T03:59:00.0000000Z", 
            "encodingFormat": "jpeg", 
            "webSearchUrl": "https://www.bing.com/images/search?view=detailv2&FORM=OIIRPO&q=site%3a(thepaper.cn+or+chinadaily.com.cn+or+china.com.cn+or+chinanews.com+or+youth.cn+or+sina.com.cn+or+xinhuanet.com+or+cri.cn+or+163.com+or+cankaoxiaoxi.com+or+cctv.com+or+ifeng.com+or+qq.com+or+takungpao.com+or+people.com.cn+or+southcn.com+or+southcn.com+or+cnr.cn+or+people.com.cn+or+cyol.com+or+bjnews.com.cn+or+gmw.cn+or+dahe.cn+or+xfrb.com.cn+or+cqnews.net+or+lifeweek.com.cn+or+cpd.com.cn+or+haiwainet.cn+or+yidianzixun.com+or+ftchinese.com+or+guancha.cn+or+zhcw.com+or+huanqiu.com+or+ihuawen.com+or+nytimes.com+or+flickr.com+or+quanjing.com+or+vcg.com+or+gettyimages.co.uk+or+paixin.com)+%e6%9d%b0%e5%85%8b+%e8%ae%a4%e4%b8%ba+%e4%ba%9a%e9%a9%ac%e9%80%8a+%e4%ba%86%e8%a7%a3+%e6%83%85%e5%86%b5&id=EDBDE8DADF7308F10ECD6DAF876790EA2EB3DF54&simid=607989203970163834", 
            "hostPageUrl": "http://tech.163.com/14/1204/11/ACKBESVR000915BF.html", 
            "thumbnailUrl": "https://tse1.mm.bing.net/th?id=OIP.4pv5vZXVm3_F0MKSb25pqAAAAA&pid=Api", 
            "thumbnail": {
                "width": 315, 
                "height": 287
            }, 
            "contentSize": "20731 B"
        }
    ], 
    "nextOffset": 16, 
    "queryContext": {
        "alterationMethod": "AM_JustChangeIt", 
        "alterationType": "CombinedAlterations", 
        "originalQuery": "site:(thepaper.cn or chinadaily.com.cn or china.com.cn or chinanews.com or youth.cn or sina.com.cn or xinhuanet.com or cri.cn or 163.com or cankaoxiaoxi.com or cctv.com or ifeng.com or qq.com or takungpao.com or people.com.cn or southcn.com or southcn.com or cnr.cn or people.com.cn or cyol.com or bjnews.com.cn or gmw.cn or dahe.cn or xfrb.com.cn or cqnews.net or lifeweek.com.cn or cpd.com.cn or haiwainet.cn or yidianzixun.com or ftchinese.com or guancha.cn or zhcw.com or huanqiu.com or ihuawen.com or nytimes.com or flickr.com or quanjing.com or vcg.com or gettyimages.co.uk or paixin.com) 杰克 认为 亚马逊 了解 情况", 
        "alterationOverrideQuery": "+site:(thepaper.cn or chinadaily.com.cn or china.com.cn or chinanews.com or youth.cn or sina.com.cn or xinhuanet.com or cri.cn or 163.com or cankaoxiaoxi.com or cctv.com or ifeng.com or qq.com or takungpao.com or people.com.cn or southcn.com or southcn.com or cnr.cn or people.com.cn or cyol.com or bjnews.com.cn or gmw.cn or dahe.cn or xfrb.com.cn or cqnews.net or lifeweek.com.cn or cpd.com.cn or haiwainet.cn or yidianzixun.com or ftchinese.com or guancha.cn or zhcw.com or huanqiu.com or ihuawen.com or nytimes.com or flickr.com or quanjing.com or vcg.com or gettyimages.co.uk or paixin.com) 杰克 认为 亚马逊 了解 情况", 
        "alterationDisplayQuery": "杰克 认为 amazon 了解 情况"
    }, 
    "currentOffset": 0, 
    "readLink": "images/search?q=site:(thepaper.cn or chinadaily.com.cn or china.com.cn or chinanews.com or youth.cn or sina.com.cn or xinhuanet.com or cri.cn or 163.com or cankaoxiaoxi.com or cctv.com or ifeng.com or qq.com or takungpao.com or people.com.cn or southcn.com or southcn.com or cnr.cn or people.com.cn or cyol.com or bjnews.com.cn or gmw.cn or dahe.cn or xfrb.com.cn or cqnews.net or lifeweek.com.cn or cpd.com.cn or haiwainet.cn or yidianzixun.com or ftchinese.com or guancha.cn or zhcw.com or huanqiu.com or ihuawen.com or nytimes.com or flickr.com or quanjing.com or vcg.com or gettyimages.co.uk or paixin.com) 杰克 认为 亚马逊 了解 情况", 
    "totalEstimatedMatches": 16
}