{
    "instrumentation": {
        "_type": "ResponseInstrumentation"
    }, 
    "_type": "Images", 
    "webSearchUrl": "https://www.bing.com/images/search?q=site:(thepaper.cn or chinadaily.com.cn or china.com.cn or chinanews.com or youth.cn or sina.com.cn or xinhuanet.com or cri.cn or 163.com or cankaoxiaoxi.com or cctv.com or ifeng.com or qq.com or takungpao.com or people.com.cn or southcn.com or southcn.com or cnr.cn or people.com.cn or cyol.com or bjnews.com.cn or gmw.cn or dahe.cn or xfrb.com.cn or cqnews.net or lifeweek.com.cn or cpd.com.cn or haiwainet.cn or yidianzixun.com or ftchinese.com or guancha.cn or zhcw.com or huanqiu.com or ihuawen.com or nytimes.com or flickr.com or quanjing.com or vcg.com or gettyimages.co.uk or paixin.com) 回来&FORM=OIIARP", 
    "value": [
        {
            "contentUrl": "http://i1.sinaimg.cn/ent/2014/0729/U5913P28DT20140729114916.jpg", 
            "insightsMetadata": {
                "pagesIncludingCount": 3, 
                "availableSizesCount": 2
            }, 
            "height": 281, 
            "accentColor": "1B60B0", 
            "hostPageDisplayUrl": "ent.sina.com.cn/v/m/2014-07-29/11504182785.shtml", 
            "name": "《爱情回来了》乔任梁诠释爱情真谛(图)|爱情回来了|乔任梁|痴情 ...", 
            "width": 500, 
            "imageInsightsToken": "ccid_ENlPpHFS*mid_4A3D01372C65F0D5CEE5222E274ED0711F9C48BD*simid_608042766516748904*thid_OIP.ENlPpHFSno!_LtV-SPinmVgHaEK", 
            "imageId": "4A3D01372C65F0D5CEE5222E274ED0711F9C48BD", 
            "isFamilyFriendly": true, 
            "datePublished": "2014-07-29T04:08:00.0000000Z", 
            "encodingFormat": "jpeg", 
            "webSearchUrl": "https://www.bing.com/images/search?view=detailv2&FORM=OIIRPO&q=site%3a(thepaper.cn+or+chinadaily.com.cn+or+china.com.cn+or+chinanews.com+or+youth.cn+or+sina.com.cn+or+xinhuanet.com+or+cri.cn+or+163.com+or+cankaoxiaoxi.com+or+cctv.com+or+ifeng.com+or+qq.com+or+takungpao.com+or+people.com.cn+or+southcn.com+or+southcn.com+or+cnr.cn+or+people.com.cn+or+cyol.com+or+bjnews.com.cn+or+gmw.cn+or+dahe.cn+or+xfrb.com.cn+or+cqnews.net+or+lifeweek.com.cn+or+cpd.com.cn+or+haiwainet.cn+or+yidianzixun.com+or+ftchinese.com+or+guancha.cn+or+zhcw.com+or+huanqiu.com+or+ihuawen.com+or+nytimes.com+or+flickr.com+or+quanjing.com+or+vcg.com+or+gettyimages.co.uk+or+paixin.com)+%e5%9b%9e%e6%9d%a5&id=4A3D01372C65F0D5CEE5222E274ED0711F9C48BD&simid=608042766516748904", 
            "hostPageUrl": "http://ent.sina.com.cn/v/m/2014-07-29/11504182785.shtml", 
            "thumbnailUrl": "https://tse1.mm.bing.net/th?id=OIP.ENlPpHFSno_LtV-SPinmVgHaEK&pid=Api", 
            "thumbnail": {
                "width": 474, 
                "height": 266
            }, 
            "contentSize": "21779 B"
        }, 
        {
            "contentUrl": "http://www.people.com.cn/mediafile/pic/20140804/18/5220955487246040514.jpg", 
            "insightsMetadata": {
                "pagesIncludingCount": 3, 
                "availableSizesCount": 1
            }, 
            "height": 320, 
            "accentColor": "082788", 
            "hostPageDisplayUrl": "henan.people.com.cn/n/2014/0804/c351638-21870598.html", 
            "name": "《爱情回来了》戚薇发型 个性短发帅气--河南分网--人民网", 
            "width": 550, 
            "imageInsightsToken": "ccid_s+8XFdBt*mid_46DF7882B22BE7C0962560D37AF23B1B2555ABEB*simid_608026514317050250*thid_OIP.s-8XFdBtz8Ssoc-AEKhW1QHaET", 
            "imageId": "46DF7882B22BE7C0962560D37AF23B1B2555ABEB", 
            "isFamilyFriendly": true, 
            "datePublished": "2018-11-13T04:54:00.0000000Z", 
            "encodingFormat": "jpeg", 
            "webSearchUrl": "https://www.bing.com/images/search?view=detailv2&FORM=OIIRPO&q=site%3a(thepaper.cn+or+chinadaily.com.cn+or+china.com.cn+or+chinanews.com+or+youth.cn+or+sina.com.cn+or+xinhuanet.com+or+cri.cn+or+163.com+or+cankaoxiaoxi.com+or+cctv.com+or+ifeng.com+or+qq.com+or+takungpao.com+or+people.com.cn+or+southcn.com+or+southcn.com+or+cnr.cn+or+people.com.cn+or+cyol.com+or+bjnews.com.cn+or+gmw.cn+or+dahe.cn+or+xfrb.com.cn+or+cqnews.net+or+lifeweek.com.cn+or+cpd.com.cn+or+haiwainet.cn+or+yidianzixun.com+or+ftchinese.com+or+guancha.cn+or+zhcw.com+or+huanqiu.com+or+ihuawen.com+or+nytimes.com+or+flickr.com+or+quanjing.com+or+vcg.com+or+gettyimages.co.uk+or+paixin.com)+%e5%9b%9e%e6%9d%a5&id=46DF7882B22BE7C0962560D37AF23B1B2555ABEB&simid=608026514317050250", 
            "hostPageUrl": "http://henan.people.com.cn/n/2014/0804/c351638-21870598.html", 
            "thumbnailUrl": "https://tse2.mm.bing.net/th?id=OIP.s-8XFdBtz8Ssoc-AEKhW1QHaET&pid=Api", 
            "thumbnail": {
                "width": 474, 
                "height": 275
            }, 
            "contentSize": "50161 B"
        }, 
        {
            "contentUrl": "http://img4.cache.netease.com/photo/0003/2014-05-21/9SOKSAQU00B70003.jpg", 
            "insightsMetadata": {
                "pagesIncludingCount": 7, 
                "availableSizesCount": 5
            }, 
            "height": 799, 
            "accentColor": "AE1D28", 
            "hostPageDisplayUrl": "ent.163.com/photoview/00B70003/529204.html", 
            "name": "《爸爸回来了》王中磊对奥莉爱不释手_网易娱乐", 
            "width": 1200, 
            "imageInsightsToken": "ccid_FxR5ER/F*mid_5F7B1EB0BED93084E6CE91EED36E60621FD08961*simid_608044484478960500*thid_OIP.FxR5ER!_FiT7908KGKyH!_WAHaE7", 
            "imageId": "5F7B1EB0BED93084E6CE91EED36E60621FD08961", 
            "isFamilyFriendly": true, 
            "datePublished": "2014-05-21T00:27:00.0000000Z", 
            "encodingFormat": "jpeg", 
            "webSearchUrl": "https://www.bing.com/images/search?view=detailv2&FORM=OIIRPO&q=site%3a(thepaper.cn+or+chinadaily.com.cn+or+china.com.cn+or+chinanews.com+or+youth.cn+or+sina.com.cn+or+xinhuanet.com+or+cri.cn+or+163.com+or+cankaoxiaoxi.com+or+cctv.com+or+ifeng.com+or+qq.com+or+takungpao.com+or+people.com.cn+or+southcn.com+or+southcn.com+or+cnr.cn+or+people.com.cn+or+cyol.com+or+bjnews.com.cn+or+gmw.cn+or+dahe.cn+or+xfrb.com.cn+or+cqnews.net+or+lifeweek.com.cn+or+cpd.com.cn+or+haiwainet.cn+or+yidianzixun.com+or+ftchinese.com+or+guancha.cn+or+zhcw.com+or+huanqiu.com+or+ihuawen.com+or+nytimes.com+or+flickr.com+or+quanjing.com+or+vcg.com+or+gettyimages.co.uk+or+paixin.com)+%e5%9b%9e%e6%9d%a5&id=5F7B1EB0BED93084E6CE91EED36E60621FD08961&simid=608044484478960500", 
            "hostPageUrl": "http://ent.163.com/photoview/00B70003/529204.html", 
            "thumbnailUrl": "https://tse1.mm.bing.net/th?id=OIP.FxR5ER_FiT7908KGKyH_WAHaE7&pid=Api", 
            "thumbnail": {
                "width": 474, 
                "height": 315
            }, 
            "contentSize": "174074 B"
        }, 
        {
            "contentUrl": "http://image2.sina.com.cn/IT/h/2006-10-24/fa1f90e83c63518a5b506ec6fabe91c6.jpg", 
            "insightsMetadata": {
                "pagesIncludingCount": 423, 
                "availableSizesCount": 84
            }, 
            "height": 337, 
            "accentColor": "704616", 
            "hostPageDisplayUrl": "tech.sina.com.cn/h/2006-10-24/1838135359.shtml", 
            "name": "《秋天不回来mtv》《秋天不回来》下载_硬件_科技时代_新浪网", 
            "width": 449, 
            "imageInsightsToken": "ccid_2w98fkZY*mid_EA932804C756E42F9B0B074EB7AB3BC87C7348AF*simid_608042272585875839*thid_OIP.2w98fkZYDKLxNfhMw85hHQAAAA", 
            "imageId": "EA932804C756E42F9B0B074EB7AB3BC87C7348AF", 
            "isFamilyFriendly": true, 
            "datePublished": "2011-02-13T12:53:00.0000000Z", 
            "encodingFormat": "jpeg", 
            "webSearchUrl": "https://www.bing.com/images/search?view=detailv2&FORM=OIIRPO&q=site%3a(thepaper.cn+or+chinadaily.com.cn+or+china.com.cn+or+chinanews.com+or+youth.cn+or+sina.com.cn+or+xinhuanet.com+or+cri.cn+or+163.com+or+cankaoxiaoxi.com+or+cctv.com+or+ifeng.com+or+qq.com+or+takungpao.com+or+people.com.cn+or+southcn.com+or+southcn.com+or+cnr.cn+or+people.com.cn+or+cyol.com+or+bjnews.com.cn+or+gmw.cn+or+dahe.cn+or+xfrb.com.cn+or+cqnews.net+or+lifeweek.com.cn+or+cpd.com.cn+or+haiwainet.cn+or+yidianzixun.com+or+ftchinese.com+or+guancha.cn+or+zhcw.com+or+huanqiu.com+or+ihuawen.com+or+nytimes.com+or+flickr.com+or+quanjing.com+or+vcg.com+or+gettyimages.co.uk+or+paixin.com)+%e5%9b%9e%e6%9d%a5&id=EA932804C756E42F9B0B074EB7AB3BC87C7348AF&simid=608042272585875839", 
            "hostPageUrl": "http://tech.sina.com.cn/h/2006-10-24/1838135359.shtml", 
            "thumbnailUrl": "https://tse2.mm.bing.net/th?id=OIP.2w98fkZYDKLxNfhMw85hHQAAAA&pid=Api", 
            "thumbnail": {
                "width": 449, 
                "height": 337
            }, 
            "contentSize": "48849 B"
        }, 
        {
            "contentUrl": "http://i.gtimg.cn/qqlive/img/jpgcache/files/qqvideo/r/rqj3oduhqgkmxba.jpg", 
            "insightsMetadata": {
                "pagesIncludingCount": 3, 
                "availableSizesCount": 2
            }, 
            "height": 1080, 
            "accentColor": "B05108", 
            "hostPageDisplayUrl": "v.qq.com/detail/r/rqj3oduhqgkmxba.html", 
            "name": "萝卜回来了-动漫-腾讯视频", 
            "width": 770, 
            "imageInsightsToken": "ccid_CJYEmZVL*mid_AED9408F168D8EE84802738A50E2784D0CE5A685*simid_608032888088298908*thid_OIP.CJYEmZVL4RyMNy-jtwBBqQHaKY", 
            "imageId": "AED9408F168D8EE84802738A50E2784D0CE5A685", 
            "isFamilyFriendly": true, 
            "datePublished": "2018-04-22T21:15:00.0000000Z", 
            "encodingFormat": "jpeg", 
            "webSearchUrl": "https://www.bing.com/images/search?view=detailv2&FORM=OIIRPO&q=site%3a(thepaper.cn+or+chinadaily.com.cn+or+china.com.cn+or+chinanews.com+or+youth.cn+or+sina.com.cn+or+xinhuanet.com+or+cri.cn+or+163.com+or+cankaoxiaoxi.com+or+cctv.com+or+ifeng.com+or+qq.com+or+takungpao.com+or+people.com.cn+or+southcn.com+or+southcn.com+or+cnr.cn+or+people.com.cn+or+cyol.com+or+bjnews.com.cn+or+gmw.cn+or+dahe.cn+or+xfrb.com.cn+or+cqnews.net+or+lifeweek.com.cn+or+cpd.com.cn+or+haiwainet.cn+or+yidianzixun.com+or+ftchinese.com+or+guancha.cn+or+zhcw.com+or+huanqiu.com+or+ihuawen.com+or+nytimes.com+or+flickr.com+or+quanjing.com+or+vcg.com+or+gettyimages.co.uk+or+paixin.com)+%e5%9b%9e%e6%9d%a5&id=AED9408F168D8EE84802738A50E2784D0CE5A685&simid=608032888088298908", 
            "hostPageUrl": "http://v.qq.com/detail/r/rqj3oduhqgkmxba.html", 
            "thumbnailUrl": "https://tse1.mm.bing.net/th?id=OIP.CJYEmZVL4RyMNy-jtwBBqQHaKY&pid=Api", 
            "thumbnail": {
                "width": 474, 
                "height": 664
            }, 
            "contentSize": "99973 B"
        }, 
        {
            "contentUrl": "http://i3.sinaimg.cn/ent/y/2014-06-20/U11075P28T3D4162179F326DT20140620120701.jpg", 
            "insightsMetadata": {
                "pagesIncludingCount": 9, 
                "availableSizesCount": 9
            }, 
            "height": 367, 
            "accentColor": "AF691C", 
            "hostPageDisplayUrl": "ent.sina.com.cn/y/2014-06-20/12074162179.shtml", 
            "name": "曹轩宾献唱《爱情回来了》同名主题曲|曹轩宾|爱情回来了|主题 ...", 
            "width": 550, 
            "imageInsightsToken": "ccid_kQBPi6T1*mid_8CCDFCA111443FC922E943D1EFC8B86D715B58C4*simid_608015356061942276*thid_OIP.kQBPi6T11TmQNSaIiFkmYgHaE8", 
            "imageId": "8CCDFCA111443FC922E943D1EFC8B86D715B58C4", 
            "isFamilyFriendly": true, 
            "datePublished": "2014-06-20T04:10:00.0000000Z", 
            "encodingFormat": "jpeg", 
            "webSearchUrl": "https://www.bing.com/images/search?view=detailv2&FORM=OIIRPO&q=site%3a(thepaper.cn+or+chinadaily.com.cn+or+china.com.cn+or+chinanews.com+or+youth.cn+or+sina.com.cn+or+xinhuanet.com+or+cri.cn+or+163.com+or+cankaoxiaoxi.com+or+cctv.com+or+ifeng.com+or+qq.com+or+takungpao.com+or+people.com.cn+or+southcn.com+or+southcn.com+or+cnr.cn+or+people.com.cn+or+cyol.com+or+bjnews.com.cn+or+gmw.cn+or+dahe.cn+or+xfrb.com.cn+or+cqnews.net+or+lifeweek.com.cn+or+cpd.com.cn+or+haiwainet.cn+or+yidianzixun.com+or+ftchinese.com+or+guancha.cn+or+zhcw.com+or+huanqiu.com+or+ihuawen.com+or+nytimes.com+or+flickr.com+or+quanjing.com+or+vcg.com+or+gettyimages.co.uk+or+paixin.com)+%e5%9b%9e%e6%9d%a5&id=8CCDFCA111443FC922E943D1EFC8B86D715B58C4&simid=608015356061942276", 
            "hostPageUrl": "http://ent.sina.com.cn/y/2014-06-20/12074162179.shtml", 
            "thumbnailUrl": "https://tse2.mm.bing.net/th?id=OIP.kQBPi6T11TmQNSaIiFkmYgHaE8&pid=Api", 
            "thumbnail": {
                "width": 474, 
                "height": 316
            }, 
            "contentSize": "27502 B"
        }, 
        {
            "contentUrl": "http://img3.cache.netease.com/photo/0003/2014-07-23/A1R6SQMB00B70003.jpg", 
            "insightsMetadata": {
                "pagesIncludingCount": 8, 
                "availableSizesCount": 4
            }, 
            "height": 600, 
            "accentColor": "B92912", 
            "hostPageDisplayUrl": "ent.163.com/photoview/00B70003/534997.html", 
            "name": "《爱情回来了》戚薇被陈赫强吻_网易娱乐", 
            "width": 900, 
            "imageInsightsToken": "ccid_iczLSXUu*mid_D144010D1853ADB15ACBA321AAA2F4D972C4BBC8*simid_607994199021716443*thid_OIP.iczLSXUutmfUqR3oV9MK3wHaE8", 
            "imageId": "D144010D1853ADB15ACBA321AAA2F4D972C4BBC8", 
            "isFamilyFriendly": true, 
            "datePublished": "2014-08-31T16:02:00.0000000Z", 
            "encodingFormat": "jpeg", 
            "webSearchUrl": "https://www.bing.com/images/search?view=detailv2&FORM=OIIRPO&q=site%3a(thepaper.cn+or+chinadaily.com.cn+or+china.com.cn+or+chinanews.com+or+youth.cn+or+sina.com.cn+or+xinhuanet.com+or+cri.cn+or+163.com+or+cankaoxiaoxi.com+or+cctv.com+or+ifeng.com+or+qq.com+or+takungpao.com+or+people.com.cn+or+southcn.com+or+southcn.com+or+cnr.cn+or+people.com.cn+or+cyol.com+or+bjnews.com.cn+or+gmw.cn+or+dahe.cn+or+xfrb.com.cn+or+cqnews.net+or+lifeweek.com.cn+or+cpd.com.cn+or+haiwainet.cn+or+yidianzixun.com+or+ftchinese.com+or+guancha.cn+or+zhcw.com+or+huanqiu.com+or+ihuawen.com+or+nytimes.com+or+flickr.com+or+quanjing.com+or+vcg.com+or+gettyimages.co.uk+or+paixin.com)+%e5%9b%9e%e6%9d%a5&id=D144010D1853ADB15ACBA321AAA2F4D972C4BBC8&simid=607994199021716443", 
            "hostPageUrl": "http://ent.163.com/photoview/00B70003/534997.html", 
            "thumbnailUrl": "https://tse4.mm.bing.net/th?id=OIP.iczLSXUutmfUqR3oV9MK3wHaE8&pid=Api", 
            "thumbnail": {
                "width": 474, 
                "height": 316
            }, 
            "contentSize": "98440 B"
        }, 
        {
            "contentUrl": "http://y0.ifengimg.com/155d0e80910cab68/2014/0601/ori_538b30f6ab3b5.jpg", 
            "insightsMetadata": {
                "pagesIncludingCount": 8, 
                "availableSizesCount": 4
            }, 
            "height": 585, 
            "accentColor": "4B1825", 
            "hostPageDisplayUrl": "nb.ifeng.com/yule/detail_2014_06/01/2363035_30.shtml", 
            "name": "《爸爸回来了》奥莉可爱照片成长全记录_宁波频道_凤凰网", 
            "width": 600, 
            "imageInsightsToken": "ccid_fKmhm5PT*mid_25DB901B70F32A5D1ACE592C52EB319B79BA8A3F*simid_608031174379507050*thid_OIP.fKmhm5PT1M5lx7LqZqdrOAHaHO", 
            "imageId": "25DB901B70F32A5D1ACE592C52EB319B79BA8A3F", 
            "isFamilyFriendly": true, 
            "datePublished": "2014-07-28T08:57:00.0000000Z", 
            "encodingFormat": "jpeg", 
            "webSearchUrl": "https://www.bing.com/images/search?view=detailv2&FORM=OIIRPO&q=site%3a(thepaper.cn+or+chinadaily.com.cn+or+china.com.cn+or+chinanews.com+or+youth.cn+or+sina.com.cn+or+xinhuanet.com+or+cri.cn+or+163.com+or+cankaoxiaoxi.com+or+cctv.com+or+ifeng.com+or+qq.com+or+takungpao.com+or+people.com.cn+or+southcn.com+or+southcn.com+or+cnr.cn+or+people.com.cn+or+cyol.com+or+bjnews.com.cn+or+gmw.cn+or+dahe.cn+or+xfrb.com.cn+or+cqnews.net+or+lifeweek.com.cn+or+cpd.com.cn+or+haiwainet.cn+or+yidianzixun.com+or+ftchinese.com+or+guancha.cn+or+zhcw.com+or+huanqiu.com+or+ihuawen.com+or+nytimes.com+or+flickr.com+or+quanjing.com+or+vcg.com+or+gettyimages.co.uk+or+paixin.com)+%e5%9b%9e%e6%9d%a5&id=25DB901B70F32A5D1ACE592C52EB319B79BA8A3F&simid=608031174379507050", 
            "hostPageUrl": "http://nb.ifeng.com/yule/detail_2014_06/01/2363035_30.shtml", 
            "thumbnailUrl": "https://tse1.mm.bing.net/th?id=OIP.fKmhm5PT1M5lx7LqZqdrOAHaHO&pid=Api", 
            "thumbnail": {
                "width": 474, 
                "height": 462
            }, 
            "contentSize": "50832 B"
        }, 
        {
            "contentUrl": "http://n.sinaimg.cn/ent/transform/20160304/7ZgD-fxqaser9003336.jpg", 
            "insightsMetadata": {
                "pagesIncludingCount": 86, 
                "availableSizesCount": 57
            }, 
            "height": 723, 
            "accentColor": "368C95", 
            "hostPageDisplayUrl": "ent.sina.com.cn/v/j/2016-03-04/doc-ifxqafha0357398.shtml", 
            "name": "《回来吧大叔》大叔Rain重生 搞怪追前妻|李海俊|吴妍书|rain_新浪 ...", 
            "width": 510, 
            "imageInsightsToken": "ccid_lS59nBvj*mid_D8B3E649D00B4D49D2ECEEAF39EBECB4F2DB7883*simid_608028807828277151*thid_OIP.lS59nBvjWY59TvQ3OvEB2AHaKf", 
            "imageId": "D8B3E649D00B4D49D2ECEEAF39EBECB4F2DB7883", 
            "isFamilyFriendly": true, 
            "datePublished": "2017-02-20T15:50:00.0000000Z", 
            "encodingFormat": "jpeg", 
            "webSearchUrl": "https://www.bing.com/images/search?view=detailv2&FORM=OIIRPO&q=site%3a(thepaper.cn+or+chinadaily.com.cn+or+china.com.cn+or+chinanews.com+or+youth.cn+or+sina.com.cn+or+xinhuanet.com+or+cri.cn+or+163.com+or+cankaoxiaoxi.com+or+cctv.com+or+ifeng.com+or+qq.com+or+takungpao.com+or+people.com.cn+or+southcn.com+or+southcn.com+or+cnr.cn+or+people.com.cn+or+cyol.com+or+bjnews.com.cn+or+gmw.cn+or+dahe.cn+or+xfrb.com.cn+or+cqnews.net+or+lifeweek.com.cn+or+cpd.com.cn+or+haiwainet.cn+or+yidianzixun.com+or+ftchinese.com+or+guancha.cn+or+zhcw.com+or+huanqiu.com+or+ihuawen.com+or+nytimes.com+or+flickr.com+or+quanjing.com+or+vcg.com+or+gettyimages.co.uk+or+paixin.com)+%e5%9b%9e%e6%9d%a5&id=D8B3E649D00B4D49D2ECEEAF39EBECB4F2DB7883&simid=608028807828277151", 
            "hostPageUrl": "http://ent.sina.com.cn/v/j/2016-03-04/doc-ifxqafha0357398.shtml", 
            "thumbnailUrl": "https://tse3.mm.bing.net/th?id=OIP.lS59nBvjWY59TvQ3OvEB2AHaKf&pid=Api", 
            "thumbnail": {
                "width": 474, 
                "height": 671
            }, 
            "contentSize": "91170 B"
        }, 
        {
            "contentUrl": "http://i0.sinaimg.cn/ent/2014/0710/U5912P28DT20140710170954.jpg", 
            "insightsMetadata": {
                "pagesIncludingCount": 6, 
                "availableSizesCount": 3
            }, 
            "height": 366, 
            "accentColor": "A1932A", 
            "hostPageDisplayUrl": "ent.sina.com.cn/v/m/2014-07-10/17104173053.shtml", 
            "name": "《爱情回来了》导演：笑料都有硬指标|爱情回来了|陈赫|戚薇 ...", 
            "width": 550, 
            "imageInsightsToken": "ccid_fJUdGi3g*mid_35C35C01F8AD83EAFF308D02C01A5082B49B8191*simid_608001371601504723*thid_OIP.fJUdGi3gXlOSGrKttM3llQHaE7", 
            "imageId": "35C35C01F8AD83EAFF308D02C01A5082B49B8191", 
            "isFamilyFriendly": true, 
            "datePublished": "2014-07-10T09:10:00.0000000Z", 
            "encodingFormat": "jpeg", 
            "webSearchUrl": "https://www.bing.com/images/search?view=detailv2&FORM=OIIRPO&q=site%3a(thepaper.cn+or+chinadaily.com.cn+or+china.com.cn+or+chinanews.com+or+youth.cn+or+sina.com.cn+or+xinhuanet.com+or+cri.cn+or+163.com+or+cankaoxiaoxi.com+or+cctv.com+or+ifeng.com+or+qq.com+or+takungpao.com+or+people.com.cn+or+southcn.com+or+southcn.com+or+cnr.cn+or+people.com.cn+or+cyol.com+or+bjnews.com.cn+or+gmw.cn+or+dahe.cn+or+xfrb.com.cn+or+cqnews.net+or+lifeweek.com.cn+or+cpd.com.cn+or+haiwainet.cn+or+yidianzixun.com+or+ftchinese.com+or+guancha.cn+or+zhcw.com+or+huanqiu.com+or+ihuawen.com+or+nytimes.com+or+flickr.com+or+quanjing.com+or+vcg.com+or+gettyimages.co.uk+or+paixin.com)+%e5%9b%9e%e6%9d%a5&id=35C35C01F8AD83EAFF308D02C01A5082B49B8191&simid=608001371601504723", 
            "hostPageUrl": "http://ent.sina.com.cn/v/m/2014-07-10/17104173053.shtml", 
            "thumbnailUrl": "https://tse4.mm.bing.net/th?id=OIP.fJUdGi3gXlOSGrKttM3llQHaE7&pid=Api", 
            "thumbnail": {
                "width": 474, 
                "height": 315
            }, 
            "contentSize": "36121 B"
        }
    ], 
    "nextOffset": 10, 
    "queryContext": {
        "alterationMethod": "AM_JustChangeIt", 
        "alterationType": "CombinedAlterationsChained", 
        "originalQuery": "site:(thepaper.cn or chinadaily.com.cn or china.com.cn or chinanews.com or youth.cn or sina.com.cn or xinhuanet.com or cri.cn or 163.com or cankaoxiaoxi.com or cctv.com or ifeng.com or qq.com or takungpao.com or people.com.cn or southcn.com or southcn.com or cnr.cn or people.com.cn or cyol.com or bjnews.com.cn or gmw.cn or dahe.cn or xfrb.com.cn or cqnews.net or lifeweek.com.cn or cpd.com.cn or haiwainet.cn or yidianzixun.com or ftchinese.com or guancha.cn or zhcw.com or huanqiu.com or ihuawen.com or nytimes.com or flickr.com or quanjing.com or vcg.com or gettyimages.co.uk or paixin.com) 回来", 
        "alterationOverrideQuery": "+site:(thepaper.cn or chinadaily.com.cn or china.com.cn or chinanews.com or youth.cn or sina.com.cn or xinhuanet.com or cri.cn or 163.com or cankaoxiaoxi.com or cctv.com or ifeng.com or qq.com or takungpao.com or people.com.cn or southcn.com or southcn.com or cnr.cn or people.com.cn or cyol.com or bjnews.com.cn or gmw.cn or dahe.cn or xfrb.com.cn or cqnews.net or lifeweek.com.cn or cpd.com.cn or haiwainet.cn or yidianzixun.com or ftchinese.com or guancha.cn or zhcw.com or huanqiu.com or ihuawen.com or nytimes.com or flickr.com or quanjing.com or vcg.com or gettyimages.co.uk or paixin.com) 回来", 
        "alterationDisplayQuery": "回来"
    }, 
    "currentOffset": 0, 
    "readLink": "images/search?q=site:(thepaper.cn or chinadaily.com.cn or china.com.cn or chinanews.com or youth.cn or sina.com.cn or xinhuanet.com or cri.cn or 163.com or cankaoxiaoxi.com or cctv.com or ifeng.com or qq.com or takungpao.com or people.com.cn or southcn.com or southcn.com or cnr.cn or people.com.cn or cyol.com or bjnews.com.cn or gmw.cn or dahe.cn or xfrb.com.cn or cqnews.net or lifeweek.com.cn or cpd.com.cn or haiwainet.cn or yidianzixun.com or ftchinese.com or guancha.cn or zhcw.com or huanqiu.com or ihuawen.com or nytimes.com or flickr.com or quanjing.com or vcg.com or gettyimages.co.uk or paixin.com) 回来", 
    "totalEstimatedMatches": 100, 
    "relatedSearches": [
        {
            "text": "胡汉三又回来了", 
            "displayText": "胡汉三又回来了", 
            "thumbnail": {
                "thumbnailUrl": "https://tse3.mm.bing.net/th?q=%e8%83%a1%e6%b1%89%e4%b8%89%e5%8f%88%e5%9b%9e%e6%9d%a5%e4%ba%86&pid=Api&mkt=zh-CN&adlt=strict&t=1"
            }, 
            "searchLink": "https://api.cognitive.microsoft.com/api/v7/images/search?q=%e8%83%a1%e6%b1%89%e4%b8%89%e5%8f%88%e5%9b%9e%e6%9d%a5%e4%ba%86", 
            "webSearchUrl": "https://www.bing.com/images/search?q=%e8%83%a1%e6%b1%89%e4%b8%89%e5%8f%88%e5%9b%9e%e6%9d%a5%e4%ba%86&FORM=IRPATC"
        }, 
        {
            "text": "回来简谱", 
            "displayText": "回来简谱", 
            "thumbnail": {
                "thumbnailUrl": "https://tse1.mm.bing.net/th?q=%e5%9b%9e%e6%9d%a5%e7%ae%80%e8%b0%b1&pid=Api&mkt=zh-CN&adlt=strict&t=1"
            }, 
            "searchLink": "https://api.cognitive.microsoft.com/api/v7/images/search?q=%e5%9b%9e%e6%9d%a5%e7%ae%80%e8%b0%b1", 
            "webSearchUrl": "https://www.bing.com/images/search?q=%e5%9b%9e%e6%9d%a5%e7%ae%80%e8%b0%b1&FORM=IRPATC"
        }, 
        {
            "text": "听说爱情回来过", 
            "displayText": "听说爱情回来过", 
            "thumbnail": {
                "thumbnailUrl": "https://tse3.mm.bing.net/th?q=%e5%90%ac%e8%af%b4%e7%88%b1%e6%83%85%e5%9b%9e%e6%9d%a5%e8%bf%87&pid=Api&mkt=zh-CN&adlt=strict&t=1"
            }, 
            "searchLink": "https://api.cognitive.microsoft.com/api/v7/images/search?q=%e5%90%ac%e8%af%b4%e7%88%b1%e6%83%85%e5%9b%9e%e6%9d%a5%e8%bf%87", 
            "webSearchUrl": "https://www.bing.com/images/search?q=%e5%90%ac%e8%af%b4%e7%88%b1%e6%83%85%e5%9b%9e%e6%9d%a5%e8%bf%87&FORM=IRPATC"
        }, 
        {
            "text": "灰太狼我一定会回来", 
            "displayText": "灰太狼我一定会回来", 
            "thumbnail": {
                "thumbnailUrl": "https://tse1.mm.bing.net/th?q=%e7%81%b0%e5%a4%aa%e7%8b%bc%e6%88%91%e4%b8%80%e5%ae%9a%e4%bc%9a%e5%9b%9e%e6%9d%a5&pid=Api&mkt=zh-CN&adlt=strict&t=1"
            }, 
            "searchLink": "https://api.cognitive.microsoft.com/api/v7/images/search?q=%e7%81%b0%e5%a4%aa%e7%8b%bc%e6%88%91%e4%b8%80%e5%ae%9a%e4%bc%9a%e5%9b%9e%e6%9d%a5", 
            "webSearchUrl": "https://www.bing.com/images/search?q=%e7%81%b0%e5%a4%aa%e7%8b%bc%e6%88%91%e4%b8%80%e5%ae%9a%e4%bc%9a%e5%9b%9e%e6%9d%a5&FORM=IRPATC"
        }, 
        {
            "text": "灰太狼我还会回来的", 
            "displayText": "灰太狼我还会回来的", 
            "thumbnail": {
                "thumbnailUrl": "https://tse1.mm.bing.net/th?q=%e7%81%b0%e5%a4%aa%e7%8b%bc%e6%88%91%e8%bf%98%e4%bc%9a%e5%9b%9e%e6%9d%a5%e7%9a%84&pid=Api&mkt=zh-CN&adlt=strict&t=1"
            }, 
            "searchLink": "https://api.cognitive.microsoft.com/api/v7/images/search?q=%e7%81%b0%e5%a4%aa%e7%8b%bc%e6%88%91%e8%bf%98%e4%bc%9a%e5%9b%9e%e6%9d%a5%e7%9a%84", 
            "webSearchUrl": "https://www.bing.com/images/search?q=%e7%81%b0%e5%a4%aa%e7%8b%bc%e6%88%91%e8%bf%98%e4%bc%9a%e5%9b%9e%e6%9d%a5%e7%9a%84&FORM=IRPATC"
        }, 
        {
            "text": "炫富姐回来了", 
            "displayText": "炫富姐回来了", 
            "thumbnail": {
                "thumbnailUrl": "https://tse1.mm.bing.net/th?q=%e7%82%ab%e5%af%8c%e5%a7%90%e5%9b%9e%e6%9d%a5%e4%ba%86&pid=Api&mkt=zh-CN&adlt=strict&t=1"
            }, 
            "searchLink": "https://api.cognitive.microsoft.com/api/v7/images/search?q=%e7%82%ab%e5%af%8c%e5%a7%90%e5%9b%9e%e6%9d%a5%e4%ba%86", 
            "webSearchUrl": "https://www.bing.com/images/search?q=%e7%82%ab%e5%af%8c%e5%a7%90%e5%9b%9e%e6%9d%a5%e4%ba%86&FORM=IRPATC"
        }, 
        {
            "text": "张信哲 回来", 
            "displayText": "张信哲 回来", 
            "thumbnail": {
                "thumbnailUrl": "https://tse3.mm.bing.net/th?q=%e5%bc%a0%e4%bf%a1%e5%93%b2+%e5%9b%9e%e6%9d%a5&pid=Api&mkt=zh-CN&adlt=strict&t=1"
            }, 
            "searchLink": "https://api.cognitive.microsoft.com/api/v7/images/search?q=%e5%bc%a0%e4%bf%a1%e5%93%b2+%e5%9b%9e%e6%9d%a5", 
            "webSearchUrl": "https://www.bing.com/images/search?q=%e5%bc%a0%e4%bf%a1%e5%93%b2+%e5%9b%9e%e6%9d%a5&FORM=IRPATC"
        }, 
        {
            "text": "萝卜回来了", 
            "displayText": "萝卜回来了", 
            "thumbnail": {
                "thumbnailUrl": "https://tse1.mm.bing.net/th?q=%e8%90%9d%e5%8d%9c%e5%9b%9e%e6%9d%a5%e4%ba%86&pid=Api&mkt=zh-CN&adlt=strict&t=1"
            }, 
            "searchLink": "https://api.cognitive.microsoft.com/api/v7/images/search?q=%e8%90%9d%e5%8d%9c%e5%9b%9e%e6%9d%a5%e4%ba%86", 
            "webSearchUrl": "https://www.bing.com/images/search?q=%e8%90%9d%e5%8d%9c%e5%9b%9e%e6%9d%a5%e4%ba%86&FORM=IRPATC"
        }, 
        {
            "text": "快回来", 
            "displayText": "快回来", 
            "thumbnail": {
                "thumbnailUrl": "https://tse3.mm.bing.net/th?q=%e5%bf%ab%e5%9b%9e%e6%9d%a5&pid=Api&mkt=zh-CN&adlt=strict&t=1"
            }, 
            "searchLink": "https://api.cognitive.microsoft.com/api/v7/images/search?q=%e5%bf%ab%e5%9b%9e%e6%9d%a5", 
            "webSearchUrl": "https://www.bing.com/images/search?q=%e5%bf%ab%e5%9b%9e%e6%9d%a5&FORM=IRPATC"
        }, 
        {
            "text": "文字控 我还会回来的", 
            "displayText": "文字控 我还会回来的", 
            "thumbnail": {
                "thumbnailUrl": "https://tse2.mm.bing.net/th?q=%e6%96%87%e5%ad%97%e6%8e%a7+%e6%88%91%e8%bf%98%e4%bc%9a%e5%9b%9e%e6%9d%a5%e7%9a%84&pid=Api&mkt=zh-CN&adlt=strict&t=1"
            }, 
            "searchLink": "https://api.cognitive.microsoft.com/api/v7/images/search?q=%e6%96%87%e5%ad%97%e6%8e%a7+%e6%88%91%e8%bf%98%e4%bc%9a%e5%9b%9e%e6%9d%a5%e7%9a%84", 
            "webSearchUrl": "https://www.bing.com/images/search?q=%e6%96%87%e5%ad%97%e6%8e%a7+%e6%88%91%e8%bf%98%e4%bc%9a%e5%9b%9e%e6%9d%a5%e7%9a%84&FORM=IRPATC"
        }, 
        {
            "text": "搞笑我回来了", 
            "displayText": "搞笑我回来了", 
            "thumbnail": {
                "thumbnailUrl": "https://tse2.mm.bing.net/th?q=%e6%90%9e%e7%ac%91%e6%88%91%e5%9b%9e%e6%9d%a5%e4%ba%86&pid=Api&mkt=zh-CN&adlt=strict&t=1"
            }, 
            "searchLink": "https://api.cognitive.microsoft.com/api/v7/images/search?q=%e6%90%9e%e7%ac%91%e6%88%91%e5%9b%9e%e6%9d%a5%e4%ba%86", 
            "webSearchUrl": "https://www.bing.com/images/search?q=%e6%90%9e%e7%ac%91%e6%88%91%e5%9b%9e%e6%9d%a5%e4%ba%86&FORM=IRPATC"
        }, 
        {
            "text": "夏天燕子回来的图", 
            "displayText": "夏天燕子回来的图", 
            "thumbnail": {
                "thumbnailUrl": "https://tse1.mm.bing.net/th?q=%e5%a4%8f%e5%a4%a9%e7%87%95%e5%ad%90%e5%9b%9e%e6%9d%a5%e7%9a%84%e5%9b%be&pid=Api&mkt=zh-CN&adlt=strict&t=1"
            }, 
            "searchLink": "https://api.cognitive.microsoft.com/api/v7/images/search?q=%e5%a4%8f%e5%a4%a9%e7%87%95%e5%ad%90%e5%9b%9e%e6%9d%a5%e7%9a%84%e5%9b%be", 
            "webSearchUrl": "https://www.bing.com/images/search?q=%e5%a4%8f%e5%a4%a9%e7%87%95%e5%ad%90%e5%9b%9e%e6%9d%a5%e7%9a%84%e5%9b%be&FORM=IRPATC"
        }, 
        {
            "text": "我在这儿等着你回来美女图片", 
            "displayText": "我在这儿等着你回来美女图片", 
            "thumbnail": {
                "thumbnailUrl": "https://tse4.mm.bing.net/th?q=%e6%88%91%e5%9c%a8%e8%bf%99%e5%84%bf%e7%ad%89%e7%9d%80%e4%bd%a0%e5%9b%9e%e6%9d%a5%e7%be%8e%e5%a5%b3%e5%9b%be%e7%89%87&pid=Api&mkt=zh-CN&adlt=strict&t=1"
            }, 
            "searchLink": "https://api.cognitive.microsoft.com/api/v7/images/search?q=%e6%88%91%e5%9c%a8%e8%bf%99%e5%84%bf%e7%ad%89%e7%9d%80%e4%bd%a0%e5%9b%9e%e6%9d%a5%e7%be%8e%e5%a5%b3%e5%9b%be%e7%89%87", 
            "webSearchUrl": "https://www.bing.com/images/search?q=%e6%88%91%e5%9c%a8%e8%bf%99%e5%84%bf%e7%ad%89%e7%9d%80%e4%bd%a0%e5%9b%9e%e6%9d%a5%e7%be%8e%e5%a5%b3%e5%9b%be%e7%89%87&FORM=IRPATC"
        }, 
        {
            "text": "我一定会回来的", 
            "displayText": "我一定会回来的", 
            "thumbnail": {
                "thumbnailUrl": "https://tse3.mm.bing.net/th?q=%e6%88%91%e4%b8%80%e5%ae%9a%e4%bc%9a%e5%9b%9e%e6%9d%a5%e7%9a%84&pid=Api&mkt=zh-CN&adlt=strict&t=1"
            }, 
            "searchLink": "https://api.cognitive.microsoft.com/api/v7/images/search?q=%e6%88%91%e4%b8%80%e5%ae%9a%e4%bc%9a%e5%9b%9e%e6%9d%a5%e7%9a%84", 
            "webSearchUrl": "https://www.bing.com/images/search?q=%e6%88%91%e4%b8%80%e5%ae%9a%e4%bc%9a%e5%9b%9e%e6%9d%a5%e7%9a%84&FORM=IRPATC"
        }, 
        {
            "text": "回来 罗琦", 
            "displayText": "回来 罗琦", 
            "thumbnail": {
                "thumbnailUrl": "https://tse1.mm.bing.net/th?q=%e5%9b%9e%e6%9d%a5+%e7%bd%97%e7%90%a6&pid=Api&mkt=zh-CN&adlt=strict&t=1"
            }, 
            "searchLink": "https://api.cognitive.microsoft.com/api/v7/images/search?q=%e5%9b%9e%e6%9d%a5+%e7%bd%97%e7%90%a6", 
            "webSearchUrl": "https://www.bing.com/images/search?q=%e5%9b%9e%e6%9d%a5+%e7%bd%97%e7%90%a6&FORM=IRPATC"
        }
    ]
}