{
    "instrumentation": {
        "_type": "ResponseInstrumentation"
    }, 
    "_type": "Images", 
    "webSearchUrl": "https://www.bing.com/images/search?q=site:(thepaper.cn or chinadaily.com.cn or china.com.cn or chinanews.com or youth.cn or sina.com.cn or xinhuanet.com or cri.cn or 163.com or cankaoxiaoxi.com or cctv.com or ifeng.com or qq.com or takungpao.com or people.com.cn or southcn.com or southcn.com or cnr.cn or people.com.cn or cyol.com or bjnews.com.cn or gmw.cn or dahe.cn or xfrb.com.cn or cqnews.net or lifeweek.com.cn or cpd.com.cn or haiwainet.cn or yidianzixun.com or ftchinese.com or guancha.cn or zhcw.com or huanqiu.com or ihuawen.com or nytimes.com or flickr.com or quanjing.com or vcg.com or gettyimages.co.uk or paixin.com) 支付 价格&FORM=OIIARP", 
    "value": [
        {
            "contentUrl": "http://n.sinaimg.cn/finance/transform/162/w550h412/20180811/BFDr-hhnunsr1415462.png", 
            "insightsMetadata": {
                "pagesIncludingCount": 1, 
                "availableSizesCount": 1
            }, 
            "height": 412, 
            "accentColor": "00519F", 
            "hostPageDisplayUrl": "finance.sina.com.cn/roll/2018-08-11/doc-ihhnunsr1326692...", 
            "name": "跨境支付开打价格战 联动优势亟待破局_新浪财经_新浪网", 
            "width": 550, 
            "imageInsightsToken": "ccid_w8Towl5i*mid_C02B92F08EAF3D31E05850BCFBD0FE97046B04FC*simid_608021364713062471*thid_OIP.w8Towl5iaxNUu!_8MZIpdUQHaFj", 
            "imageId": "C02B92F08EAF3D31E05850BCFBD0FE97046B04FC", 
            "isFamilyFriendly": true, 
            "datePublished": "2018-08-10T19:15:00.0000000Z", 
            "encodingFormat": "png", 
            "webSearchUrl": "https://www.bing.com/images/search?view=detailv2&FORM=OIIRPO&q=site%3a(thepaper.cn+or+chinadaily.com.cn+or+china.com.cn+or+chinanews.com+or+youth.cn+or+sina.com.cn+or+xinhuanet.com+or+cri.cn+or+163.com+or+cankaoxiaoxi.com+or+cctv.com+or+ifeng.com+or+qq.com+or+takungpao.com+or+people.com.cn+or+southcn.com+or+southcn.com+or+cnr.cn+or+people.com.cn+or+cyol.com+or+bjnews.com.cn+or+gmw.cn+or+dahe.cn+or+xfrb.com.cn+or+cqnews.net+or+lifeweek.com.cn+or+cpd.com.cn+or+haiwainet.cn+or+yidianzixun.com+or+ftchinese.com+or+guancha.cn+or+zhcw.com+or+huanqiu.com+or+ihuawen.com+or+nytimes.com+or+flickr.com+or+quanjing.com+or+vcg.com+or+gettyimages.co.uk+or+paixin.com)+%e6%94%af%e4%bb%98+%e4%bb%b7%e6%a0%bc&id=C02B92F08EAF3D31E05850BCFBD0FE97046B04FC&simid=608021364713062471", 
            "hostPageUrl": "http://finance.sina.com.cn/roll/2018-08-11/doc-ihhnunsr1326692.shtml", 
            "thumbnailUrl": "https://tse1.mm.bing.net/th?id=OIP.w8Towl5iaxNUu_8MZIpdUQHaFj&pid=Api", 
            "thumbnail": {
                "width": 474, 
                "height": 355
            }, 
            "contentSize": "106119 B"
        }, 
        {
            "contentUrl": "http://inews.gtimg.com/newsapp_bt/0/3116193846/641", 
            "insightsMetadata": {
                "pagesIncludingCount": 2, 
                "availableSizesCount": 1
            }, 
            "height": 325, 
            "accentColor": "AA5521", 
            "hostPageDisplayUrl": "tech.qq.com/a/20180326/026818.htm", 
            "name": "“预估价”杀熟？滴滴说：我真的很无辜_科技_腾讯网", 
            "width": 641, 
            "imageInsightsToken": "ccid_z80gwVgw*mid_9C1CA82FD9C245C634A3BF060076D219BB3BD535*simid_608021248745146521*thid_OIP.z80gwVgwHQbsIQFozmG-sQHaDw", 
            "imageId": "9C1CA82FD9C245C634A3BF060076D219BB3BD535", 
            "isFamilyFriendly": true, 
            "datePublished": "2018-03-26T12:10:00.0000000Z", 
            "encodingFormat": "jpeg", 
            "webSearchUrl": "https://www.bing.com/images/search?view=detailv2&FORM=OIIRPO&q=site%3a(thepaper.cn+or+chinadaily.com.cn+or+china.com.cn+or+chinanews.com+or+youth.cn+or+sina.com.cn+or+xinhuanet.com+or+cri.cn+or+163.com+or+cankaoxiaoxi.com+or+cctv.com+or+ifeng.com+or+qq.com+or+takungpao.com+or+people.com.cn+or+southcn.com+or+southcn.com+or+cnr.cn+or+people.com.cn+or+cyol.com+or+bjnews.com.cn+or+gmw.cn+or+dahe.cn+or+xfrb.com.cn+or+cqnews.net+or+lifeweek.com.cn+or+cpd.com.cn+or+haiwainet.cn+or+yidianzixun.com+or+ftchinese.com+or+guancha.cn+or+zhcw.com+or+huanqiu.com+or+ihuawen.com+or+nytimes.com+or+flickr.com+or+quanjing.com+or+vcg.com+or+gettyimages.co.uk+or+paixin.com)+%e6%94%af%e4%bb%98+%e4%bb%b7%e6%a0%bc&id=9C1CA82FD9C245C634A3BF060076D219BB3BD535&simid=608021248745146521", 
            "hostPageUrl": "http://tech.qq.com/a/20180326/026818.htm", 
            "thumbnailUrl": "https://tse3.mm.bing.net/th?id=OIP.z80gwVgwHQbsIQFozmG-sQHaDw&pid=Api", 
            "thumbnail": {
                "width": 474, 
                "height": 240
            }, 
            "contentSize": "47485 B"
        }, 
        {
            "contentUrl": "http://i.gtimg.cn/qqlive/images/20121217/i1355734623_1.jpg", 
            "insightsMetadata": {
                "pagesIncludingCount": 1, 
                "availableSizesCount": 1
            }, 
            "height": 331, 
            "accentColor": "0883C3", 
            "hostPageDisplayUrl": "https://v.qq.com/help/film_4.html", 
            "name": "帮助-中国最大在线视频媒体平台,海量高清视频在线观看", 
            "width": 733, 
            "imageInsightsToken": "ccid_pSqD8JwO*mid_B2E0119048473764193C927E501302870EB588B6*simid_608027072667324034*thid_OIP.pSqD8JwOAlohp!_m7Jy7A2gHaDW", 
            "imageId": "B2E0119048473764193C927E501302870EB588B6", 
            "isFamilyFriendly": true, 
            "datePublished": "2018-08-20T21:08:00.0000000Z", 
            "encodingFormat": "jpeg", 
            "webSearchUrl": "https://www.bing.com/images/search?view=detailv2&FORM=OIIRPO&q=site%3a(thepaper.cn+or+chinadaily.com.cn+or+china.com.cn+or+chinanews.com+or+youth.cn+or+sina.com.cn+or+xinhuanet.com+or+cri.cn+or+163.com+or+cankaoxiaoxi.com+or+cctv.com+or+ifeng.com+or+qq.com+or+takungpao.com+or+people.com.cn+or+southcn.com+or+southcn.com+or+cnr.cn+or+people.com.cn+or+cyol.com+or+bjnews.com.cn+or+gmw.cn+or+dahe.cn+or+xfrb.com.cn+or+cqnews.net+or+lifeweek.com.cn+or+cpd.com.cn+or+haiwainet.cn+or+yidianzixun.com+or+ftchinese.com+or+guancha.cn+or+zhcw.com+or+huanqiu.com+or+ihuawen.com+or+nytimes.com+or+flickr.com+or+quanjing.com+or+vcg.com+or+gettyimages.co.uk+or+paixin.com)+%e6%94%af%e4%bb%98+%e4%bb%b7%e6%a0%bc&id=B2E0119048473764193C927E501302870EB588B6&simid=608027072667324034", 
            "hostPageUrl": "https://v.qq.com/help/film_4.html", 
            "thumbnailUrl": "https://tse4.mm.bing.net/th?id=OIP.pSqD8JwOAlohp_m7Jy7A2gHaDW&pid=Api", 
            "thumbnail": {
                "width": 474, 
                "height": 214
            }, 
            "contentSize": "29945 B"
        }, 
        {
            "contentUrl": "http://kf.qq.com/userfiles/Image/mili/6.jpg", 
            "insightsMetadata": {
                "pagesIncludingCount": 1, 
                "availableSizesCount": 1
            }, 
            "height": 267, 
            "accentColor": "B01B1D", 
            "hostPageDisplayUrl": "kf.qq.com/mini_info/81063_0.html", 
            "name": "腾讯客服--好莱坞会员-如何购买好莱坞影片", 
            "width": 250, 
            "imageInsightsToken": "ccid_1hUjUogZ*mid_08E1714C8CADA8E7D92366D1D5DB00AB29FBCD25*simid_607990595550511660*thid_OIP.1hUjUogZViSFjRJ2Jn1fGAAAAA", 
            "imageId": "08E1714C8CADA8E7D92366D1D5DB00AB29FBCD25", 
            "isFamilyFriendly": true, 
            "datePublished": "2013-10-14T06:51:00.0000000Z", 
            "encodingFormat": "jpeg", 
            "webSearchUrl": "https://www.bing.com/images/search?view=detailv2&FORM=OIIRPO&q=site%3a(thepaper.cn+or+chinadaily.com.cn+or+china.com.cn+or+chinanews.com+or+youth.cn+or+sina.com.cn+or+xinhuanet.com+or+cri.cn+or+163.com+or+cankaoxiaoxi.com+or+cctv.com+or+ifeng.com+or+qq.com+or+takungpao.com+or+people.com.cn+or+southcn.com+or+southcn.com+or+cnr.cn+or+people.com.cn+or+cyol.com+or+bjnews.com.cn+or+gmw.cn+or+dahe.cn+or+xfrb.com.cn+or+cqnews.net+or+lifeweek.com.cn+or+cpd.com.cn+or+haiwainet.cn+or+yidianzixun.com+or+ftchinese.com+or+guancha.cn+or+zhcw.com+or+huanqiu.com+or+ihuawen.com+or+nytimes.com+or+flickr.com+or+quanjing.com+or+vcg.com+or+gettyimages.co.uk+or+paixin.com)+%e6%94%af%e4%bb%98+%e4%bb%b7%e6%a0%bc&id=08E1714C8CADA8E7D92366D1D5DB00AB29FBCD25&simid=607990595550511660", 
            "hostPageUrl": "http://kf.qq.com/mini_info/81063_0.html", 
            "thumbnailUrl": "https://tse1.mm.bing.net/th?id=OIP.1hUjUogZViSFjRJ2Jn1fGAAAAA&pid=Api", 
            "thumbnail": {
                "width": 250, 
                "height": 267
            }, 
            "contentSize": "57152 B"
        }, 
        {
            "contentUrl": "https://n.sinaimg.cn/tech/crawl/60/w550h310/20181106/N3Hg-hnknmqx4755851.jpg", 
            "insightsMetadata": {
                "pagesIncludingCount": 7, 
                "availableSizesCount": 2
            }, 
            "height": 310, 
            "accentColor": "138AB8", 
            "hostPageDisplayUrl": "https://tech.sina.com.cn/i/2018-11-06/doc-ihnknmqx4739568...", 
            "name": "支付牌照买卖江湖：需求方减少 半年价格缩水50%|第三方支付 ...", 
            "width": 550, 
            "imageInsightsToken": "ccid_UkiMdWuJ*mid_738A0551FD8FC13A89177009B3B339D6057063BF*simid_608000680130316849*thid_OIP.UkiMdWuJAdY1NwsXrZTlngHaEL", 
            "imageId": "738A0551FD8FC13A89177009B3B339D6057063BF", 
            "isFamilyFriendly": true, 
            "datePublished": "2018-11-06T03:19:00.0000000Z", 
            "encodingFormat": "jpeg", 
            "webSearchUrl": "https://www.bing.com/images/search?view=detailv2&FORM=OIIRPO&q=site%3a(thepaper.cn+or+chinadaily.com.cn+or+china.com.cn+or+chinanews.com+or+youth.cn+or+sina.com.cn+or+xinhuanet.com+or+cri.cn+or+163.com+or+cankaoxiaoxi.com+or+cctv.com+or+ifeng.com+or+qq.com+or+takungpao.com+or+people.com.cn+or+southcn.com+or+southcn.com+or+cnr.cn+or+people.com.cn+or+cyol.com+or+bjnews.com.cn+or+gmw.cn+or+dahe.cn+or+xfrb.com.cn+or+cqnews.net+or+lifeweek.com.cn+or+cpd.com.cn+or+haiwainet.cn+or+yidianzixun.com+or+ftchinese.com+or+guancha.cn+or+zhcw.com+or+huanqiu.com+or+ihuawen.com+or+nytimes.com+or+flickr.com+or+quanjing.com+or+vcg.com+or+gettyimages.co.uk+or+paixin.com)+%e6%94%af%e4%bb%98+%e4%bb%b7%e6%a0%bc&id=738A0551FD8FC13A89177009B3B339D6057063BF&simid=608000680130316849", 
            "hostPageUrl": "https://tech.sina.com.cn/i/2018-11-06/doc-ihnknmqx4739568.shtml", 
            "thumbnailUrl": "https://tse3.mm.bing.net/th?id=OIP.UkiMdWuJAdY1NwsXrZTlngHaEL&pid=Api", 
            "thumbnail": {
                "width": 474, 
                "height": 267
            }, 
            "contentSize": "17226 B"
        }, 
        {
            "contentUrl": "http://image.finance.china.cn/upload/images/2017/0725/083905/163_4322773_52494b14bb5bb3519987a4e7f7b1957a.jpg", 
            "insightsMetadata": {
                "pagesIncludingCount": 6, 
                "availableSizesCount": 1
            }, 
            "height": 600, 
            "accentColor": "3B5A90", 
            "hostPageDisplayUrl": "finance.china.com.cn/money/efinance/20170725/4322773.shtml", 
            "name": "支付牌照价格“水涨船高” 天下支付引入诺亚1.5亿增资_财经_中国网", 
            "width": 382, 
            "imageInsightsToken": "ccid_6IpIuowv*mid_03626AF5340A85EB1897AC5870EE973D6BFC5A97*simid_608000233449197031*thid_OIP.6IpIuowv-lcmAfEoFVCzMwAAAA", 
            "imageId": "03626AF5340A85EB1897AC5870EE973D6BFC5A97", 
            "isFamilyFriendly": true, 
            "datePublished": "2017-07-25T00:46:00.0000000Z", 
            "encodingFormat": "jpeg", 
            "webSearchUrl": "https://www.bing.com/images/search?view=detailv2&FORM=OIIRPO&q=site%3a(thepaper.cn+or+chinadaily.com.cn+or+china.com.cn+or+chinanews.com+or+youth.cn+or+sina.com.cn+or+xinhuanet.com+or+cri.cn+or+163.com+or+cankaoxiaoxi.com+or+cctv.com+or+ifeng.com+or+qq.com+or+takungpao.com+or+people.com.cn+or+southcn.com+or+southcn.com+or+cnr.cn+or+people.com.cn+or+cyol.com+or+bjnews.com.cn+or+gmw.cn+or+dahe.cn+or+xfrb.com.cn+or+cqnews.net+or+lifeweek.com.cn+or+cpd.com.cn+or+haiwainet.cn+or+yidianzixun.com+or+ftchinese.com+or+guancha.cn+or+zhcw.com+or+huanqiu.com+or+ihuawen.com+or+nytimes.com+or+flickr.com+or+quanjing.com+or+vcg.com+or+gettyimages.co.uk+or+paixin.com)+%e6%94%af%e4%bb%98+%e4%bb%b7%e6%a0%bc&id=03626AF5340A85EB1897AC5870EE973D6BFC5A97&simid=608000233449197031", 
            "hostPageUrl": "http://finance.china.com.cn/money/efinance/20170725/4322773.shtml", 
            "thumbnailUrl": "https://tse1.mm.bing.net/th?id=OIP.6IpIuowv-lcmAfEoFVCzMwAAAA&pid=Api", 
            "thumbnail": {
                "width": 382, 
                "height": 600
            }, 
            "contentSize": "72106 B"
        }, 
        {
            "contentUrl": "http://inews.gtimg.com/newsapp_bt/0/1756304688/641", 
            "insightsMetadata": {
                "pagesIncludingCount": 5, 
                "availableSizesCount": 1
            }, 
            "height": 330, 
            "accentColor": "10243F", 
            "hostPageDisplayUrl": "tech.qq.com/a/20170709/005734.htm", 
            "name": "支付牌照价格一年涨七八倍：一张全牌照叫价20亿元_科技_腾讯网", 
            "width": 580, 
            "imageInsightsToken": "ccid_rMoph63f*mid_58CA55B5ECED80AFE8FDEC4F205095DAD74A6500*simid_607997033692204647*thid_OIP.rMoph63fxp0abhOh1EY5pAHaEN", 
            "imageId": "58CA55B5ECED80AFE8FDEC4F205095DAD74A6500", 
            "isFamilyFriendly": true, 
            "datePublished": "2017-07-09T00:36:00.0000000Z", 
            "encodingFormat": "jpeg", 
            "webSearchUrl": "https://www.bing.com/images/search?view=detailv2&FORM=OIIRPO&q=site%3a(thepaper.cn+or+chinadaily.com.cn+or+china.com.cn+or+chinanews.com+or+youth.cn+or+sina.com.cn+or+xinhuanet.com+or+cri.cn+or+163.com+or+cankaoxiaoxi.com+or+cctv.com+or+ifeng.com+or+qq.com+or+takungpao.com+or+people.com.cn+or+southcn.com+or+southcn.com+or+cnr.cn+or+people.com.cn+or+cyol.com+or+bjnews.com.cn+or+gmw.cn+or+dahe.cn+or+xfrb.com.cn+or+cqnews.net+or+lifeweek.com.cn+or+cpd.com.cn+or+haiwainet.cn+or+yidianzixun.com+or+ftchinese.com+or+guancha.cn+or+zhcw.com+or+huanqiu.com+or+ihuawen.com+or+nytimes.com+or+flickr.com+or+quanjing.com+or+vcg.com+or+gettyimages.co.uk+or+paixin.com)+%e6%94%af%e4%bb%98+%e4%bb%b7%e6%a0%bc&id=58CA55B5ECED80AFE8FDEC4F205095DAD74A6500&simid=607997033692204647", 
            "hostPageUrl": "http://tech.qq.com/a/20170709/005734.htm", 
            "thumbnailUrl": "https://tse1.mm.bing.net/th?id=OIP.rMoph63fxp0abhOh1EY5pAHaEN&pid=Api", 
            "thumbnail": {
                "width": 474, 
                "height": 269
            }, 
            "contentSize": "6880 B"
        }, 
        {
            "contentUrl": "http://kf.qq.com/userfiles/Image/mili/7.jpg", 
            "insightsMetadata": {
                "pagesIncludingCount": 1, 
                "availableSizesCount": 1
            }, 
            "height": 204, 
            "accentColor": "CA0101", 
            "hostPageDisplayUrl": "kf.qq.com/mini_info/81063_0.html", 
            "name": "腾讯客服--好莱坞会员-如何购买好莱坞影片", 
            "width": 630, 
            "imageInsightsToken": "ccid_ZGRoRqvO*mid_08E1714C8CADA8E7D923F882EC810D2C79FD997C*simid_608000126065773898*thid_OIP.ZGRoRqvOBm8jDRCh5HVGJQHaCZ", 
            "imageId": "08E1714C8CADA8E7D923F882EC810D2C79FD997C", 
            "isFamilyFriendly": true, 
            "datePublished": "2013-10-14T06:51:00.0000000Z", 
            "encodingFormat": "jpeg", 
            "webSearchUrl": "https://www.bing.com/images/search?view=detailv2&FORM=OIIRPO&q=site%3a(thepaper.cn+or+chinadaily.com.cn+or+china.com.cn+or+chinanews.com+or+youth.cn+or+sina.com.cn+or+xinhuanet.com+or+cri.cn+or+163.com+or+cankaoxiaoxi.com+or+cctv.com+or+ifeng.com+or+qq.com+or+takungpao.com+or+people.com.cn+or+southcn.com+or+southcn.com+or+cnr.cn+or+people.com.cn+or+cyol.com+or+bjnews.com.cn+or+gmw.cn+or+dahe.cn+or+xfrb.com.cn+or+cqnews.net+or+lifeweek.com.cn+or+cpd.com.cn+or+haiwainet.cn+or+yidianzixun.com+or+ftchinese.com+or+guancha.cn+or+zhcw.com+or+huanqiu.com+or+ihuawen.com+or+nytimes.com+or+flickr.com+or+quanjing.com+or+vcg.com+or+gettyimages.co.uk+or+paixin.com)+%e6%94%af%e4%bb%98+%e4%bb%b7%e6%a0%bc&id=08E1714C8CADA8E7D923F882EC810D2C79FD997C&simid=608000126065773898", 
            "hostPageUrl": "http://kf.qq.com/mini_info/81063_0.html", 
            "thumbnailUrl": "https://tse4.mm.bing.net/th?id=OIP.ZGRoRqvOBm8jDRCh5HVGJQHaCZ&pid=Api", 
            "thumbnail": {
                "width": 474, 
                "height": 153
            }, 
            "contentSize": "36419 B"
        }, 
        {
            "contentUrl": "http://news.xinhuanet.com/fortune/2017-08/11/1121466016_15024098218071n.jpg", 
            "insightsMetadata": {
                "pagesIncludingCount": 1, 
                "availableSizesCount": 1
            }, 
            "height": 114, 
            "accentColor": "1980B2", 
            "hostPageDisplayUrl": "news.xinhuanet.com/fortune/2017-08/11/c_1121466016.htm", 
            "name": "支付牌照价格翻倍：去年4亿今年8亿-新华网", 
            "width": 400, 
            "imageInsightsToken": "ccid_kIw9dSXe*mid_D3C9E11C56D0B4562AB780EF13A2DEBE73A3AB4D*simid_608000310753889828*thid_OIP.kIw9dSXey72xg1E6NDpYXwAAAA", 
            "imageId": "D3C9E11C56D0B4562AB780EF13A2DEBE73A3AB4D", 
            "isFamilyFriendly": true, 
            "datePublished": "2017-08-11T00:27:00.0000000Z", 
            "encodingFormat": "jpeg", 
            "webSearchUrl": "https://www.bing.com/images/search?view=detailv2&FORM=OIIRPO&q=site%3a(thepaper.cn+or+chinadaily.com.cn+or+china.com.cn+or+chinanews.com+or+youth.cn+or+sina.com.cn+or+xinhuanet.com+or+cri.cn+or+163.com+or+cankaoxiaoxi.com+or+cctv.com+or+ifeng.com+or+qq.com+or+takungpao.com+or+people.com.cn+or+southcn.com+or+southcn.com+or+cnr.cn+or+people.com.cn+or+cyol.com+or+bjnews.com.cn+or+gmw.cn+or+dahe.cn+or+xfrb.com.cn+or+cqnews.net+or+lifeweek.com.cn+or+cpd.com.cn+or+haiwainet.cn+or+yidianzixun.com+or+ftchinese.com+or+guancha.cn+or+zhcw.com+or+huanqiu.com+or+ihuawen.com+or+nytimes.com+or+flickr.com+or+quanjing.com+or+vcg.com+or+gettyimages.co.uk+or+paixin.com)+%e6%94%af%e4%bb%98+%e4%bb%b7%e6%a0%bc&id=D3C9E11C56D0B4562AB780EF13A2DEBE73A3AB4D&simid=608000310753889828", 
            "hostPageUrl": "http://news.xinhuanet.com/fortune/2017-08/11/c_1121466016.htm", 
            "thumbnailUrl": "https://tse2.mm.bing.net/th?id=OIP.kIw9dSXey72xg1E6NDpYXwAAAA&pid=Api", 
            "thumbnail": {
                "width": 400, 
                "height": 114
            }, 
            "hostPageFavIconUrl": "https://www.bing.com/th?id=AR_6034f89765965526777239fbb6bac707&pid=Api", 
            "contentSize": "26094 B"
        }, 
        {
            "contentUrl": "http://n.sinaimg.cn/translate/77/w584h293/20180410/k2Oa-fyzeyqa0503683.jpg", 
            "insightsMetadata": {
                "pagesIncludingCount": 1, 
                "availableSizesCount": 1
            }, 
            "height": 293, 
            "accentColor": "C38908", 
            "hostPageDisplayUrl": "games.sina.com.cn/t/n/2018-04-10/fyteqtq7363025.shtml", 
            "name": "喜加一 HB商店支付任意价格可获得《破门而入》一份_电视游戏 ...", 
            "width": 584, 
            "imageInsightsToken": "ccid_jZGmBvMo*mid_6E12D41ED4EB39A9C34C55F0C91E60E80A122C00*simid_608012456987265270*thid_OIP.jZGmBvMonGPJvWdIF2rGFAHaDt", 
            "imageId": "6E12D41ED4EB39A9C34C55F0C91E60E80A122C00", 
            "isFamilyFriendly": true, 
            "datePublished": "2018-06-08T06:57:00.0000000Z", 
            "encodingFormat": "jpeg", 
            "webSearchUrl": "https://www.bing.com/images/search?view=detailv2&FORM=OIIRPO&q=site%3a(thepaper.cn+or+chinadaily.com.cn+or+china.com.cn+or+chinanews.com+or+youth.cn+or+sina.com.cn+or+xinhuanet.com+or+cri.cn+or+163.com+or+cankaoxiaoxi.com+or+cctv.com+or+ifeng.com+or+qq.com+or+takungpao.com+or+people.com.cn+or+southcn.com+or+southcn.com+or+cnr.cn+or+people.com.cn+or+cyol.com+or+bjnews.com.cn+or+gmw.cn+or+dahe.cn+or+xfrb.com.cn+or+cqnews.net+or+lifeweek.com.cn+or+cpd.com.cn+or+haiwainet.cn+or+yidianzixun.com+or+ftchinese.com+or+guancha.cn+or+zhcw.com+or+huanqiu.com+or+ihuawen.com+or+nytimes.com+or+flickr.com+or+quanjing.com+or+vcg.com+or+gettyimages.co.uk+or+paixin.com)+%e6%94%af%e4%bb%98+%e4%bb%b7%e6%a0%bc&id=6E12D41ED4EB39A9C34C55F0C91E60E80A122C00&simid=608012456987265270", 
            "hostPageUrl": "http://games.sina.com.cn/t/n/2018-04-10/fyteqtq7363025.shtml", 
            "thumbnailUrl": "https://tse1.mm.bing.net/th?id=OIP.jZGmBvMonGPJvWdIF2rGFAHaDt&pid=Api", 
            "thumbnail": {
                "width": 474, 
                "height": 237
            }, 
            "contentSize": "22235 B"
        }
    ], 
    "nextOffset": 12, 
    "queryContext": {
        "alterationMethod": "AM_JustChangeIt", 
        "alterationType": "CombinedAlterationsChained", 
        "originalQuery": "site:(thepaper.cn or chinadaily.com.cn or china.com.cn or chinanews.com or youth.cn or sina.com.cn or xinhuanet.com or cri.cn or 163.com or cankaoxiaoxi.com or cctv.com or ifeng.com or qq.com or takungpao.com or people.com.cn or southcn.com or southcn.com or cnr.cn or people.com.cn or cyol.com or bjnews.com.cn or gmw.cn or dahe.cn or xfrb.com.cn or cqnews.net or lifeweek.com.cn or cpd.com.cn or haiwainet.cn or yidianzixun.com or ftchinese.com or guancha.cn or zhcw.com or huanqiu.com or ihuawen.com or nytimes.com or flickr.com or quanjing.com or vcg.com or gettyimages.co.uk or paixin.com) 支付 价格", 
        "alterationOverrideQuery": "+site:(thepaper.cn or chinadaily.com.cn or china.com.cn or chinanews.com or youth.cn or sina.com.cn or xinhuanet.com or cri.cn or 163.com or cankaoxiaoxi.com or cctv.com or ifeng.com or qq.com or takungpao.com or people.com.cn or southcn.com or southcn.com or cnr.cn or people.com.cn or cyol.com or bjnews.com.cn or gmw.cn or dahe.cn or xfrb.com.cn or cqnews.net or lifeweek.com.cn or cpd.com.cn or haiwainet.cn or yidianzixun.com or ftchinese.com or guancha.cn or zhcw.com or huanqiu.com or ihuawen.com or nytimes.com or flickr.com or quanjing.com or vcg.com or gettyimages.co.uk or paixin.com) 支付 价格", 
        "alterationDisplayQuery": "支付 价格"
    }, 
    "currentOffset": 0, 
    "readLink": "images/search?q=site:(thepaper.cn or chinadaily.com.cn or china.com.cn or chinanews.com or youth.cn or sina.com.cn or xinhuanet.com or cri.cn or 163.com or cankaoxiaoxi.com or cctv.com or ifeng.com or qq.com or takungpao.com or people.com.cn or southcn.com or southcn.com or cnr.cn or people.com.cn or cyol.com or bjnews.com.cn or gmw.cn or dahe.cn or xfrb.com.cn or cqnews.net or lifeweek.com.cn or cpd.com.cn or haiwainet.cn or yidianzixun.com or ftchinese.com or guancha.cn or zhcw.com or huanqiu.com or ihuawen.com or nytimes.com or flickr.com or quanjing.com or vcg.com or gettyimages.co.uk or paixin.com) 支付 价格", 
    "totalEstimatedMatches": 100
}