{
    "instrumentation": {
        "_type": "ResponseInstrumentation"
    }, 
    "_type": "Images", 
    "webSearchUrl": "https://www.bing.com/images/search?q=site:(thepaper.cn or chinadaily.com.cn or china.com.cn or chinanews.com or youth.cn or sina.com.cn or xinhuanet.com or cri.cn or 163.com or cankaoxiaoxi.com or cctv.com or ifeng.com or qq.com or takungpao.com or people.com.cn or southcn.com or southcn.com or cnr.cn or people.com.cn or cyol.com or bjnews.com.cn or gmw.cn or dahe.cn or xfrb.com.cn or cqnews.net or lifeweek.com.cn or cpd.com.cn or haiwainet.cn or yidianzixun.com or ftchinese.com or guancha.cn or zhcw.com or huanqiu.com or ihuawen.com or nytimes.com or flickr.com or quanjing.com or vcg.com or gettyimages.co.uk or paixin.com) 罗斯 说 认为 是因为 年轻&FORM=OIIARP", 
    "value": [
        {
            "contentUrl": "http://p0.ifengimg.com/pmop/2017/0905/D464B6F29F22CEC360B3C0FBA2C95443EC156A61_size56_w1280_h968.jpeg", 
            "insightsMetadata": {
                "pagesIncludingCount": 4, 
                "availableSizesCount": 3
            }, 
            "height": 968, 
            "accentColor": "395992", 
            "hostPageDisplayUrl": "news.ifeng.com/a/20170905/51878740_0.shtml", 
            "name": "罗斯在中国居然哭了！只因这段视频，看完好心酸......_凤凰资讯", 
            "width": 1280, 
            "imageInsightsToken": "ccid_xzXHSy1d*mid_90083EB6697227409776828C5C949018F1D6836B*simid_608045343473336551*thid_OIP.xzXHSy1dMIT-nKnQ4jkJdgHaFm", 
            "imageId": "90083EB6697227409776828C5C949018F1D6836B", 
            "isFamilyFriendly": true, 
            "datePublished": "2017-09-05T06:25:00.0000000Z", 
            "encodingFormat": "jpeg", 
            "webSearchUrl": "https://www.bing.com/images/search?view=detailv2&FORM=OIIRPO&q=site%3a(thepaper.cn+or+chinadaily.com.cn+or+china.com.cn+or+chinanews.com+or+youth.cn+or+sina.com.cn+or+xinhuanet.com+or+cri.cn+or+163.com+or+cankaoxiaoxi.com+or+cctv.com+or+ifeng.com+or+qq.com+or+takungpao.com+or+people.com.cn+or+southcn.com+or+southcn.com+or+cnr.cn+or+people.com.cn+or+cyol.com+or+bjnews.com.cn+or+gmw.cn+or+dahe.cn+or+xfrb.com.cn+or+cqnews.net+or+lifeweek.com.cn+or+cpd.com.cn+or+haiwainet.cn+or+yidianzixun.com+or+ftchinese.com+or+guancha.cn+or+zhcw.com+or+huanqiu.com+or+ihuawen.com+or+nytimes.com+or+flickr.com+or+quanjing.com+or+vcg.com+or+gettyimages.co.uk+or+paixin.com)+%e7%bd%97%e6%96%af+%e8%af%b4+%e8%ae%a4%e4%b8%ba+%e6%98%af%e5%9b%a0%e4%b8%ba+%e5%b9%b4%e8%bd%bb&id=90083EB6697227409776828C5C949018F1D6836B&simid=608045343473336551", 
            "hostPageUrl": "http://news.ifeng.com/a/20170905/51878740_0.shtml", 
            "thumbnailUrl": "https://tse1.mm.bing.net/th?id=OIP.xzXHSy1dMIT-nKnQ4jkJdgHaFm&pid=Api", 
            "thumbnail": {
                "width": 474, 
                "height": 358
            }, 
            "contentSize": "57440 B"
        }, 
        {
            "contentUrl": "http://p0.ifengimg.com/pmop/2017/0905/9A30D535F63C1F2F0553BE8F7A86A5C399515B33_size73_w1024_h738.jpeg", 
            "insightsMetadata": {
                "pagesIncludingCount": 3, 
                "availableSizesCount": 2
            }, 
            "height": 738, 
            "accentColor": "233A77", 
            "hostPageDisplayUrl": "news.ifeng.com/a/20170905/51878740_0.shtml", 
            "name": "罗斯在中国居然哭了！只因这段视频，看完好心酸......_凤凰资讯", 
            "width": 1024, 
            "imageInsightsToken": "ccid_hknjKm2X*mid_90083EB6697227409776E83D1992443C3F55352E*simid_608005683767871991*thid_OIP.hknjKm2XIEQrQD6jmNCdAAHaFV", 
            "imageId": "90083EB6697227409776E83D1992443C3F55352E", 
            "isFamilyFriendly": true, 
            "datePublished": "2017-09-05T06:25:00.0000000Z", 
            "encodingFormat": "jpeg", 
            "webSearchUrl": "https://www.bing.com/images/search?view=detailv2&FORM=OIIRPO&q=site%3a(thepaper.cn+or+chinadaily.com.cn+or+china.com.cn+or+chinanews.com+or+youth.cn+or+sina.com.cn+or+xinhuanet.com+or+cri.cn+or+163.com+or+cankaoxiaoxi.com+or+cctv.com+or+ifeng.com+or+qq.com+or+takungpao.com+or+people.com.cn+or+southcn.com+or+southcn.com+or+cnr.cn+or+people.com.cn+or+cyol.com+or+bjnews.com.cn+or+gmw.cn+or+dahe.cn+or+xfrb.com.cn+or+cqnews.net+or+lifeweek.com.cn+or+cpd.com.cn+or+haiwainet.cn+or+yidianzixun.com+or+ftchinese.com+or+guancha.cn+or+zhcw.com+or+huanqiu.com+or+ihuawen.com+or+nytimes.com+or+flickr.com+or+quanjing.com+or+vcg.com+or+gettyimages.co.uk+or+paixin.com)+%e7%bd%97%e6%96%af+%e8%af%b4+%e8%ae%a4%e4%b8%ba+%e6%98%af%e5%9b%a0%e4%b8%ba+%e5%b9%b4%e8%bd%bb&id=90083EB6697227409776E83D1992443C3F55352E&simid=608005683767871991", 
            "hostPageUrl": "http://news.ifeng.com/a/20170905/51878740_0.shtml", 
            "thumbnailUrl": "https://tse3.mm.bing.net/th?id=OIP.hknjKm2XIEQrQD6jmNCdAAHaFV&pid=Api", 
            "thumbnail": {
                "width": 474, 
                "height": 341
            }, 
            "contentSize": "75004 B"
        }, 
        {
            "contentUrl": "http://n.sinaimg.cn/sports/transform/283/w650h433/20180606/rAmr-hcqccip5449588.jpg", 
            "insightsMetadata": {
                "pagesIncludingCount": 5, 
                "availableSizesCount": 5
            }, 
            "height": 433, 
            "accentColor": "B81513", 
            "hostPageDisplayUrl": "sports.sina.com.cn/motorracing/f1/newsall/2018-06-06/doc...", 
            "name": "威廉姆斯暗示将与斯特罗尔续约 释放温和态度_新闻_新浪竞技 ...", 
            "width": 650, 
            "imageInsightsToken": "ccid_kcFgWoWb*mid_A85E7C5D4D1E22F966610F83B689BEC989911451*simid_608017580824922866*thid_OIP.kcFgWoWbVhGA71tr8yHS0QEsDH", 
            "imageId": "A85E7C5D4D1E22F966610F83B689BEC989911451", 
            "isFamilyFriendly": true, 
            "datePublished": "2018-08-12T19:31:00.0000000Z", 
            "encodingFormat": "jpeg", 
            "webSearchUrl": "https://www.bing.com/images/search?view=detailv2&FORM=OIIRPO&q=site%3a(thepaper.cn+or+chinadaily.com.cn+or+china.com.cn+or+chinanews.com+or+youth.cn+or+sina.com.cn+or+xinhuanet.com+or+cri.cn+or+163.com+or+cankaoxiaoxi.com+or+cctv.com+or+ifeng.com+or+qq.com+or+takungpao.com+or+people.com.cn+or+southcn.com+or+southcn.com+or+cnr.cn+or+people.com.cn+or+cyol.com+or+bjnews.com.cn+or+gmw.cn+or+dahe.cn+or+xfrb.com.cn+or+cqnews.net+or+lifeweek.com.cn+or+cpd.com.cn+or+haiwainet.cn+or+yidianzixun.com+or+ftchinese.com+or+guancha.cn+or+zhcw.com+or+huanqiu.com+or+ihuawen.com+or+nytimes.com+or+flickr.com+or+quanjing.com+or+vcg.com+or+gettyimages.co.uk+or+paixin.com)+%e7%bd%97%e6%96%af+%e8%af%b4+%e8%ae%a4%e4%b8%ba+%e6%98%af%e5%9b%a0%e4%b8%ba+%e5%b9%b4%e8%bd%bb&id=A85E7C5D4D1E22F966610F83B689BEC989911451&simid=608017580824922866", 
            "hostPageUrl": "http://sports.sina.com.cn/motorracing/f1/newsall/2018-06-06/doc-ihcqccip5450329.shtml", 
            "thumbnailUrl": "https://tse2.mm.bing.net/th?id=OIP.kcFgWoWbVhGA71tr8yHS0QEsDH&pid=Api", 
            "thumbnail": {
                "width": 474, 
                "height": 315
            }, 
            "contentSize": "30383 B"
        }, 
        {
            "contentUrl": "http://inews.gtimg.com/newsapp_bt/0/3443869510/641", 
            "insightsMetadata": {
                "pagesIncludingCount": 1, 
                "availableSizesCount": 1
            }, 
            "height": 808, 
            "accentColor": "0C3A7B", 
            "hostPageDisplayUrl": "sports.qq.com/a/20180501/011626.htm", 
            "name": "温格留给阿森纳宝贵财富 新星强势崛起枪手涅槃可期_体育_腾讯网", 
            "width": 641, 
            "imageInsightsToken": "ccid_SeIK6F01*mid_552B3A3C957A63CFFA5EE7873FEEA669B66FB244*simid_608005134008388435*thid_OIP.SeIK6F01Onm9lFO8yPcFmAHaJV", 
            "imageId": "552B3A3C957A63CFFA5EE7873FEEA669B66FB244", 
            "isFamilyFriendly": true, 
            "datePublished": "2018-05-01T04:32:00.0000000Z", 
            "encodingFormat": "jpeg", 
            "webSearchUrl": "https://www.bing.com/images/search?view=detailv2&FORM=OIIRPO&q=site%3a(thepaper.cn+or+chinadaily.com.cn+or+china.com.cn+or+chinanews.com+or+youth.cn+or+sina.com.cn+or+xinhuanet.com+or+cri.cn+or+163.com+or+cankaoxiaoxi.com+or+cctv.com+or+ifeng.com+or+qq.com+or+takungpao.com+or+people.com.cn+or+southcn.com+or+southcn.com+or+cnr.cn+or+people.com.cn+or+cyol.com+or+bjnews.com.cn+or+gmw.cn+or+dahe.cn+or+xfrb.com.cn+or+cqnews.net+or+lifeweek.com.cn+or+cpd.com.cn+or+haiwainet.cn+or+yidianzixun.com+or+ftchinese.com+or+guancha.cn+or+zhcw.com+or+huanqiu.com+or+ihuawen.com+or+nytimes.com+or+flickr.com+or+quanjing.com+or+vcg.com+or+gettyimages.co.uk+or+paixin.com)+%e7%bd%97%e6%96%af+%e8%af%b4+%e8%ae%a4%e4%b8%ba+%e6%98%af%e5%9b%a0%e4%b8%ba+%e5%b9%b4%e8%bd%bb&id=552B3A3C957A63CFFA5EE7873FEEA669B66FB244&simid=608005134008388435", 
            "hostPageUrl": "http://sports.qq.com/a/20180501/011626.htm", 
            "thumbnailUrl": "https://tse1.mm.bing.net/th?id=OIP.SeIK6F01Onm9lFO8yPcFmAHaJV&pid=Api", 
            "thumbnail": {
                "width": 474, 
                "height": 597
            }, 
            "contentSize": "116722 B"
        }, 
        {
            "contentUrl": "http://n.sinaimg.cn/sports/transform/20160504/34EM-fxrunru8786548.png", 
            "insightsMetadata": {
                "pagesIncludingCount": 2, 
                "availableSizesCount": 1
            }, 
            "height": 311, 
            "accentColor": "2691A5", 
            "hostPageDisplayUrl": "sports.sina.com.cn/g/pl/2016-05-04/doc-ifxrtztc3223058.shtml", 
            "name": "罗本力挺曼联水货:给他时间 他必能在英超成功_英格兰_新浪竞技 ...", 
            "width": 550, 
            "imageInsightsToken": "ccid_qPvzFINY*mid_5A2698C2BBA75CAC25152A69D7FC9D18E0166636*simid_608049355014081250*thid_OIP.qPvzFINY8kzqbWhPjAyiXgHaEM", 
            "imageId": "5A2698C2BBA75CAC25152A69D7FC9D18E0166636", 
            "isFamilyFriendly": true, 
            "datePublished": "2016-05-04T03:51:00.0000000Z", 
            "encodingFormat": "png", 
            "webSearchUrl": "https://www.bing.com/images/search?view=detailv2&FORM=OIIRPO&q=site%3a(thepaper.cn+or+chinadaily.com.cn+or+china.com.cn+or+chinanews.com+or+youth.cn+or+sina.com.cn+or+xinhuanet.com+or+cri.cn+or+163.com+or+cankaoxiaoxi.com+or+cctv.com+or+ifeng.com+or+qq.com+or+takungpao.com+or+people.com.cn+or+southcn.com+or+southcn.com+or+cnr.cn+or+people.com.cn+or+cyol.com+or+bjnews.com.cn+or+gmw.cn+or+dahe.cn+or+xfrb.com.cn+or+cqnews.net+or+lifeweek.com.cn+or+cpd.com.cn+or+haiwainet.cn+or+yidianzixun.com+or+ftchinese.com+or+guancha.cn+or+zhcw.com+or+huanqiu.com+or+ihuawen.com+or+nytimes.com+or+flickr.com+or+quanjing.com+or+vcg.com+or+gettyimages.co.uk+or+paixin.com)+%e7%bd%97%e6%96%af+%e8%af%b4+%e8%ae%a4%e4%b8%ba+%e6%98%af%e5%9b%a0%e4%b8%ba+%e5%b9%b4%e8%bd%bb&id=5A2698C2BBA75CAC25152A69D7FC9D18E0166636&simid=608049355014081250", 
            "hostPageUrl": "http://sports.sina.com.cn/g/pl/2016-05-04/doc-ifxrtztc3223058.shtml", 
            "thumbnailUrl": "https://tse2.mm.bing.net/th?id=OIP.qPvzFINY8kzqbWhPjAyiXgHaEM&pid=Api", 
            "thumbnail": {
                "width": 474, 
                "height": 268
            }, 
            "contentSize": "371742 B"
        }, 
        {
            "contentUrl": "http://himg2.huanqiu.com/attachment2010/2013/0508/20130508014924455.jpg", 
            "insightsMetadata": {
                "pagesIncludingCount": 3, 
                "availableSizesCount": 4
            }, 
            "height": 450, 
            "accentColor": "713234", 
            "hostPageDisplayUrl": "sports.huanqiu.com/basketball/nba/2013-05/3913556.html", 
            "name": "芝加哥媒体:罗斯只是块招牌 诺阿才是公牛真灵魂_体育_环球网", 
            "width": 575, 
            "imageInsightsToken": "ccid_7bEzEbS1*mid_ABAC7C8E27EE661F01B2D4491B021B4B28E689E6*simid_608049157445978382*thid_OIP.7bEzEbS1PhbrYbO8pXr!_9QHaFy", 
            "imageId": "ABAC7C8E27EE661F01B2D4491B021B4B28E689E6", 
            "isFamilyFriendly": true, 
            "datePublished": "2013-05-08T06:47:00.0000000Z", 
            "encodingFormat": "jpeg", 
            "webSearchUrl": "https://www.bing.com/images/search?view=detailv2&FORM=OIIRPO&q=site%3a(thepaper.cn+or+chinadaily.com.cn+or+china.com.cn+or+chinanews.com+or+youth.cn+or+sina.com.cn+or+xinhuanet.com+or+cri.cn+or+163.com+or+cankaoxiaoxi.com+or+cctv.com+or+ifeng.com+or+qq.com+or+takungpao.com+or+people.com.cn+or+southcn.com+or+southcn.com+or+cnr.cn+or+people.com.cn+or+cyol.com+or+bjnews.com.cn+or+gmw.cn+or+dahe.cn+or+xfrb.com.cn+or+cqnews.net+or+lifeweek.com.cn+or+cpd.com.cn+or+haiwainet.cn+or+yidianzixun.com+or+ftchinese.com+or+guancha.cn+or+zhcw.com+or+huanqiu.com+or+ihuawen.com+or+nytimes.com+or+flickr.com+or+quanjing.com+or+vcg.com+or+gettyimages.co.uk+or+paixin.com)+%e7%bd%97%e6%96%af+%e8%af%b4+%e8%ae%a4%e4%b8%ba+%e6%98%af%e5%9b%a0%e4%b8%ba+%e5%b9%b4%e8%bd%bb&id=ABAC7C8E27EE661F01B2D4491B021B4B28E689E6&simid=608049157445978382", 
            "hostPageUrl": "http://sports.huanqiu.com/basketball/nba/2013-05/3913556.html", 
            "thumbnailUrl": "https://tse3.mm.bing.net/th?id=OIP.7bEzEbS1PhbrYbO8pXr_9QHaFy&pid=Api", 
            "thumbnail": {
                "width": 474, 
                "height": 370
            }, 
            "contentSize": "70741 B"
        }, 
        {
            "contentUrl": "http://himg2.huanqiu.com/attachment2010/2013/0508/20130508014925803.jpg", 
            "insightsMetadata": {
                "pagesIncludingCount": 1, 
                "availableSizesCount": 1
            }, 
            "height": 400, 
            "accentColor": "B44A17", 
            "hostPageDisplayUrl": "sports.huanqiu.com/basketball/nba/2013-05/3913556.html", 
            "name": "芝加哥媒体:罗斯只是块招牌 诺阿才是公牛真灵魂_体育_环球网", 
            "width": 600, 
            "imageInsightsToken": "ccid_lecbuyMO*mid_ABAC7C8E27EE661F01B25B2BFA2F6FA6B76A3929*simid_608055874726135359*thid_OIP.lecbuyMOy34nk-3WkhVZJQHaE8", 
            "imageId": "ABAC7C8E27EE661F01B25B2BFA2F6FA6B76A3929", 
            "isFamilyFriendly": true, 
            "datePublished": "2013-05-08T06:47:00.0000000Z", 
            "encodingFormat": "jpeg", 
            "webSearchUrl": "https://www.bing.com/images/search?view=detailv2&FORM=OIIRPO&q=site%3a(thepaper.cn+or+chinadaily.com.cn+or+china.com.cn+or+chinanews.com+or+youth.cn+or+sina.com.cn+or+xinhuanet.com+or+cri.cn+or+163.com+or+cankaoxiaoxi.com+or+cctv.com+or+ifeng.com+or+qq.com+or+takungpao.com+or+people.com.cn+or+southcn.com+or+southcn.com+or+cnr.cn+or+people.com.cn+or+cyol.com+or+bjnews.com.cn+or+gmw.cn+or+dahe.cn+or+xfrb.com.cn+or+cqnews.net+or+lifeweek.com.cn+or+cpd.com.cn+or+haiwainet.cn+or+yidianzixun.com+or+ftchinese.com+or+guancha.cn+or+zhcw.com+or+huanqiu.com+or+ihuawen.com+or+nytimes.com+or+flickr.com+or+quanjing.com+or+vcg.com+or+gettyimages.co.uk+or+paixin.com)+%e7%bd%97%e6%96%af+%e8%af%b4+%e8%ae%a4%e4%b8%ba+%e6%98%af%e5%9b%a0%e4%b8%ba+%e5%b9%b4%e8%bd%bb&id=ABAC7C8E27EE661F01B25B2BFA2F6FA6B76A3929&simid=608055874726135359", 
            "hostPageUrl": "http://sports.huanqiu.com/basketball/nba/2013-05/3913556.html", 
            "thumbnailUrl": "https://tse1.mm.bing.net/th?id=OIP.lecbuyMOy34nk-3WkhVZJQHaE8&pid=Api", 
            "thumbnail": {
                "width": 474, 
                "height": 316
            }, 
            "contentSize": "66990 B"
        }, 
        {
            "contentUrl": "https://inews.gtimg.com/newsapp_bt/0/6412909337/1000", 
            "insightsMetadata": {
                "pagesIncludingCount": 18, 
                "availableSizesCount": 19
            }, 
            "height": 563, 
            "accentColor": "3B4B5C", 
            "hostPageDisplayUrl": "https://new.qq.com/omn/20181119/20181119A0NNP4.html", 
            "name": "《格林德沃之罪》后 《神奇动物3》的故事将如何发展？", 
            "width": 1000, 
            "imageInsightsToken": "ccid_Vh3jFPSN*mid_9B07E6C9B88E9B47732238F3120F3F8AD99A1994*simid_608014741882931418*thid_OIP.Vh3jFPSNY-qjnR4t1S3QqQHaEK", 
            "imageId": "9B07E6C9B88E9B47732238F3120F3F8AD99A1994", 
            "isFamilyFriendly": true, 
            "datePublished": "2018-11-19T07:23:00.0000000Z", 
            "encodingFormat": "jpeg", 
            "webSearchUrl": "https://www.bing.com/images/search?view=detailv2&FORM=OIIRPO&q=site%3a(thepaper.cn+or+chinadaily.com.cn+or+china.com.cn+or+chinanews.com+or+youth.cn+or+sina.com.cn+or+xinhuanet.com+or+cri.cn+or+163.com+or+cankaoxiaoxi.com+or+cctv.com+or+ifeng.com+or+qq.com+or+takungpao.com+or+people.com.cn+or+southcn.com+or+southcn.com+or+cnr.cn+or+people.com.cn+or+cyol.com+or+bjnews.com.cn+or+gmw.cn+or+dahe.cn+or+xfrb.com.cn+or+cqnews.net+or+lifeweek.com.cn+or+cpd.com.cn+or+haiwainet.cn+or+yidianzixun.com+or+ftchinese.com+or+guancha.cn+or+zhcw.com+or+huanqiu.com+or+ihuawen.com+or+nytimes.com+or+flickr.com+or+quanjing.com+or+vcg.com+or+gettyimages.co.uk+or+paixin.com)+%e7%bd%97%e6%96%af+%e8%af%b4+%e8%ae%a4%e4%b8%ba+%e6%98%af%e5%9b%a0%e4%b8%ba+%e5%b9%b4%e8%bd%bb&id=9B07E6C9B88E9B47732238F3120F3F8AD99A1994&simid=608014741882931418", 
            "hostPageUrl": "https://new.qq.com/omn/20181119/20181119A0NNP4.html", 
            "thumbnailUrl": "https://tse1.mm.bing.net/th?id=OIP.Vh3jFPSNY-qjnR4t1S3QqQHaEK&pid=Api", 
            "thumbnail": {
                "width": 474, 
                "height": 266
            }, 
            "contentSize": "48853 B"
        }, 
        {
            "contentUrl": "http://himg2.huanqiu.com/attachment2010/2013/0508/20130508014924976.jpg", 
            "insightsMetadata": {
                "pagesIncludingCount": 2, 
                "availableSizesCount": 2
            }, 
            "height": 450, 
            "accentColor": "694340", 
            "hostPageDisplayUrl": "sports.huanqiu.com/basketball/nba/2013-05/3913556.html", 
            "name": "芝加哥媒体:罗斯只是块招牌 诺阿才是公牛真灵魂_体育_环球网", 
            "width": 471, 
            "imageInsightsToken": "ccid_rKYSVS+L*mid_ABAC7C8E27EE661F01B2B91BB5C457B31E50B40E*simid_608029001109930902*thid_OIP.rKYSVS-LG!_BfORMF9hfjbwAAAA", 
            "imageId": "ABAC7C8E27EE661F01B2B91BB5C457B31E50B40E", 
            "isFamilyFriendly": true, 
            "datePublished": "2013-05-08T06:47:00.0000000Z", 
            "encodingFormat": "jpeg", 
            "webSearchUrl": "https://www.bing.com/images/search?view=detailv2&FORM=OIIRPO&q=site%3a(thepaper.cn+or+chinadaily.com.cn+or+china.com.cn+or+chinanews.com+or+youth.cn+or+sina.com.cn+or+xinhuanet.com+or+cri.cn+or+163.com+or+cankaoxiaoxi.com+or+cctv.com+or+ifeng.com+or+qq.com+or+takungpao.com+or+people.com.cn+or+southcn.com+or+southcn.com+or+cnr.cn+or+people.com.cn+or+cyol.com+or+bjnews.com.cn+or+gmw.cn+or+dahe.cn+or+xfrb.com.cn+or+cqnews.net+or+lifeweek.com.cn+or+cpd.com.cn+or+haiwainet.cn+or+yidianzixun.com+or+ftchinese.com+or+guancha.cn+or+zhcw.com+or+huanqiu.com+or+ihuawen.com+or+nytimes.com+or+flickr.com+or+quanjing.com+or+vcg.com+or+gettyimages.co.uk+or+paixin.com)+%e7%bd%97%e6%96%af+%e8%af%b4+%e8%ae%a4%e4%b8%ba+%e6%98%af%e5%9b%a0%e4%b8%ba+%e5%b9%b4%e8%bd%bb&id=ABAC7C8E27EE661F01B2B91BB5C457B31E50B40E&simid=608029001109930902", 
            "hostPageUrl": "http://sports.huanqiu.com/basketball/nba/2013-05/3913556.html", 
            "thumbnailUrl": "https://tse4.mm.bing.net/th?id=OIP.rKYSVS-LG_BfORMF9hfjbwAAAA&pid=Api", 
            "thumbnail": {
                "width": 471, 
                "height": 450
            }, 
            "contentSize": "81238 B"
        }, 
        {
            "contentUrl": "http://i.dailymail.co.uk/i/pix/2013/09/27/article-2435234-1851A7F000000578-66_634x414.jpg", 
            "insightsMetadata": {
                "pagesIncludingCount": 4, 
                "availableSizesCount": 2
            }, 
            "height": 414, 
            "accentColor": "7F6D4C", 
            "hostPageDisplayUrl": "intooldtrafford.blog.163.com/blog/static...", 
            "name": "11.17 曼联谈判3年尚未续约耐克 俱乐部不急续约鲁尼 红魔或购 ...", 
            "width": 634, 
            "imageInsightsToken": "ccid_yeVAPrnE*mid_857DB881EC14F8D3FE7231260CA35EA02FACC688*simid_608051910512675891*thid_OIP.yeVAPrnEShQWh-am7QxHSQEsDD", 
            "imageId": "857DB881EC14F8D3FE7231260CA35EA02FACC688", 
            "isFamilyFriendly": true, 
            "datePublished": "2018-05-05T11:05:00.0000000Z", 
            "encodingFormat": "jpeg", 
            "webSearchUrl": "https://www.bing.com/images/search?view=detailv2&FORM=OIIRPO&q=site%3a(thepaper.cn+or+chinadaily.com.cn+or+china.com.cn+or+chinanews.com+or+youth.cn+or+sina.com.cn+or+xinhuanet.com+or+cri.cn+or+163.com+or+cankaoxiaoxi.com+or+cctv.com+or+ifeng.com+or+qq.com+or+takungpao.com+or+people.com.cn+or+southcn.com+or+southcn.com+or+cnr.cn+or+people.com.cn+or+cyol.com+or+bjnews.com.cn+or+gmw.cn+or+dahe.cn+or+xfrb.com.cn+or+cqnews.net+or+lifeweek.com.cn+or+cpd.com.cn+or+haiwainet.cn+or+yidianzixun.com+or+ftchinese.com+or+guancha.cn+or+zhcw.com+or+huanqiu.com+or+ihuawen.com+or+nytimes.com+or+flickr.com+or+quanjing.com+or+vcg.com+or+gettyimages.co.uk+or+paixin.com)+%e7%bd%97%e6%96%af+%e8%af%b4+%e8%ae%a4%e4%b8%ba+%e6%98%af%e5%9b%a0%e4%b8%ba+%e5%b9%b4%e8%bd%bb&id=857DB881EC14F8D3FE7231260CA35EA02FACC688&simid=608051910512675891", 
            "hostPageUrl": "http://intooldtrafford.blog.163.com/blog/static/102358102013101711754607/?latestblog", 
            "thumbnailUrl": "https://tse3.mm.bing.net/th?id=OIP.yeVAPrnEShQWh-am7QxHSQEsDD&pid=Api", 
            "thumbnail": {
                "width": 300, 
                "height": 195
            }, 
            "contentSize": "93597 B"
        }
    ], 
    "nextOffset": 10, 
    "queryContext": {
        "alterationMethod": "AM_JustChangeIt", 
        "alterationType": "CombinedAlterations", 
        "originalQuery": "site:(thepaper.cn or chinadaily.com.cn or china.com.cn or chinanews.com or youth.cn or sina.com.cn or xinhuanet.com or cri.cn or 163.com or cankaoxiaoxi.com or cctv.com or ifeng.com or qq.com or takungpao.com or people.com.cn or southcn.com or southcn.com or cnr.cn or people.com.cn or cyol.com or bjnews.com.cn or gmw.cn or dahe.cn or xfrb.com.cn or cqnews.net or lifeweek.com.cn or cpd.com.cn or haiwainet.cn or yidianzixun.com or ftchinese.com or guancha.cn or zhcw.com or huanqiu.com or ihuawen.com or nytimes.com or flickr.com or quanjing.com or vcg.com or gettyimages.co.uk or paixin.com) 罗斯 说 认为 是因为 年轻", 
        "alterationOverrideQuery": "+site:(thepaper.cn or chinadaily.com.cn or china.com.cn or chinanews.com or youth.cn or sina.com.cn or xinhuanet.com or cri.cn or 163.com or cankaoxiaoxi.com or cctv.com or ifeng.com or qq.com or takungpao.com or people.com.cn or southcn.com or southcn.com or cnr.cn or people.com.cn or cyol.com or bjnews.com.cn or gmw.cn or dahe.cn or xfrb.com.cn or cqnews.net or lifeweek.com.cn or cpd.com.cn or haiwainet.cn or yidianzixun.com or ftchinese.com or guancha.cn or zhcw.com or huanqiu.com or ihuawen.com or nytimes.com or flickr.com or quanjing.com or vcg.com or gettyimages.co.uk or paixin.com) 罗斯 说 认为 是因为 年轻", 
        "alterationDisplayQuery": "罗 斯 说 认为 是 因为 年轻"
    }, 
    "currentOffset": 0, 
    "readLink": "images/search?q=site:(thepaper.cn or chinadaily.com.cn or china.com.cn or chinanews.com or youth.cn or sina.com.cn or xinhuanet.com or cri.cn or 163.com or cankaoxiaoxi.com or cctv.com or ifeng.com or qq.com or takungpao.com or people.com.cn or southcn.com or southcn.com or cnr.cn or people.com.cn or cyol.com or bjnews.com.cn or gmw.cn or dahe.cn or xfrb.com.cn or cqnews.net or lifeweek.com.cn or cpd.com.cn or haiwainet.cn or yidianzixun.com or ftchinese.com or guancha.cn or zhcw.com or huanqiu.com or ihuawen.com or nytimes.com or flickr.com or quanjing.com or vcg.com or gettyimages.co.uk or paixin.com) 罗斯 说 认为 是因为 年轻", 
    "totalEstimatedMatches": 100
}