{
    "instrumentation": {
        "_type": "ResponseInstrumentation"
    }, 
    "_type": "Images", 
    "webSearchUrl": "https://www.bing.com/images/search?q=site:(thepaper.cn or chinadaily.com.cn or china.com.cn or chinanews.com or youth.cn or sina.com.cn or xinhuanet.com or cri.cn or 163.com or cankaoxiaoxi.com or cctv.com or ifeng.com or qq.com or takungpao.com or people.com.cn or southcn.com or southcn.com or cnr.cn or people.com.cn or cyol.com or bjnews.com.cn or gmw.cn or dahe.cn or xfrb.com.cn or cqnews.net or lifeweek.com.cn or cpd.com.cn or haiwainet.cn or yidianzixun.com or ftchinese.com or guancha.cn or zhcw.com or huanqiu.com or ihuawen.com or nytimes.com or flickr.com or quanjing.com or vcg.com or gettyimages.co.uk or paixin.com) 生产 部门&FORM=OIIARP", 
    "value": [
        {
            "contentUrl": "http://src.house.sina.com.cn/imp/imp/deal/ac/d5/2/13e8aa02ddb1f4d82e0ffbed8b7_p1_mk1.jpg", 
            "insightsMetadata": {
                "pagesIncludingCount": 1, 
                "availableSizesCount": 1
            }, 
            "height": 450, 
            "accentColor": "7C714F", 
            "hostPageDisplayUrl": "gz.jiaju.sina.com.cn/news/20141028/667154_2.shtml", 
            "name": "办公室挂画风水知多少(1)_新浪家居", 
            "width": 958, 
            "imageInsightsToken": "ccid_JvEz0nJz*mid_3148BEBD3B9E2DC8A64BE86922F8D2FF838DE8E1*simid_608039085764971911*thid_OIP.JvEz0nJzblfULAW7jJCZ3AHaDe", 
            "imageId": "3148BEBD3B9E2DC8A64BE86922F8D2FF838DE8E1", 
            "isFamilyFriendly": true, 
            "datePublished": "2018-10-24T21:10:00.0000000Z", 
            "encodingFormat": "jpeg", 
            "webSearchUrl": "https://www.bing.com/images/search?view=detailv2&FORM=OIIRPO&q=site%3a(thepaper.cn+or+chinadaily.com.cn+or+china.com.cn+or+chinanews.com+or+youth.cn+or+sina.com.cn+or+xinhuanet.com+or+cri.cn+or+163.com+or+cankaoxiaoxi.com+or+cctv.com+or+ifeng.com+or+qq.com+or+takungpao.com+or+people.com.cn+or+southcn.com+or+southcn.com+or+cnr.cn+or+people.com.cn+or+cyol.com+or+bjnews.com.cn+or+gmw.cn+or+dahe.cn+or+xfrb.com.cn+or+cqnews.net+or+lifeweek.com.cn+or+cpd.com.cn+or+haiwainet.cn+or+yidianzixun.com+or+ftchinese.com+or+guancha.cn+or+zhcw.com+or+huanqiu.com+or+ihuawen.com+or+nytimes.com+or+flickr.com+or+quanjing.com+or+vcg.com+or+gettyimages.co.uk+or+paixin.com)+%e7%94%9f%e4%ba%a7+%e9%83%a8%e9%97%a8&id=3148BEBD3B9E2DC8A64BE86922F8D2FF838DE8E1&simid=608039085764971911", 
            "hostPageUrl": "http://gz.jiaju.sina.com.cn/news/20141028/667154_2.shtml", 
            "thumbnailUrl": "https://tse3.mm.bing.net/th?id=OIP.JvEz0nJzblfULAW7jJCZ3AHaDe&pid=Api", 
            "thumbnail": {
                "width": 474, 
                "height": 222
            }, 
            "contentSize": "91028 B"
        }, 
        {
            "contentUrl": "http://i1.sinaimg.cn/dy/w/2015-06-03/1433297481_oIJjiO.jpg", 
            "insightsMetadata": {
                "pagesIncludingCount": 2, 
                "availableSizesCount": 1
            }, 
            "height": 307, 
            "accentColor": "2265A9", 
            "hostPageDisplayUrl": "news.sina.com.cn/w/2015-06-03/100731908675.shtml", 
            "name": "朝总理考察生产部门 指示保障工业水产改善民生_新浪新闻", 
            "width": 447, 
            "imageInsightsToken": "ccid_kYqiv6Jg*mid_4127D5E6EE7CD20C527284B839EA06B65CEADB18*simid_608052541815918419*thid_OIP.kYqiv6JgnIGQeRHfvP2l5QAAAA", 
            "imageId": "4127D5E6EE7CD20C527284B839EA06B65CEADB18", 
            "isFamilyFriendly": true, 
            "datePublished": "2015-06-03T02:14:00.0000000Z", 
            "encodingFormat": "jpeg", 
            "webSearchUrl": "https://www.bing.com/images/search?view=detailv2&FORM=OIIRPO&q=site%3a(thepaper.cn+or+chinadaily.com.cn+or+china.com.cn+or+chinanews.com+or+youth.cn+or+sina.com.cn+or+xinhuanet.com+or+cri.cn+or+163.com+or+cankaoxiaoxi.com+or+cctv.com+or+ifeng.com+or+qq.com+or+takungpao.com+or+people.com.cn+or+southcn.com+or+southcn.com+or+cnr.cn+or+people.com.cn+or+cyol.com+or+bjnews.com.cn+or+gmw.cn+or+dahe.cn+or+xfrb.com.cn+or+cqnews.net+or+lifeweek.com.cn+or+cpd.com.cn+or+haiwainet.cn+or+yidianzixun.com+or+ftchinese.com+or+guancha.cn+or+zhcw.com+or+huanqiu.com+or+ihuawen.com+or+nytimes.com+or+flickr.com+or+quanjing.com+or+vcg.com+or+gettyimages.co.uk+or+paixin.com)+%e7%94%9f%e4%ba%a7+%e9%83%a8%e9%97%a8&id=4127D5E6EE7CD20C527284B839EA06B65CEADB18&simid=608052541815918419", 
            "hostPageUrl": "http://news.sina.com.cn/w/2015-06-03/100731908675.shtml", 
            "thumbnailUrl": "https://tse4.mm.bing.net/th?id=OIP.kYqiv6JgnIGQeRHfvP2l5QAAAA&pid=Api", 
            "thumbnail": {
                "width": 447, 
                "height": 307
            }, 
            "contentSize": "32477 B"
        }, 
        {
            "contentUrl": "http://japan.people.com.cn/mediafile/201112/21/F2011122113215702531.jpg", 
            "insightsMetadata": {
                "pagesIncludingCount": 2, 
                "availableSizesCount": 2
            }, 
            "height": 344, 
            "accentColor": "027BC9", 
            "hostPageDisplayUrl": "japan.people.com.cn/35463/7683564.html", 
            "name": "日本富士通天公司将关闭神户工厂 生产基地移至中国--日本频道 ...", 
            "width": 500, 
            "imageInsightsToken": "ccid_qNBR0R3y*mid_7022374E8A7E6075515EE7431C2C26425F6E7111*simid_608033016945378199*thid_OIP.qNBR0R3yAF7fDD!_jJd6NmQHaFG", 
            "imageId": "7022374E8A7E6075515EE7431C2C26425F6E7111", 
            "isFamilyFriendly": true, 
            "datePublished": "2011-12-21T05:55:00.0000000Z", 
            "encodingFormat": "jpeg", 
            "webSearchUrl": "https://www.bing.com/images/search?view=detailv2&FORM=OIIRPO&q=site%3a(thepaper.cn+or+chinadaily.com.cn+or+china.com.cn+or+chinanews.com+or+youth.cn+or+sina.com.cn+or+xinhuanet.com+or+cri.cn+or+163.com+or+cankaoxiaoxi.com+or+cctv.com+or+ifeng.com+or+qq.com+or+takungpao.com+or+people.com.cn+or+southcn.com+or+southcn.com+or+cnr.cn+or+people.com.cn+or+cyol.com+or+bjnews.com.cn+or+gmw.cn+or+dahe.cn+or+xfrb.com.cn+or+cqnews.net+or+lifeweek.com.cn+or+cpd.com.cn+or+haiwainet.cn+or+yidianzixun.com+or+ftchinese.com+or+guancha.cn+or+zhcw.com+or+huanqiu.com+or+ihuawen.com+or+nytimes.com+or+flickr.com+or+quanjing.com+or+vcg.com+or+gettyimages.co.uk+or+paixin.com)+%e7%94%9f%e4%ba%a7+%e9%83%a8%e9%97%a8&id=7022374E8A7E6075515EE7431C2C26425F6E7111&simid=608033016945378199", 
            "hostPageUrl": "http://japan.people.com.cn/35463/7683564.html", 
            "thumbnailUrl": "https://tse3.mm.bing.net/th?id=OIP.qNBR0R3yAF7fDD_jJd6NmQHaFG&pid=Api", 
            "thumbnail": {
                "width": 474, 
                "height": 326
            }, 
            "contentSize": "94320 B"
        }, 
        {
            "contentUrl": "http://n.sinaimg.cn/auto/transform/30/w500h330/20190125/p0vR-hsccyrs8796246.jpg", 
            "insightsMetadata": {
                "pagesIncludingCount": 1, 
                "availableSizesCount": 1
            }, 
            "height": 330, 
            "accentColor": "314366", 
            "hostPageDisplayUrl": "auto.sina.com.cn/news/hy/2019-01-25/detail...", 
            "name": "大众设立电池生产部门 以适应电动车大规模量产-新浪汽车", 
            "width": 500, 
            "imageInsightsToken": "ccid_sFhke/fr*mid_6D084563C1F43776CBDA4C424A5772809DC5B450*simid_608051592658683476*thid_OIP.sFhke!_frZ9MRbsprE9sGKgHaE4", 
            "imageId": "6D084563C1F43776CBDA4C424A5772809DC5B450", 
            "isFamilyFriendly": true, 
            "datePublished": "2019-01-25T15:56:00.0000000Z", 
            "encodingFormat": "jpeg", 
            "webSearchUrl": "https://www.bing.com/images/search?view=detailv2&FORM=OIIRPO&q=site%3a(thepaper.cn+or+chinadaily.com.cn+or+china.com.cn+or+chinanews.com+or+youth.cn+or+sina.com.cn+or+xinhuanet.com+or+cri.cn+or+163.com+or+cankaoxiaoxi.com+or+cctv.com+or+ifeng.com+or+qq.com+or+takungpao.com+or+people.com.cn+or+southcn.com+or+southcn.com+or+cnr.cn+or+people.com.cn+or+cyol.com+or+bjnews.com.cn+or+gmw.cn+or+dahe.cn+or+xfrb.com.cn+or+cqnews.net+or+lifeweek.com.cn+or+cpd.com.cn+or+haiwainet.cn+or+yidianzixun.com+or+ftchinese.com+or+guancha.cn+or+zhcw.com+or+huanqiu.com+or+ihuawen.com+or+nytimes.com+or+flickr.com+or+quanjing.com+or+vcg.com+or+gettyimages.co.uk+or+paixin.com)+%e7%94%9f%e4%ba%a7+%e9%83%a8%e9%97%a8&id=6D084563C1F43776CBDA4C424A5772809DC5B450&simid=608051592658683476", 
            "hostPageUrl": "http://auto.sina.com.cn/news/hy/2019-01-25/detail-ihqfskcp0439388.shtml?hpid=00041", 
            "thumbnailUrl": "https://tse2.mm.bing.net/th?id=OIP.sFhke_frZ9MRbsprE9sGKgHaE4&pid=Api", 
            "thumbnail": {
                "width": 474, 
                "height": 312
            }, 
            "contentSize": "22529 B"
        }, 
        {
            "contentUrl": "http://n.sinaimg.cn/translate/112/w584h328/20180512/aQm4-hamfahx1295988.jpg", 
            "insightsMetadata": {
                "pagesIncludingCount": 4, 
                "availableSizesCount": 1
            }, 
            "height": 328, 
            "accentColor": "826349", 
            "hostPageDisplayUrl": "games.sina.com.cn/t/n/2018-05-12/hamfahx1296104.shtml", 
            "name": "《骑马与砍杀2：领主》确认不参展E3 游戏经济生产部门系统公布 ...", 
            "width": 584, 
            "imageInsightsToken": "ccid_ASJY3Ayq*mid_9702181CADBC77BEC62FDE7AA96E7DD49BF343A8*simid_608001036600476229*thid_OIP.ASJY3AyqzO-3Bdi1OpDKDQHaEK", 
            "imageId": "9702181CADBC77BEC62FDE7AA96E7DD49BF343A8", 
            "isFamilyFriendly": true, 
            "datePublished": "2018-05-12T11:56:00.0000000Z", 
            "encodingFormat": "jpeg", 
            "webSearchUrl": "https://www.bing.com/images/search?view=detailv2&FORM=OIIRPO&q=site%3a(thepaper.cn+or+chinadaily.com.cn+or+china.com.cn+or+chinanews.com+or+youth.cn+or+sina.com.cn+or+xinhuanet.com+or+cri.cn+or+163.com+or+cankaoxiaoxi.com+or+cctv.com+or+ifeng.com+or+qq.com+or+takungpao.com+or+people.com.cn+or+southcn.com+or+southcn.com+or+cnr.cn+or+people.com.cn+or+cyol.com+or+bjnews.com.cn+or+gmw.cn+or+dahe.cn+or+xfrb.com.cn+or+cqnews.net+or+lifeweek.com.cn+or+cpd.com.cn+or+haiwainet.cn+or+yidianzixun.com+or+ftchinese.com+or+guancha.cn+or+zhcw.com+or+huanqiu.com+or+ihuawen.com+or+nytimes.com+or+flickr.com+or+quanjing.com+or+vcg.com+or+gettyimages.co.uk+or+paixin.com)+%e7%94%9f%e4%ba%a7+%e9%83%a8%e9%97%a8&id=9702181CADBC77BEC62FDE7AA96E7DD49BF343A8&simid=608001036600476229", 
            "hostPageUrl": "http://games.sina.com.cn/t/n/2018-05-12/hamfahx1296104.shtml", 
            "thumbnailUrl": "https://tse3.mm.bing.net/th?id=OIP.ASJY3AyqzO-3Bdi1OpDKDQHaEK&pid=Api", 
            "thumbnail": {
                "width": 474, 
                "height": 266
            }, 
            "contentSize": "53639 B"
        }, 
        {
            "contentUrl": "http://n.sinaimg.cn/hunan/transform/266/w640h426/20181010/j_yz-hkrzvkw4824154.jpg", 
            "insightsMetadata": {
                "pagesIncludingCount": 1, 
                "availableSizesCount": 1
            }, 
            "height": 426, 
            "accentColor": "604C3F", 
            "hostPageDisplayUrl": "hunan.sina.com.cn/news/s/2018-10-10/detail...", 
            "name": "怀化一企业排污被查封还偷偷生产 多部门联合执法_新浪湖南_新浪网", 
            "width": 640, 
            "imageInsightsToken": "ccid_SuJbXfUf*mid_A3919AAFB5F14C258F735DF4C72DFE24AEA40536*simid_608025492156975999*thid_OIP.SuJbXfUfzTyOlUrTY7myTAHaE7", 
            "imageId": "A3919AAFB5F14C258F735DF4C72DFE24AEA40536", 
            "isFamilyFriendly": true, 
            "datePublished": "2018-10-11T00:16:00.0000000Z", 
            "encodingFormat": "jpeg", 
            "webSearchUrl": "https://www.bing.com/images/search?view=detailv2&FORM=OIIRPO&q=site%3a(thepaper.cn+or+chinadaily.com.cn+or+china.com.cn+or+chinanews.com+or+youth.cn+or+sina.com.cn+or+xinhuanet.com+or+cri.cn+or+163.com+or+cankaoxiaoxi.com+or+cctv.com+or+ifeng.com+or+qq.com+or+takungpao.com+or+people.com.cn+or+southcn.com+or+southcn.com+or+cnr.cn+or+people.com.cn+or+cyol.com+or+bjnews.com.cn+or+gmw.cn+or+dahe.cn+or+xfrb.com.cn+or+cqnews.net+or+lifeweek.com.cn+or+cpd.com.cn+or+haiwainet.cn+or+yidianzixun.com+or+ftchinese.com+or+guancha.cn+or+zhcw.com+or+huanqiu.com+or+ihuawen.com+or+nytimes.com+or+flickr.com+or+quanjing.com+or+vcg.com+or+gettyimages.co.uk+or+paixin.com)+%e7%94%9f%e4%ba%a7+%e9%83%a8%e9%97%a8&id=A3919AAFB5F14C258F735DF4C72DFE24AEA40536&simid=608025492156975999", 
            "hostPageUrl": "http://hunan.sina.com.cn/news/s/2018-10-10/detail-ihmhafiq6728074.shtml", 
            "thumbnailUrl": "https://tse1.mm.bing.net/th?id=OIP.SuJbXfUfzTyOlUrTY7myTAHaE7&pid=Api", 
            "thumbnail": {
                "width": 474, 
                "height": 315
            }, 
            "contentSize": "48244 B"
        }, 
        {
            "contentUrl": "http://i2.sinaimg.cn/IT/cr/2012/1012/1719681752.jpg", 
            "insightsMetadata": {
                "pagesIncludingCount": 3, 
                "availableSizesCount": 1
            }, 
            "height": 360, 
            "accentColor": "42408B", 
            "hostPageDisplayUrl": "tech.sina.com.cn/e/2012-10-12/04347694657.shtml", 
            "name": "新飞电器生产部门全面停工：涉及人数超6千_家电_科技时代_新浪网", 
            "width": 540, 
            "imageInsightsToken": "ccid_w5y500LG*mid_90D115CEEED32495C98AD94B80AE48C34BF489DD*simid_608042182404605585*thid_OIP.Gzwkzi7WJMFgB2UcK7iG!_wHaE8", 
            "imageId": "90D115CEEED32495C98AD94B80AE48C34BF489DD", 
            "isFamilyFriendly": true, 
            "datePublished": "2012-10-11T21:29:00.0000000Z", 
            "encodingFormat": "jpeg", 
            "webSearchUrl": "https://www.bing.com/images/search?view=detailv2&FORM=OIIRPO&q=site%3a(thepaper.cn+or+chinadaily.com.cn+or+china.com.cn+or+chinanews.com+or+youth.cn+or+sina.com.cn+or+xinhuanet.com+or+cri.cn+or+163.com+or+cankaoxiaoxi.com+or+cctv.com+or+ifeng.com+or+qq.com+or+takungpao.com+or+people.com.cn+or+southcn.com+or+southcn.com+or+cnr.cn+or+people.com.cn+or+cyol.com+or+bjnews.com.cn+or+gmw.cn+or+dahe.cn+or+xfrb.com.cn+or+cqnews.net+or+lifeweek.com.cn+or+cpd.com.cn+or+haiwainet.cn+or+yidianzixun.com+or+ftchinese.com+or+guancha.cn+or+zhcw.com+or+huanqiu.com+or+ihuawen.com+or+nytimes.com+or+flickr.com+or+quanjing.com+or+vcg.com+or+gettyimages.co.uk+or+paixin.com)+%e7%94%9f%e4%ba%a7+%e9%83%a8%e9%97%a8&id=90D115CEEED32495C98AD94B80AE48C34BF489DD&simid=608042182404605585", 
            "hostPageUrl": "http://tech.sina.com.cn/e/2012-10-12/04347694657.shtml", 
            "thumbnailUrl": "https://tse1.mm.bing.net/th?id=OIP.Gzwkzi7WJMFgB2UcK7iG_wHaE8&pid=Api", 
            "thumbnail": {
                "width": 474, 
                "height": 316
            }, 
            "contentSize": "148919 B"
        }, 
        {
            "contentUrl": "http://www.cma.gov.cn/2011xwzx/2011xqxxw/2011xtpxw/201611/W020161205735763649868.jpg", 
            "insightsMetadata": {
                "pagesIncludingCount": 2, 
                "availableSizesCount": 1
            }, 
            "height": 328, 
            "accentColor": "343997", 
            "hostPageDisplayUrl": "blog.sina.com.cn/s/blog_871dbadf0102xd26.html", 
            "name": "全国气象部门安全生产工作电视电话会召开_漫步乡村_新浪博客", 
            "width": 500, 
            "imageInsightsToken": "ccid_4SUGQtqD*mid_69B7017F6410215BF67085A9858F4305F0C5EA8A*simid_608026780618525638*thid_OIP.4SUGQtqDZ6FufA185QRwuAHaE2", 
            "imageId": "69B7017F6410215BF67085A9858F4305F0C5EA8A", 
            "isFamilyFriendly": true, 
            "datePublished": "2016-12-06T12:00:00.0000000Z", 
            "encodingFormat": "jpeg", 
            "webSearchUrl": "https://www.bing.com/images/search?view=detailv2&FORM=OIIRPO&q=site%3a(thepaper.cn+or+chinadaily.com.cn+or+china.com.cn+or+chinanews.com+or+youth.cn+or+sina.com.cn+or+xinhuanet.com+or+cri.cn+or+163.com+or+cankaoxiaoxi.com+or+cctv.com+or+ifeng.com+or+qq.com+or+takungpao.com+or+people.com.cn+or+southcn.com+or+southcn.com+or+cnr.cn+or+people.com.cn+or+cyol.com+or+bjnews.com.cn+or+gmw.cn+or+dahe.cn+or+xfrb.com.cn+or+cqnews.net+or+lifeweek.com.cn+or+cpd.com.cn+or+haiwainet.cn+or+yidianzixun.com+or+ftchinese.com+or+guancha.cn+or+zhcw.com+or+huanqiu.com+or+ihuawen.com+or+nytimes.com+or+flickr.com+or+quanjing.com+or+vcg.com+or+gettyimages.co.uk+or+paixin.com)+%e7%94%9f%e4%ba%a7+%e9%83%a8%e9%97%a8&id=69B7017F6410215BF67085A9858F4305F0C5EA8A&simid=608026780618525638", 
            "hostPageUrl": "http://blog.sina.com.cn/s/blog_871dbadf0102xd26.html", 
            "thumbnailUrl": "https://tse4.mm.bing.net/th?id=OIP.4SUGQtqDZ6FufA185QRwuAHaE2&pid=Api", 
            "thumbnail": {
                "width": 474, 
                "height": 310
            }, 
            "contentSize": "168765 B"
        }, 
        {
            "contentUrl": "http://n.sinaimg.cn/hunan/crawl/116/w550h366/20181225/M0F8-hqtwzec1879085.jpg", 
            "insightsMetadata": {
                "pagesIncludingCount": 1, 
                "availableSizesCount": 1
            }, 
            "height": 366, 
            "accentColor": "644328", 
            "hostPageDisplayUrl": "hunan.sina.com.cn/news/s/2018-12-25/detail...", 
            "name": "株洲茶陵警方破获全省首例生产、销售伪劣保健品案_新浪湖南 ...", 
            "width": 550, 
            "imageInsightsToken": "ccid_hK8N/Ozn*mid_015A684CF68E5D540F6A0ED7D190E5147F586A98*simid_608045936186557959*thid_OIP.hK8N!_OznaRDyaV43xfs-swHaE7", 
            "imageId": "015A684CF68E5D540F6A0ED7D190E5147F586A98", 
            "isFamilyFriendly": true, 
            "datePublished": "2018-12-26T01:13:00.0000000Z", 
            "encodingFormat": "jpeg", 
            "webSearchUrl": "https://www.bing.com/images/search?view=detailv2&FORM=OIIRPO&q=site%3a(thepaper.cn+or+chinadaily.com.cn+or+china.com.cn+or+chinanews.com+or+youth.cn+or+sina.com.cn+or+xinhuanet.com+or+cri.cn+or+163.com+or+cankaoxiaoxi.com+or+cctv.com+or+ifeng.com+or+qq.com+or+takungpao.com+or+people.com.cn+or+southcn.com+or+southcn.com+or+cnr.cn+or+people.com.cn+or+cyol.com+or+bjnews.com.cn+or+gmw.cn+or+dahe.cn+or+xfrb.com.cn+or+cqnews.net+or+lifeweek.com.cn+or+cpd.com.cn+or+haiwainet.cn+or+yidianzixun.com+or+ftchinese.com+or+guancha.cn+or+zhcw.com+or+huanqiu.com+or+ihuawen.com+or+nytimes.com+or+flickr.com+or+quanjing.com+or+vcg.com+or+gettyimages.co.uk+or+paixin.com)+%e7%94%9f%e4%ba%a7+%e9%83%a8%e9%97%a8&id=015A684CF68E5D540F6A0ED7D190E5147F586A98&simid=608045936186557959", 
            "hostPageUrl": "http://hunan.sina.com.cn/news/s/2018-12-25/detail-ihmutuee2544449.shtml", 
            "thumbnailUrl": "https://tse1.mm.bing.net/th?id=OIP.hK8N_OznaRDyaV43xfs-swHaE7&pid=Api", 
            "thumbnail": {
                "width": 474, 
                "height": 315
            }, 
            "contentSize": "26556 B"
        }, 
        {
            "contentUrl": "http://images.china.cn/attachement/jpg/site1000/20160902/485ab645bf2e193328b508.jpg", 
            "insightsMetadata": {
                "pagesIncludingCount": 4, 
                "availableSizesCount": 2
            }, 
            "height": 270, 
            "accentColor": "447B88", 
            "hostPageDisplayUrl": "legal.china.com.cn/2016-09/02/content_39217055.htm", 
            "name": "四川一企业涉嫌非法生产 多部门“打太极”_法治中国_中国网", 
            "width": 359, 
            "imageInsightsToken": "ccid_7kgOeS/3*mid_6D32E769AD2AFAD70DABE09EDD20415E3890B2C1*simid_608052997082122179*thid_OIP.7kgOeS!_3dVuGA-y0fR6ZVAHaFk", 
            "imageId": "6D32E769AD2AFAD70DABE09EDD20415E3890B2C1", 
            "isFamilyFriendly": true, 
            "datePublished": "2018-02-09T13:22:00.0000000Z", 
            "encodingFormat": "jpeg", 
            "webSearchUrl": "https://www.bing.com/images/search?view=detailv2&FORM=OIIRPO&q=site%3a(thepaper.cn+or+chinadaily.com.cn+or+china.com.cn+or+chinanews.com+or+youth.cn+or+sina.com.cn+or+xinhuanet.com+or+cri.cn+or+163.com+or+cankaoxiaoxi.com+or+cctv.com+or+ifeng.com+or+qq.com+or+takungpao.com+or+people.com.cn+or+southcn.com+or+southcn.com+or+cnr.cn+or+people.com.cn+or+cyol.com+or+bjnews.com.cn+or+gmw.cn+or+dahe.cn+or+xfrb.com.cn+or+cqnews.net+or+lifeweek.com.cn+or+cpd.com.cn+or+haiwainet.cn+or+yidianzixun.com+or+ftchinese.com+or+guancha.cn+or+zhcw.com+or+huanqiu.com+or+ihuawen.com+or+nytimes.com+or+flickr.com+or+quanjing.com+or+vcg.com+or+gettyimages.co.uk+or+paixin.com)+%e7%94%9f%e4%ba%a7+%e9%83%a8%e9%97%a8&id=6D32E769AD2AFAD70DABE09EDD20415E3890B2C1&simid=608052997082122179", 
            "hostPageUrl": "http://legal.china.com.cn/2016-09/02/content_39217055.htm", 
            "thumbnailUrl": "https://tse3.mm.bing.net/th?id=OIP.7kgOeS_3dVuGA-y0fR6ZVAHaFk&pid=Api", 
            "thumbnail": {
                "width": 474, 
                "height": 356
            }, 
            "contentSize": "15561 B"
        }
    ], 
    "nextOffset": 12, 
    "queryContext": {
        "alterationMethod": "AM_JustChangeIt", 
        "alterationType": "CombinedAlterationsChained", 
        "originalQuery": "site:(thepaper.cn or chinadaily.com.cn or china.com.cn or chinanews.com or youth.cn or sina.com.cn or xinhuanet.com or cri.cn or 163.com or cankaoxiaoxi.com or cctv.com or ifeng.com or qq.com or takungpao.com or people.com.cn or southcn.com or southcn.com or cnr.cn or people.com.cn or cyol.com or bjnews.com.cn or gmw.cn or dahe.cn or xfrb.com.cn or cqnews.net or lifeweek.com.cn or cpd.com.cn or haiwainet.cn or yidianzixun.com or ftchinese.com or guancha.cn or zhcw.com or huanqiu.com or ihuawen.com or nytimes.com or flickr.com or quanjing.com or vcg.com or gettyimages.co.uk or paixin.com) 生产 部门", 
        "alterationOverrideQuery": "+site:(thepaper.cn or chinadaily.com.cn or china.com.cn or chinanews.com or youth.cn or sina.com.cn or xinhuanet.com or cri.cn or 163.com or cankaoxiaoxi.com or cctv.com or ifeng.com or qq.com or takungpao.com or people.com.cn or southcn.com or southcn.com or cnr.cn or people.com.cn or cyol.com or bjnews.com.cn or gmw.cn or dahe.cn or xfrb.com.cn or cqnews.net or lifeweek.com.cn or cpd.com.cn or haiwainet.cn or yidianzixun.com or ftchinese.com or guancha.cn or zhcw.com or huanqiu.com or ihuawen.com or nytimes.com or flickr.com or quanjing.com or vcg.com or gettyimages.co.uk or paixin.com) 生产 部门", 
        "alterationDisplayQuery": "生产 部门"
    }, 
    "currentOffset": 0, 
    "readLink": "images/search?q=site:(thepaper.cn or chinadaily.com.cn or china.com.cn or chinanews.com or youth.cn or sina.com.cn or xinhuanet.com or cri.cn or 163.com or cankaoxiaoxi.com or cctv.com or ifeng.com or qq.com or takungpao.com or people.com.cn or southcn.com or southcn.com or cnr.cn or people.com.cn or cyol.com or bjnews.com.cn or gmw.cn or dahe.cn or xfrb.com.cn or cqnews.net or lifeweek.com.cn or cpd.com.cn or haiwainet.cn or yidianzixun.com or ftchinese.com or guancha.cn or zhcw.com or huanqiu.com or ihuawen.com or nytimes.com or flickr.com or quanjing.com or vcg.com or gettyimages.co.uk or paixin.com) 生产 部门", 
    "totalEstimatedMatches": 100
}