{
    "instrumentation": {
        "_type": "ResponseInstrumentation"
    }, 
    "_type": "Images", 
    "webSearchUrl": "https://www.bing.com/images/search?q=site:(thepaper.cn or chinadaily.com.cn or china.com.cn or chinanews.com or youth.cn or sina.com.cn or xinhuanet.com or cri.cn or 163.com or cankaoxiaoxi.com or cctv.com or ifeng.com or qq.com or takungpao.com or people.com.cn or southcn.com or southcn.com or cnr.cn or people.com.cn or cyol.com or bjnews.com.cn or gmw.cn or dahe.cn or xfrb.com.cn or cqnews.net or lifeweek.com.cn or cpd.com.cn or haiwainet.cn or yidianzixun.com or ftchinese.com or guancha.cn or zhcw.com or huanqiu.com or ihuawen.com or nytimes.com or flickr.com or quanjing.com or vcg.com or gettyimages.co.uk or paixin.com) 无法 外出 时&FORM=OIIARP", 
    "value": [
        {
            "contentUrl": "http://i1.sinaimg.cn/IT/cr/2014/0703/1070289012.jpg", 
            "insightsMetadata": {
                "pagesIncludingCount": 1, 
                "availableSizesCount": 1
            }, 
            "height": 305, 
            "accentColor": "A72429", 
            "hostPageDisplayUrl": "tech.sina.com.cn/digi/dc/2014-07-03/08179474327.shtml", 
            "name": "用镜头记录世界宽度 旅行摄影实战课堂|拍摄技巧|旅行摄影|镜头 ...", 
            "width": 560, 
            "imageInsightsToken": "ccid_DTWFKo8w*mid_15F089C54449037FD3238C12301693B9A3F16522*simid_608000808982153958*thid_OIP.DTWFKo8wrxkprmeR1690ngHaEC", 
            "imageId": "15F089C54449037FD3238C12301693B9A3F16522", 
            "isFamilyFriendly": true, 
            "datePublished": "2018-09-01T07:25:00.0000000Z", 
            "encodingFormat": "jpeg", 
            "webSearchUrl": "https://www.bing.com/images/search?view=detailv2&FORM=OIIRPO&q=site%3a(thepaper.cn+or+chinadaily.com.cn+or+china.com.cn+or+chinanews.com+or+youth.cn+or+sina.com.cn+or+xinhuanet.com+or+cri.cn+or+163.com+or+cankaoxiaoxi.com+or+cctv.com+or+ifeng.com+or+qq.com+or+takungpao.com+or+people.com.cn+or+southcn.com+or+southcn.com+or+cnr.cn+or+people.com.cn+or+cyol.com+or+bjnews.com.cn+or+gmw.cn+or+dahe.cn+or+xfrb.com.cn+or+cqnews.net+or+lifeweek.com.cn+or+cpd.com.cn+or+haiwainet.cn+or+yidianzixun.com+or+ftchinese.com+or+guancha.cn+or+zhcw.com+or+huanqiu.com+or+ihuawen.com+or+nytimes.com+or+flickr.com+or+quanjing.com+or+vcg.com+or+gettyimages.co.uk+or+paixin.com)+%e6%97%a0%e6%b3%95+%e5%a4%96%e5%87%ba+%e6%97%b6&id=15F089C54449037FD3238C12301693B9A3F16522&simid=608000808982153958", 
            "hostPageUrl": "http://tech.sina.com.cn/digi/dc/2014-07-03/08179474327.shtml", 
            "thumbnailUrl": "https://tse4.mm.bing.net/th?id=OIP.DTWFKo8wrxkprmeR1690ngHaEC&pid=Api", 
            "thumbnail": {
                "width": 474, 
                "height": 258
            }, 
            "contentSize": "46330 B"
        }, 
        {
            "contentUrl": "http://www.he.xinhuanet.com/xinwen/1123029767_15298890577261n.jpg", 
            "insightsMetadata": {
                "pagesIncludingCount": 2, 
                "availableSizesCount": 1
            }, 
            "height": 356, 
            "accentColor": "A8233E", 
            "hostPageDisplayUrl": "www.he.xinhuanet.com/xinwen/2018-06/25/c_1123029767.htm", 
            "name": "热热热 专家提醒外出时注意防晒和防暑降温", 
            "width": 300, 
            "imageInsightsToken": "ccid_g2o6E5ty*mid_9398721357B675505EB817454B827A13C9E89FDE*simid_608008587186405526*thid_OIP.g2o6E5tyFRLSf4O4kO1xYwAAAA", 
            "imageId": "9398721357B675505EB817454B827A13C9E89FDE", 
            "isFamilyFriendly": true, 
            "datePublished": "2018-06-25T01:47:00.0000000Z", 
            "encodingFormat": "jpeg", 
            "webSearchUrl": "https://www.bing.com/images/search?view=detailv2&FORM=OIIRPO&q=site%3a(thepaper.cn+or+chinadaily.com.cn+or+china.com.cn+or+chinanews.com+or+youth.cn+or+sina.com.cn+or+xinhuanet.com+or+cri.cn+or+163.com+or+cankaoxiaoxi.com+or+cctv.com+or+ifeng.com+or+qq.com+or+takungpao.com+or+people.com.cn+or+southcn.com+or+southcn.com+or+cnr.cn+or+people.com.cn+or+cyol.com+or+bjnews.com.cn+or+gmw.cn+or+dahe.cn+or+xfrb.com.cn+or+cqnews.net+or+lifeweek.com.cn+or+cpd.com.cn+or+haiwainet.cn+or+yidianzixun.com+or+ftchinese.com+or+guancha.cn+or+zhcw.com+or+huanqiu.com+or+ihuawen.com+or+nytimes.com+or+flickr.com+or+quanjing.com+or+vcg.com+or+gettyimages.co.uk+or+paixin.com)+%e6%97%a0%e6%b3%95+%e5%a4%96%e5%87%ba+%e6%97%b6&id=9398721357B675505EB817454B827A13C9E89FDE&simid=608008587186405526", 
            "hostPageUrl": "http://www.he.xinhuanet.com/xinwen/2018-06/25/c_1123029767.htm", 
            "thumbnailUrl": "https://tse3.mm.bing.net/th?id=OIP.g2o6E5tyFRLSf4O4kO1xYwAAAA&pid=Api", 
            "thumbnail": {
                "width": 300, 
                "height": 356
            }, 
            "hostPageFavIconUrl": "https://www.bing.com/th?id=AR_6034f89765965526777239fbb6bac707&pid=Api", 
            "contentSize": "92707 B"
        }, 
        {
            "contentUrl": "http://p0.ifengimg.com/pmop/2018/0719/049E4B75AA9BA12F8DD268E2B0064F5259A27789_size12_w500_h281.jpeg", 
            "insightsMetadata": {
                "pagesIncludingCount": 1, 
                "availableSizesCount": 1
            }, 
            "height": 281, 
            "accentColor": "555652", 
            "hostPageDisplayUrl": "tech.ifeng.com/a/20180719/45071060_0.shtml", 
            "name": "你拿着256G iPhoneX是不会明白：手机存储不足带来这些暴击的伤害 ...", 
            "width": 500, 
            "imageInsightsToken": "ccid_ekvG2ZW9*mid_DE323CB4065859A577B86C99F277245B09914F3C*simid_608055866129844252*thid_OIP.ekvG2ZW9kPDWsVdxAobg-QHaEK", 
            "imageId": "DE323CB4065859A577B86C99F277245B09914F3C", 
            "isFamilyFriendly": true, 
            "datePublished": "2018-07-19T07:14:00.0000000Z", 
            "encodingFormat": "jpeg", 
            "webSearchUrl": "https://www.bing.com/images/search?view=detailv2&FORM=OIIRPO&q=site%3a(thepaper.cn+or+chinadaily.com.cn+or+china.com.cn+or+chinanews.com+or+youth.cn+or+sina.com.cn+or+xinhuanet.com+or+cri.cn+or+163.com+or+cankaoxiaoxi.com+or+cctv.com+or+ifeng.com+or+qq.com+or+takungpao.com+or+people.com.cn+or+southcn.com+or+southcn.com+or+cnr.cn+or+people.com.cn+or+cyol.com+or+bjnews.com.cn+or+gmw.cn+or+dahe.cn+or+xfrb.com.cn+or+cqnews.net+or+lifeweek.com.cn+or+cpd.com.cn+or+haiwainet.cn+or+yidianzixun.com+or+ftchinese.com+or+guancha.cn+or+zhcw.com+or+huanqiu.com+or+ihuawen.com+or+nytimes.com+or+flickr.com+or+quanjing.com+or+vcg.com+or+gettyimages.co.uk+or+paixin.com)+%e6%97%a0%e6%b3%95+%e5%a4%96%e5%87%ba+%e6%97%b6&id=DE323CB4065859A577B86C99F277245B09914F3C&simid=608055866129844252", 
            "hostPageUrl": "http://tech.ifeng.com/a/20180719/45071060_0.shtml", 
            "thumbnailUrl": "https://tse3.mm.bing.net/th?id=OIP.ekvG2ZW9kPDWsVdxAobg-QHaEK&pid=Api", 
            "thumbnail": {
                "width": 474, 
                "height": 266
            }, 
            "contentSize": "12452 B"
        }, 
        {
            "contentUrl": "http://i2.sinaimg.cn/bb/2013/0603/U2562P20DT20130603085039.jpg", 
            "insightsMetadata": {
                "pagesIncludingCount": 2, 
                "availableSizesCount": 1
            }, 
            "height": 358, 
            "accentColor": "666666", 
            "hostPageDisplayUrl": "baby.sina.com.cn/health/13/0306/2013-06-03/0853225771.shtml", 
            "name": "儿童最易发生的安全事故(组图)_健康_新浪育儿_新浪网", 
            "width": 500, 
            "imageInsightsToken": "ccid_8/qOOuRa*mid_5C5314FD3EB6346B2B2BD6B68C085A9BC26200BB*simid_608052494577175284*thid_OIP.8!_qOOuRawuzTUoEuXTXZCgHaFT", 
            "imageId": "5C5314FD3EB6346B2B2BD6B68C085A9BC26200BB", 
            "isFamilyFriendly": true, 
            "datePublished": "2018-11-11T14:08:00.0000000Z", 
            "encodingFormat": "jpeg", 
            "webSearchUrl": "https://www.bing.com/images/search?view=detailv2&FORM=OIIRPO&q=site%3a(thepaper.cn+or+chinadaily.com.cn+or+china.com.cn+or+chinanews.com+or+youth.cn+or+sina.com.cn+or+xinhuanet.com+or+cri.cn+or+163.com+or+cankaoxiaoxi.com+or+cctv.com+or+ifeng.com+or+qq.com+or+takungpao.com+or+people.com.cn+or+southcn.com+or+southcn.com+or+cnr.cn+or+people.com.cn+or+cyol.com+or+bjnews.com.cn+or+gmw.cn+or+dahe.cn+or+xfrb.com.cn+or+cqnews.net+or+lifeweek.com.cn+or+cpd.com.cn+or+haiwainet.cn+or+yidianzixun.com+or+ftchinese.com+or+guancha.cn+or+zhcw.com+or+huanqiu.com+or+ihuawen.com+or+nytimes.com+or+flickr.com+or+quanjing.com+or+vcg.com+or+gettyimages.co.uk+or+paixin.com)+%e6%97%a0%e6%b3%95+%e5%a4%96%e5%87%ba+%e6%97%b6&id=5C5314FD3EB6346B2B2BD6B68C085A9BC26200BB&simid=608052494577175284", 
            "hostPageUrl": "http://baby.sina.com.cn/health/13/0306/2013-06-03/0853225771.shtml", 
            "thumbnailUrl": "https://tse4.mm.bing.net/th?id=OIP.8_qOOuRawuzTUoEuXTXZCgHaFT&pid=Api", 
            "thumbnail": {
                "width": 474, 
                "height": 339
            }, 
            "contentSize": "28438 B"
        }, 
        {
            "contentUrl": "http://i3.sinaimg.cn/dy/2013/0317/U3938P1DT20130317021829.jpg", 
            "insightsMetadata": {
                "pagesIncludingCount": 44, 
                "availableSizesCount": 21
            }, 
            "height": 371, 
            "accentColor": "396981", 
            "hostPageDisplayUrl": "news.sina.com.cn/c/2013-03-17/002026553014.shtml", 
            "name": "习近平外出考察时要求地方不能导演不搞培训|习近平|中国梦 ...", 
            "width": 550, 
            "imageInsightsToken": "ccid_ezvPfAi3*mid_8E004937D07764A312F1E0FD5D593BEBD1205054*simid_608034030543702094*thid_OIP.ezvPfAi3NxtOq2YUz9thrgHaE!_", 
            "imageId": "8E004937D07764A312F1E0FD5D593BEBD1205054", 
            "isFamilyFriendly": true, 
            "datePublished": "2013-03-16T17:05:00.0000000Z", 
            "encodingFormat": "jpeg", 
            "webSearchUrl": "https://www.bing.com/images/search?view=detailv2&FORM=OIIRPO&q=site%3a(thepaper.cn+or+chinadaily.com.cn+or+china.com.cn+or+chinanews.com+or+youth.cn+or+sina.com.cn+or+xinhuanet.com+or+cri.cn+or+163.com+or+cankaoxiaoxi.com+or+cctv.com+or+ifeng.com+or+qq.com+or+takungpao.com+or+people.com.cn+or+southcn.com+or+southcn.com+or+cnr.cn+or+people.com.cn+or+cyol.com+or+bjnews.com.cn+or+gmw.cn+or+dahe.cn+or+xfrb.com.cn+or+cqnews.net+or+lifeweek.com.cn+or+cpd.com.cn+or+haiwainet.cn+or+yidianzixun.com+or+ftchinese.com+or+guancha.cn+or+zhcw.com+or+huanqiu.com+or+ihuawen.com+or+nytimes.com+or+flickr.com+or+quanjing.com+or+vcg.com+or+gettyimages.co.uk+or+paixin.com)+%e6%97%a0%e6%b3%95+%e5%a4%96%e5%87%ba+%e6%97%b6&id=8E004937D07764A312F1E0FD5D593BEBD1205054&simid=608034030543702094", 
            "hostPageUrl": "http://news.sina.com.cn/c/2013-03-17/002026553014.shtml", 
            "thumbnailUrl": "https://tse2.mm.bing.net/th?id=OIP.ezvPfAi3NxtOq2YUz9thrgHaE_&pid=Api", 
            "thumbnail": {
                "width": 474, 
                "height": 319
            }, 
            "contentSize": "43205 B"
        }, 
        {
            "contentUrl": "http://himg2.huanqiu.com/attachment2010/2012/1122/20121122121713960.jpg", 
            "insightsMetadata": {
                "pagesIncludingCount": 4, 
                "availableSizesCount": 1
            }, 
            "height": 369, 
            "accentColor": "9D3B2E", 
            "hostPageDisplayUrl": "world.huanqiu.com/well_read/2012-11/3302658.html", 
            "name": "女子对电磁波过敏 每天在防护笼里呆18小时(图)_国际新闻_环球网", 
            "width": 306, 
            "imageInsightsToken": "ccid_yGXiLxH7*mid_270B0743549CD2116E66FB077B126DADAD26A3FE*simid_608003446083030569*thid_OIP.yGXiLxH7nC1B82IdJ9TWfgAAAA", 
            "imageId": "270B0743549CD2116E66FB077B126DADAD26A3FE", 
            "isFamilyFriendly": true, 
            "datePublished": "2018-09-09T17:03:00.0000000Z", 
            "encodingFormat": "jpeg", 
            "webSearchUrl": "https://www.bing.com/images/search?view=detailv2&FORM=OIIRPO&q=site%3a(thepaper.cn+or+chinadaily.com.cn+or+china.com.cn+or+chinanews.com+or+youth.cn+or+sina.com.cn+or+xinhuanet.com+or+cri.cn+or+163.com+or+cankaoxiaoxi.com+or+cctv.com+or+ifeng.com+or+qq.com+or+takungpao.com+or+people.com.cn+or+southcn.com+or+southcn.com+or+cnr.cn+or+people.com.cn+or+cyol.com+or+bjnews.com.cn+or+gmw.cn+or+dahe.cn+or+xfrb.com.cn+or+cqnews.net+or+lifeweek.com.cn+or+cpd.com.cn+or+haiwainet.cn+or+yidianzixun.com+or+ftchinese.com+or+guancha.cn+or+zhcw.com+or+huanqiu.com+or+ihuawen.com+or+nytimes.com+or+flickr.com+or+quanjing.com+or+vcg.com+or+gettyimages.co.uk+or+paixin.com)+%e6%97%a0%e6%b3%95+%e5%a4%96%e5%87%ba+%e6%97%b6&id=270B0743549CD2116E66FB077B126DADAD26A3FE&simid=608003446083030569", 
            "hostPageUrl": "http://world.huanqiu.com/well_read/2012-11/3302658.html", 
            "thumbnailUrl": "https://tse3.mm.bing.net/th?id=OIP.yGXiLxH7nC1B82IdJ9TWfgAAAA&pid=Api", 
            "thumbnail": {
                "width": 306, 
                "height": 369
            }, 
            "contentSize": "31572 B"
        }, 
        {
            "contentUrl": "http://news.xinhuanet.com/science/2016-05/10/135336245_14624281151191n.jpg", 
            "insightsMetadata": {
                "pagesIncludingCount": 3, 
                "availableSizesCount": 1
            }, 
            "height": 373, 
            "accentColor": "0D95BE", 
            "hostPageDisplayUrl": "news.xinhuanet.com/science/2016-05/10/c_135336245.htm", 
            "name": "外出时遇到泥石流、滑坡、崩塌，我该怎么办?-科普中国", 
            "width": 480, 
            "imageInsightsToken": "ccid_D7pwkxRA*mid_2917143DCF7B9D6CC29E5A29C300F3C8BC8C66BE*simid_608036384195215438*thid_OIP.D7pwkxRA0xPRRlqd0T2jSwHaFw", 
            "imageId": "2917143DCF7B9D6CC29E5A29C300F3C8BC8C66BE", 
            "isFamilyFriendly": true, 
            "datePublished": "2016-05-10T12:00:00.0000000Z", 
            "encodingFormat": "jpeg", 
            "webSearchUrl": "https://www.bing.com/images/search?view=detailv2&FORM=OIIRPO&q=site%3a(thepaper.cn+or+chinadaily.com.cn+or+china.com.cn+or+chinanews.com+or+youth.cn+or+sina.com.cn+or+xinhuanet.com+or+cri.cn+or+163.com+or+cankaoxiaoxi.com+or+cctv.com+or+ifeng.com+or+qq.com+or+takungpao.com+or+people.com.cn+or+southcn.com+or+southcn.com+or+cnr.cn+or+people.com.cn+or+cyol.com+or+bjnews.com.cn+or+gmw.cn+or+dahe.cn+or+xfrb.com.cn+or+cqnews.net+or+lifeweek.com.cn+or+cpd.com.cn+or+haiwainet.cn+or+yidianzixun.com+or+ftchinese.com+or+guancha.cn+or+zhcw.com+or+huanqiu.com+or+ihuawen.com+or+nytimes.com+or+flickr.com+or+quanjing.com+or+vcg.com+or+gettyimages.co.uk+or+paixin.com)+%e6%97%a0%e6%b3%95+%e5%a4%96%e5%87%ba+%e6%97%b6&id=2917143DCF7B9D6CC29E5A29C300F3C8BC8C66BE&simid=608036384195215438", 
            "hostPageUrl": "http://news.xinhuanet.com/science/2016-05/10/c_135336245.htm", 
            "thumbnailUrl": "https://tse2.mm.bing.net/th?id=OIP.D7pwkxRA0xPRRlqd0T2jSwHaFw&pid=Api", 
            "thumbnail": {
                "width": 474, 
                "height": 368
            }, 
            "hostPageFavIconUrl": "https://www.bing.com/th?id=AR_6034f89765965526777239fbb6bac707&pid=Api", 
            "contentSize": "52619 B"
        }, 
        {
            "contentUrl": "http://jjckb.xinhuanet.com/images/2010-08/06/xin_430807060924546224028.jpg", 
            "insightsMetadata": {
                "pagesIncludingCount": 21, 
                "availableSizesCount": 12
            }, 
            "height": 233, 
            "accentColor": "90563B", 
            "hostPageDisplayUrl": "jjckb.xinhuanet.com/whsh/2010-08/06/content_246446.htm", 
            "name": "经济参考报", 
            "width": 350, 
            "imageInsightsToken": "ccid_xXgYOfKy*mid_4F1D291D83565F57D330F0EF9B93EF808CCEDB58*simid_608012207851964181*thid_OIP.xXgYOfKyUuAEF4CqpQ53lAAAAA", 
            "imageId": "4F1D291D83565F57D330F0EF9B93EF808CCEDB58", 
            "isFamilyFriendly": true, 
            "datePublished": "2010-08-06T12:00:00.0000000Z", 
            "encodingFormat": "jpeg", 
            "webSearchUrl": "https://www.bing.com/images/search?view=detailv2&FORM=OIIRPO&q=site%3a(thepaper.cn+or+chinadaily.com.cn+or+china.com.cn+or+chinanews.com+or+youth.cn+or+sina.com.cn+or+xinhuanet.com+or+cri.cn+or+163.com+or+cankaoxiaoxi.com+or+cctv.com+or+ifeng.com+or+qq.com+or+takungpao.com+or+people.com.cn+or+southcn.com+or+southcn.com+or+cnr.cn+or+people.com.cn+or+cyol.com+or+bjnews.com.cn+or+gmw.cn+or+dahe.cn+or+xfrb.com.cn+or+cqnews.net+or+lifeweek.com.cn+or+cpd.com.cn+or+haiwainet.cn+or+yidianzixun.com+or+ftchinese.com+or+guancha.cn+or+zhcw.com+or+huanqiu.com+or+ihuawen.com+or+nytimes.com+or+flickr.com+or+quanjing.com+or+vcg.com+or+gettyimages.co.uk+or+paixin.com)+%e6%97%a0%e6%b3%95+%e5%a4%96%e5%87%ba+%e6%97%b6&id=4F1D291D83565F57D330F0EF9B93EF808CCEDB58&simid=608012207851964181", 
            "hostPageUrl": "http://jjckb.xinhuanet.com/whsh/2010-08/06/content_246446.htm", 
            "thumbnailUrl": "https://tse4.mm.bing.net/th?id=OIP.xXgYOfKyUuAEF4CqpQ53lAAAAA&pid=Api", 
            "thumbnail": {
                "width": 350, 
                "height": 233
            }, 
            "hostPageFavIconUrl": "https://www.bing.com/th?id=AR_6034f89765965526777239fbb6bac707&pid=Api", 
            "contentSize": "48873 B"
        }, 
        {
            "contentUrl": "http://img1.cache.netease.com/catchpic/5/5D/5D3955C25FECB68D9D538BB33BC4C3D4.jpg", 
            "insightsMetadata": {
                "pagesIncludingCount": 2, 
                "availableSizesCount": 1
            }, 
            "height": 354, 
            "accentColor": "084864", 
            "hostPageDisplayUrl": "hea.163.com/14/0711/07/A0RTOU160016656E.html", 
            "name": "高温蓝色预警 五种防晒食材不能错过_网易数码", 
            "width": 500, 
            "imageInsightsToken": "ccid_Sn6tbdhY*mid_9A805F4363B6CA01463B5D903A6FAE551B12F81B*simid_608032785004957042*thid_OIP.Sn6tbdhYHaXJyY50NHn4WwHaFP", 
            "imageId": "9A805F4363B6CA01463B5D903A6FAE551B12F81B", 
            "isFamilyFriendly": true, 
            "datePublished": "2019-02-15T19:38:00.0000000Z", 
            "encodingFormat": "jpeg", 
            "webSearchUrl": "https://www.bing.com/images/search?view=detailv2&FORM=OIIRPO&q=site%3a(thepaper.cn+or+chinadaily.com.cn+or+china.com.cn+or+chinanews.com+or+youth.cn+or+sina.com.cn+or+xinhuanet.com+or+cri.cn+or+163.com+or+cankaoxiaoxi.com+or+cctv.com+or+ifeng.com+or+qq.com+or+takungpao.com+or+people.com.cn+or+southcn.com+or+southcn.com+or+cnr.cn+or+people.com.cn+or+cyol.com+or+bjnews.com.cn+or+gmw.cn+or+dahe.cn+or+xfrb.com.cn+or+cqnews.net+or+lifeweek.com.cn+or+cpd.com.cn+or+haiwainet.cn+or+yidianzixun.com+or+ftchinese.com+or+guancha.cn+or+zhcw.com+or+huanqiu.com+or+ihuawen.com+or+nytimes.com+or+flickr.com+or+quanjing.com+or+vcg.com+or+gettyimages.co.uk+or+paixin.com)+%e6%97%a0%e6%b3%95+%e5%a4%96%e5%87%ba+%e6%97%b6&id=9A805F4363B6CA01463B5D903A6FAE551B12F81B&simid=608032785004957042", 
            "hostPageUrl": "http://hea.163.com/14/0711/07/A0RTOU160016656E.html", 
            "thumbnailUrl": "https://tse2.mm.bing.net/th?id=OIP.Sn6tbdhYHaXJyY50NHn4WwHaFP&pid=Api", 
            "thumbnail": {
                "width": 474, 
                "height": 335
            }, 
            "contentSize": "39396 B"
        }, 
        {
            "contentUrl": "http://i1.sinaimg.cn/dy/2013/0317/U3938P1DT20130317021810.jpg", 
            "insightsMetadata": {
                "pagesIncludingCount": 49, 
                "availableSizesCount": 22
            }, 
            "height": 367, 
            "accentColor": "7C694C", 
            "hostPageDisplayUrl": "news.sina.com.cn/c/2013-03-17/002026553014.shtml", 
            "name": "习近平外出考察时要求地方不能导演不搞培训|习近平|中国梦 ...", 
            "width": 550, 
            "imageInsightsToken": "ccid_MH9wOA+5*mid_8E004937D07764A312F101B5B72344F895739267*simid_608046739341182015*thid_OIP.MH9wOA-5MESmoN8IpKO27AHaE8", 
            "imageId": "8E004937D07764A312F101B5B72344F895739267", 
            "isFamilyFriendly": true, 
            "datePublished": "2013-03-16T17:05:00.0000000Z", 
            "encodingFormat": "jpeg", 
            "webSearchUrl": "https://www.bing.com/images/search?view=detailv2&FORM=OIIRPO&q=site%3a(thepaper.cn+or+chinadaily.com.cn+or+china.com.cn+or+chinanews.com+or+youth.cn+or+sina.com.cn+or+xinhuanet.com+or+cri.cn+or+163.com+or+cankaoxiaoxi.com+or+cctv.com+or+ifeng.com+or+qq.com+or+takungpao.com+or+people.com.cn+or+southcn.com+or+southcn.com+or+cnr.cn+or+people.com.cn+or+cyol.com+or+bjnews.com.cn+or+gmw.cn+or+dahe.cn+or+xfrb.com.cn+or+cqnews.net+or+lifeweek.com.cn+or+cpd.com.cn+or+haiwainet.cn+or+yidianzixun.com+or+ftchinese.com+or+guancha.cn+or+zhcw.com+or+huanqiu.com+or+ihuawen.com+or+nytimes.com+or+flickr.com+or+quanjing.com+or+vcg.com+or+gettyimages.co.uk+or+paixin.com)+%e6%97%a0%e6%b3%95+%e5%a4%96%e5%87%ba+%e6%97%b6&id=8E004937D07764A312F101B5B72344F895739267&simid=608046739341182015", 
            "hostPageUrl": "http://news.sina.com.cn/c/2013-03-17/002026553014.shtml", 
            "thumbnailUrl": "https://tse4.mm.bing.net/th?id=OIP.MH9wOA-5MESmoN8IpKO27AHaE8&pid=Api", 
            "thumbnail": {
                "width": 474, 
                "height": 316
            }, 
            "contentSize": "50150 B"
        }
    ], 
    "nextOffset": 10, 
    "queryContext": {
        "alterationMethod": "AM_JustChangeIt", 
        "alterationType": "CombinedAlterationsChained", 
        "originalQuery": "site:(thepaper.cn or chinadaily.com.cn or china.com.cn or chinanews.com or youth.cn or sina.com.cn or xinhuanet.com or cri.cn or 163.com or cankaoxiaoxi.com or cctv.com or ifeng.com or qq.com or takungpao.com or people.com.cn or southcn.com or southcn.com or cnr.cn or people.com.cn or cyol.com or bjnews.com.cn or gmw.cn or dahe.cn or xfrb.com.cn or cqnews.net or lifeweek.com.cn or cpd.com.cn or haiwainet.cn or yidianzixun.com or ftchinese.com or guancha.cn or zhcw.com or huanqiu.com or ihuawen.com or nytimes.com or flickr.com or quanjing.com or vcg.com or gettyimages.co.uk or paixin.com) 无法 外出 时", 
        "alterationOverrideQuery": "+site:(thepaper.cn or chinadaily.com.cn or china.com.cn or chinanews.com or youth.cn or sina.com.cn or xinhuanet.com or cri.cn or 163.com or cankaoxiaoxi.com or cctv.com or ifeng.com or qq.com or takungpao.com or people.com.cn or southcn.com or southcn.com or cnr.cn or people.com.cn or cyol.com or bjnews.com.cn or gmw.cn or dahe.cn or xfrb.com.cn or cqnews.net or lifeweek.com.cn or cpd.com.cn or haiwainet.cn or yidianzixun.com or ftchinese.com or guancha.cn or zhcw.com or huanqiu.com or ihuawen.com or nytimes.com or flickr.com or quanjing.com or vcg.com or gettyimages.co.uk or paixin.com) 无法 外出 时", 
        "alterationDisplayQuery": "无法 外出 时"
    }, 
    "currentOffset": 0, 
    "readLink": "images/search?q=site:(thepaper.cn or chinadaily.com.cn or china.com.cn or chinanews.com or youth.cn or sina.com.cn or xinhuanet.com or cri.cn or 163.com or cankaoxiaoxi.com or cctv.com or ifeng.com or qq.com or takungpao.com or people.com.cn or southcn.com or southcn.com or cnr.cn or people.com.cn or cyol.com or bjnews.com.cn or gmw.cn or dahe.cn or xfrb.com.cn or cqnews.net or lifeweek.com.cn or cpd.com.cn or haiwainet.cn or yidianzixun.com or ftchinese.com or guancha.cn or zhcw.com or huanqiu.com or ihuawen.com or nytimes.com or flickr.com or quanjing.com or vcg.com or gettyimages.co.uk or paixin.com) 无法 外出 时", 
    "totalEstimatedMatches": 100
}