{
    "instrumentation": {
        "_type": "ResponseInstrumentation"
    }, 
    "_type": "Images", 
    "webSearchUrl": "https://www.bing.com/images/search?q=site:(thepaper.cn or chinadaily.com.cn or china.com.cn or chinanews.com or youth.cn or sina.com.cn or xinhuanet.com or cri.cn or 163.com or cankaoxiaoxi.com or cctv.com or ifeng.com or qq.com or takungpao.com or people.com.cn or southcn.com or southcn.com or cnr.cn or people.com.cn or cyol.com or bjnews.com.cn or gmw.cn or dahe.cn or xfrb.com.cn or cqnews.net or lifeweek.com.cn or cpd.com.cn or haiwainet.cn or yidianzixun.com or ftchinese.com or guancha.cn or zhcw.com or huanqiu.com or ihuawen.com or nytimes.com or flickr.com or quanjing.com or vcg.com or gettyimages.co.uk or paixin.com) 乔治 王子 威廉姆斯 公主&FORM=OIIARP", 
    "value": [
        {
            "contentUrl": "http://n.sinaimg.cn/translate/375/w660h515/20180521/sMlU-hawmaua0752085.jpg", 
            "insightsMetadata": {
                "pagesIncludingCount": 1, 
                "availableSizesCount": 1
            }, 
            "height": 515, 
            "accentColor": "C58B06", 
            "hostPageDisplayUrl": "ent.sina.com.cn/zz/2018-05-21/doc-ihawmaua0752483.shtml", 
            "name": "离过婚的37岁姐姐 怎么就让哈里王子如此深爱？|金装律师_新浪 ...", 
            "width": 660, 
            "imageInsightsToken": "ccid_m6FtJBPZ*mid_DC4BD55CACB145CB7F33B20CF281BDF26A971FCA*simid_607988564040548804*thid_OIP.m6FtJBPZkksDfPAyseLJ3gHaFx", 
            "imageId": "DC4BD55CACB145CB7F33B20CF281BDF26A971FCA", 
            "isFamilyFriendly": true, 
            "datePublished": "2018-05-21T09:10:00.0000000Z", 
            "encodingFormat": "jpeg", 
            "webSearchUrl": "https://www.bing.com/images/search?view=detailv2&FORM=OIIRPO&q=site%3a(thepaper.cn+or+chinadaily.com.cn+or+china.com.cn+or+chinanews.com+or+youth.cn+or+sina.com.cn+or+xinhuanet.com+or+cri.cn+or+163.com+or+cankaoxiaoxi.com+or+cctv.com+or+ifeng.com+or+qq.com+or+takungpao.com+or+people.com.cn+or+southcn.com+or+southcn.com+or+cnr.cn+or+people.com.cn+or+cyol.com+or+bjnews.com.cn+or+gmw.cn+or+dahe.cn+or+xfrb.com.cn+or+cqnews.net+or+lifeweek.com.cn+or+cpd.com.cn+or+haiwainet.cn+or+yidianzixun.com+or+ftchinese.com+or+guancha.cn+or+zhcw.com+or+huanqiu.com+or+ihuawen.com+or+nytimes.com+or+flickr.com+or+quanjing.com+or+vcg.com+or+gettyimages.co.uk+or+paixin.com)+%e4%b9%94%e6%b2%bb+%e7%8e%8b%e5%ad%90+%e5%a8%81%e5%bb%89%e5%a7%86%e6%96%af+%e5%85%ac%e4%b8%bb&id=DC4BD55CACB145CB7F33B20CF281BDF26A971FCA&simid=607988564040548804", 
            "hostPageUrl": "http://ent.sina.com.cn/zz/2018-05-21/doc-ihawmaua0752483.shtml", 
            "thumbnailUrl": "https://tse2.mm.bing.net/th?id=OIP.m6FtJBPZkksDfPAyseLJ3gHaFx&pid=Api", 
            "thumbnail": {
                "width": 474, 
                "height": 369
            }, 
            "contentSize": "139821 B"
        }, 
        {
            "contentUrl": "http://n.sinaimg.cn/translate/419/w660h559/20180521/khv--hawmaua0590447.jpg", 
            "insightsMetadata": {
                "pagesIncludingCount": 3, 
                "availableSizesCount": 3
            }, 
            "height": 559, 
            "accentColor": "B21919", 
            "hostPageDisplayUrl": "ent.sina.com.cn/zz/2018-05-21/doc-ihawmaua0752483.shtml", 
            "name": "离过婚的37岁姐姐 怎么就让哈里王子如此深爱？|金装律师_新浪 ...", 
            "width": 660, 
            "imageInsightsToken": "ccid_jLhY/5WX*mid_DC4BD55CACB145CB7F33DA28D26A9F3AD38073F1*simid_608053508190767924*thid_OIP.jLhY!_5WX!_GQP-O4m4JdSYQHaGR", 
            "imageId": "DC4BD55CACB145CB7F33DA28D26A9F3AD38073F1", 
            "isFamilyFriendly": true, 
            "datePublished": "2018-05-21T09:10:00.0000000Z", 
            "encodingFormat": "jpeg", 
            "webSearchUrl": "https://www.bing.com/images/search?view=detailv2&FORM=OIIRPO&q=site%3a(thepaper.cn+or+chinadaily.com.cn+or+china.com.cn+or+chinanews.com+or+youth.cn+or+sina.com.cn+or+xinhuanet.com+or+cri.cn+or+163.com+or+cankaoxiaoxi.com+or+cctv.com+or+ifeng.com+or+qq.com+or+takungpao.com+or+people.com.cn+or+southcn.com+or+southcn.com+or+cnr.cn+or+people.com.cn+or+cyol.com+or+bjnews.com.cn+or+gmw.cn+or+dahe.cn+or+xfrb.com.cn+or+cqnews.net+or+lifeweek.com.cn+or+cpd.com.cn+or+haiwainet.cn+or+yidianzixun.com+or+ftchinese.com+or+guancha.cn+or+zhcw.com+or+huanqiu.com+or+ihuawen.com+or+nytimes.com+or+flickr.com+or+quanjing.com+or+vcg.com+or+gettyimages.co.uk+or+paixin.com)+%e4%b9%94%e6%b2%bb+%e7%8e%8b%e5%ad%90+%e5%a8%81%e5%bb%89%e5%a7%86%e6%96%af+%e5%85%ac%e4%b8%bb&id=DC4BD55CACB145CB7F33DA28D26A9F3AD38073F1&simid=608053508190767924", 
            "hostPageUrl": "http://ent.sina.com.cn/zz/2018-05-21/doc-ihawmaua0752483.shtml", 
            "thumbnailUrl": "https://tse4.mm.bing.net/th?id=OIP.jLhY_5WX_GQP-O4m4JdSYQHaGR&pid=Api", 
            "thumbnail": {
                "width": 474, 
                "height": 401
            }, 
            "contentSize": "132948 B"
        }, 
        {
            "contentUrl": "http://p2.ifengimg.com/fck/2018_21/8bb9a8052f4b408_w1080_h915.jpg", 
            "insightsMetadata": {
                "pagesIncludingCount": 3, 
                "availableSizesCount": 3
            }, 
            "height": 915, 
            "accentColor": "B41817", 
            "hostPageDisplayUrl": "ent.ifeng.com/a/20180521/43050989_0.shtml", 
            "name": "离过婚的37岁姐姐，怎么就让哈里王子如此深爱？_娱乐频道_凤凰网", 
            "width": 1080, 
            "imageInsightsToken": "ccid_y+04ASYS*mid_355565D5E722F1DFB55D1A98F91C28E08B601C4F*simid_608031530879880570*thid_OIP.y-04ASYSk61GawwuVc!_8lAHaGR", 
            "imageId": "355565D5E722F1DFB55D1A98F91C28E08B601C4F", 
            "isFamilyFriendly": true, 
            "datePublished": "2018-05-21T05:58:00.0000000Z", 
            "encodingFormat": "jpeg", 
            "webSearchUrl": "https://www.bing.com/images/search?view=detailv2&FORM=OIIRPO&q=site%3a(thepaper.cn+or+chinadaily.com.cn+or+china.com.cn+or+chinanews.com+or+youth.cn+or+sina.com.cn+or+xinhuanet.com+or+cri.cn+or+163.com+or+cankaoxiaoxi.com+or+cctv.com+or+ifeng.com+or+qq.com+or+takungpao.com+or+people.com.cn+or+southcn.com+or+southcn.com+or+cnr.cn+or+people.com.cn+or+cyol.com+or+bjnews.com.cn+or+gmw.cn+or+dahe.cn+or+xfrb.com.cn+or+cqnews.net+or+lifeweek.com.cn+or+cpd.com.cn+or+haiwainet.cn+or+yidianzixun.com+or+ftchinese.com+or+guancha.cn+or+zhcw.com+or+huanqiu.com+or+ihuawen.com+or+nytimes.com+or+flickr.com+or+quanjing.com+or+vcg.com+or+gettyimages.co.uk+or+paixin.com)+%e4%b9%94%e6%b2%bb+%e7%8e%8b%e5%ad%90+%e5%a8%81%e5%bb%89%e5%a7%86%e6%96%af+%e5%85%ac%e4%b8%bb&id=355565D5E722F1DFB55D1A98F91C28E08B601C4F&simid=608031530879880570", 
            "hostPageUrl": "http://ent.ifeng.com/a/20180521/43050989_0.shtml", 
            "thumbnailUrl": "https://tse3.mm.bing.net/th?id=OIP.y-04ASYSk61GawwuVc_8lAHaGR&pid=Api", 
            "thumbnail": {
                "width": 474, 
                "height": 401
            }, 
            "contentSize": "130109 B"
        }, 
        {
            "contentUrl": "http://p2.ifengimg.com/fck/2018_21/ea569481ee10f8f_w1080_h844.jpg", 
            "insightsMetadata": {
                "pagesIncludingCount": 1, 
                "availableSizesCount": 1
            }, 
            "height": 844, 
            "accentColor": "C48C07", 
            "hostPageDisplayUrl": "ent.ifeng.com/a/20180521/43050989_0.shtml", 
            "name": "离过婚的37岁姐姐，怎么就让哈里王子如此深爱？_娱乐频道_凤凰网", 
            "width": 1080, 
            "imageInsightsToken": "ccid_34pYKWm3*mid_355565D5E722F1DFB55DEE3B24C929818DDEB661*simid_608037702743494443*thid_OIP.34pYKWm38n5joFElluLOdQHaFy", 
            "imageId": "355565D5E722F1DFB55DEE3B24C929818DDEB661", 
            "isFamilyFriendly": true, 
            "datePublished": "2018-05-21T05:58:00.0000000Z", 
            "encodingFormat": "jpeg", 
            "webSearchUrl": "https://www.bing.com/images/search?view=detailv2&FORM=OIIRPO&q=site%3a(thepaper.cn+or+chinadaily.com.cn+or+china.com.cn+or+chinanews.com+or+youth.cn+or+sina.com.cn+or+xinhuanet.com+or+cri.cn+or+163.com+or+cankaoxiaoxi.com+or+cctv.com+or+ifeng.com+or+qq.com+or+takungpao.com+or+people.com.cn+or+southcn.com+or+southcn.com+or+cnr.cn+or+people.com.cn+or+cyol.com+or+bjnews.com.cn+or+gmw.cn+or+dahe.cn+or+xfrb.com.cn+or+cqnews.net+or+lifeweek.com.cn+or+cpd.com.cn+or+haiwainet.cn+or+yidianzixun.com+or+ftchinese.com+or+guancha.cn+or+zhcw.com+or+huanqiu.com+or+ihuawen.com+or+nytimes.com+or+flickr.com+or+quanjing.com+or+vcg.com+or+gettyimages.co.uk+or+paixin.com)+%e4%b9%94%e6%b2%bb+%e7%8e%8b%e5%ad%90+%e5%a8%81%e5%bb%89%e5%a7%86%e6%96%af+%e5%85%ac%e4%b8%bb&id=355565D5E722F1DFB55DEE3B24C929818DDEB661&simid=608037702743494443", 
            "hostPageUrl": "http://ent.ifeng.com/a/20180521/43050989_0.shtml", 
            "thumbnailUrl": "https://tse1.mm.bing.net/th?id=OIP.34pYKWm38n5joFElluLOdQHaFy&pid=Api", 
            "thumbnail": {
                "width": 474, 
                "height": 370
            }, 
            "contentSize": "143824 B"
        }, 
        {
            "contentUrl": "http://n.sinaimg.cn/translate/300/w660h440/20180521/j5x9-hawmaua0751947.jpg", 
            "insightsMetadata": {
                "pagesIncludingCount": 90, 
                "availableSizesCount": 61
            }, 
            "height": 440, 
            "accentColor": "614E3C", 
            "hostPageDisplayUrl": "ent.sina.com.cn/zz/2018-05-21/doc-ihawmaua0752483.shtml", 
            "name": "离过婚的37岁姐姐 怎么就让哈里王子如此深爱？|金装律师_新浪 ...", 
            "width": 660, 
            "imageInsightsToken": "ccid_IZ1ZLPKt*mid_DC4BD55CACB145CB7F332D3BCF43ABB2187F1505*simid_608054362890636293*thid_OIP.IZ1ZLPKtrlgPAx9RwPne5AHaE8", 
            "imageId": "DC4BD55CACB145CB7F332D3BCF43ABB2187F1505", 
            "isFamilyFriendly": true, 
            "datePublished": "2018-05-21T09:10:00.0000000Z", 
            "encodingFormat": "jpeg", 
            "webSearchUrl": "https://www.bing.com/images/search?view=detailv2&FORM=OIIRPO&q=site%3a(thepaper.cn+or+chinadaily.com.cn+or+china.com.cn+or+chinanews.com+or+youth.cn+or+sina.com.cn+or+xinhuanet.com+or+cri.cn+or+163.com+or+cankaoxiaoxi.com+or+cctv.com+or+ifeng.com+or+qq.com+or+takungpao.com+or+people.com.cn+or+southcn.com+or+southcn.com+or+cnr.cn+or+people.com.cn+or+cyol.com+or+bjnews.com.cn+or+gmw.cn+or+dahe.cn+or+xfrb.com.cn+or+cqnews.net+or+lifeweek.com.cn+or+cpd.com.cn+or+haiwainet.cn+or+yidianzixun.com+or+ftchinese.com+or+guancha.cn+or+zhcw.com+or+huanqiu.com+or+ihuawen.com+or+nytimes.com+or+flickr.com+or+quanjing.com+or+vcg.com+or+gettyimages.co.uk+or+paixin.com)+%e4%b9%94%e6%b2%bb+%e7%8e%8b%e5%ad%90+%e5%a8%81%e5%bb%89%e5%a7%86%e6%96%af+%e5%85%ac%e4%b8%bb&id=DC4BD55CACB145CB7F332D3BCF43ABB2187F1505&simid=608054362890636293", 
            "hostPageUrl": "http://ent.sina.com.cn/zz/2018-05-21/doc-ihawmaua0752483.shtml", 
            "thumbnailUrl": "https://tse3.mm.bing.net/th?id=OIP.IZ1ZLPKtrlgPAx9RwPne5AHaE8&pid=Api", 
            "thumbnail": {
                "width": 474, 
                "height": 316
            }, 
            "contentSize": "113460 B"
        }
    ], 
    "nextOffset": 5, 
    "queryContext": {
        "alterationMethod": "AM_JustChangeIt", 
        "alterationType": "CombinedAlterationsChained", 
        "originalQuery": "site:(thepaper.cn or chinadaily.com.cn or china.com.cn or chinanews.com or youth.cn or sina.com.cn or xinhuanet.com or cri.cn or 163.com or cankaoxiaoxi.com or cctv.com or ifeng.com or qq.com or takungpao.com or people.com.cn or southcn.com or southcn.com or cnr.cn or people.com.cn or cyol.com or bjnews.com.cn or gmw.cn or dahe.cn or xfrb.com.cn or cqnews.net or lifeweek.com.cn or cpd.com.cn or haiwainet.cn or yidianzixun.com or ftchinese.com or guancha.cn or zhcw.com or huanqiu.com or ihuawen.com or nytimes.com or flickr.com or quanjing.com or vcg.com or gettyimages.co.uk or paixin.com) 乔治 王子 威廉姆斯 公主", 
        "alterationOverrideQuery": "+site:(thepaper.cn or chinadaily.com.cn or china.com.cn or chinanews.com or youth.cn or sina.com.cn or xinhuanet.com or cri.cn or 163.com or cankaoxiaoxi.com or cctv.com or ifeng.com or qq.com or takungpao.com or people.com.cn or southcn.com or southcn.com or cnr.cn or people.com.cn or cyol.com or bjnews.com.cn or gmw.cn or dahe.cn or xfrb.com.cn or cqnews.net or lifeweek.com.cn or cpd.com.cn or haiwainet.cn or yidianzixun.com or ftchinese.com or guancha.cn or zhcw.com or huanqiu.com or ihuawen.com or nytimes.com or flickr.com or quanjing.com or vcg.com or gettyimages.co.uk or paixin.com) 乔治 王子 威廉姆斯 公主", 
        "alterationDisplayQuery": "乔治 王子 威廉姆斯 公主"
    }, 
    "currentOffset": 0, 
    "readLink": "images/search?q=site:(thepaper.cn or chinadaily.com.cn or china.com.cn or chinanews.com or youth.cn or sina.com.cn or xinhuanet.com or cri.cn or 163.com or cankaoxiaoxi.com or cctv.com or ifeng.com or qq.com or takungpao.com or people.com.cn or southcn.com or southcn.com or cnr.cn or people.com.cn or cyol.com or bjnews.com.cn or gmw.cn or dahe.cn or xfrb.com.cn or cqnews.net or lifeweek.com.cn or cpd.com.cn or haiwainet.cn or yidianzixun.com or ftchinese.com or guancha.cn or zhcw.com or huanqiu.com or ihuawen.com or nytimes.com or flickr.com or quanjing.com or vcg.com or gettyimages.co.uk or paixin.com) 乔治 王子 威廉姆斯 公主", 
    "totalEstimatedMatches": 5, 
    "relatedSearches": [
        {
            "text": "英国乔治王子", 
            "displayText": "英国乔治王子", 
            "thumbnail": {
                "thumbnailUrl": "https://tse3.mm.bing.net/th?q=%e8%8b%b1%e5%9b%bd%e4%b9%94%e6%b2%bb%e7%8e%8b%e5%ad%90&pid=Api&mkt=zh-CN&adlt=strict&t=1"
            }, 
            "searchLink": "https://api.cognitive.microsoft.com/api/v7/images/search?q=%e8%8b%b1%e5%9b%bd%e4%b9%94%e6%b2%bb%e7%8e%8b%e5%ad%90", 
            "webSearchUrl": "https://www.bing.com/images/search?q=%e8%8b%b1%e5%9b%bd%e4%b9%94%e6%b2%bb%e7%8e%8b%e5%ad%90&FORM=IRPATC"
        }, 
        {
            "text": "乔治王子满月照", 
            "displayText": "乔治王子满月照", 
            "thumbnail": {
                "thumbnailUrl": "https://tse3.mm.bing.net/th?q=%e4%b9%94%e6%b2%bb%e7%8e%8b%e5%ad%90%e6%bb%a1%e6%9c%88%e7%85%a7&pid=Api&mkt=zh-CN&adlt=strict&t=1"
            }, 
            "searchLink": "https://api.cognitive.microsoft.com/api/v7/images/search?q=%e4%b9%94%e6%b2%bb%e7%8e%8b%e5%ad%90%e6%bb%a1%e6%9c%88%e7%85%a7", 
            "webSearchUrl": "https://www.bing.com/images/search?q=%e4%b9%94%e6%b2%bb%e7%8e%8b%e5%ad%90%e6%bb%a1%e6%9c%88%e7%85%a7&FORM=IRPATC"
        }, 
        {
            "text": "乔治王子洗礼", 
            "displayText": "乔治王子洗礼", 
            "thumbnail": {
                "thumbnailUrl": "https://tse2.mm.bing.net/th?q=%e4%b9%94%e6%b2%bb%e7%8e%8b%e5%ad%90%e6%b4%97%e7%a4%bc&pid=Api&mkt=zh-CN&adlt=strict&t=1"
            }, 
            "searchLink": "https://api.cognitive.microsoft.com/api/v7/images/search?q=%e4%b9%94%e6%b2%bb%e7%8e%8b%e5%ad%90%e6%b4%97%e7%a4%bc", 
            "webSearchUrl": "https://www.bing.com/images/search?q=%e4%b9%94%e6%b2%bb%e7%8e%8b%e5%ad%90%e6%b4%97%e7%a4%bc&FORM=IRPATC"
        }, 
        {
            "text": "乔治王子受洗", 
            "displayText": "乔治王子受洗", 
            "thumbnail": {
                "thumbnailUrl": "https://tse3.mm.bing.net/th?q=%e4%b9%94%e6%b2%bb%e7%8e%8b%e5%ad%90%e5%8f%97%e6%b4%97&pid=Api&mkt=zh-CN&adlt=strict&t=1"
            }, 
            "searchLink": "https://api.cognitive.microsoft.com/api/v7/images/search?q=%e4%b9%94%e6%b2%bb%e7%8e%8b%e5%ad%90%e5%8f%97%e6%b4%97", 
            "webSearchUrl": "https://www.bing.com/images/search?q=%e4%b9%94%e6%b2%bb%e7%8e%8b%e5%ad%90%e5%8f%97%e6%b4%97&FORM=IRPATC"
        }, 
        {
            "text": "丹麦乔治王子", 
            "displayText": "丹麦乔治王子", 
            "thumbnail": {
                "thumbnailUrl": "https://tse4.mm.bing.net/th?q=%e4%b8%b9%e9%ba%a6%e4%b9%94%e6%b2%bb%e7%8e%8b%e5%ad%90&pid=Api&mkt=zh-CN&adlt=strict&t=1"
            }, 
            "searchLink": "https://api.cognitive.microsoft.com/api/v7/images/search?q=%e4%b8%b9%e9%ba%a6%e4%b9%94%e6%b2%bb%e7%8e%8b%e5%ad%90", 
            "webSearchUrl": "https://www.bing.com/images/search?q=%e4%b8%b9%e9%ba%a6%e4%b9%94%e6%b2%bb%e7%8e%8b%e5%ad%90&FORM=IRPATC"
        }, 
        {
            "text": "小王子乔治洗礼", 
            "displayText": "小王子乔治洗礼", 
            "thumbnail": {
                "thumbnailUrl": "https://tse3.mm.bing.net/th?q=%e5%b0%8f%e7%8e%8b%e5%ad%90%e4%b9%94%e6%b2%bb%e6%b4%97%e7%a4%bc&pid=Api&mkt=zh-CN&adlt=strict&t=1"
            }, 
            "searchLink": "https://api.cognitive.microsoft.com/api/v7/images/search?q=%e5%b0%8f%e7%8e%8b%e5%ad%90%e4%b9%94%e6%b2%bb%e6%b4%97%e7%a4%bc", 
            "webSearchUrl": "https://www.bing.com/images/search?q=%e5%b0%8f%e7%8e%8b%e5%ad%90%e4%b9%94%e6%b2%bb%e6%b4%97%e7%a4%bc&FORM=IRPATC"
        }, 
        {
            "text": "乔治小王子", 
            "displayText": "乔治小王子", 
            "thumbnail": {
                "thumbnailUrl": "https://tse4.mm.bing.net/th?q=%e4%b9%94%e6%b2%bb%e5%b0%8f%e7%8e%8b%e5%ad%90&pid=Api&mkt=zh-CN&adlt=strict&t=1"
            }, 
            "searchLink": "https://api.cognitive.microsoft.com/api/v7/images/search?q=%e4%b9%94%e6%b2%bb%e5%b0%8f%e7%8e%8b%e5%ad%90", 
            "webSearchUrl": "https://www.bing.com/images/search?q=%e4%b9%94%e6%b2%bb%e5%b0%8f%e7%8e%8b%e5%ad%90&FORM=IRPATC"
        }, 
        {
            "text": "英国小王子乔治受洗仪式举行", 
            "displayText": "英国小王子乔治受洗仪式举行", 
            "thumbnail": {
                "thumbnailUrl": "https://tse1.mm.bing.net/th?q=%e8%8b%b1%e5%9b%bd%e5%b0%8f%e7%8e%8b%e5%ad%90%e4%b9%94%e6%b2%bb%e5%8f%97%e6%b4%97%e4%bb%aa%e5%bc%8f%e4%b8%be%e8%a1%8c&pid=Api&mkt=zh-CN&adlt=strict&t=1"
            }, 
            "searchLink": "https://api.cognitive.microsoft.com/api/v7/images/search?q=%e8%8b%b1%e5%9b%bd%e5%b0%8f%e7%8e%8b%e5%ad%90%e4%b9%94%e6%b2%bb%e5%8f%97%e6%b4%97%e4%bb%aa%e5%bc%8f%e4%b8%be%e8%a1%8c", 
            "webSearchUrl": "https://www.bing.com/images/search?q=%e8%8b%b1%e5%9b%bd%e5%b0%8f%e7%8e%8b%e5%ad%90%e4%b9%94%e6%b2%bb%e5%8f%97%e6%b4%97%e4%bb%aa%e5%bc%8f%e4%b8%be%e8%a1%8c&FORM=IRPATC"
        }, 
        {
            "text": "乔治 威廉王子", 
            "displayText": "乔治 威廉王子", 
            "thumbnail": {
                "thumbnailUrl": "https://tse1.mm.bing.net/th?q=%e4%b9%94%e6%b2%bb+%e5%a8%81%e5%bb%89%e7%8e%8b%e5%ad%90&pid=Api&mkt=zh-CN&adlt=strict&t=1"
            }, 
            "searchLink": "https://api.cognitive.microsoft.com/api/v7/images/search?q=%e4%b9%94%e6%b2%bb+%e5%a8%81%e5%bb%89%e7%8e%8b%e5%ad%90", 
            "webSearchUrl": "https://www.bing.com/images/search?q=%e4%b9%94%e6%b2%bb+%e5%a8%81%e5%bb%89%e7%8e%8b%e5%ad%90&FORM=IRPATC"
        }, 
        {
            "text": "英国 王子 乔治 洗礼", 
            "displayText": "英国 王子 乔治 洗礼", 
            "thumbnail": {
                "thumbnailUrl": "https://tse4.mm.bing.net/th?q=%e8%8b%b1%e5%9b%bd+%e7%8e%8b%e5%ad%90+%e4%b9%94%e6%b2%bb+%e6%b4%97%e7%a4%bc&pid=Api&mkt=zh-CN&adlt=strict&t=1"
            }, 
            "searchLink": "https://api.cognitive.microsoft.com/api/v7/images/search?q=%e8%8b%b1%e5%9b%bd+%e7%8e%8b%e5%ad%90+%e4%b9%94%e6%b2%bb+%e6%b4%97%e7%a4%bc", 
            "webSearchUrl": "https://www.bing.com/images/search?q=%e8%8b%b1%e5%9b%bd+%e7%8e%8b%e5%ad%90+%e4%b9%94%e6%b2%bb+%e6%b4%97%e7%a4%bc&FORM=IRPATC"
        }, 
        {
            "text": "网球王子", 
            "displayText": "网球王子", 
            "thumbnail": {
                "thumbnailUrl": "https://tse4.mm.bing.net/th?q=%e7%bd%91%e7%90%83%e7%8e%8b%e5%ad%90&pid=Api&mkt=zh-CN&adlt=strict&t=1"
            }, 
            "searchLink": "https://api.cognitive.microsoft.com/api/v7/images/search?q=%e7%bd%91%e7%90%83%e7%8e%8b%e5%ad%90", 
            "webSearchUrl": "https://www.bing.com/images/search?q=%e7%bd%91%e7%90%83%e7%8e%8b%e5%ad%90&FORM=IRPATC"
        }, 
        {
            "text": "王子", 
            "displayText": "王子", 
            "thumbnail": {
                "thumbnailUrl": "https://tse2.mm.bing.net/th?q=%e7%8e%8b%e5%ad%90&pid=Api&mkt=zh-CN&adlt=strict&t=1"
            }, 
            "searchLink": "https://api.cognitive.microsoft.com/api/v7/images/search?q=%e7%8e%8b%e5%ad%90", 
            "webSearchUrl": "https://www.bing.com/images/search?q=%e7%8e%8b%e5%ad%90&FORM=IRPATC"
        }, 
        {
            "text": "英国小王子取名乔治", 
            "displayText": "英国小王子取名乔治", 
            "thumbnail": {
                "thumbnailUrl": "https://tse3.mm.bing.net/th?q=%e8%8b%b1%e5%9b%bd%e5%b0%8f%e7%8e%8b%e5%ad%90%e5%8f%96%e5%90%8d%e4%b9%94%e6%b2%bb&pid=Api&mkt=zh-CN&adlt=strict&t=1"
            }, 
            "searchLink": "https://api.cognitive.microsoft.com/api/v7/images/search?q=%e8%8b%b1%e5%9b%bd%e5%b0%8f%e7%8e%8b%e5%ad%90%e5%8f%96%e5%90%8d%e4%b9%94%e6%b2%bb", 
            "webSearchUrl": "https://www.bing.com/images/search?q=%e8%8b%b1%e5%9b%bd%e5%b0%8f%e7%8e%8b%e5%ad%90%e5%8f%96%e5%90%8d%e4%b9%94%e6%b2%bb&FORM=IRPATC"
        }, 
        {
            "text": "小王子 英国 乔治", 
            "displayText": "小王子 英国 乔治", 
            "thumbnail": {
                "thumbnailUrl": "https://tse2.mm.bing.net/th?q=%e5%b0%8f%e7%8e%8b%e5%ad%90+%e8%8b%b1%e5%9b%bd+%e4%b9%94%e6%b2%bb&pid=Api&mkt=zh-CN&adlt=strict&t=1"
            }, 
            "searchLink": "https://api.cognitive.microsoft.com/api/v7/images/search?q=%e5%b0%8f%e7%8e%8b%e5%ad%90+%e8%8b%b1%e5%9b%bd+%e4%b9%94%e6%b2%bb", 
            "webSearchUrl": "https://www.bing.com/images/search?q=%e5%b0%8f%e7%8e%8b%e5%ad%90+%e8%8b%b1%e5%9b%bd+%e4%b9%94%e6%b2%bb&FORM=IRPATC"
        }, 
        {
            "text": "威廉王子和凯特王妃和乔治", 
            "displayText": "威廉王子和凯特王妃和乔治", 
            "thumbnail": {
                "thumbnailUrl": "https://tse1.mm.bing.net/th?q=%e5%a8%81%e5%bb%89%e7%8e%8b%e5%ad%90%e5%92%8c%e5%87%af%e7%89%b9%e7%8e%8b%e5%a6%83%e5%92%8c%e4%b9%94%e6%b2%bb&pid=Api&mkt=zh-CN&adlt=strict&t=1"
            }, 
            "searchLink": "https://api.cognitive.microsoft.com/api/v7/images/search?q=%e5%a8%81%e5%bb%89%e7%8e%8b%e5%ad%90%e5%92%8c%e5%87%af%e7%89%b9%e7%8e%8b%e5%a6%83%e5%92%8c%e4%b9%94%e6%b2%bb", 
            "webSearchUrl": "https://www.bing.com/images/search?q=%e5%a8%81%e5%bb%89%e7%8e%8b%e5%ad%90%e5%92%8c%e5%87%af%e7%89%b9%e7%8e%8b%e5%a6%83%e5%92%8c%e4%b9%94%e6%b2%bb&FORM=IRPATC"
        }
    ]
}