{
    "instrumentation": {
        "_type": "ResponseInstrumentation"
    }, 
    "_type": "Images", 
    "webSearchUrl": "https://www.bing.com/images/search?q=site:(thepaper.cn or chinadaily.com.cn or china.com.cn or chinanews.com or youth.cn or sina.com.cn or xinhuanet.com or cri.cn or 163.com or cankaoxiaoxi.com or cctv.com or ifeng.com or qq.com or takungpao.com or people.com.cn or southcn.com or southcn.com or cnr.cn or people.com.cn or cyol.com or bjnews.com.cn or gmw.cn or dahe.cn or xfrb.com.cn or cqnews.net or lifeweek.com.cn or cpd.com.cn or haiwainet.cn or yidianzixun.com or ftchinese.com or guancha.cn or zhcw.com or huanqiu.com or ihuawen.com or nytimes.com or flickr.com or quanjing.com or vcg.com or gettyimages.co.uk or paixin.com) Facebook 看到 弱势 活动家&FORM=OIIARP", 
    "value": [
        {
            "contentUrl": "http://himg2.huanqiu.com/attachment2010/2015/0215/20150215105834119.jpg", 
            "insightsMetadata": {
                "pagesIncludingCount": 1, 
                "availableSizesCount": 1
            }, 
            "height": 220, 
            "accentColor": "284B65", 
            "hostPageDisplayUrl": "tech.huanqiu.com/original/2015-02/5691305.html", 
            "name": "科学家研制隐形弱视镜片 眨眼即有放大镜功能_科技_环球网", 
            "width": 441, 
            "imageInsightsToken": "ccid_XuDFpegj*mid_B0647E689332EE9A7FFFA740A6912C79976B1998*simid_608054362898500282*thid_OIP.XuDFpegju9F-ZREp6E8yWQAAAA", 
            "imageId": "B0647E689332EE9A7FFFA740A6912C79976B1998", 
            "isFamilyFriendly": true, 
            "datePublished": "2015-02-15T03:04:00.0000000Z", 
            "encodingFormat": "jpeg", 
            "webSearchUrl": "https://www.bing.com/images/search?view=detailv2&FORM=OIIRPO&q=site%3a(thepaper.cn+or+chinadaily.com.cn+or+china.com.cn+or+chinanews.com+or+youth.cn+or+sina.com.cn+or+xinhuanet.com+or+cri.cn+or+163.com+or+cankaoxiaoxi.com+or+cctv.com+or+ifeng.com+or+qq.com+or+takungpao.com+or+people.com.cn+or+southcn.com+or+southcn.com+or+cnr.cn+or+people.com.cn+or+cyol.com+or+bjnews.com.cn+or+gmw.cn+or+dahe.cn+or+xfrb.com.cn+or+cqnews.net+or+lifeweek.com.cn+or+cpd.com.cn+or+haiwainet.cn+or+yidianzixun.com+or+ftchinese.com+or+guancha.cn+or+zhcw.com+or+huanqiu.com+or+ihuawen.com+or+nytimes.com+or+flickr.com+or+quanjing.com+or+vcg.com+or+gettyimages.co.uk+or+paixin.com)+Facebook+%e7%9c%8b%e5%88%b0+%e5%bc%b1%e5%8a%bf+%e6%b4%bb%e5%8a%a8%e5%ae%b6&id=B0647E689332EE9A7FFFA740A6912C79976B1998&simid=608054362898500282", 
            "hostPageUrl": "http://tech.huanqiu.com/original/2015-02/5691305.html", 
            "thumbnailUrl": "https://tse4.mm.bing.net/th?id=OIP.XuDFpegju9F-ZREp6E8yWQAAAA&pid=Api", 
            "thumbnail": {
                "width": 441, 
                "height": 220
            }, 
            "contentSize": "10902 B"
        }, 
        {
            "contentUrl": "http://himg2.huanqiu.com/attachment2010/2016/0507/20160507023154177.jpg", 
            "insightsMetadata": {
                "pagesIncludingCount": 3, 
                "availableSizesCount": 4
            }, 
            "height": 615, 
            "accentColor": "913A40", 
            "hostPageDisplayUrl": "tech.huanqiu.com/internet/2016-05/8878746.html", 
            "name": "Facebook失去VR大将：Oculus负责人将离职_科技_环球网", 
            "width": 600, 
            "imageInsightsToken": "ccid_rJXhIaCQ*mid_E52B8195097ECCD2BA58ED960CFD31E918D405CC*simid_608027996083258825*thid_OIP.rJXhIaCQXAC2fZWueWY8xwHaHl", 
            "imageId": "E52B8195097ECCD2BA58ED960CFD31E918D405CC", 
            "isFamilyFriendly": true, 
            "datePublished": "2016-05-07T06:41:00.0000000Z", 
            "encodingFormat": "jpeg", 
            "webSearchUrl": "https://www.bing.com/images/search?view=detailv2&FORM=OIIRPO&q=site%3a(thepaper.cn+or+chinadaily.com.cn+or+china.com.cn+or+chinanews.com+or+youth.cn+or+sina.com.cn+or+xinhuanet.com+or+cri.cn+or+163.com+or+cankaoxiaoxi.com+or+cctv.com+or+ifeng.com+or+qq.com+or+takungpao.com+or+people.com.cn+or+southcn.com+or+southcn.com+or+cnr.cn+or+people.com.cn+or+cyol.com+or+bjnews.com.cn+or+gmw.cn+or+dahe.cn+or+xfrb.com.cn+or+cqnews.net+or+lifeweek.com.cn+or+cpd.com.cn+or+haiwainet.cn+or+yidianzixun.com+or+ftchinese.com+or+guancha.cn+or+zhcw.com+or+huanqiu.com+or+ihuawen.com+or+nytimes.com+or+flickr.com+or+quanjing.com+or+vcg.com+or+gettyimages.co.uk+or+paixin.com)+Facebook+%e7%9c%8b%e5%88%b0+%e5%bc%b1%e5%8a%bf+%e6%b4%bb%e5%8a%a8%e5%ae%b6&id=E52B8195097ECCD2BA58ED960CFD31E918D405CC&simid=608027996083258825", 
            "hostPageUrl": "http://tech.huanqiu.com/internet/2016-05/8878746.html", 
            "thumbnailUrl": "https://tse2.mm.bing.net/th?id=OIP.rJXhIaCQXAC2fZWueWY8xwHaHl&pid=Api", 
            "thumbnail": {
                "width": 474, 
                "height": 485
            }, 
            "contentSize": "75189 B"
        }, 
        {
            "contentUrl": "http://n.sinaimg.cn/translate/55/w550h305/20181003/kvVK-hkvrhps2539492.jpg", 
            "insightsMetadata": {
                "pagesIncludingCount": 3, 
                "availableSizesCount": 1
            }, 
            "height": 305, 
            "accentColor": "19486B", 
            "hostPageDisplayUrl": "games.sina.com.cn/g/g/2018-10-03/fxeuwws0712763.shtml", 
            "name": "人工智能将是世界大战导火索？马斯克怒怼Facebook_八卦趣闻_新浪 ...", 
            "width": 550, 
            "imageInsightsToken": "ccid_Uwhb+yz0*mid_6F3D37AD1EA2025B16BE8A49B0A75F844D9492AE*simid_608002118936497528*thid_OIP.Uwhb-yz0k4DgYRlvqlsGYwHaEG", 
            "imageId": "6F3D37AD1EA2025B16BE8A49B0A75F844D9492AE", 
            "isFamilyFriendly": true, 
            "datePublished": "2018-10-03T13:25:00.0000000Z", 
            "encodingFormat": "jpeg", 
            "webSearchUrl": "https://www.bing.com/images/search?view=detailv2&FORM=OIIRPO&q=site%3a(thepaper.cn+or+chinadaily.com.cn+or+china.com.cn+or+chinanews.com+or+youth.cn+or+sina.com.cn+or+xinhuanet.com+or+cri.cn+or+163.com+or+cankaoxiaoxi.com+or+cctv.com+or+ifeng.com+or+qq.com+or+takungpao.com+or+people.com.cn+or+southcn.com+or+southcn.com+or+cnr.cn+or+people.com.cn+or+cyol.com+or+bjnews.com.cn+or+gmw.cn+or+dahe.cn+or+xfrb.com.cn+or+cqnews.net+or+lifeweek.com.cn+or+cpd.com.cn+or+haiwainet.cn+or+yidianzixun.com+or+ftchinese.com+or+guancha.cn+or+zhcw.com+or+huanqiu.com+or+ihuawen.com+or+nytimes.com+or+flickr.com+or+quanjing.com+or+vcg.com+or+gettyimages.co.uk+or+paixin.com)+Facebook+%e7%9c%8b%e5%88%b0+%e5%bc%b1%e5%8a%bf+%e6%b4%bb%e5%8a%a8%e5%ae%b6&id=6F3D37AD1EA2025B16BE8A49B0A75F844D9492AE&simid=608002118936497528", 
            "hostPageUrl": "http://games.sina.com.cn/g/g/2018-10-03/fxeuwws0712763.shtml", 
            "thumbnailUrl": "https://tse2.mm.bing.net/th?id=OIP.Uwhb-yz0k4DgYRlvqlsGYwHaEG&pid=Api", 
            "thumbnail": {
                "width": 474, 
                "height": 262
            }, 
            "contentSize": "21473 B"
        }, 
        {
            "contentUrl": "http://n.sinaimg.cn/translate/20160330/04y_-fxqtiwa5316840.jpg", 
            "insightsMetadata": {
                "pagesIncludingCount": 1, 
                "availableSizesCount": 1
            }, 
            "height": 271, 
            "accentColor": "434488", 
            "hostPageDisplayUrl": "news.sina.com.cn/o/2016-03-30/doc-ifxqwxnx6655291.shtml", 
            "name": "百度国际化地球一小时项目获亚洲亮点案例_新浪新闻", 
            "width": 331, 
            "imageInsightsToken": "ccid_t+X1JYPB*mid_B4F8802A64986D376F98F23247761C9A7852DBF0*simid_608042568962999755*thid_OIP.t-X1JYPBoio4dK9ruTV3NQAAAA", 
            "imageId": "B4F8802A64986D376F98F23247761C9A7852DBF0", 
            "isFamilyFriendly": true, 
            "datePublished": "2016-03-30T06:41:00.0000000Z", 
            "encodingFormat": "jpeg", 
            "webSearchUrl": "https://www.bing.com/images/search?view=detailv2&FORM=OIIRPO&q=site%3a(thepaper.cn+or+chinadaily.com.cn+or+china.com.cn+or+chinanews.com+or+youth.cn+or+sina.com.cn+or+xinhuanet.com+or+cri.cn+or+163.com+or+cankaoxiaoxi.com+or+cctv.com+or+ifeng.com+or+qq.com+or+takungpao.com+or+people.com.cn+or+southcn.com+or+southcn.com+or+cnr.cn+or+people.com.cn+or+cyol.com+or+bjnews.com.cn+or+gmw.cn+or+dahe.cn+or+xfrb.com.cn+or+cqnews.net+or+lifeweek.com.cn+or+cpd.com.cn+or+haiwainet.cn+or+yidianzixun.com+or+ftchinese.com+or+guancha.cn+or+zhcw.com+or+huanqiu.com+or+ihuawen.com+or+nytimes.com+or+flickr.com+or+quanjing.com+or+vcg.com+or+gettyimages.co.uk+or+paixin.com)+Facebook+%e7%9c%8b%e5%88%b0+%e5%bc%b1%e5%8a%bf+%e6%b4%bb%e5%8a%a8%e5%ae%b6&id=B4F8802A64986D376F98F23247761C9A7852DBF0&simid=608042568962999755", 
            "hostPageUrl": "http://news.sina.com.cn/o/2016-03-30/doc-ifxqwxnx6655291.shtml", 
            "thumbnailUrl": "https://tse4.mm.bing.net/th?id=OIP.t-X1JYPBoio4dK9ruTV3NQAAAA&pid=Api", 
            "thumbnail": {
                "width": 331, 
                "height": 271
            }, 
            "contentSize": "14749 B"
        }, 
        {
            "contentUrl": "http://www.people.com.cn/mediafile/pic/20190114/95/8829307266486929223.jpg", 
            "insightsMetadata": {
                "pagesIncludingCount": 1, 
                "availableSizesCount": 1
            }, 
            "height": 366, 
            "accentColor": "B21921", 
            "hostPageDisplayUrl": "ha.people.com.cn/n2/2019/0114/c351638-32526134.html", 
            "name": "2019安阳网春腊八爱心奉粥：284名志愿者奉粥11500份--河南频道 ...", 
            "width": 550, 
            "imageInsightsToken": "ccid_fjFc++0a*mid_825FA2F25C3660BF3CFE6358D0EFDD9F4DE0418E*simid_608046455867966841*thid_OIP.fjFc--0aVKAYIv!_OTvGmJAHaE7", 
            "imageId": "825FA2F25C3660BF3CFE6358D0EFDD9F4DE0418E", 
            "isFamilyFriendly": true, 
            "datePublished": "2019-01-14T01:38:00.0000000Z", 
            "encodingFormat": "jpeg", 
            "webSearchUrl": "https://www.bing.com/images/search?view=detailv2&FORM=OIIRPO&q=site%3a(thepaper.cn+or+chinadaily.com.cn+or+china.com.cn+or+chinanews.com+or+youth.cn+or+sina.com.cn+or+xinhuanet.com+or+cri.cn+or+163.com+or+cankaoxiaoxi.com+or+cctv.com+or+ifeng.com+or+qq.com+or+takungpao.com+or+people.com.cn+or+southcn.com+or+southcn.com+or+cnr.cn+or+people.com.cn+or+cyol.com+or+bjnews.com.cn+or+gmw.cn+or+dahe.cn+or+xfrb.com.cn+or+cqnews.net+or+lifeweek.com.cn+or+cpd.com.cn+or+haiwainet.cn+or+yidianzixun.com+or+ftchinese.com+or+guancha.cn+or+zhcw.com+or+huanqiu.com+or+ihuawen.com+or+nytimes.com+or+flickr.com+or+quanjing.com+or+vcg.com+or+gettyimages.co.uk+or+paixin.com)+Facebook+%e7%9c%8b%e5%88%b0+%e5%bc%b1%e5%8a%bf+%e6%b4%bb%e5%8a%a8%e5%ae%b6&id=825FA2F25C3660BF3CFE6358D0EFDD9F4DE0418E&simid=608046455867966841", 
            "hostPageUrl": "http://ha.people.com.cn/n2/2019/0114/c351638-32526134.html", 
            "thumbnailUrl": "https://tse3.mm.bing.net/th?id=OIP.fjFc--0aVKAYIv_OTvGmJAHaE7&pid=Api", 
            "thumbnail": {
                "width": 474, 
                "height": 315
            }, 
            "contentSize": "52810 B"
        }, 
        {
            "contentUrl": "http://ent.chinadaily.com.cn/img/attachement/jpg/site1/20170417/286ed488c7cf1a5e65a501.jpg", 
            "insightsMetadata": {
                "pagesIncludingCount": 22, 
                "availableSizesCount": 15
            }, 
            "height": 380, 
            "accentColor": "683033", 
            "hostPageDisplayUrl": "ent.chinadaily.com.cn/2017-04/17/content_28956273.htm", 
            "name": "Cosplay：漫画发展的阻碍？[1]- 中国日报网", 
            "width": 570, 
            "imageInsightsToken": "ccid_L9NeIyEs*mid_A3803D8E9D80DD25F9F158DFB49F63514C4C39DA*simid_608042521718031680*thid_OIP.L9NeIyEssWrqR-3HUmp3qwHaE8", 
            "imageId": "A3803D8E9D80DD25F9F158DFB49F63514C4C39DA", 
            "isFamilyFriendly": true, 
            "datePublished": "2017-04-17T02:20:00.0000000Z", 
            "encodingFormat": "jpeg", 
            "webSearchUrl": "https://www.bing.com/images/search?view=detailv2&FORM=OIIRPO&q=site%3a(thepaper.cn+or+chinadaily.com.cn+or+china.com.cn+or+chinanews.com+or+youth.cn+or+sina.com.cn+or+xinhuanet.com+or+cri.cn+or+163.com+or+cankaoxiaoxi.com+or+cctv.com+or+ifeng.com+or+qq.com+or+takungpao.com+or+people.com.cn+or+southcn.com+or+southcn.com+or+cnr.cn+or+people.com.cn+or+cyol.com+or+bjnews.com.cn+or+gmw.cn+or+dahe.cn+or+xfrb.com.cn+or+cqnews.net+or+lifeweek.com.cn+or+cpd.com.cn+or+haiwainet.cn+or+yidianzixun.com+or+ftchinese.com+or+guancha.cn+or+zhcw.com+or+huanqiu.com+or+ihuawen.com+or+nytimes.com+or+flickr.com+or+quanjing.com+or+vcg.com+or+gettyimages.co.uk+or+paixin.com)+Facebook+%e7%9c%8b%e5%88%b0+%e5%bc%b1%e5%8a%bf+%e6%b4%bb%e5%8a%a8%e5%ae%b6&id=A3803D8E9D80DD25F9F158DFB49F63514C4C39DA&simid=608042521718031680", 
            "hostPageUrl": "http://ent.chinadaily.com.cn/2017-04/17/content_28956273.htm", 
            "thumbnailUrl": "https://tse1.mm.bing.net/th?id=OIP.L9NeIyEssWrqR-3HUmp3qwHaE8&pid=Api", 
            "thumbnail": {
                "width": 474, 
                "height": 316
            }, 
            "hostPageFavIconUrl": "https://www.bing.com/th?id=AR_6bbc59f7064ed213027d1c4ffbd7baac&pid=Api", 
            "contentSize": "70135 B"
        }, 
        {
            "contentUrl": "https://inews.gtimg.com/newsapp_bt/0/6361792975/1000", 
            "insightsMetadata": {
                "pagesIncludingCount": 1, 
                "availableSizesCount": 1
            }, 
            "height": 563, 
            "accentColor": "3C4772", 
            "hostPageDisplayUrl": "https://new.qq.com/cmsn/20181116/20181116002258.html", 
            "name": "比电视剧精彩：Facebook 怎样用“下三滥”手段应对危机", 
            "width": 1000, 
            "imageInsightsToken": "ccid_O3EbXtxA*mid_2EACFFD0BC4A0E365939DDCD8B9E0DCEE7BBD44D*simid_607994010050888676*thid_OIP.O3EbXtxASZSgqCNi3jDwvgHaEK", 
            "imageId": "2EACFFD0BC4A0E365939DDCD8B9E0DCEE7BBD44D", 
            "isFamilyFriendly": true, 
            "datePublished": "2018-11-16T00:37:00.0000000Z", 
            "encodingFormat": "jpeg", 
            "webSearchUrl": "https://www.bing.com/images/search?view=detailv2&FORM=OIIRPO&q=site%3a(thepaper.cn+or+chinadaily.com.cn+or+china.com.cn+or+chinanews.com+or+youth.cn+or+sina.com.cn+or+xinhuanet.com+or+cri.cn+or+163.com+or+cankaoxiaoxi.com+or+cctv.com+or+ifeng.com+or+qq.com+or+takungpao.com+or+people.com.cn+or+southcn.com+or+southcn.com+or+cnr.cn+or+people.com.cn+or+cyol.com+or+bjnews.com.cn+or+gmw.cn+or+dahe.cn+or+xfrb.com.cn+or+cqnews.net+or+lifeweek.com.cn+or+cpd.com.cn+or+haiwainet.cn+or+yidianzixun.com+or+ftchinese.com+or+guancha.cn+or+zhcw.com+or+huanqiu.com+or+ihuawen.com+or+nytimes.com+or+flickr.com+or+quanjing.com+or+vcg.com+or+gettyimages.co.uk+or+paixin.com)+Facebook+%e7%9c%8b%e5%88%b0+%e5%bc%b1%e5%8a%bf+%e6%b4%bb%e5%8a%a8%e5%ae%b6&id=2EACFFD0BC4A0E365939DDCD8B9E0DCEE7BBD44D&simid=607994010050888676", 
            "hostPageUrl": "https://new.qq.com/cmsn/20181116/20181116002258.html", 
            "thumbnailUrl": "https://tse1.mm.bing.net/th?id=OIP.O3EbXtxASZSgqCNi3jDwvgHaEK&pid=Api", 
            "thumbnail": {
                "width": 474, 
                "height": 266
            }, 
            "contentSize": "51523 B"
        }, 
        {
            "contentUrl": "http://img5.cache.netease.com/tech/2015/4/8/20150408014107434bb_550.jpg", 
            "insightsMetadata": {
                "pagesIncludingCount": 5, 
                "availableSizesCount": 4
            }, 
            "height": 310, 
            "accentColor": "3A3C67", 
            "hostPageDisplayUrl": "tech.163.com/15/0408/01/AML42UNL000915BF.html", 
            "name": "9张照片让你读懂Facebook未来10年的战略_网易科技", 
            "width": 550, 
            "imageInsightsToken": "ccid_EIdsUAnX*mid_CB8FE6D5E388706497B02613F77831E9F5387137*simid_608033455024376334*thid_OIP.EIdsUAnXMWwYzupYs8MNxwHaEL", 
            "imageId": "CB8FE6D5E388706497B02613F77831E9F5387137", 
            "isFamilyFriendly": true, 
            "datePublished": "2018-10-12T11:30:00.0000000Z", 
            "encodingFormat": "jpeg", 
            "webSearchUrl": "https://www.bing.com/images/search?view=detailv2&FORM=OIIRPO&q=site%3a(thepaper.cn+or+chinadaily.com.cn+or+china.com.cn+or+chinanews.com+or+youth.cn+or+sina.com.cn+or+xinhuanet.com+or+cri.cn+or+163.com+or+cankaoxiaoxi.com+or+cctv.com+or+ifeng.com+or+qq.com+or+takungpao.com+or+people.com.cn+or+southcn.com+or+southcn.com+or+cnr.cn+or+people.com.cn+or+cyol.com+or+bjnews.com.cn+or+gmw.cn+or+dahe.cn+or+xfrb.com.cn+or+cqnews.net+or+lifeweek.com.cn+or+cpd.com.cn+or+haiwainet.cn+or+yidianzixun.com+or+ftchinese.com+or+guancha.cn+or+zhcw.com+or+huanqiu.com+or+ihuawen.com+or+nytimes.com+or+flickr.com+or+quanjing.com+or+vcg.com+or+gettyimages.co.uk+or+paixin.com)+Facebook+%e7%9c%8b%e5%88%b0+%e5%bc%b1%e5%8a%bf+%e6%b4%bb%e5%8a%a8%e5%ae%b6&id=CB8FE6D5E388706497B02613F77831E9F5387137&simid=608033455024376334", 
            "hostPageUrl": "http://tech.163.com/15/0408/01/AML42UNL000915BF.html", 
            "thumbnailUrl": "https://tse3.mm.bing.net/th?id=OIP.EIdsUAnXMWwYzupYs8MNxwHaEL&pid=Api", 
            "thumbnail": {
                "width": 474, 
                "height": 267
            }, 
            "contentSize": "46372 B"
        }, 
        {
            "contentUrl": "http://finance.chinanews.com/it/2014/12-02/U343P4T8D6837196F107DT20141202161129.jpg", 
            "insightsMetadata": {
                "pagesIncludingCount": 3, 
                "availableSizesCount": 3
            }, 
            "height": 335, 
            "accentColor": "4E592E", 
            "hostPageDisplayUrl": "https://www.chinadaily.com.cn/hqgj/jryw/2014-12-02...", 
            "name": "海信亮相Lotus F1阿布扎比收官战- 中国日报网", 
            "width": 500, 
            "imageInsightsToken": "ccid_3HudLVvz*mid_2475101468E59A885B20AB2010C38EDD056DE14E*simid_608020647413154831*thid_OIP.3HudLVvz!_v9XqvF5bvw89gHaE9", 
            "imageId": "2475101468E59A885B20AB2010C38EDD056DE14E", 
            "isFamilyFriendly": true, 
            "datePublished": "2018-03-30T21:13:00.0000000Z", 
            "encodingFormat": "jpeg", 
            "webSearchUrl": "https://www.bing.com/images/search?view=detailv2&FORM=OIIRPO&q=site%3a(thepaper.cn+or+chinadaily.com.cn+or+china.com.cn+or+chinanews.com+or+youth.cn+or+sina.com.cn+or+xinhuanet.com+or+cri.cn+or+163.com+or+cankaoxiaoxi.com+or+cctv.com+or+ifeng.com+or+qq.com+or+takungpao.com+or+people.com.cn+or+southcn.com+or+southcn.com+or+cnr.cn+or+people.com.cn+or+cyol.com+or+bjnews.com.cn+or+gmw.cn+or+dahe.cn+or+xfrb.com.cn+or+cqnews.net+or+lifeweek.com.cn+or+cpd.com.cn+or+haiwainet.cn+or+yidianzixun.com+or+ftchinese.com+or+guancha.cn+or+zhcw.com+or+huanqiu.com+or+ihuawen.com+or+nytimes.com+or+flickr.com+or+quanjing.com+or+vcg.com+or+gettyimages.co.uk+or+paixin.com)+Facebook+%e7%9c%8b%e5%88%b0+%e5%bc%b1%e5%8a%bf+%e6%b4%bb%e5%8a%a8%e5%ae%b6&id=2475101468E59A885B20AB2010C38EDD056DE14E&simid=608020647413154831", 
            "hostPageUrl": "https://www.chinadaily.com.cn/hqgj/jryw/2014-12-02/content_12823496.html", 
            "thumbnailUrl": "https://tse1.mm.bing.net/th?id=OIP.3HudLVvz_v9XqvF5bvw89gHaE9&pid=Api", 
            "thumbnail": {
                "width": 474, 
                "height": 317
            }, 
            "hostPageFavIconUrl": "https://www.bing.com/th?id=AR_6bbc59f7064ed213027d1c4ffbd7baac&pid=Api", 
            "contentSize": "39037 B"
        }, 
        {
            "contentUrl": "http://www.ihuawen.com/data/upload/posts/20180117/big_700_5a5e3364d615c.jpg", 
            "insightsMetadata": {
                "pagesIncludingCount": 1, 
                "availableSizesCount": 1
            }, 
            "height": 350, 
            "accentColor": "BF0C66", 
            "hostPageDisplayUrl": "www.ihuawen.com/article/index/id/50054/cid/70", 
            "name": "肥胖症活动家呼吁9点之后禁播垃圾食品广告 今日华闻", 
            "width": 590, 
            "imageInsightsToken": "ccid_tlpPuRVy*mid_7A5130A68070F37F104F2E1EB52E82FA976708A7*simid_608023464935689172*thid_OIP.tlpPuRVyTFXvRGAAGqh3dgHaEZ", 
            "imageId": "7A5130A68070F37F104F2E1EB52E82FA976708A7", 
            "isFamilyFriendly": true, 
            "datePublished": "2019-03-03T11:19:00.0000000Z", 
            "encodingFormat": "jpeg", 
            "webSearchUrl": "https://www.bing.com/images/search?view=detailv2&FORM=OIIRPO&q=site%3a(thepaper.cn+or+chinadaily.com.cn+or+china.com.cn+or+chinanews.com+or+youth.cn+or+sina.com.cn+or+xinhuanet.com+or+cri.cn+or+163.com+or+cankaoxiaoxi.com+or+cctv.com+or+ifeng.com+or+qq.com+or+takungpao.com+or+people.com.cn+or+southcn.com+or+southcn.com+or+cnr.cn+or+people.com.cn+or+cyol.com+or+bjnews.com.cn+or+gmw.cn+or+dahe.cn+or+xfrb.com.cn+or+cqnews.net+or+lifeweek.com.cn+or+cpd.com.cn+or+haiwainet.cn+or+yidianzixun.com+or+ftchinese.com+or+guancha.cn+or+zhcw.com+or+huanqiu.com+or+ihuawen.com+or+nytimes.com+or+flickr.com+or+quanjing.com+or+vcg.com+or+gettyimages.co.uk+or+paixin.com)+Facebook+%e7%9c%8b%e5%88%b0+%e5%bc%b1%e5%8a%bf+%e6%b4%bb%e5%8a%a8%e5%ae%b6&id=7A5130A68070F37F104F2E1EB52E82FA976708A7&simid=608023464935689172", 
            "hostPageUrl": "http://www.ihuawen.com/article/index/id/50054/cid/70", 
            "thumbnailUrl": "https://tse2.mm.bing.net/th?id=OIP.tlpPuRVyTFXvRGAAGqh3dgHaEZ&pid=Api", 
            "thumbnail": {
                "width": 474, 
                "height": 281
            }, 
            "contentSize": "26894 B"
        }
    ], 
    "nextOffset": 45, 
    "queryContext": {
        "alterationMethod": "AM_JustChangeIt", 
        "alterationType": "CombinedAlterationsChained", 
        "originalQuery": "site:(thepaper.cn or chinadaily.com.cn or china.com.cn or chinanews.com or youth.cn or sina.com.cn or xinhuanet.com or cri.cn or 163.com or cankaoxiaoxi.com or cctv.com or ifeng.com or qq.com or takungpao.com or people.com.cn or southcn.com or southcn.com or cnr.cn or people.com.cn or cyol.com or bjnews.com.cn or gmw.cn or dahe.cn or xfrb.com.cn or cqnews.net or lifeweek.com.cn or cpd.com.cn or haiwainet.cn or yidianzixun.com or ftchinese.com or guancha.cn or zhcw.com or huanqiu.com or ihuawen.com or nytimes.com or flickr.com or quanjing.com or vcg.com or gettyimages.co.uk or paixin.com) Facebook 看到 弱势 活动家", 
        "alterationOverrideQuery": "+site:(thepaper.cn or chinadaily.com.cn or china.com.cn or chinanews.com or youth.cn or sina.com.cn or xinhuanet.com or cri.cn or 163.com or cankaoxiaoxi.com or cctv.com or ifeng.com or qq.com or takungpao.com or people.com.cn or southcn.com or southcn.com or cnr.cn or people.com.cn or cyol.com or bjnews.com.cn or gmw.cn or dahe.cn or xfrb.com.cn or cqnews.net or lifeweek.com.cn or cpd.com.cn or haiwainet.cn or yidianzixun.com or ftchinese.com or guancha.cn or zhcw.com or huanqiu.com or ihuawen.com or nytimes.com or flickr.com or quanjing.com or vcg.com or gettyimages.co.uk or paixin.com) Facebook 看到 弱势 活动家", 
        "alterationDisplayQuery": "facebook 看到 弱势 活动 家"
    }, 
    "currentOffset": 0, 
    "readLink": "images/search?q=site:(thepaper.cn or chinadaily.com.cn or china.com.cn or chinanews.com or youth.cn or sina.com.cn or xinhuanet.com or cri.cn or 163.com or cankaoxiaoxi.com or cctv.com or ifeng.com or qq.com or takungpao.com or people.com.cn or southcn.com or southcn.com or cnr.cn or people.com.cn or cyol.com or bjnews.com.cn or gmw.cn or dahe.cn or xfrb.com.cn or cqnews.net or lifeweek.com.cn or cpd.com.cn or haiwainet.cn or yidianzixun.com or ftchinese.com or guancha.cn or zhcw.com or huanqiu.com or ihuawen.com or nytimes.com or flickr.com or quanjing.com or vcg.com or gettyimages.co.uk or paixin.com) Facebook 看到 弱势 活动家", 
    "totalEstimatedMatches": 92
}