{
    "instrumentation": {
        "_type": "ResponseInstrumentation"
    }, 
    "_type": "Images", 
    "webSearchUrl": "https://www.bing.com/images/search?q=site:(thepaper.cn or chinadaily.com.cn or china.com.cn or chinanews.com or youth.cn or sina.com.cn or xinhuanet.com or cri.cn or 163.com or cankaoxiaoxi.com or cctv.com or ifeng.com or qq.com or takungpao.com or people.com.cn or southcn.com or southcn.com or cnr.cn or people.com.cn or cyol.com or bjnews.com.cn or gmw.cn or dahe.cn or xfrb.com.cn or cqnews.net or lifeweek.com.cn or cpd.com.cn or haiwainet.cn or yidianzixun.com or ftchinese.com or guancha.cn or zhcw.com or huanqiu.com or ihuawen.com or nytimes.com or flickr.com or quanjing.com or vcg.com or gettyimages.co.uk or paixin.com) 最近 几个 死亡&FORM=OIIARP", 
    "value": [
        {
            "contentUrl": "http://n.sinaimg.cn/games/crawl/20170527/6CJ4-fyfquww9024463.jpg", 
            "insightsMetadata": {
                "pagesIncludingCount": 3, 
                "availableSizesCount": 1
            }, 
            "height": 298, 
            "accentColor": "1C821D", 
            "hostPageDisplayUrl": "games.sina.com.cn/o/z/wow/2017-05-27/fyfqqyh8729293.shtml", 
            "name": "7.2.5保护凋零野猪乐队 击杀重金属DK获吉他幻化-魔兽世界", 
            "width": 290, 
            "imageInsightsToken": "ccid_5wThXSpj*mid_DF82E4E5D7B74C27BB95CA3F4B5AD84CD0D87DAE*simid_607988332100259107*thid_OIP.5wThXSpjuSQxN57e3f7ZRwAAAA", 
            "imageId": "DF82E4E5D7B74C27BB95CA3F4B5AD84CD0D87DAE", 
            "isFamilyFriendly": true, 
            "datePublished": "2018-02-09T19:27:00.0000000Z", 
            "encodingFormat": "jpeg", 
            "webSearchUrl": "https://www.bing.com/images/search?view=detailv2&FORM=OIIRPO&q=site%3a(thepaper.cn+or+chinadaily.com.cn+or+china.com.cn+or+chinanews.com+or+youth.cn+or+sina.com.cn+or+xinhuanet.com+or+cri.cn+or+163.com+or+cankaoxiaoxi.com+or+cctv.com+or+ifeng.com+or+qq.com+or+takungpao.com+or+people.com.cn+or+southcn.com+or+southcn.com+or+cnr.cn+or+people.com.cn+or+cyol.com+or+bjnews.com.cn+or+gmw.cn+or+dahe.cn+or+xfrb.com.cn+or+cqnews.net+or+lifeweek.com.cn+or+cpd.com.cn+or+haiwainet.cn+or+yidianzixun.com+or+ftchinese.com+or+guancha.cn+or+zhcw.com+or+huanqiu.com+or+ihuawen.com+or+nytimes.com+or+flickr.com+or+quanjing.com+or+vcg.com+or+gettyimages.co.uk+or+paixin.com)+%e6%9c%80%e8%bf%91+%e5%87%a0%e4%b8%aa+%e6%ad%bb%e4%ba%a1&id=DF82E4E5D7B74C27BB95CA3F4B5AD84CD0D87DAE&simid=607988332100259107", 
            "hostPageUrl": "http://games.sina.com.cn/o/z/wow/2017-05-27/fyfqqyh8729293.shtml", 
            "thumbnailUrl": "https://tse1.mm.bing.net/th?id=OIP.5wThXSpjuSQxN57e3f7ZRwAAAA&pid=Api", 
            "thumbnail": {
                "width": 290, 
                "height": 298
            }, 
            "contentSize": "17692 B"
        }, 
        {
            "contentUrl": "http://img5.cache.netease.com/cnews/2014/1/7/20140107101121944dd.png", 
            "insightsMetadata": {
                "pagesIncludingCount": 4, 
                "availableSizesCount": 2
            }, 
            "height": 660, 
            "accentColor": "B01F1B", 
            "hostPageDisplayUrl": "data.163.com/13/1229/23/9HA44EAL00014MTN.html", 
            "name": "中国婴儿死亡原因调查：出生期病症最“夺命”_网易新闻", 
            "width": 1320, 
            "imageInsightsToken": "ccid_gVoJYh4k*mid_EBC90B74E1020443452FB7FF5B2E8C06E110A36E*simid_608006946471676737*thid_OIP.gVoJYh4kOH-3p54drOiOPwHaDt", 
            "imageId": "EBC90B74E1020443452FB7FF5B2E8C06E110A36E", 
            "isFamilyFriendly": true, 
            "datePublished": "2013-12-29T15:44:00.0000000Z", 
            "encodingFormat": "png", 
            "webSearchUrl": "https://www.bing.com/images/search?view=detailv2&FORM=OIIRPO&q=site%3a(thepaper.cn+or+chinadaily.com.cn+or+china.com.cn+or+chinanews.com+or+youth.cn+or+sina.com.cn+or+xinhuanet.com+or+cri.cn+or+163.com+or+cankaoxiaoxi.com+or+cctv.com+or+ifeng.com+or+qq.com+or+takungpao.com+or+people.com.cn+or+southcn.com+or+southcn.com+or+cnr.cn+or+people.com.cn+or+cyol.com+or+bjnews.com.cn+or+gmw.cn+or+dahe.cn+or+xfrb.com.cn+or+cqnews.net+or+lifeweek.com.cn+or+cpd.com.cn+or+haiwainet.cn+or+yidianzixun.com+or+ftchinese.com+or+guancha.cn+or+zhcw.com+or+huanqiu.com+or+ihuawen.com+or+nytimes.com+or+flickr.com+or+quanjing.com+or+vcg.com+or+gettyimages.co.uk+or+paixin.com)+%e6%9c%80%e8%bf%91+%e5%87%a0%e4%b8%aa+%e6%ad%bb%e4%ba%a1&id=EBC90B74E1020443452FB7FF5B2E8C06E110A36E&simid=608006946471676737", 
            "hostPageUrl": "http://data.163.com/13/1229/23/9HA44EAL00014MTN.html", 
            "thumbnailUrl": "https://tse2.mm.bing.net/th?id=OIP.gVoJYh4kOH-3p54drOiOPwHaDt&pid=Api", 
            "thumbnail": {
                "width": 474, 
                "height": 237
            }, 
            "contentSize": "113160 B"
        }, 
        {
            "contentUrl": "http://p0.ifengimg.com/pmop/2018/0211/7AD405D4CDB15C6063CB8C952DD8BD5ECBC0FB84_size85_w850_h626.jpeg", 
            "insightsMetadata": {
                "pagesIncludingCount": 2, 
                "availableSizesCount": 2
            }, 
            "height": 626, 
            "accentColor": "666666", 
            "hostPageDisplayUrl": "tech.ifeng.com/a/20180220/44882723_0.shtml", 
            "name": "揭秘：太空第一人加加林死亡之谜或与第五维外星人有关？_凤凰 ...", 
            "width": 850, 
            "imageInsightsToken": "ccid_8CAUS430*mid_BD95FE79A5432BE0FA5460F0E1979C4A2B37C65B*simid_608027360422071026*thid_OIP.8CAUS430g3NE9BUqmLsqJAHaFd", 
            "imageId": "BD95FE79A5432BE0FA5460F0E1979C4A2B37C65B", 
            "isFamilyFriendly": true, 
            "datePublished": "2018-02-20T02:10:00.0000000Z", 
            "encodingFormat": "jpeg", 
            "webSearchUrl": "https://www.bing.com/images/search?view=detailv2&FORM=OIIRPO&q=site%3a(thepaper.cn+or+chinadaily.com.cn+or+china.com.cn+or+chinanews.com+or+youth.cn+or+sina.com.cn+or+xinhuanet.com+or+cri.cn+or+163.com+or+cankaoxiaoxi.com+or+cctv.com+or+ifeng.com+or+qq.com+or+takungpao.com+or+people.com.cn+or+southcn.com+or+southcn.com+or+cnr.cn+or+people.com.cn+or+cyol.com+or+bjnews.com.cn+or+gmw.cn+or+dahe.cn+or+xfrb.com.cn+or+cqnews.net+or+lifeweek.com.cn+or+cpd.com.cn+or+haiwainet.cn+or+yidianzixun.com+or+ftchinese.com+or+guancha.cn+or+zhcw.com+or+huanqiu.com+or+ihuawen.com+or+nytimes.com+or+flickr.com+or+quanjing.com+or+vcg.com+or+gettyimages.co.uk+or+paixin.com)+%e6%9c%80%e8%bf%91+%e5%87%a0%e4%b8%aa+%e6%ad%bb%e4%ba%a1&id=BD95FE79A5432BE0FA5460F0E1979C4A2B37C65B&simid=608027360422071026", 
            "hostPageUrl": "http://tech.ifeng.com/a/20180220/44882723_0.shtml", 
            "thumbnailUrl": "https://tse1.mm.bing.net/th?id=OIP.8CAUS430g3NE9BUqmLsqJAHaFd&pid=Api", 
            "thumbnail": {
                "width": 474, 
                "height": 349
            }, 
            "contentSize": "87948 B"
        }, 
        {
            "contentUrl": "http://www.people.com.cn/mediafile/pic/20131009/57/17592338111299158337.jpg", 
            "insightsMetadata": {
                "pagesIncludingCount": 6, 
                "availableSizesCount": 5
            }, 
            "height": 364, 
            "accentColor": "5F4945", 
            "hostPageDisplayUrl": "usa.people.com.cn/n/2013/1009/c241376-23131752-4.html", 
            "name": "美国10月现异象：罕见暴风雪和冰雹肆虐(组图)【4】--美国频道 ...", 
            "width": 550, 
            "imageInsightsToken": "ccid_mYWJZGQT*mid_E5605A37350DB40E9831851BCE623A335FE2D07A*simid_608052146696096490*thid_OIP.mYWJZGQTlmMUKP5urrJfWQHaE5", 
            "imageId": "E5605A37350DB40E9831851BCE623A335FE2D07A", 
            "isFamilyFriendly": true, 
            "datePublished": "2013-10-27T09:20:00.0000000Z", 
            "encodingFormat": "jpeg", 
            "webSearchUrl": "https://www.bing.com/images/search?view=detailv2&FORM=OIIRPO&q=site%3a(thepaper.cn+or+chinadaily.com.cn+or+china.com.cn+or+chinanews.com+or+youth.cn+or+sina.com.cn+or+xinhuanet.com+or+cri.cn+or+163.com+or+cankaoxiaoxi.com+or+cctv.com+or+ifeng.com+or+qq.com+or+takungpao.com+or+people.com.cn+or+southcn.com+or+southcn.com+or+cnr.cn+or+people.com.cn+or+cyol.com+or+bjnews.com.cn+or+gmw.cn+or+dahe.cn+or+xfrb.com.cn+or+cqnews.net+or+lifeweek.com.cn+or+cpd.com.cn+or+haiwainet.cn+or+yidianzixun.com+or+ftchinese.com+or+guancha.cn+or+zhcw.com+or+huanqiu.com+or+ihuawen.com+or+nytimes.com+or+flickr.com+or+quanjing.com+or+vcg.com+or+gettyimages.co.uk+or+paixin.com)+%e6%9c%80%e8%bf%91+%e5%87%a0%e4%b8%aa+%e6%ad%bb%e4%ba%a1&id=E5605A37350DB40E9831851BCE623A335FE2D07A&simid=608052146696096490", 
            "hostPageUrl": "http://usa.people.com.cn/n/2013/1009/c241376-23131752-4.html", 
            "thumbnailUrl": "https://tse1.mm.bing.net/th?id=OIP.mYWJZGQTlmMUKP5urrJfWQHaE5&pid=Api", 
            "thumbnail": {
                "width": 474, 
                "height": 313
            }, 
            "contentSize": "69290 B"
        }, 
        {
            "contentUrl": "http://www.people.com.cn/mediafile/pic/20131009/55/6520763028791016843.jpg", 
            "insightsMetadata": {
                "pagesIncludingCount": 3, 
                "availableSizesCount": 3
            }, 
            "height": 596, 
            "accentColor": "886A44", 
            "hostPageDisplayUrl": "usa.people.com.cn/n/2013/1009/c241376-23131752-3.html", 
            "name": "美国10月现异象：罕见暴风雪和冰雹肆虐(组图)【3】--美国频道 ...", 
            "width": 534, 
            "imageInsightsToken": "ccid_ggE5X6cm*mid_30F110FFCABD397087494345EC4DEC7A1B27CA07*simid_608031230230987541*thid_OIP.ggE5X6cmbDJNxQ-9AIvQhQHaIR", 
            "imageId": "30F110FFCABD397087494345EC4DEC7A1B27CA07", 
            "isFamilyFriendly": true, 
            "datePublished": "2018-08-26T21:59:00.0000000Z", 
            "encodingFormat": "jpeg", 
            "webSearchUrl": "https://www.bing.com/images/search?view=detailv2&FORM=OIIRPO&q=site%3a(thepaper.cn+or+chinadaily.com.cn+or+china.com.cn+or+chinanews.com+or+youth.cn+or+sina.com.cn+or+xinhuanet.com+or+cri.cn+or+163.com+or+cankaoxiaoxi.com+or+cctv.com+or+ifeng.com+or+qq.com+or+takungpao.com+or+people.com.cn+or+southcn.com+or+southcn.com+or+cnr.cn+or+people.com.cn+or+cyol.com+or+bjnews.com.cn+or+gmw.cn+or+dahe.cn+or+xfrb.com.cn+or+cqnews.net+or+lifeweek.com.cn+or+cpd.com.cn+or+haiwainet.cn+or+yidianzixun.com+or+ftchinese.com+or+guancha.cn+or+zhcw.com+or+huanqiu.com+or+ihuawen.com+or+nytimes.com+or+flickr.com+or+quanjing.com+or+vcg.com+or+gettyimages.co.uk+or+paixin.com)+%e6%9c%80%e8%bf%91+%e5%87%a0%e4%b8%aa+%e6%ad%bb%e4%ba%a1&id=30F110FFCABD397087494345EC4DEC7A1B27CA07&simid=608031230230987541", 
            "hostPageUrl": "http://usa.people.com.cn/n/2013/1009/c241376-23131752-3.html", 
            "thumbnailUrl": "https://tse2.mm.bing.net/th?id=OIP.ggE5X6cmbDJNxQ-9AIvQhQHaIR&pid=Api", 
            "thumbnail": {
                "width": 474, 
                "height": 529
            }, 
            "contentSize": "65525 B"
        }, 
        {
            "contentUrl": "http://news.xinhuanet.com/fortune/2015-08/07/1116172513_14388970775661n.jpg", 
            "insightsMetadata": {
                "pagesIncludingCount": 5, 
                "availableSizesCount": 1
            }, 
            "height": 500, 
            "accentColor": "B84310", 
            "hostPageDisplayUrl": "news.xinhuanet.com/fortune/2015-08/07/c_1116172513.htm", 
            "name": "O2O发展遇尴尬：边烧钱边死亡 资本过热烧出伪需求-新华网", 
            "width": 500, 
            "imageInsightsToken": "ccid_ExMWVAZQ*mid_BD2EE5DA904FC0C4C909AAB577F4E6522CFEC663*simid_608012474153830891*thid_OIP.ExMWVAZQEJ6n5UTEIWSdMgHaHa", 
            "imageId": "BD2EE5DA904FC0C4C909AAB577F4E6522CFEC663", 
            "isFamilyFriendly": true, 
            "datePublished": "2015-08-07T12:00:00.0000000Z", 
            "encodingFormat": "jpeg", 
            "webSearchUrl": "https://www.bing.com/images/search?view=detailv2&FORM=OIIRPO&q=site%3a(thepaper.cn+or+chinadaily.com.cn+or+china.com.cn+or+chinanews.com+or+youth.cn+or+sina.com.cn+or+xinhuanet.com+or+cri.cn+or+163.com+or+cankaoxiaoxi.com+or+cctv.com+or+ifeng.com+or+qq.com+or+takungpao.com+or+people.com.cn+or+southcn.com+or+southcn.com+or+cnr.cn+or+people.com.cn+or+cyol.com+or+bjnews.com.cn+or+gmw.cn+or+dahe.cn+or+xfrb.com.cn+or+cqnews.net+or+lifeweek.com.cn+or+cpd.com.cn+or+haiwainet.cn+or+yidianzixun.com+or+ftchinese.com+or+guancha.cn+or+zhcw.com+or+huanqiu.com+or+ihuawen.com+or+nytimes.com+or+flickr.com+or+quanjing.com+or+vcg.com+or+gettyimages.co.uk+or+paixin.com)+%e6%9c%80%e8%bf%91+%e5%87%a0%e4%b8%aa+%e6%ad%bb%e4%ba%a1&id=BD2EE5DA904FC0C4C909AAB577F4E6522CFEC663&simid=608012474153830891", 
            "hostPageUrl": "http://news.xinhuanet.com/fortune/2015-08/07/c_1116172513.htm", 
            "thumbnailUrl": "https://tse1.mm.bing.net/th?id=OIP.ExMWVAZQEJ6n5UTEIWSdMgHaHa&pid=Api", 
            "thumbnail": {
                "width": 474, 
                "height": 474
            }, 
            "hostPageFavIconUrl": "https://www.bing.com/th?id=AR_6034f89765965526777239fbb6bac707&pid=Api", 
            "contentSize": "100510 B"
        }, 
        {
            "contentUrl": "http://img1.gtimg.com/gamezone/pics/hv1/196/162/2196/142836406.png", 
            "insightsMetadata": {
                "pagesIncludingCount": 2, 
                "availableSizesCount": 1
            }, 
            "height": 426, 
            "accentColor": "913C3A", 
            "hostPageDisplayUrl": "games.qq.com/a/20170324/021479.htm?qqcom_pgv_from=aio", 
            "name": "回档：死亡宣告和战队解约 假lcon短信诈骗借2000元_游戏_腾讯网", 
            "width": 640, 
            "imageInsightsToken": "ccid_yJiiyopF*mid_6B200F2127FB69DB23E40AEB0BE635D61C68FE2F*simid_608045558221833142*thid_OIP.yJiiyopFU73S0JlUl!_Ll9wHaE7", 
            "imageId": "6B200F2127FB69DB23E40AEB0BE635D61C68FE2F", 
            "isFamilyFriendly": true, 
            "datePublished": "2018-03-15T11:58:00.0000000Z", 
            "encodingFormat": "png", 
            "webSearchUrl": "https://www.bing.com/images/search?view=detailv2&FORM=OIIRPO&q=site%3a(thepaper.cn+or+chinadaily.com.cn+or+china.com.cn+or+chinanews.com+or+youth.cn+or+sina.com.cn+or+xinhuanet.com+or+cri.cn+or+163.com+or+cankaoxiaoxi.com+or+cctv.com+or+ifeng.com+or+qq.com+or+takungpao.com+or+people.com.cn+or+southcn.com+or+southcn.com+or+cnr.cn+or+people.com.cn+or+cyol.com+or+bjnews.com.cn+or+gmw.cn+or+dahe.cn+or+xfrb.com.cn+or+cqnews.net+or+lifeweek.com.cn+or+cpd.com.cn+or+haiwainet.cn+or+yidianzixun.com+or+ftchinese.com+or+guancha.cn+or+zhcw.com+or+huanqiu.com+or+ihuawen.com+or+nytimes.com+or+flickr.com+or+quanjing.com+or+vcg.com+or+gettyimages.co.uk+or+paixin.com)+%e6%9c%80%e8%bf%91+%e5%87%a0%e4%b8%aa+%e6%ad%bb%e4%ba%a1&id=6B200F2127FB69DB23E40AEB0BE635D61C68FE2F&simid=608045558221833142", 
            "hostPageUrl": "http://games.qq.com/a/20170324/021479.htm?qqcom_pgv_from=aio", 
            "thumbnailUrl": "https://tse3.mm.bing.net/th?id=OIP.yJiiyopFU73S0JlUl_Ll9wHaE7&pid=Api", 
            "thumbnail": {
                "width": 474, 
                "height": 315
            }, 
            "contentSize": "484939 B"
        }, 
        {
            "contentUrl": "http://n.sinaimg.cn/translate/174/w600h374/20180419/VhTA-fzihnep9110570.jpg", 
            "insightsMetadata": {
                "pagesIncludingCount": 13, 
                "availableSizesCount": 6
            }, 
            "height": 374, 
            "accentColor": "666666", 
            "hostPageDisplayUrl": "games.sina.com.cn/g/g/2018-04-19/fyuwqfa4498772.shtml", 
            "name": "“电竞拳皇”死亡宣告宣布复播 4月21日龙珠TV试播_八卦趣闻_新浪 ...", 
            "width": 600, 
            "imageInsightsToken": "ccid_B0obbz5Z*mid_22B810B6086BB39FFA014C00A7AFF815992ECD2F*simid_608022502865571836*thid_OIP.B0obbz5ZQsvklMP7idYJ7gHaEn", 
            "imageId": "22B810B6086BB39FFA014C00A7AFF815992ECD2F", 
            "isFamilyFriendly": true, 
            "datePublished": "2018-04-19T07:34:00.0000000Z", 
            "encodingFormat": "jpeg", 
            "webSearchUrl": "https://www.bing.com/images/search?view=detailv2&FORM=OIIRPO&q=site%3a(thepaper.cn+or+chinadaily.com.cn+or+china.com.cn+or+chinanews.com+or+youth.cn+or+sina.com.cn+or+xinhuanet.com+or+cri.cn+or+163.com+or+cankaoxiaoxi.com+or+cctv.com+or+ifeng.com+or+qq.com+or+takungpao.com+or+people.com.cn+or+southcn.com+or+southcn.com+or+cnr.cn+or+people.com.cn+or+cyol.com+or+bjnews.com.cn+or+gmw.cn+or+dahe.cn+or+xfrb.com.cn+or+cqnews.net+or+lifeweek.com.cn+or+cpd.com.cn+or+haiwainet.cn+or+yidianzixun.com+or+ftchinese.com+or+guancha.cn+or+zhcw.com+or+huanqiu.com+or+ihuawen.com+or+nytimes.com+or+flickr.com+or+quanjing.com+or+vcg.com+or+gettyimages.co.uk+or+paixin.com)+%e6%9c%80%e8%bf%91+%e5%87%a0%e4%b8%aa+%e6%ad%bb%e4%ba%a1&id=22B810B6086BB39FFA014C00A7AFF815992ECD2F&simid=608022502865571836", 
            "hostPageUrl": "http://games.sina.com.cn/g/g/2018-04-19/fyuwqfa4498772.shtml", 
            "thumbnailUrl": "https://tse2.mm.bing.net/th?id=OIP.B0obbz5ZQsvklMP7idYJ7gHaEn&pid=Api", 
            "thumbnail": {
                "width": 474, 
                "height": 295
            }, 
            "contentSize": "16546 B"
        }, 
        {
            "contentUrl": "http://img1.cache.netease.com/catchpic/8/83/83D635775DA05EE39083DA147D330DF8.jpg", 
            "insightsMetadata": {
                "pagesIncludingCount": 1, 
                "availableSizesCount": 1
            }, 
            "height": 310, 
            "accentColor": "304168", 
            "hostPageDisplayUrl": "news.163.com/14/1230/10/AEN6EDEI00014AEE.html", 
            "name": "五十只左右死猪尸体埋果园 用来当肥料不可取(组图)_网易新闻", 
            "width": 550, 
            "imageInsightsToken": "ccid_R5+f44BK*mid_C7A6823FC254BA728F10EAB14577EAE3857EB928*simid_608023920200322784*thid_OIP.R5-f44BK2eCrPbpaQHgUtAHaEL", 
            "imageId": "C7A6823FC254BA728F10EAB14577EAE3857EB928", 
            "isFamilyFriendly": true, 
            "datePublished": "2014-12-30T03:08:00.0000000Z", 
            "encodingFormat": "jpeg", 
            "webSearchUrl": "https://www.bing.com/images/search?view=detailv2&FORM=OIIRPO&q=site%3a(thepaper.cn+or+chinadaily.com.cn+or+china.com.cn+or+chinanews.com+or+youth.cn+or+sina.com.cn+or+xinhuanet.com+or+cri.cn+or+163.com+or+cankaoxiaoxi.com+or+cctv.com+or+ifeng.com+or+qq.com+or+takungpao.com+or+people.com.cn+or+southcn.com+or+southcn.com+or+cnr.cn+or+people.com.cn+or+cyol.com+or+bjnews.com.cn+or+gmw.cn+or+dahe.cn+or+xfrb.com.cn+or+cqnews.net+or+lifeweek.com.cn+or+cpd.com.cn+or+haiwainet.cn+or+yidianzixun.com+or+ftchinese.com+or+guancha.cn+or+zhcw.com+or+huanqiu.com+or+ihuawen.com+or+nytimes.com+or+flickr.com+or+quanjing.com+or+vcg.com+or+gettyimages.co.uk+or+paixin.com)+%e6%9c%80%e8%bf%91+%e5%87%a0%e4%b8%aa+%e6%ad%bb%e4%ba%a1&id=C7A6823FC254BA728F10EAB14577EAE3857EB928&simid=608023920200322784", 
            "hostPageUrl": "http://news.163.com/14/1230/10/AEN6EDEI00014AEE.html", 
            "thumbnailUrl": "https://tse1.mm.bing.net/th?id=OIP.R5-f44BK2eCrPbpaQHgUtAHaEL&pid=Api", 
            "thumbnail": {
                "width": 474, 
                "height": 267
            }, 
            "contentSize": "53062 B"
        }, 
        {
            "contentUrl": "http://img1.gtimg.com/jiangsu/pics/hv1/17/131/2154/140097272.jpg", 
            "insightsMetadata": {
                "pagesIncludingCount": 1, 
                "availableSizesCount": 1
            }, 
            "height": 854, 
            "accentColor": "9F6C2D", 
            "hostPageDisplayUrl": "js.qq.com/a/20161114/005005.htm", 
            "name": "扬州一低保户被发现死在家中 死前数月未领低保_大苏网_腾讯网", 
            "width": 640, 
            "imageInsightsToken": "ccid_CTIFUxF+*mid_B4EC4075DF86C5E56FCC290C9F0670813486A03B*simid_608006491199570715*thid_OIP.CTIFUxF-K05oNlkXCQx48AHaJ4", 
            "imageId": "B4EC4075DF86C5E56FCC290C9F0670813486A03B", 
            "isFamilyFriendly": true, 
            "datePublished": "2016-12-09T12:59:00.0000000Z", 
            "encodingFormat": "jpeg", 
            "webSearchUrl": "https://www.bing.com/images/search?view=detailv2&FORM=OIIRPO&q=site%3a(thepaper.cn+or+chinadaily.com.cn+or+china.com.cn+or+chinanews.com+or+youth.cn+or+sina.com.cn+or+xinhuanet.com+or+cri.cn+or+163.com+or+cankaoxiaoxi.com+or+cctv.com+or+ifeng.com+or+qq.com+or+takungpao.com+or+people.com.cn+or+southcn.com+or+southcn.com+or+cnr.cn+or+people.com.cn+or+cyol.com+or+bjnews.com.cn+or+gmw.cn+or+dahe.cn+or+xfrb.com.cn+or+cqnews.net+or+lifeweek.com.cn+or+cpd.com.cn+or+haiwainet.cn+or+yidianzixun.com+or+ftchinese.com+or+guancha.cn+or+zhcw.com+or+huanqiu.com+or+ihuawen.com+or+nytimes.com+or+flickr.com+or+quanjing.com+or+vcg.com+or+gettyimages.co.uk+or+paixin.com)+%e6%9c%80%e8%bf%91+%e5%87%a0%e4%b8%aa+%e6%ad%bb%e4%ba%a1&id=B4EC4075DF86C5E56FCC290C9F0670813486A03B&simid=608006491199570715", 
            "hostPageUrl": "http://js.qq.com/a/20161114/005005.htm", 
            "thumbnailUrl": "https://tse1.mm.bing.net/th?id=OIP.CTIFUxF-K05oNlkXCQx48AHaJ4&pid=Api", 
            "thumbnail": {
                "width": 474, 
                "height": 632
            }, 
            "contentSize": "35946 B"
        }
    ], 
    "nextOffset": 11, 
    "queryContext": {
        "alterationMethod": "AM_JustChangeIt", 
        "alterationType": "CombinedAlterationsChained", 
        "originalQuery": "site:(thepaper.cn or chinadaily.com.cn or china.com.cn or chinanews.com or youth.cn or sina.com.cn or xinhuanet.com or cri.cn or 163.com or cankaoxiaoxi.com or cctv.com or ifeng.com or qq.com or takungpao.com or people.com.cn or southcn.com or southcn.com or cnr.cn or people.com.cn or cyol.com or bjnews.com.cn or gmw.cn or dahe.cn or xfrb.com.cn or cqnews.net or lifeweek.com.cn or cpd.com.cn or haiwainet.cn or yidianzixun.com or ftchinese.com or guancha.cn or zhcw.com or huanqiu.com or ihuawen.com or nytimes.com or flickr.com or quanjing.com or vcg.com or gettyimages.co.uk or paixin.com) 最近 几个 死亡", 
        "alterationOverrideQuery": "+site:(thepaper.cn or chinadaily.com.cn or china.com.cn or chinanews.com or youth.cn or sina.com.cn or xinhuanet.com or cri.cn or 163.com or cankaoxiaoxi.com or cctv.com or ifeng.com or qq.com or takungpao.com or people.com.cn or southcn.com or southcn.com or cnr.cn or people.com.cn or cyol.com or bjnews.com.cn or gmw.cn or dahe.cn or xfrb.com.cn or cqnews.net or lifeweek.com.cn or cpd.com.cn or haiwainet.cn or yidianzixun.com or ftchinese.com or guancha.cn or zhcw.com or huanqiu.com or ihuawen.com or nytimes.com or flickr.com or quanjing.com or vcg.com or gettyimages.co.uk or paixin.com) 最近 几个 死亡", 
        "alterationDisplayQuery": "最近 几个 死亡"
    }, 
    "currentOffset": 0, 
    "readLink": "images/search?q=site:(thepaper.cn or chinadaily.com.cn or china.com.cn or chinanews.com or youth.cn or sina.com.cn or xinhuanet.com or cri.cn or 163.com or cankaoxiaoxi.com or cctv.com or ifeng.com or qq.com or takungpao.com or people.com.cn or southcn.com or southcn.com or cnr.cn or people.com.cn or cyol.com or bjnews.com.cn or gmw.cn or dahe.cn or xfrb.com.cn or cqnews.net or lifeweek.com.cn or cpd.com.cn or haiwainet.cn or yidianzixun.com or ftchinese.com or guancha.cn or zhcw.com or huanqiu.com or ihuawen.com or nytimes.com or flickr.com or quanjing.com or vcg.com or gettyimages.co.uk or paixin.com) 最近 几个 死亡", 
    "totalEstimatedMatches": 100
}