{
    "instrumentation": {
        "_type": "ResponseInstrumentation"
    }, 
    "_type": "Images", 
    "webSearchUrl": "https://www.bing.com/images/search?q=site:(thepaper.cn or chinadaily.com.cn or china.com.cn or chinanews.com or youth.cn or sina.com.cn or xinhuanet.com or cri.cn or 163.com or cankaoxiaoxi.com or cctv.com or ifeng.com or qq.com or takungpao.com or people.com.cn or southcn.com or southcn.com or cnr.cn or people.com.cn or cyol.com or bjnews.com.cn or gmw.cn or dahe.cn or xfrb.com.cn or cqnews.net or lifeweek.com.cn or cpd.com.cn or haiwainet.cn or yidianzixun.com or ftchinese.com or guancha.cn or zhcw.com or huanqiu.com or ihuawen.com or nytimes.com or flickr.com or quanjing.com or vcg.com or gettyimages.co.uk or paixin.com) 罗斯 说 相信 治疗 方法&FORM=OIIARP", 
    "value": [
        {
            "contentUrl": "http://n.sinaimg.cn/translate/20171119/MC7S-fynwxum5808217.jpg", 
            "insightsMetadata": {
                "pagesIncludingCount": 73, 
                "availableSizesCount": 38
            }, 
            "height": 441, 
            "accentColor": "8B6540", 
            "hostPageDisplayUrl": "news.sina.com.cn/o/2017-11-19/doc-ifynwxum5808348.shtml", 
            "name": "世界首例！人类换头手术在中国成功！能永生吗？看哈医大教授 ...", 
            "width": 634, 
            "imageInsightsToken": "ccid_IFSNWnTa*mid_B048EF499AE974BC3C67E404461B9D7B847F4986*simid_608028159297392376*thid_OIP.IFSNWnTalap6HVpuZKgmvQHaFJ", 
            "imageId": "B048EF499AE974BC3C67E404461B9D7B847F4986", 
            "isFamilyFriendly": true, 
            "datePublished": "2017-11-19T10:49:00.0000000Z", 
            "encodingFormat": "jpeg", 
            "webSearchUrl": "https://www.bing.com/images/search?view=detailv2&FORM=OIIRPO&q=site%3a(thepaper.cn+or+chinadaily.com.cn+or+china.com.cn+or+chinanews.com+or+youth.cn+or+sina.com.cn+or+xinhuanet.com+or+cri.cn+or+163.com+or+cankaoxiaoxi.com+or+cctv.com+or+ifeng.com+or+qq.com+or+takungpao.com+or+people.com.cn+or+southcn.com+or+southcn.com+or+cnr.cn+or+people.com.cn+or+cyol.com+or+bjnews.com.cn+or+gmw.cn+or+dahe.cn+or+xfrb.com.cn+or+cqnews.net+or+lifeweek.com.cn+or+cpd.com.cn+or+haiwainet.cn+or+yidianzixun.com+or+ftchinese.com+or+guancha.cn+or+zhcw.com+or+huanqiu.com+or+ihuawen.com+or+nytimes.com+or+flickr.com+or+quanjing.com+or+vcg.com+or+gettyimages.co.uk+or+paixin.com)+%e7%bd%97%e6%96%af+%e8%af%b4+%e7%9b%b8%e4%bf%a1+%e6%b2%bb%e7%96%97+%e6%96%b9%e6%b3%95&id=B048EF499AE974BC3C67E404461B9D7B847F4986&simid=608028159297392376", 
            "hostPageUrl": "http://news.sina.com.cn/o/2017-11-19/doc-ifynwxum5808348.shtml", 
            "thumbnailUrl": "https://tse2.mm.bing.net/th?id=OIP.IFSNWnTalap6HVpuZKgmvQHaFJ&pid=Api", 
            "thumbnail": {
                "width": 474, 
                "height": 329
            }, 
            "contentSize": "37076 B"
        }, 
        {
            "contentUrl": "http://n.sinaimg.cn/translate/20171120/IN6o-fynwnwt7707679.jpg", 
            "insightsMetadata": {
                "pagesIncludingCount": 1, 
                "availableSizesCount": 1
            }, 
            "height": 307, 
            "accentColor": "64606C", 
            "hostPageDisplayUrl": "games.sina.com.cn/g/g/2017-11-20/fynwxum6741933.shtml", 
            "name": "人类换头成真？头颅移植手术成功 即将用于活人实验_八卦趣闻 ...", 
            "width": 584, 
            "imageInsightsToken": "ccid_itdy5/EV*mid_0802C23B2EF244968C5757550850812716B9BEE0*simid_608029490720473538*thid_OIP.itdy5!_EV1DQcOwhktzAbpwHaD5", 
            "imageId": "0802C23B2EF244968C5757550850812716B9BEE0", 
            "isFamilyFriendly": true, 
            "datePublished": "2017-11-20T06:20:00.0000000Z", 
            "encodingFormat": "jpeg", 
            "webSearchUrl": "https://www.bing.com/images/search?view=detailv2&FORM=OIIRPO&q=site%3a(thepaper.cn+or+chinadaily.com.cn+or+china.com.cn+or+chinanews.com+or+youth.cn+or+sina.com.cn+or+xinhuanet.com+or+cri.cn+or+163.com+or+cankaoxiaoxi.com+or+cctv.com+or+ifeng.com+or+qq.com+or+takungpao.com+or+people.com.cn+or+southcn.com+or+southcn.com+or+cnr.cn+or+people.com.cn+or+cyol.com+or+bjnews.com.cn+or+gmw.cn+or+dahe.cn+or+xfrb.com.cn+or+cqnews.net+or+lifeweek.com.cn+or+cpd.com.cn+or+haiwainet.cn+or+yidianzixun.com+or+ftchinese.com+or+guancha.cn+or+zhcw.com+or+huanqiu.com+or+ihuawen.com+or+nytimes.com+or+flickr.com+or+quanjing.com+or+vcg.com+or+gettyimages.co.uk+or+paixin.com)+%e7%bd%97%e6%96%af+%e8%af%b4+%e7%9b%b8%e4%bf%a1+%e6%b2%bb%e7%96%97+%e6%96%b9%e6%b3%95&id=0802C23B2EF244968C5757550850812716B9BEE0&simid=608029490720473538", 
            "hostPageUrl": "http://games.sina.com.cn/g/g/2017-11-20/fynwxum6741933.shtml", 
            "thumbnailUrl": "https://tse4.mm.bing.net/th?id=OIP.itdy5_EV1DQcOwhktzAbpwHaD5&pid=Api", 
            "thumbnail": {
                "width": 474, 
                "height": 249
            }, 
            "contentSize": "29864 B"
        }, 
        {
            "contentUrl": "https://img1.gtimg.com/ninja/1/2017/07/ninja149938725529726.jpg", 
            "insightsMetadata": {
                "pagesIncludingCount": 2, 
                "availableSizesCount": 1
            }, 
            "height": 340, 
            "accentColor": "A67B25", 
            "hostPageDisplayUrl": "https://sports.qq.com/original/common/messiwedding.html", 
            "name": "【大人物】梅西：出走半世 仍是少年归_NBA_腾讯体育_腾讯网", 
            "width": 604, 
            "imageInsightsToken": "ccid_rMNNe0JB*mid_379776E96051F22576D8E793DDC4FD48FF096CB3*simid_608024667521944185*thid_OIP.rMNNe0JBvKLDDcjlTZswDQHaEK", 
            "imageId": "379776E96051F22576D8E793DDC4FD48FF096CB3", 
            "isFamilyFriendly": true, 
            "datePublished": "2018-07-21T22:48:00.0000000Z", 
            "encodingFormat": "jpeg", 
            "webSearchUrl": "https://www.bing.com/images/search?view=detailv2&FORM=OIIRPO&q=site%3a(thepaper.cn+or+chinadaily.com.cn+or+china.com.cn+or+chinanews.com+or+youth.cn+or+sina.com.cn+or+xinhuanet.com+or+cri.cn+or+163.com+or+cankaoxiaoxi.com+or+cctv.com+or+ifeng.com+or+qq.com+or+takungpao.com+or+people.com.cn+or+southcn.com+or+southcn.com+or+cnr.cn+or+people.com.cn+or+cyol.com+or+bjnews.com.cn+or+gmw.cn+or+dahe.cn+or+xfrb.com.cn+or+cqnews.net+or+lifeweek.com.cn+or+cpd.com.cn+or+haiwainet.cn+or+yidianzixun.com+or+ftchinese.com+or+guancha.cn+or+zhcw.com+or+huanqiu.com+or+ihuawen.com+or+nytimes.com+or+flickr.com+or+quanjing.com+or+vcg.com+or+gettyimages.co.uk+or+paixin.com)+%e7%bd%97%e6%96%af+%e8%af%b4+%e7%9b%b8%e4%bf%a1+%e6%b2%bb%e7%96%97+%e6%96%b9%e6%b3%95&id=379776E96051F22576D8E793DDC4FD48FF096CB3&simid=608024667521944185", 
            "hostPageUrl": "https://sports.qq.com/original/common/messiwedding.html", 
            "thumbnailUrl": "https://tse1.mm.bing.net/th?id=OIP.rMNNe0JBvKLDDcjlTZswDQHaEK&pid=Api", 
            "thumbnail": {
                "width": 474, 
                "height": 266
            }, 
            "contentSize": "60433 B"
        }, 
        {
            "contentUrl": "http://img1.gtimg.com/auto/pics/hv1/103/209/2222/144538948.png", 
            "insightsMetadata": {
                "pagesIncludingCount": 7, 
                "availableSizesCount": 4
            }, 
            "height": 391, 
            "accentColor": "4E5F60", 
            "hostPageDisplayUrl": "auto.qq.com/a/20170707/034999.htm", 
            "name": "“黑”进人类大脑这件事，除了马斯克，还有10家公司在做_汽车 ...", 
            "width": 632, 
            "imageInsightsToken": "ccid_G54010jT*mid_EAB52929C376530CE9E1DAD54A72AF48521EAFD7*simid_608034872347526560*thid_OIP.G54010jThrmFs-ktXFCkiQE9DE", 
            "imageId": "EAB52929C376530CE9E1DAD54A72AF48521EAFD7", 
            "isFamilyFriendly": true, 
            "datePublished": "2017-07-07T07:07:00.0000000Z", 
            "encodingFormat": "png", 
            "webSearchUrl": "https://www.bing.com/images/search?view=detailv2&FORM=OIIRPO&q=site%3a(thepaper.cn+or+chinadaily.com.cn+or+china.com.cn+or+chinanews.com+or+youth.cn+or+sina.com.cn+or+xinhuanet.com+or+cri.cn+or+163.com+or+cankaoxiaoxi.com+or+cctv.com+or+ifeng.com+or+qq.com+or+takungpao.com+or+people.com.cn+or+southcn.com+or+southcn.com+or+cnr.cn+or+people.com.cn+or+cyol.com+or+bjnews.com.cn+or+gmw.cn+or+dahe.cn+or+xfrb.com.cn+or+cqnews.net+or+lifeweek.com.cn+or+cpd.com.cn+or+haiwainet.cn+or+yidianzixun.com+or+ftchinese.com+or+guancha.cn+or+zhcw.com+or+huanqiu.com+or+ihuawen.com+or+nytimes.com+or+flickr.com+or+quanjing.com+or+vcg.com+or+gettyimages.co.uk+or+paixin.com)+%e7%bd%97%e6%96%af+%e8%af%b4+%e7%9b%b8%e4%bf%a1+%e6%b2%bb%e7%96%97+%e6%96%b9%e6%b3%95&id=EAB52929C376530CE9E1DAD54A72AF48521EAFD7&simid=608034872347526560", 
            "hostPageUrl": "http://auto.qq.com/a/20170707/034999.htm", 
            "thumbnailUrl": "https://tse3.mm.bing.net/th?id=OIP.G54010jThrmFs-ktXFCkiQE9DE&pid=Api", 
            "thumbnail": {
                "width": 317, 
                "height": 196
            }, 
            "contentSize": "180384 B"
        }, 
        {
            "contentUrl": "http://y0.ifengimg.com/cmpp/2015/07/04/02/11f636d4-0711-482e-a105-fd4c0be2af8d_size84_w400_h575.jpg", 
            "insightsMetadata": {
                "pagesIncludingCount": 2, 
                "availableSizesCount": 1
            }, 
            "height": 575, 
            "accentColor": "8A7B42", 
            "hostPageDisplayUrl": "finance.ifeng.com/a/20150704/13817789_0.shtml", 
            "name": "亚隆的拯救：面对来自死亡的焦虑和启迪|医生|癌症_凤凰财经", 
            "width": 400, 
            "imageInsightsToken": "ccid_92MtkGey*mid_2F115B37191C1E5742254F0C0304622EF5ECF9AF*simid_608038304030392783*thid_OIP.92MtkGeyKuZwOburZF0yfQAAAA", 
            "imageId": "2F115B37191C1E5742254F0C0304622EF5ECF9AF", 
            "isFamilyFriendly": true, 
            "datePublished": "2018-05-26T13:54:00.0000000Z", 
            "encodingFormat": "jpeg", 
            "webSearchUrl": "https://www.bing.com/images/search?view=detailv2&FORM=OIIRPO&q=site%3a(thepaper.cn+or+chinadaily.com.cn+or+china.com.cn+or+chinanews.com+or+youth.cn+or+sina.com.cn+or+xinhuanet.com+or+cri.cn+or+163.com+or+cankaoxiaoxi.com+or+cctv.com+or+ifeng.com+or+qq.com+or+takungpao.com+or+people.com.cn+or+southcn.com+or+southcn.com+or+cnr.cn+or+people.com.cn+or+cyol.com+or+bjnews.com.cn+or+gmw.cn+or+dahe.cn+or+xfrb.com.cn+or+cqnews.net+or+lifeweek.com.cn+or+cpd.com.cn+or+haiwainet.cn+or+yidianzixun.com+or+ftchinese.com+or+guancha.cn+or+zhcw.com+or+huanqiu.com+or+ihuawen.com+or+nytimes.com+or+flickr.com+or+quanjing.com+or+vcg.com+or+gettyimages.co.uk+or+paixin.com)+%e7%bd%97%e6%96%af+%e8%af%b4+%e7%9b%b8%e4%bf%a1+%e6%b2%bb%e7%96%97+%e6%96%b9%e6%b3%95&id=2F115B37191C1E5742254F0C0304622EF5ECF9AF&simid=608038304030392783", 
            "hostPageUrl": "http://finance.ifeng.com/a/20150704/13817789_0.shtml", 
            "thumbnailUrl": "https://tse2.mm.bing.net/th?id=OIP.92MtkGeyKuZwOburZF0yfQAAAA&pid=Api", 
            "thumbnail": {
                "width": 400, 
                "height": 575
            }, 
            "contentSize": "86869 B"
        }, 
        {
            "contentUrl": "http://y3.ifengimg.com/cmpp/2015/07/04/02/52f036a0-d1c0-4495-bccc-7b0be0ac08c2_size138_w400_h568.jpg", 
            "insightsMetadata": {
                "pagesIncludingCount": 5, 
                "availableSizesCount": 5
            }, 
            "height": 568, 
            "accentColor": "B28E19", 
            "hostPageDisplayUrl": "finance.ifeng.com/a/20150704/13817789_0.shtml", 
            "name": "亚隆的拯救：面对来自死亡的焦虑和启迪|医生|癌症_凤凰财经", 
            "width": 400, 
            "imageInsightsToken": "ccid_Q/gVSlrZ*mid_2F115B37191C1E5742256EFAED5E22E34247429C*simid_608008823408430592*thid_OIP.Q!_gVSlrZBkCG9slZThjhSQAAAA", 
            "imageId": "2F115B37191C1E5742256EFAED5E22E34247429C", 
            "isFamilyFriendly": true, 
            "datePublished": "2018-05-26T13:54:00.0000000Z", 
            "encodingFormat": "jpeg", 
            "webSearchUrl": "https://www.bing.com/images/search?view=detailv2&FORM=OIIRPO&q=site%3a(thepaper.cn+or+chinadaily.com.cn+or+china.com.cn+or+chinanews.com+or+youth.cn+or+sina.com.cn+or+xinhuanet.com+or+cri.cn+or+163.com+or+cankaoxiaoxi.com+or+cctv.com+or+ifeng.com+or+qq.com+or+takungpao.com+or+people.com.cn+or+southcn.com+or+southcn.com+or+cnr.cn+or+people.com.cn+or+cyol.com+or+bjnews.com.cn+or+gmw.cn+or+dahe.cn+or+xfrb.com.cn+or+cqnews.net+or+lifeweek.com.cn+or+cpd.com.cn+or+haiwainet.cn+or+yidianzixun.com+or+ftchinese.com+or+guancha.cn+or+zhcw.com+or+huanqiu.com+or+ihuawen.com+or+nytimes.com+or+flickr.com+or+quanjing.com+or+vcg.com+or+gettyimages.co.uk+or+paixin.com)+%e7%bd%97%e6%96%af+%e8%af%b4+%e7%9b%b8%e4%bf%a1+%e6%b2%bb%e7%96%97+%e6%96%b9%e6%b3%95&id=2F115B37191C1E5742256EFAED5E22E34247429C&simid=608008823408430592", 
            "hostPageUrl": "http://finance.ifeng.com/a/20150704/13817789_0.shtml", 
            "thumbnailUrl": "https://tse4.mm.bing.net/th?id=OIP.Q_gVSlrZBkCG9slZThjhSQAAAA&pid=Api", 
            "thumbnail": {
                "width": 400, 
                "height": 568
            }, 
            "contentSize": "141948 B"
        }, 
        {
            "contentUrl": "http://inews.gtimg.com/newsapp_match/0/3909793281/0", 
            "insightsMetadata": {
                "pagesIncludingCount": 1, 
                "availableSizesCount": 1
            }, 
            "height": 1034, 
            "accentColor": "202020", 
            "hostPageDisplayUrl": "https://kuaibao.qq.com/s/20180609A0P6W100?refer=spider", 
            "name": "文斯莫克霸气抵抗大妈，海贼王870话：卡彭找到逃跑方法-天天快报", 
            "width": 746, 
            "imageInsightsToken": "ccid_o6S73nle*mid_917C19E072B0153B7135571E743972C9D14A2724*simid_608025054067887541*thid_OIP.o6S73nle1D-bq0r7uROqUwHaKQ", 
            "imageId": "917C19E072B0153B7135571E743972C9D14A2724", 
            "isFamilyFriendly": true, 
            "datePublished": "2019-03-03T03:55:00.0000000Z", 
            "encodingFormat": "jpeg", 
            "webSearchUrl": "https://www.bing.com/images/search?view=detailv2&FORM=OIIRPO&q=site%3a(thepaper.cn+or+chinadaily.com.cn+or+china.com.cn+or+chinanews.com+or+youth.cn+or+sina.com.cn+or+xinhuanet.com+or+cri.cn+or+163.com+or+cankaoxiaoxi.com+or+cctv.com+or+ifeng.com+or+qq.com+or+takungpao.com+or+people.com.cn+or+southcn.com+or+southcn.com+or+cnr.cn+or+people.com.cn+or+cyol.com+or+bjnews.com.cn+or+gmw.cn+or+dahe.cn+or+xfrb.com.cn+or+cqnews.net+or+lifeweek.com.cn+or+cpd.com.cn+or+haiwainet.cn+or+yidianzixun.com+or+ftchinese.com+or+guancha.cn+or+zhcw.com+or+huanqiu.com+or+ihuawen.com+or+nytimes.com+or+flickr.com+or+quanjing.com+or+vcg.com+or+gettyimages.co.uk+or+paixin.com)+%e7%bd%97%e6%96%af+%e8%af%b4+%e7%9b%b8%e4%bf%a1+%e6%b2%bb%e7%96%97+%e6%96%b9%e6%b3%95&id=917C19E072B0153B7135571E743972C9D14A2724&simid=608025054067887541", 
            "hostPageUrl": "https://kuaibao.qq.com/s/20180609A0P6W100?refer=spider", 
            "thumbnailUrl": "https://tse4.mm.bing.net/th?id=OIP.o6S73nle1D-bq0r7uROqUwHaKQ&pid=Api", 
            "thumbnail": {
                "width": 474, 
                "height": 656
            }, 
            "contentSize": "210945 B"
        }, 
        {
            "contentUrl": "http://s10.sinaimg.cn/mw690/004lF7Jfzy7hKKxJ3xT29&690", 
            "insightsMetadata": {
                "pagesIncludingCount": 1, 
                "availableSizesCount": 1
            }, 
            "height": 1000, 
            "accentColor": "587373", 
            "hostPageDisplayUrl": "blog.sina.com.cn/tastycg", 
            "name": "TastyCG_新浪博客", 
            "width": 660, 
            "imageInsightsToken": "ccid_TJxqbV7E*mid_17B22B284CE357750B974FC875F805ED8E86A14F*simid_608000353693663726*thid_OIP.TJxqbV7EfLuMS8qf3sANDAHaLO", 
            "imageId": "17B22B284CE357750B974FC875F805ED8E86A14F", 
            "isFamilyFriendly": true, 
            "datePublished": "2018-10-25T00:09:00.0000000Z", 
            "encodingFormat": "jpeg", 
            "webSearchUrl": "https://www.bing.com/images/search?view=detailv2&FORM=OIIRPO&q=site%3a(thepaper.cn+or+chinadaily.com.cn+or+china.com.cn+or+chinanews.com+or+youth.cn+or+sina.com.cn+or+xinhuanet.com+or+cri.cn+or+163.com+or+cankaoxiaoxi.com+or+cctv.com+or+ifeng.com+or+qq.com+or+takungpao.com+or+people.com.cn+or+southcn.com+or+southcn.com+or+cnr.cn+or+people.com.cn+or+cyol.com+or+bjnews.com.cn+or+gmw.cn+or+dahe.cn+or+xfrb.com.cn+or+cqnews.net+or+lifeweek.com.cn+or+cpd.com.cn+or+haiwainet.cn+or+yidianzixun.com+or+ftchinese.com+or+guancha.cn+or+zhcw.com+or+huanqiu.com+or+ihuawen.com+or+nytimes.com+or+flickr.com+or+quanjing.com+or+vcg.com+or+gettyimages.co.uk+or+paixin.com)+%e7%bd%97%e6%96%af+%e8%af%b4+%e7%9b%b8%e4%bf%a1+%e6%b2%bb%e7%96%97+%e6%96%b9%e6%b3%95&id=17B22B284CE357750B974FC875F805ED8E86A14F&simid=608000353693663726", 
            "hostPageUrl": "http://blog.sina.com.cn/tastycg", 
            "thumbnailUrl": "https://tse2.mm.bing.net/th?id=OIP.TJxqbV7EfLuMS8qf3sANDAHaLO&pid=Api", 
            "thumbnail": {
                "width": 474, 
                "height": 718
            }, 
            "contentSize": "364499 B"
        }, 
        {
            "contentUrl": "http://img2.cache.netease.com/lady/2015/2/5/20150205171700d776e.jpg", 
            "insightsMetadata": {
                "pagesIncludingCount": 1, 
                "availableSizesCount": 1
            }, 
            "height": 301, 
            "accentColor": "8E6C3D", 
            "hostPageDisplayUrl": "lady.163.com/15/0205/17/AHN4U8DP00264MHN.html", 
            "name": "10大古怪美容方法 泥土鸟粪敷脸敢用吗？_网易女人", 
            "width": 450, 
            "imageInsightsToken": "ccid_NfIPvkDK*mid_0A5974672AE523FDD63512CF6977EC21A0E52892*simid_608002196237781487*thid_OIP.0LCI4Gd1IltTzjhvaITLyQAAAA", 
            "imageId": "0A5974672AE523FDD63512CF6977EC21A0E52892", 
            "isFamilyFriendly": true, 
            "datePublished": "2015-02-05T20:49:00.0000000Z", 
            "encodingFormat": "jpeg", 
            "webSearchUrl": "https://www.bing.com/images/search?view=detailv2&FORM=OIIRPO&q=site%3a(thepaper.cn+or+chinadaily.com.cn+or+china.com.cn+or+chinanews.com+or+youth.cn+or+sina.com.cn+or+xinhuanet.com+or+cri.cn+or+163.com+or+cankaoxiaoxi.com+or+cctv.com+or+ifeng.com+or+qq.com+or+takungpao.com+or+people.com.cn+or+southcn.com+or+southcn.com+or+cnr.cn+or+people.com.cn+or+cyol.com+or+bjnews.com.cn+or+gmw.cn+or+dahe.cn+or+xfrb.com.cn+or+cqnews.net+or+lifeweek.com.cn+or+cpd.com.cn+or+haiwainet.cn+or+yidianzixun.com+or+ftchinese.com+or+guancha.cn+or+zhcw.com+or+huanqiu.com+or+ihuawen.com+or+nytimes.com+or+flickr.com+or+quanjing.com+or+vcg.com+or+gettyimages.co.uk+or+paixin.com)+%e7%bd%97%e6%96%af+%e8%af%b4+%e7%9b%b8%e4%bf%a1+%e6%b2%bb%e7%96%97+%e6%96%b9%e6%b3%95&id=0A5974672AE523FDD63512CF6977EC21A0E52892&simid=608002196237781487", 
            "hostPageUrl": "http://lady.163.com/15/0205/17/AHN4U8DP00264MHN.html", 
            "thumbnailUrl": "https://tse2.mm.bing.net/th?id=OIP.0LCI4Gd1IltTzjhvaITLyQAAAA&pid=Api", 
            "thumbnail": {
                "width": 450, 
                "height": 301
            }, 
            "contentSize": "33253 B"
        }, 
        {
            "contentUrl": "http://img5.cache.netease.com/house/2014/7/21/2014072110392944908.jpg", 
            "insightsMetadata": {
                "pagesIncludingCount": 1, 
                "availableSizesCount": 1
            }, 
            "height": 366, 
            "accentColor": "9E2D2D", 
            "hostPageDisplayUrl": "henan.163.com/14/0721/10/A1M19FOQ02270HHR.html", 
            "name": "防癌险登陆河南 发布会现场销售火爆 - 网易河南", 
            "width": 550, 
            "imageInsightsToken": "ccid_SzE2USNY*mid_CB6041360327CD278BB26674A3801F9BBCE919DB*simid_608051742992958061*thid_OIP.SzE2USNYt3WAZ8vBC6DvjwHaE7", 
            "imageId": "CB6041360327CD278BB26674A3801F9BBCE919DB", 
            "isFamilyFriendly": true, 
            "datePublished": "2014-09-13T01:47:00.0000000Z", 
            "encodingFormat": "jpeg", 
            "webSearchUrl": "https://www.bing.com/images/search?view=detailv2&FORM=OIIRPO&q=site%3a(thepaper.cn+or+chinadaily.com.cn+or+china.com.cn+or+chinanews.com+or+youth.cn+or+sina.com.cn+or+xinhuanet.com+or+cri.cn+or+163.com+or+cankaoxiaoxi.com+or+cctv.com+or+ifeng.com+or+qq.com+or+takungpao.com+or+people.com.cn+or+southcn.com+or+southcn.com+or+cnr.cn+or+people.com.cn+or+cyol.com+or+bjnews.com.cn+or+gmw.cn+or+dahe.cn+or+xfrb.com.cn+or+cqnews.net+or+lifeweek.com.cn+or+cpd.com.cn+or+haiwainet.cn+or+yidianzixun.com+or+ftchinese.com+or+guancha.cn+or+zhcw.com+or+huanqiu.com+or+ihuawen.com+or+nytimes.com+or+flickr.com+or+quanjing.com+or+vcg.com+or+gettyimages.co.uk+or+paixin.com)+%e7%bd%97%e6%96%af+%e8%af%b4+%e7%9b%b8%e4%bf%a1+%e6%b2%bb%e7%96%97+%e6%96%b9%e6%b3%95&id=CB6041360327CD278BB26674A3801F9BBCE919DB&simid=608051742992958061", 
            "hostPageUrl": "http://henan.163.com/14/0721/10/A1M19FOQ02270HHR.html", 
            "thumbnailUrl": "https://tse4.mm.bing.net/th?id=OIP.SzE2USNYt3WAZ8vBC6DvjwHaE7&pid=Api", 
            "thumbnail": {
                "width": 474, 
                "height": 315
            }, 
            "contentSize": "53305 B"
        }
    ], 
    "nextOffset": 35, 
    "queryContext": {
        "alterationMethod": "AM_JustChangeIt", 
        "alterationType": "CombinedAlterations", 
        "originalQuery": "site:(thepaper.cn or chinadaily.com.cn or china.com.cn or chinanews.com or youth.cn or sina.com.cn or xinhuanet.com or cri.cn or 163.com or cankaoxiaoxi.com or cctv.com or ifeng.com or qq.com or takungpao.com or people.com.cn or southcn.com or southcn.com or cnr.cn or people.com.cn or cyol.com or bjnews.com.cn or gmw.cn or dahe.cn or xfrb.com.cn or cqnews.net or lifeweek.com.cn or cpd.com.cn or haiwainet.cn or yidianzixun.com or ftchinese.com or guancha.cn or zhcw.com or huanqiu.com or ihuawen.com or nytimes.com or flickr.com or quanjing.com or vcg.com or gettyimages.co.uk or paixin.com) 罗斯 说 相信 治疗 方法", 
        "alterationOverrideQuery": "+site:(thepaper.cn or chinadaily.com.cn or china.com.cn or chinanews.com or youth.cn or sina.com.cn or xinhuanet.com or cri.cn or 163.com or cankaoxiaoxi.com or cctv.com or ifeng.com or qq.com or takungpao.com or people.com.cn or southcn.com or southcn.com or cnr.cn or people.com.cn or cyol.com or bjnews.com.cn or gmw.cn or dahe.cn or xfrb.com.cn or cqnews.net or lifeweek.com.cn or cpd.com.cn or haiwainet.cn or yidianzixun.com or ftchinese.com or guancha.cn or zhcw.com or huanqiu.com or ihuawen.com or nytimes.com or flickr.com or quanjing.com or vcg.com or gettyimages.co.uk or paixin.com) 罗斯 说 相信 治疗 方法", 
        "alterationDisplayQuery": "罗 斯 说 相信 治疗 方法"
    }, 
    "currentOffset": 0, 
    "readLink": "images/search?q=site:(thepaper.cn or chinadaily.com.cn or china.com.cn or chinanews.com or youth.cn or sina.com.cn or xinhuanet.com or cri.cn or 163.com or cankaoxiaoxi.com or cctv.com or ifeng.com or qq.com or takungpao.com or people.com.cn or southcn.com or southcn.com or cnr.cn or people.com.cn or cyol.com or bjnews.com.cn or gmw.cn or dahe.cn or xfrb.com.cn or cqnews.net or lifeweek.com.cn or cpd.com.cn or haiwainet.cn or yidianzixun.com or ftchinese.com or guancha.cn or zhcw.com or huanqiu.com or ihuawen.com or nytimes.com or flickr.com or quanjing.com or vcg.com or gettyimages.co.uk or paixin.com) 罗斯 说 相信 治疗 方法", 
    "totalEstimatedMatches": 35, 
    "relatedSearches": [
        {
            "text": "罗斯壁纸", 
            "displayText": "罗斯壁纸", 
            "thumbnail": {
                "thumbnailUrl": "https://tse4.mm.bing.net/th?q=%e7%bd%97%e6%96%af%e5%a3%81%e7%ba%b8&pid=Api&mkt=zh-CN&adlt=strict&t=1"
            }, 
            "searchLink": "https://api.cognitive.microsoft.com/api/v7/images/search?q=%e7%bd%97%e6%96%af%e5%a3%81%e7%ba%b8", 
            "webSearchUrl": "https://www.bing.com/images/search?q=%e7%bd%97%e6%96%af%e5%a3%81%e7%ba%b8&FORM=IRPATC"
        }, 
        {
            "text": "Nba罗斯", 
            "displayText": "Nba罗斯", 
            "thumbnail": {
                "thumbnailUrl": "https://tse4.mm.bing.net/th?q=Nba%e7%bd%97%e6%96%af&pid=Api&mkt=zh-CN&adlt=strict&t=1"
            }, 
            "searchLink": "https://api.cognitive.microsoft.com/api/v7/images/search?q=Nba%e7%bd%97%e6%96%af", 
            "webSearchUrl": "https://www.bing.com/images/search?q=Nba%e7%bd%97%e6%96%af&FORM=IRPATC"
        }, 
        {
            "text": "卡斯罗", 
            "displayText": "卡斯罗", 
            "thumbnail": {
                "thumbnailUrl": "https://tse4.mm.bing.net/th?q=%e5%8d%a1%e6%96%af%e7%bd%97&pid=Api&mkt=zh-CN&adlt=strict&t=1"
            }, 
            "searchLink": "https://api.cognitive.microsoft.com/api/v7/images/search?q=%e5%8d%a1%e6%96%af%e7%bd%97", 
            "webSearchUrl": "https://www.bing.com/images/search?q=%e5%8d%a1%e6%96%af%e7%bd%97&FORM=IRPATC"
        }, 
        {
            "text": "德里克罗斯", 
            "displayText": "德里克罗斯", 
            "thumbnail": {
                "thumbnailUrl": "https://tse1.mm.bing.net/th?q=%e5%be%b7%e9%87%8c%e5%85%8b%e7%bd%97%e6%96%af&pid=Api&mkt=zh-CN&adlt=strict&t=1"
            }, 
            "searchLink": "https://api.cognitive.microsoft.com/api/v7/images/search?q=%e5%be%b7%e9%87%8c%e5%85%8b%e7%bd%97%e6%96%af", 
            "webSearchUrl": "https://www.bing.com/images/search?q=%e5%be%b7%e9%87%8c%e5%85%8b%e7%bd%97%e6%96%af&FORM=IRPATC"
        }, 
        {
            "text": "卡斯罗犬", 
            "displayText": "卡斯罗犬", 
            "thumbnail": {
                "thumbnailUrl": "https://tse2.mm.bing.net/th?q=%e5%8d%a1%e6%96%af%e7%bd%97%e7%8a%ac&pid=Api&mkt=zh-CN&adlt=strict&t=1"
            }, 
            "searchLink": "https://api.cognitive.microsoft.com/api/v7/images/search?q=%e5%8d%a1%e6%96%af%e7%bd%97%e7%8a%ac", 
            "webSearchUrl": "https://www.bing.com/images/search?q=%e5%8d%a1%e6%96%af%e7%bd%97%e7%8a%ac&FORM=IRPATC"
        }, 
        {
            "text": "罗伊斯", 
            "displayText": "罗伊斯", 
            "thumbnail": {
                "thumbnailUrl": "https://tse1.mm.bing.net/th?q=%e7%bd%97%e4%bc%8a%e6%96%af&pid=Api&mkt=zh-CN&adlt=strict&t=1"
            }, 
            "searchLink": "https://api.cognitive.microsoft.com/api/v7/images/search?q=%e7%bd%97%e4%bc%8a%e6%96%af", 
            "webSearchUrl": "https://www.bing.com/images/search?q=%e7%bd%97%e4%bc%8a%e6%96%af&FORM=IRPATC"
        }, 
        {
            "text": "索罗斯", 
            "displayText": "索罗斯", 
            "thumbnail": {
                "thumbnailUrl": "https://tse3.mm.bing.net/th?q=%e7%b4%a2%e7%bd%97%e6%96%af&pid=Api&mkt=zh-CN&adlt=strict&t=1"
            }, 
            "searchLink": "https://api.cognitive.microsoft.com/api/v7/images/search?q=%e7%b4%a2%e7%bd%97%e6%96%af", 
            "webSearchUrl": "https://www.bing.com/images/search?q=%e7%b4%a2%e7%bd%97%e6%96%af&FORM=IRPATC"
        }, 
        {
            "text": "密斯凡德罗", 
            "displayText": "密斯凡德罗", 
            "thumbnail": {
                "thumbnailUrl": "https://tse3.mm.bing.net/th?q=%e5%af%86%e6%96%af%e5%87%a1%e5%be%b7%e7%bd%97&pid=Api&mkt=zh-CN&adlt=strict&t=1"
            }, 
            "searchLink": "https://api.cognitive.microsoft.com/api/v7/images/search?q=%e5%af%86%e6%96%af%e5%87%a1%e5%be%b7%e7%bd%97", 
            "webSearchUrl": "https://www.bing.com/images/search?q=%e5%af%86%e6%96%af%e5%87%a1%e5%be%b7%e7%bd%97&FORM=IRPATC"
        }, 
        {
            "text": "罗斯柴尔德家族", 
            "displayText": "罗斯柴尔德家族", 
            "thumbnail": {
                "thumbnailUrl": "https://tse3.mm.bing.net/th?q=%e7%bd%97%e6%96%af%e6%9f%b4%e5%b0%94%e5%be%b7%e5%ae%b6%e6%97%8f&pid=Api&mkt=zh-CN&adlt=strict&t=1"
            }, 
            "searchLink": "https://api.cognitive.microsoft.com/api/v7/images/search?q=%e7%bd%97%e6%96%af%e6%9f%b4%e5%b0%94%e5%be%b7%e5%ae%b6%e6%97%8f", 
            "webSearchUrl": "https://www.bing.com/images/search?q=%e7%bd%97%e6%96%af%e6%9f%b4%e5%b0%94%e5%be%b7%e5%ae%b6%e6%97%8f&FORM=IRPATC"
        }, 
        {
            "text": "罗斯战靴", 
            "displayText": "罗斯战靴", 
            "thumbnail": {
                "thumbnailUrl": "https://tse1.mm.bing.net/th?q=%e7%bd%97%e6%96%af%e6%88%98%e9%9d%b4&pid=Api&mkt=zh-CN&adlt=strict&t=1"
            }, 
            "searchLink": "https://api.cognitive.microsoft.com/api/v7/images/search?q=%e7%bd%97%e6%96%af%e6%88%98%e9%9d%b4", 
            "webSearchUrl": "https://www.bing.com/images/search?q=%e7%bd%97%e6%96%af%e6%88%98%e9%9d%b4&FORM=IRPATC"
        }, 
        {
            "text": "密斯凡德罗作品", 
            "displayText": "密斯凡德罗作品", 
            "thumbnail": {
                "thumbnailUrl": "https://tse2.mm.bing.net/th?q=%e5%af%86%e6%96%af%e5%87%a1%e5%be%b7%e7%bd%97%e4%bd%9c%e5%93%81&pid=Api&mkt=zh-CN&adlt=strict&t=1"
            }, 
            "searchLink": "https://api.cognitive.microsoft.com/api/v7/images/search?q=%e5%af%86%e6%96%af%e5%87%a1%e5%be%b7%e7%bd%97%e4%bd%9c%e5%93%81", 
            "webSearchUrl": "https://www.bing.com/images/search?q=%e5%af%86%e6%96%af%e5%87%a1%e5%be%b7%e7%bd%97%e4%bd%9c%e5%93%81&FORM=IRPATC"
        }, 
        {
            "text": "迷你罗特斯", 
            "displayText": "迷你罗特斯", 
            "thumbnail": {
                "thumbnailUrl": "https://tse3.mm.bing.net/th?q=%e8%bf%b7%e4%bd%a0%e7%bd%97%e7%89%b9%e6%96%af&pid=Api&mkt=zh-CN&adlt=strict&t=1"
            }, 
            "searchLink": "https://api.cognitive.microsoft.com/api/v7/images/search?q=%e8%bf%b7%e4%bd%a0%e7%bd%97%e7%89%b9%e6%96%af", 
            "webSearchUrl": "https://www.bing.com/images/search?q=%e8%bf%b7%e4%bd%a0%e7%bd%97%e7%89%b9%e6%96%af&FORM=IRPATC"
        }, 
        {
            "text": "罗伊斯发型", 
            "displayText": "罗伊斯发型", 
            "thumbnail": {
                "thumbnailUrl": "https://tse1.mm.bing.net/th?q=%e7%bd%97%e4%bc%8a%e6%96%af%e5%8f%91%e5%9e%8b&pid=Api&mkt=zh-CN&adlt=strict&t=1"
            }, 
            "searchLink": "https://api.cognitive.microsoft.com/api/v7/images/search?q=%e7%bd%97%e4%bc%8a%e6%96%af%e5%8f%91%e5%9e%8b", 
            "webSearchUrl": "https://www.bing.com/images/search?q=%e7%bd%97%e4%bc%8a%e6%96%af%e5%8f%91%e5%9e%8b&FORM=IRPATC"
        }, 
        {
            "text": "Dnf迷你罗特斯1号", 
            "displayText": "Dnf迷你罗特斯1号", 
            "thumbnail": {
                "thumbnailUrl": "https://tse3.mm.bing.net/th?q=Dnf%e8%bf%b7%e4%bd%a0%e7%bd%97%e7%89%b9%e6%96%af1%e5%8f%b7&pid=Api&mkt=zh-CN&adlt=strict&t=1"
            }, 
            "searchLink": "https://api.cognitive.microsoft.com/api/v7/images/search?q=Dnf%e8%bf%b7%e4%bd%a0%e7%bd%97%e7%89%b9%e6%96%af1%e5%8f%b7", 
            "webSearchUrl": "https://www.bing.com/images/search?q=Dnf%e8%bf%b7%e4%bd%a0%e7%bd%97%e7%89%b9%e6%96%af1%e5%8f%b7&FORM=IRPATC"
        }, 
        {
            "text": "迷你罗特斯1号", 
            "displayText": "迷你罗特斯1号", 
            "thumbnail": {
                "thumbnailUrl": "https://tse3.mm.bing.net/th?q=%e8%bf%b7%e4%bd%a0%e7%bd%97%e7%89%b9%e6%96%af1%e5%8f%b7&pid=Api&mkt=zh-CN&adlt=strict&t=1"
            }, 
            "searchLink": "https://api.cognitive.microsoft.com/api/v7/images/search?q=%e8%bf%b7%e4%bd%a0%e7%bd%97%e7%89%b9%e6%96%af1%e5%8f%b7", 
            "webSearchUrl": "https://www.bing.com/images/search?q=%e8%bf%b7%e4%bd%a0%e7%bd%97%e7%89%b9%e6%96%af1%e5%8f%b7&FORM=IRPATC"
        }
    ]
}