{
    "instrumentation": {
        "_type": "ResponseInstrumentation"
    }, 
    "_type": "Images", 
    "webSearchUrl": "https://www.bing.com/images/search?q=site:(thepaper.cn or chinadaily.com.cn or china.com.cn or chinanews.com or youth.cn or sina.com.cn or xinhuanet.com or cri.cn or 163.com or cankaoxiaoxi.com or cctv.com or ifeng.com or qq.com or takungpao.com or people.com.cn or southcn.com or southcn.com or cnr.cn or people.com.cn or cyol.com or bjnews.com.cn or gmw.cn or dahe.cn or xfrb.com.cn or cqnews.net or lifeweek.com.cn or cpd.com.cn or haiwainet.cn or yidianzixun.com or ftchinese.com or guancha.cn or zhcw.com or huanqiu.com or ihuawen.com or nytimes.com or flickr.com or quanjing.com or vcg.com or gettyimages.co.uk or paixin.com) 问题 想 知道 游戏&FORM=OIIARP", 
    "value": [
        {
            "contentUrl": "http://i3.sinaimg.cn/gm/cr/2013/0902/1727990262.jpg", 
            "insightsMetadata": {
                "pagesIncludingCount": 4, 
                "availableSizesCount": 4
            }, 
            "height": 308, 
            "accentColor": "804F4B", 
            "hostPageDisplayUrl": "games.sina.com.cn/t/n/2013-09-02/1419730566.shtml", 
            "name": "将推出3D游戏 10个你最想知道的PS4问题_电视游戏_新浪游戏_新浪网", 
            "width": 550, 
            "imageInsightsToken": "ccid_V2NL6XPI*mid_3B3B2A18C6FB59FCE0746DAEC35CAFF639A14DDF*simid_608038454378431774*thid_OIP.V2NL6XPI8Z4rSbhZ-5CQ2AHaEJ", 
            "imageId": "3B3B2A18C6FB59FCE0746DAEC35CAFF639A14DDF", 
            "isFamilyFriendly": true, 
            "datePublished": "2013-09-02T06:24:00.0000000Z", 
            "encodingFormat": "jpeg", 
            "webSearchUrl": "https://www.bing.com/images/search?view=detailv2&FORM=OIIRPO&q=site%3a(thepaper.cn+or+chinadaily.com.cn+or+china.com.cn+or+chinanews.com+or+youth.cn+or+sina.com.cn+or+xinhuanet.com+or+cri.cn+or+163.com+or+cankaoxiaoxi.com+or+cctv.com+or+ifeng.com+or+qq.com+or+takungpao.com+or+people.com.cn+or+southcn.com+or+southcn.com+or+cnr.cn+or+people.com.cn+or+cyol.com+or+bjnews.com.cn+or+gmw.cn+or+dahe.cn+or+xfrb.com.cn+or+cqnews.net+or+lifeweek.com.cn+or+cpd.com.cn+or+haiwainet.cn+or+yidianzixun.com+or+ftchinese.com+or+guancha.cn+or+zhcw.com+or+huanqiu.com+or+ihuawen.com+or+nytimes.com+or+flickr.com+or+quanjing.com+or+vcg.com+or+gettyimages.co.uk+or+paixin.com)+%e9%97%ae%e9%a2%98+%e6%83%b3+%e7%9f%a5%e9%81%93+%e6%b8%b8%e6%88%8f&id=3B3B2A18C6FB59FCE0746DAEC35CAFF639A14DDF&simid=608038454378431774", 
            "hostPageUrl": "http://games.sina.com.cn/t/n/2013-09-02/1419730566.shtml", 
            "thumbnailUrl": "https://tse2.mm.bing.net/th?id=OIP.V2NL6XPI8Z4rSbhZ-5CQ2AHaEJ&pid=Api", 
            "thumbnail": {
                "width": 474, 
                "height": 265
            }, 
            "contentSize": "26987 B"
        }, 
        {
            "contentUrl": "http://dp.gtimg.cn/discuzpic/0/discuz_bns_gamebbs_qq_com_forum_201607_27_154410all2jllawa77z440.png/0", 
            "insightsMetadata": {
                "pagesIncludingCount": 1, 
                "availableSizesCount": 1
            }, 
            "height": 450, 
            "accentColor": "A22937", 
            "hostPageDisplayUrl": "bns.gamebbs.qq.com/forum.php?mod=viewthread&tid=1024621", 
            "name": "其实我想知道 这是我自己的问题还是游戏问题 - 南天国实验室 ...", 
            "width": 710, 
            "imageInsightsToken": "ccid_NtIG8pBS*mid_67237B6F0263DC0E9D9E17BFC41749750814F568*simid_608038888187957206*thid_OIP.NtIG8pBScJ48O5rsPpwbmwHaEs", 
            "imageId": "67237B6F0263DC0E9D9E17BFC41749750814F568", 
            "isFamilyFriendly": true, 
            "datePublished": "2018-03-21T07:05:00.0000000Z", 
            "encodingFormat": "png", 
            "webSearchUrl": "https://www.bing.com/images/search?view=detailv2&FORM=OIIRPO&q=site%3a(thepaper.cn+or+chinadaily.com.cn+or+china.com.cn+or+chinanews.com+or+youth.cn+or+sina.com.cn+or+xinhuanet.com+or+cri.cn+or+163.com+or+cankaoxiaoxi.com+or+cctv.com+or+ifeng.com+or+qq.com+or+takungpao.com+or+people.com.cn+or+southcn.com+or+southcn.com+or+cnr.cn+or+people.com.cn+or+cyol.com+or+bjnews.com.cn+or+gmw.cn+or+dahe.cn+or+xfrb.com.cn+or+cqnews.net+or+lifeweek.com.cn+or+cpd.com.cn+or+haiwainet.cn+or+yidianzixun.com+or+ftchinese.com+or+guancha.cn+or+zhcw.com+or+huanqiu.com+or+ihuawen.com+or+nytimes.com+or+flickr.com+or+quanjing.com+or+vcg.com+or+gettyimages.co.uk+or+paixin.com)+%e9%97%ae%e9%a2%98+%e6%83%b3+%e7%9f%a5%e9%81%93+%e6%b8%b8%e6%88%8f&id=67237B6F0263DC0E9D9E17BFC41749750814F568&simid=608038888187957206", 
            "hostPageUrl": "http://bns.gamebbs.qq.com/forum.php?mod=viewthread&tid=1024621", 
            "thumbnailUrl": "https://tse2.mm.bing.net/th?id=OIP.NtIG8pBScJ48O5rsPpwbmwHaEs&pid=Api", 
            "thumbnail": {
                "width": 474, 
                "height": 300
            }, 
            "contentSize": "246395 B"
        }, 
        {
            "contentUrl": "http://n.sinaimg.cn/games/crawl/90/w514h376/20180428/QUiB-fzvpatq4614497.jpg", 
            "insightsMetadata": {
                "pagesIncludingCount": 1, 
                "availableSizesCount": 1
            }, 
            "height": 376, 
            "accentColor": "AF981C", 
            "hostPageDisplayUrl": "dota2.dj.sina.com.cn/2018-04-28/fzvpatq4696145.shtml", 
            "name": "竞技还是消费 Artifact被关心的八个问题-DOTA2官网合作专区-DOTA2 ...", 
            "width": 514, 
            "imageInsightsToken": "ccid_kYGhmg10*mid_648A83272E1B6C61BEE80097BB739BDEDC7F139B*simid_608010206383047700*thid_OIP.kYGhmg10ZXJjBpb!_JCtaTAHaFa", 
            "imageId": "648A83272E1B6C61BEE80097BB739BDEDC7F139B", 
            "isFamilyFriendly": true, 
            "datePublished": "2019-01-25T16:49:00.0000000Z", 
            "encodingFormat": "jpeg", 
            "webSearchUrl": "https://www.bing.com/images/search?view=detailv2&FORM=OIIRPO&q=site%3a(thepaper.cn+or+chinadaily.com.cn+or+china.com.cn+or+chinanews.com+or+youth.cn+or+sina.com.cn+or+xinhuanet.com+or+cri.cn+or+163.com+or+cankaoxiaoxi.com+or+cctv.com+or+ifeng.com+or+qq.com+or+takungpao.com+or+people.com.cn+or+southcn.com+or+southcn.com+or+cnr.cn+or+people.com.cn+or+cyol.com+or+bjnews.com.cn+or+gmw.cn+or+dahe.cn+or+xfrb.com.cn+or+cqnews.net+or+lifeweek.com.cn+or+cpd.com.cn+or+haiwainet.cn+or+yidianzixun.com+or+ftchinese.com+or+guancha.cn+or+zhcw.com+or+huanqiu.com+or+ihuawen.com+or+nytimes.com+or+flickr.com+or+quanjing.com+or+vcg.com+or+gettyimages.co.uk+or+paixin.com)+%e9%97%ae%e9%a2%98+%e6%83%b3+%e7%9f%a5%e9%81%93+%e6%b8%b8%e6%88%8f&id=648A83272E1B6C61BEE80097BB739BDEDC7F139B&simid=608010206383047700", 
            "hostPageUrl": "http://dota2.dj.sina.com.cn/2018-04-28/fzvpatq4696145.shtml", 
            "thumbnailUrl": "https://tse1.mm.bing.net/th?id=OIP.kYGhmg10ZXJjBpb_JCtaTAHaFa&pid=Api", 
            "thumbnail": {
                "width": 474, 
                "height": 346
            }, 
            "contentSize": "36337 B"
        }, 
        {
            "contentUrl": "http://n.sinaimg.cn/translate/290/w540h550/20190125/R1Gr-hsccyrs8248282.jpg", 
            "insightsMetadata": {
                "pagesIncludingCount": 1, 
                "availableSizesCount": 1
            }, 
            "height": 550, 
            "accentColor": "BFB20C", 
            "hostPageDisplayUrl": "games.sina.com.cn/g/g/2019-01-25/hqfskcp0405124.shtml", 
            "name": "看看淘宝店卖的PS4游戏，我才真正明白什么叫中国特色！_八卦 ...", 
            "width": 540, 
            "imageInsightsToken": "ccid_0fR+TR7H*mid_19D8BAD0C9F18FABA52FD5AC458D69AFB047A13E*simid_608017963068098171*thid_OIP.0fR-TR7HnePpTm07D8hmbQHaHi", 
            "imageId": "19D8BAD0C9F18FABA52FD5AC458D69AFB047A13E", 
            "isFamilyFriendly": true, 
            "datePublished": "2019-01-25T11:42:00.0000000Z", 
            "encodingFormat": "jpeg", 
            "webSearchUrl": "https://www.bing.com/images/search?view=detailv2&FORM=OIIRPO&q=site%3a(thepaper.cn+or+chinadaily.com.cn+or+china.com.cn+or+chinanews.com+or+youth.cn+or+sina.com.cn+or+xinhuanet.com+or+cri.cn+or+163.com+or+cankaoxiaoxi.com+or+cctv.com+or+ifeng.com+or+qq.com+or+takungpao.com+or+people.com.cn+or+southcn.com+or+southcn.com+or+cnr.cn+or+people.com.cn+or+cyol.com+or+bjnews.com.cn+or+gmw.cn+or+dahe.cn+or+xfrb.com.cn+or+cqnews.net+or+lifeweek.com.cn+or+cpd.com.cn+or+haiwainet.cn+or+yidianzixun.com+or+ftchinese.com+or+guancha.cn+or+zhcw.com+or+huanqiu.com+or+ihuawen.com+or+nytimes.com+or+flickr.com+or+quanjing.com+or+vcg.com+or+gettyimages.co.uk+or+paixin.com)+%e9%97%ae%e9%a2%98+%e6%83%b3+%e7%9f%a5%e9%81%93+%e6%b8%b8%e6%88%8f&id=19D8BAD0C9F18FABA52FD5AC458D69AFB047A13E&simid=608017963068098171", 
            "hostPageUrl": "http://games.sina.com.cn/g/g/2019-01-25/hqfskcp0405124.shtml", 
            "thumbnailUrl": "https://tse2.mm.bing.net/th?id=OIP.0fR-TR7HnePpTm07D8hmbQHaHi&pid=Api", 
            "thumbnail": {
                "width": 474, 
                "height": 482
            }, 
            "contentSize": "44507 B"
        }, 
        {
            "contentUrl": "http://img1.gtimg.com/gamezone/pics/hv1/3/101/1393/90605583.jpg", 
            "insightsMetadata": {
                "pagesIncludingCount": 2, 
                "availableSizesCount": 2
            }, 
            "height": 413, 
            "accentColor": "50574A", 
            "hostPageDisplayUrl": "games.qq.com/a/20130814/014702.htm", 
            "name": "古剑奇侠：将有美女GM活动回馈玩家_游戏_腾讯网", 
            "width": 550, 
            "imageInsightsToken": "ccid_KJw7v9RE*mid_9B75EED4C5E8DEB8E8F7582F0085714596D28943*simid_608001040895115393*thid_OIP.KJw7v9RE0u9g4kXcm5AsTgHaFj", 
            "imageId": "9B75EED4C5E8DEB8E8F7582F0085714596D28943", 
            "isFamilyFriendly": true, 
            "datePublished": "2013-08-14T08:00:00.0000000Z", 
            "encodingFormat": "jpeg", 
            "webSearchUrl": "https://www.bing.com/images/search?view=detailv2&FORM=OIIRPO&q=site%3a(thepaper.cn+or+chinadaily.com.cn+or+china.com.cn+or+chinanews.com+or+youth.cn+or+sina.com.cn+or+xinhuanet.com+or+cri.cn+or+163.com+or+cankaoxiaoxi.com+or+cctv.com+or+ifeng.com+or+qq.com+or+takungpao.com+or+people.com.cn+or+southcn.com+or+southcn.com+or+cnr.cn+or+people.com.cn+or+cyol.com+or+bjnews.com.cn+or+gmw.cn+or+dahe.cn+or+xfrb.com.cn+or+cqnews.net+or+lifeweek.com.cn+or+cpd.com.cn+or+haiwainet.cn+or+yidianzixun.com+or+ftchinese.com+or+guancha.cn+or+zhcw.com+or+huanqiu.com+or+ihuawen.com+or+nytimes.com+or+flickr.com+or+quanjing.com+or+vcg.com+or+gettyimages.co.uk+or+paixin.com)+%e9%97%ae%e9%a2%98+%e6%83%b3+%e7%9f%a5%e9%81%93+%e6%b8%b8%e6%88%8f&id=9B75EED4C5E8DEB8E8F7582F0085714596D28943&simid=608001040895115393", 
            "hostPageUrl": "http://games.qq.com/a/20130814/014702.htm", 
            "thumbnailUrl": "https://tse1.mm.bing.net/th?id=OIP.KJw7v9RE0u9g4kXcm5AsTgHaFj&pid=Api", 
            "thumbnail": {
                "width": 474, 
                "height": 355
            }, 
            "contentSize": "33287 B"
        }, 
        {
            "contentUrl": "http://i1.sinaimg.cn/IT/cr/2013/0812/525588746.jpg", 
            "insightsMetadata": {
                "pagesIncludingCount": 3, 
                "availableSizesCount": 1
            }, 
            "height": 375, 
            "accentColor": "3D4B6D", 
            "hostPageDisplayUrl": "tech.sina.com.cn/mobile/n/2013-08-12/08038628553.shtml", 
            "name": "都是你想知道的关于X Phone的四个问题|MOTO|处理器|X_手机_新浪科技 ...", 
            "width": 500, 
            "imageInsightsToken": "ccid_HZgqOt+c*mid_6C32800C582DAAA1216502C0D3D469FF31FBB879*simid_608054869703526453*thid_OIP.HZgqOt-c3fB-eJiKkFc9cAHaFj", 
            "imageId": "6C32800C582DAAA1216502C0D3D469FF31FBB879", 
            "isFamilyFriendly": true, 
            "datePublished": "2013-08-12T00:11:00.0000000Z", 
            "encodingFormat": "jpeg", 
            "webSearchUrl": "https://www.bing.com/images/search?view=detailv2&FORM=OIIRPO&q=site%3a(thepaper.cn+or+chinadaily.com.cn+or+china.com.cn+or+chinanews.com+or+youth.cn+or+sina.com.cn+or+xinhuanet.com+or+cri.cn+or+163.com+or+cankaoxiaoxi.com+or+cctv.com+or+ifeng.com+or+qq.com+or+takungpao.com+or+people.com.cn+or+southcn.com+or+southcn.com+or+cnr.cn+or+people.com.cn+or+cyol.com+or+bjnews.com.cn+or+gmw.cn+or+dahe.cn+or+xfrb.com.cn+or+cqnews.net+or+lifeweek.com.cn+or+cpd.com.cn+or+haiwainet.cn+or+yidianzixun.com+or+ftchinese.com+or+guancha.cn+or+zhcw.com+or+huanqiu.com+or+ihuawen.com+or+nytimes.com+or+flickr.com+or+quanjing.com+or+vcg.com+or+gettyimages.co.uk+or+paixin.com)+%e9%97%ae%e9%a2%98+%e6%83%b3+%e7%9f%a5%e9%81%93+%e6%b8%b8%e6%88%8f&id=6C32800C582DAAA1216502C0D3D469FF31FBB879&simid=608054869703526453", 
            "hostPageUrl": "http://tech.sina.com.cn/mobile/n/2013-08-12/08038628553.shtml", 
            "thumbnailUrl": "https://tse1.mm.bing.net/th?id=OIP.HZgqOt-c3fB-eJiKkFc9cAHaFj&pid=Api", 
            "thumbnail": {
                "width": 474, 
                "height": 355
            }, 
            "contentSize": "34416 B"
        }, 
        {
            "contentUrl": "http://cnews.chinadaily.com.cn/img/attachement/jpg/site1/20170104/a41f726b573a19d6f2e85e.jpg", 
            "insightsMetadata": {
                "pagesIncludingCount": 1, 
                "availableSizesCount": 1
            }, 
            "height": 450, 
            "accentColor": "712D7D", 
            "hostPageDisplayUrl": "cnews.chinadaily.com.cn/2017-01/04/content_27861313_3.htm", 
            "name": "想知道主板是怎样制造的吗？让我们一同走进微星工厂[3]- 中国 ...", 
            "width": 600, 
            "imageInsightsToken": "ccid_EdPyj1Ax*mid_5FCF2CE556CE0CB9A5C02AA76F8CC7B3564E72CF*simid_608008033116621319*thid_OIP.EdPyj1AxNrbIvVGgz9cf9AHaFj", 
            "imageId": "5FCF2CE556CE0CB9A5C02AA76F8CC7B3564E72CF", 
            "isFamilyFriendly": true, 
            "datePublished": "2017-01-07T19:26:00.0000000Z", 
            "encodingFormat": "jpeg", 
            "webSearchUrl": "https://www.bing.com/images/search?view=detailv2&FORM=OIIRPO&q=site%3a(thepaper.cn+or+chinadaily.com.cn+or+china.com.cn+or+chinanews.com+or+youth.cn+or+sina.com.cn+or+xinhuanet.com+or+cri.cn+or+163.com+or+cankaoxiaoxi.com+or+cctv.com+or+ifeng.com+or+qq.com+or+takungpao.com+or+people.com.cn+or+southcn.com+or+southcn.com+or+cnr.cn+or+people.com.cn+or+cyol.com+or+bjnews.com.cn+or+gmw.cn+or+dahe.cn+or+xfrb.com.cn+or+cqnews.net+or+lifeweek.com.cn+or+cpd.com.cn+or+haiwainet.cn+or+yidianzixun.com+or+ftchinese.com+or+guancha.cn+or+zhcw.com+or+huanqiu.com+or+ihuawen.com+or+nytimes.com+or+flickr.com+or+quanjing.com+or+vcg.com+or+gettyimages.co.uk+or+paixin.com)+%e9%97%ae%e9%a2%98+%e6%83%b3+%e7%9f%a5%e9%81%93+%e6%b8%b8%e6%88%8f&id=5FCF2CE556CE0CB9A5C02AA76F8CC7B3564E72CF&simid=608008033116621319", 
            "hostPageUrl": "http://cnews.chinadaily.com.cn/2017-01/04/content_27861313_3.htm", 
            "thumbnailUrl": "https://tse1.mm.bing.net/th?id=OIP.EdPyj1AxNrbIvVGgz9cf9AHaFj&pid=Api", 
            "thumbnail": {
                "width": 474, 
                "height": 355
            }, 
            "hostPageFavIconUrl": "https://www.bing.com/th?id=AR_6bbc59f7064ed213027d1c4ffbd7baac&pid=Api", 
            "contentSize": "82129 B"
        }, 
        {
            "contentUrl": "http://n.sinaimg.cn/translate/20170506/5Fsv-fyeyqek9801089.jpg", 
            "insightsMetadata": {
                "pagesIncludingCount": 4, 
                "availableSizesCount": 3
            }, 
            "height": 382, 
            "accentColor": "353535", 
            "hostPageDisplayUrl": "news.sina.com.cn/c/2017-05-06/doc-ifyeycte8891957.shtml", 
            "name": "你最想知道的十个问题都在这里|适航|C919|飞机_新浪新闻", 
            "width": 500, 
            "imageInsightsToken": "ccid_YZvDvLhj*mid_6F6048DED30E904868A54161294DF60102114265*simid_608047920494478191*thid_OIP.YZvDvLhje860UFLxZ-minAHaFq", 
            "imageId": "6F6048DED30E904868A54161294DF60102114265", 
            "isFamilyFriendly": true, 
            "datePublished": "2017-05-05T19:57:00.0000000Z", 
            "encodingFormat": "jpeg", 
            "webSearchUrl": "https://www.bing.com/images/search?view=detailv2&FORM=OIIRPO&q=site%3a(thepaper.cn+or+chinadaily.com.cn+or+china.com.cn+or+chinanews.com+or+youth.cn+or+sina.com.cn+or+xinhuanet.com+or+cri.cn+or+163.com+or+cankaoxiaoxi.com+or+cctv.com+or+ifeng.com+or+qq.com+or+takungpao.com+or+people.com.cn+or+southcn.com+or+southcn.com+or+cnr.cn+or+people.com.cn+or+cyol.com+or+bjnews.com.cn+or+gmw.cn+or+dahe.cn+or+xfrb.com.cn+or+cqnews.net+or+lifeweek.com.cn+or+cpd.com.cn+or+haiwainet.cn+or+yidianzixun.com+or+ftchinese.com+or+guancha.cn+or+zhcw.com+or+huanqiu.com+or+ihuawen.com+or+nytimes.com+or+flickr.com+or+quanjing.com+or+vcg.com+or+gettyimages.co.uk+or+paixin.com)+%e9%97%ae%e9%a2%98+%e6%83%b3+%e7%9f%a5%e9%81%93+%e6%b8%b8%e6%88%8f&id=6F6048DED30E904868A54161294DF60102114265&simid=608047920494478191", 
            "hostPageUrl": "http://news.sina.com.cn/c/2017-05-06/doc-ifyeycte8891957.shtml", 
            "thumbnailUrl": "https://tse4.mm.bing.net/th?id=OIP.YZvDvLhje860UFLxZ-minAHaFq&pid=Api", 
            "thumbnail": {
                "width": 474, 
                "height": 362
            }, 
            "contentSize": "33724 B"
        }, 
        {
            "contentUrl": "http://p1.ifengimg.com/a/2017_39/33cf8d61c7cc2be_size33_w500_h287.jpg", 
            "insightsMetadata": {
                "pagesIncludingCount": 2, 
                "availableSizesCount": 2
            }, 
            "height": 287, 
            "accentColor": "6F7341", 
            "hostPageDisplayUrl": "games.ifeng.com/a/20170928/44701395_0.shtml", 
            "name": "FIFA18连不上服务器？奇游加速器联机稳又流畅_凤凰游戏", 
            "width": 500, 
            "imageInsightsToken": "ccid_Nur9Ajjd*mid_2098541401EDDFB91F7B9A60C6C2A49FF56ECB13*simid_608056106638377026*thid_OIP.Nur9AjjduJ2PdfqvSUqKfAHaEQ", 
            "imageId": "2098541401EDDFB91F7B9A60C6C2A49FF56ECB13", 
            "isFamilyFriendly": true, 
            "datePublished": "2017-09-28T08:05:00.0000000Z", 
            "encodingFormat": "jpeg", 
            "webSearchUrl": "https://www.bing.com/images/search?view=detailv2&FORM=OIIRPO&q=site%3a(thepaper.cn+or+chinadaily.com.cn+or+china.com.cn+or+chinanews.com+or+youth.cn+or+sina.com.cn+or+xinhuanet.com+or+cri.cn+or+163.com+or+cankaoxiaoxi.com+or+cctv.com+or+ifeng.com+or+qq.com+or+takungpao.com+or+people.com.cn+or+southcn.com+or+southcn.com+or+cnr.cn+or+people.com.cn+or+cyol.com+or+bjnews.com.cn+or+gmw.cn+or+dahe.cn+or+xfrb.com.cn+or+cqnews.net+or+lifeweek.com.cn+or+cpd.com.cn+or+haiwainet.cn+or+yidianzixun.com+or+ftchinese.com+or+guancha.cn+or+zhcw.com+or+huanqiu.com+or+ihuawen.com+or+nytimes.com+or+flickr.com+or+quanjing.com+or+vcg.com+or+gettyimages.co.uk+or+paixin.com)+%e9%97%ae%e9%a2%98+%e6%83%b3+%e7%9f%a5%e9%81%93+%e6%b8%b8%e6%88%8f&id=2098541401EDDFB91F7B9A60C6C2A49FF56ECB13&simid=608056106638377026", 
            "hostPageUrl": "http://games.ifeng.com/a/20170928/44701395_0.shtml", 
            "thumbnailUrl": "https://tse4.mm.bing.net/th?id=OIP.Nur9AjjduJ2PdfqvSUqKfAHaEQ&pid=Api", 
            "thumbnail": {
                "width": 474, 
                "height": 272
            }, 
            "contentSize": "34195 B"
        }, 
        {
            "contentUrl": "http://img1.cache.netease.com/catchpic/4/4B/4B336450D412073612A73D43C1CFEAE9.jpeg", 
            "insightsMetadata": {
                "pagesIncludingCount": 1, 
                "availableSizesCount": 1
            }, 
            "height": 610, 
            "accentColor": "94375A", 
            "hostPageDisplayUrl": "help.3g.163.com/16/0204/16/BF09FM8B00964MBE.html", 
            "name": "一组国外超火的小漫画 回答的都是你想知道的问题_网易新闻中心", 
            "width": 550, 
            "imageInsightsToken": "ccid_dwKpKJ+1*mid_7F82D295D99610F855FF5BE9DB09AF013421D2FC*simid_608042641965713167*thid_OIP.dwKpKJ-10wmKoSCzGmT2ZgHaIN", 
            "imageId": "7F82D295D99610F855FF5BE9DB09AF013421D2FC", 
            "isFamilyFriendly": true, 
            "datePublished": "2016-03-13T23:58:00.0000000Z", 
            "encodingFormat": "jpeg", 
            "webSearchUrl": "https://www.bing.com/images/search?view=detailv2&FORM=OIIRPO&q=site%3a(thepaper.cn+or+chinadaily.com.cn+or+china.com.cn+or+chinanews.com+or+youth.cn+or+sina.com.cn+or+xinhuanet.com+or+cri.cn+or+163.com+or+cankaoxiaoxi.com+or+cctv.com+or+ifeng.com+or+qq.com+or+takungpao.com+or+people.com.cn+or+southcn.com+or+southcn.com+or+cnr.cn+or+people.com.cn+or+cyol.com+or+bjnews.com.cn+or+gmw.cn+or+dahe.cn+or+xfrb.com.cn+or+cqnews.net+or+lifeweek.com.cn+or+cpd.com.cn+or+haiwainet.cn+or+yidianzixun.com+or+ftchinese.com+or+guancha.cn+or+zhcw.com+or+huanqiu.com+or+ihuawen.com+or+nytimes.com+or+flickr.com+or+quanjing.com+or+vcg.com+or+gettyimages.co.uk+or+paixin.com)+%e9%97%ae%e9%a2%98+%e6%83%b3+%e7%9f%a5%e9%81%93+%e6%b8%b8%e6%88%8f&id=7F82D295D99610F855FF5BE9DB09AF013421D2FC&simid=608042641965713167", 
            "hostPageUrl": "http://help.3g.163.com/16/0204/16/BF09FM8B00964MBE.html", 
            "thumbnailUrl": "https://tse3.mm.bing.net/th?id=OIP.dwKpKJ-10wmKoSCzGmT2ZgHaIN&pid=Api", 
            "thumbnail": {
                "width": 474, 
                "height": 525
            }, 
            "contentSize": "52252 B"
        }
    ], 
    "nextOffset": 10, 
    "queryContext": {
        "alterationMethod": "AM_JustChangeIt", 
        "alterationType": "CombinedAlterationsChained", 
        "originalQuery": "site:(thepaper.cn or chinadaily.com.cn or china.com.cn or chinanews.com or youth.cn or sina.com.cn or xinhuanet.com or cri.cn or 163.com or cankaoxiaoxi.com or cctv.com or ifeng.com or qq.com or takungpao.com or people.com.cn or southcn.com or southcn.com or cnr.cn or people.com.cn or cyol.com or bjnews.com.cn or gmw.cn or dahe.cn or xfrb.com.cn or cqnews.net or lifeweek.com.cn or cpd.com.cn or haiwainet.cn or yidianzixun.com or ftchinese.com or guancha.cn or zhcw.com or huanqiu.com or ihuawen.com or nytimes.com or flickr.com or quanjing.com or vcg.com or gettyimages.co.uk or paixin.com) 问题 想 知道 游戏", 
        "alterationOverrideQuery": "+site:(thepaper.cn or chinadaily.com.cn or china.com.cn or chinanews.com or youth.cn or sina.com.cn or xinhuanet.com or cri.cn or 163.com or cankaoxiaoxi.com or cctv.com or ifeng.com or qq.com or takungpao.com or people.com.cn or southcn.com or southcn.com or cnr.cn or people.com.cn or cyol.com or bjnews.com.cn or gmw.cn or dahe.cn or xfrb.com.cn or cqnews.net or lifeweek.com.cn or cpd.com.cn or haiwainet.cn or yidianzixun.com or ftchinese.com or guancha.cn or zhcw.com or huanqiu.com or ihuawen.com or nytimes.com or flickr.com or quanjing.com or vcg.com or gettyimages.co.uk or paixin.com) 问题 想 知道 游戏", 
        "alterationDisplayQuery": "问题 想 知道 游戏"
    }, 
    "currentOffset": 0, 
    "readLink": "images/search?q=site:(thepaper.cn or chinadaily.com.cn or china.com.cn or chinanews.com or youth.cn or sina.com.cn or xinhuanet.com or cri.cn or 163.com or cankaoxiaoxi.com or cctv.com or ifeng.com or qq.com or takungpao.com or people.com.cn or southcn.com or southcn.com or cnr.cn or people.com.cn or cyol.com or bjnews.com.cn or gmw.cn or dahe.cn or xfrb.com.cn or cqnews.net or lifeweek.com.cn or cpd.com.cn or haiwainet.cn or yidianzixun.com or ftchinese.com or guancha.cn or zhcw.com or huanqiu.com or ihuawen.com or nytimes.com or flickr.com or quanjing.com or vcg.com or gettyimages.co.uk or paixin.com) 问题 想 知道 游戏", 
    "totalEstimatedMatches": 100, 
    "relatedSearches": [
        {
            "text": "头像 你知道么我很想你", 
            "displayText": "头像 你知道么我很想你", 
            "thumbnail": {
                "thumbnailUrl": "https://tse2.mm.bing.net/th?q=%e5%a4%b4%e5%83%8f+%e4%bd%a0%e7%9f%a5%e9%81%93%e4%b9%88%e6%88%91%e5%be%88%e6%83%b3%e4%bd%a0&pid=Api&mkt=zh-CN&adlt=strict&t=1"
            }, 
            "searchLink": "https://api.cognitive.microsoft.com/api/v7/images/search?q=%e5%a4%b4%e5%83%8f+%e4%bd%a0%e7%9f%a5%e9%81%93%e4%b9%88%e6%88%91%e5%be%88%e6%83%b3%e4%bd%a0", 
            "webSearchUrl": "https://www.bing.com/images/search?q=%e5%a4%b4%e5%83%8f+%e4%bd%a0%e7%9f%a5%e9%81%93%e4%b9%88%e6%88%91%e5%be%88%e6%83%b3%e4%bd%a0&FORM=IRPATC"
        }, 
        {
            "text": "你不知道我想你黑白头像", 
            "displayText": "你不知道我想你黑白头像", 
            "thumbnail": {
                "thumbnailUrl": "https://tse1.mm.bing.net/th?q=%e4%bd%a0%e4%b8%8d%e7%9f%a5%e9%81%93%e6%88%91%e6%83%b3%e4%bd%a0%e9%bb%91%e7%99%bd%e5%a4%b4%e5%83%8f&pid=Api&mkt=zh-CN&adlt=strict&t=1"
            }, 
            "searchLink": "https://api.cognitive.microsoft.com/api/v7/images/search?q=%e4%bd%a0%e4%b8%8d%e7%9f%a5%e9%81%93%e6%88%91%e6%83%b3%e4%bd%a0%e9%bb%91%e7%99%bd%e5%a4%b4%e5%83%8f", 
            "webSearchUrl": "https://www.bing.com/images/search?q=%e4%bd%a0%e4%b8%8d%e7%9f%a5%e9%81%93%e6%88%91%e6%83%b3%e4%bd%a0%e9%bb%91%e7%99%bd%e5%a4%b4%e5%83%8f&FORM=IRPATC"
        }, 
        {
            "text": "我有很多话想对你说 你知道吗图片", 
            "displayText": "我有很多话想对你说 你知道吗图片", 
            "thumbnail": {
                "thumbnailUrl": "https://tse4.mm.bing.net/th?q=%e6%88%91%e6%9c%89%e5%be%88%e5%a4%9a%e8%af%9d%e6%83%b3%e5%af%b9%e4%bd%a0%e8%af%b4+%e4%bd%a0%e7%9f%a5%e9%81%93%e5%90%97%e5%9b%be%e7%89%87&pid=Api&mkt=zh-CN&adlt=strict&t=1"
            }, 
            "searchLink": "https://api.cognitive.microsoft.com/api/v7/images/search?q=%e6%88%91%e6%9c%89%e5%be%88%e5%a4%9a%e8%af%9d%e6%83%b3%e5%af%b9%e4%bd%a0%e8%af%b4+%e4%bd%a0%e7%9f%a5%e9%81%93%e5%90%97%e5%9b%be%e7%89%87", 
            "webSearchUrl": "https://www.bing.com/images/search?q=%e6%88%91%e6%9c%89%e5%be%88%e5%a4%9a%e8%af%9d%e6%83%b3%e5%af%b9%e4%bd%a0%e8%af%b4+%e4%bd%a0%e7%9f%a5%e9%81%93%e5%90%97%e5%9b%be%e7%89%87&FORM=IRPATC"
        }, 
        {
            "text": "好想好想要你知道曲谱", 
            "displayText": "好想好想要你知道曲谱", 
            "thumbnail": {
                "thumbnailUrl": "https://tse3.mm.bing.net/th?q=%e5%a5%bd%e6%83%b3%e5%a5%bd%e6%83%b3%e8%a6%81%e4%bd%a0%e7%9f%a5%e9%81%93%e6%9b%b2%e8%b0%b1&pid=Api&mkt=zh-CN&adlt=strict&t=1"
            }, 
            "searchLink": "https://api.cognitive.microsoft.com/api/v7/images/search?q=%e5%a5%bd%e6%83%b3%e5%a5%bd%e6%83%b3%e8%a6%81%e4%bd%a0%e7%9f%a5%e9%81%93%e6%9b%b2%e8%b0%b1", 
            "webSearchUrl": "https://www.bing.com/images/search?q=%e5%a5%bd%e6%83%b3%e5%a5%bd%e6%83%b3%e8%a6%81%e4%bd%a0%e7%9f%a5%e9%81%93%e6%9b%b2%e8%b0%b1&FORM=IRPATC"
        }, 
        {
            "text": "夫人", 
            "displayText": "夫人", 
            "thumbnail": {
                "thumbnailUrl": "https://tse2.mm.bing.net/th?q=%e5%a4%ab%e4%ba%ba&pid=Api&mkt=zh-CN&adlt=strict&t=1"
            }, 
            "searchLink": "https://api.cognitive.microsoft.com/api/v7/images/search?q=%e5%a4%ab%e4%ba%ba", 
            "webSearchUrl": "https://www.bing.com/images/search?q=%e5%a4%ab%e4%ba%ba&FORM=IRPATC"
        }, 
        {
            "text": "我知道你又想要了", 
            "displayText": "我知道你又想要了", 
            "thumbnail": {
                "thumbnailUrl": "https://tse2.mm.bing.net/th?q=%e6%88%91%e7%9f%a5%e9%81%93%e4%bd%a0%e5%8f%88%e6%83%b3%e8%a6%81%e4%ba%86&pid=Api&mkt=zh-CN&adlt=strict&t=1"
            }, 
            "searchLink": "https://api.cognitive.microsoft.com/api/v7/images/search?q=%e6%88%91%e7%9f%a5%e9%81%93%e4%bd%a0%e5%8f%88%e6%83%b3%e8%a6%81%e4%ba%86", 
            "webSearchUrl": "https://www.bing.com/images/search?q=%e6%88%91%e7%9f%a5%e9%81%93%e4%bd%a0%e5%8f%88%e6%83%b3%e8%a6%81%e4%ba%86&FORM=IRPATC"
        }, 
        {
            "text": "你在想谁我知道", 
            "displayText": "你在想谁我知道", 
            "thumbnail": {
                "thumbnailUrl": "https://tse4.mm.bing.net/th?q=%e4%bd%a0%e5%9c%a8%e6%83%b3%e8%b0%81%e6%88%91%e7%9f%a5%e9%81%93&pid=Api&mkt=zh-CN&adlt=strict&t=1"
            }, 
            "searchLink": "https://api.cognitive.microsoft.com/api/v7/images/search?q=%e4%bd%a0%e5%9c%a8%e6%83%b3%e8%b0%81%e6%88%91%e7%9f%a5%e9%81%93", 
            "webSearchUrl": "https://www.bing.com/images/search?q=%e4%bd%a0%e5%9c%a8%e6%83%b3%e8%b0%81%e6%88%91%e7%9f%a5%e9%81%93&FORM=IRPATC"
        }, 
        {
            "text": "想问下哪位高人知道我家中瓷器的款是什么时期的?", 
            "displayText": "想问下哪位高人知道我家中瓷器的款是什么时期的?", 
            "thumbnail": {
                "thumbnailUrl": "https://tse4.mm.bing.net/th?q=%e6%83%b3%e9%97%ae%e4%b8%8b%e5%93%aa%e4%bd%8d%e9%ab%98%e4%ba%ba%e7%9f%a5%e9%81%93%e6%88%91%e5%ae%b6%e4%b8%ad%e7%93%b7%e5%99%a8%e7%9a%84%e6%ac%be%e6%98%af%e4%bb%80%e4%b9%88%e6%97%b6%e6%9c%9f%e7%9a%84%3f&pid=Api&mkt=zh-CN&adlt=strict&t=1"
            }, 
            "searchLink": "https://api.cognitive.microsoft.com/api/v7/images/search?q=%e6%83%b3%e9%97%ae%e4%b8%8b%e5%93%aa%e4%bd%8d%e9%ab%98%e4%ba%ba%e7%9f%a5%e9%81%93%e6%88%91%e5%ae%b6%e4%b8%ad%e7%93%b7%e5%99%a8%e7%9a%84%e6%ac%be%e6%98%af%e4%bb%80%e4%b9%88%e6%97%b6%e6%9c%9f%e7%9a%84%3f", 
            "webSearchUrl": "https://www.bing.com/images/search?q=%e6%83%b3%e9%97%ae%e4%b8%8b%e5%93%aa%e4%bd%8d%e9%ab%98%e4%ba%ba%e7%9f%a5%e9%81%93%e6%88%91%e5%ae%b6%e4%b8%ad%e7%93%b7%e5%99%a8%e7%9a%84%e6%ac%be%e6%98%af%e4%bb%80%e4%b9%88%e6%97%b6%e6%9c%9f%e7%9a%84%3f&FORM=IRPATC"
        }, 
        {
            "text": "知道我在想你吗", 
            "displayText": "知道我在想你吗", 
            "thumbnail": {
                "thumbnailUrl": "https://tse4.mm.bing.net/th?q=%e7%9f%a5%e9%81%93%e6%88%91%e5%9c%a8%e6%83%b3%e4%bd%a0%e5%90%97&pid=Api&mkt=zh-CN&adlt=strict&t=1"
            }, 
            "searchLink": "https://api.cognitive.microsoft.com/api/v7/images/search?q=%e7%9f%a5%e9%81%93%e6%88%91%e5%9c%a8%e6%83%b3%e4%bd%a0%e5%90%97", 
            "webSearchUrl": "https://www.bing.com/images/search?q=%e7%9f%a5%e9%81%93%e6%88%91%e5%9c%a8%e6%83%b3%e4%bd%a0%e5%90%97&FORM=IRPATC"
        }, 
        {
            "text": "我想知道 吉他谱", 
            "displayText": "我想知道 吉他谱", 
            "thumbnail": {
                "thumbnailUrl": "https://tse1.mm.bing.net/th?q=%e6%88%91%e6%83%b3%e7%9f%a5%e9%81%93+%e5%90%89%e4%bb%96%e8%b0%b1&pid=Api&mkt=zh-CN&adlt=strict&t=1"
            }, 
            "searchLink": "https://api.cognitive.microsoft.com/api/v7/images/search?q=%e6%88%91%e6%83%b3%e7%9f%a5%e9%81%93+%e5%90%89%e4%bb%96%e8%b0%b1", 
            "webSearchUrl": "https://www.bing.com/images/search?q=%e6%88%91%e6%83%b3%e7%9f%a5%e9%81%93+%e5%90%89%e4%bb%96%e8%b0%b1&FORM=IRPATC"
        }, 
        {
            "text": "好想好想要你知道", 
            "displayText": "好想好想要你知道", 
            "thumbnail": {
                "thumbnailUrl": "https://tse2.mm.bing.net/th?q=%e5%a5%bd%e6%83%b3%e5%a5%bd%e6%83%b3%e8%a6%81%e4%bd%a0%e7%9f%a5%e9%81%93&pid=Api&mkt=zh-CN&adlt=strict&t=1"
            }, 
            "searchLink": "https://api.cognitive.microsoft.com/api/v7/images/search?q=%e5%a5%bd%e6%83%b3%e5%a5%bd%e6%83%b3%e8%a6%81%e4%bd%a0%e7%9f%a5%e9%81%93", 
            "webSearchUrl": "https://www.bing.com/images/search?q=%e5%a5%bd%e6%83%b3%e5%a5%bd%e6%83%b3%e8%a6%81%e4%bd%a0%e7%9f%a5%e9%81%93&FORM=IRPATC"
        }, 
        {
            "text": "想你了", 
            "displayText": "想你了", 
            "thumbnail": {
                "thumbnailUrl": "https://tse2.mm.bing.net/th?q=%e6%83%b3%e4%bd%a0%e4%ba%86&pid=Api&mkt=zh-CN&adlt=strict&t=1"
            }, 
            "searchLink": "https://api.cognitive.microsoft.com/api/v7/images/search?q=%e6%83%b3%e4%bd%a0%e4%ba%86", 
            "webSearchUrl": "https://www.bing.com/images/search?q=%e6%83%b3%e4%bd%a0%e4%ba%86&FORM=IRPATC"
        }, 
        {
            "text": "你却不知道", 
            "displayText": "你却不知道", 
            "thumbnail": {
                "thumbnailUrl": "https://tse4.mm.bing.net/th?q=%e4%bd%a0%e5%8d%b4%e4%b8%8d%e7%9f%a5%e9%81%93&pid=Api&mkt=zh-CN&adlt=strict&t=1"
            }, 
            "searchLink": "https://api.cognitive.microsoft.com/api/v7/images/search?q=%e4%bd%a0%e5%8d%b4%e4%b8%8d%e7%9f%a5%e9%81%93", 
            "webSearchUrl": "https://www.bing.com/images/search?q=%e4%bd%a0%e5%8d%b4%e4%b8%8d%e7%9f%a5%e9%81%93&FORM=IRPATC"
        }, 
        {
            "text": "我不知道你在想什么", 
            "displayText": "我不知道你在想什么", 
            "thumbnail": {
                "thumbnailUrl": "https://tse2.mm.bing.net/th?q=%e6%88%91%e4%b8%8d%e7%9f%a5%e9%81%93%e4%bd%a0%e5%9c%a8%e6%83%b3%e4%bb%80%e4%b9%88&pid=Api&mkt=zh-CN&adlt=strict&t=1"
            }, 
            "searchLink": "https://api.cognitive.microsoft.com/api/v7/images/search?q=%e6%88%91%e4%b8%8d%e7%9f%a5%e9%81%93%e4%bd%a0%e5%9c%a8%e6%83%b3%e4%bb%80%e4%b9%88", 
            "webSearchUrl": "https://www.bing.com/images/search?q=%e6%88%91%e4%b8%8d%e7%9f%a5%e9%81%93%e4%bd%a0%e5%9c%a8%e6%83%b3%e4%bb%80%e4%b9%88&FORM=IRPATC"
        }, 
        {
            "text": "很想知道 当我的名字划过你的", 
            "displayText": "很想知道 当我的名字划过你的", 
            "thumbnail": {
                "thumbnailUrl": "https://tse1.mm.bing.net/th?q=%e5%be%88%e6%83%b3%e7%9f%a5%e9%81%93+%e5%bd%93%e6%88%91%e7%9a%84%e5%90%8d%e5%ad%97%e5%88%92%e8%bf%87%e4%bd%a0%e7%9a%84&pid=Api&mkt=zh-CN&adlt=strict&t=1"
            }, 
            "searchLink": "https://api.cognitive.microsoft.com/api/v7/images/search?q=%e5%be%88%e6%83%b3%e7%9f%a5%e9%81%93+%e5%bd%93%e6%88%91%e7%9a%84%e5%90%8d%e5%ad%97%e5%88%92%e8%bf%87%e4%bd%a0%e7%9a%84", 
            "webSearchUrl": "https://www.bing.com/images/search?q=%e5%be%88%e6%83%b3%e7%9f%a5%e9%81%93+%e5%bd%93%e6%88%91%e7%9a%84%e5%90%8d%e5%ad%97%e5%88%92%e8%bf%87%e4%bd%a0%e7%9a%84&FORM=IRPATC"
        }
    ]
}