{
    "instrumentation": {
        "_type": "ResponseInstrumentation"
    }, 
    "_type": "Images", 
    "webSearchUrl": "https://www.bing.com/images/search?q=site:(thepaper.cn or chinadaily.com.cn or china.com.cn or chinanews.com or youth.cn or sina.com.cn or xinhuanet.com or cri.cn or 163.com or cankaoxiaoxi.com or cctv.com or ifeng.com or qq.com or takungpao.com or people.com.cn or southcn.com or southcn.com or cnr.cn or people.com.cn or cyol.com or bjnews.com.cn or gmw.cn or dahe.cn or xfrb.com.cn or cqnews.net or lifeweek.com.cn or cpd.com.cn or haiwainet.cn or yidianzixun.com or ftchinese.com or guancha.cn or zhcw.com or huanqiu.com or ihuawen.com or nytimes.com or flickr.com or quanjing.com or vcg.com or gettyimages.co.uk or paixin.com) 想要 带来 表现&FORM=OIIARP", 
    "value": [
        {
            "contentUrl": "http://n.sinaimg.cn/games/transform/20161025/FTRG-fxwztrt0422893.jpg", 
            "insightsMetadata": {
                "pagesIncludingCount": 5, 
                "availableSizesCount": 2
            }, 
            "height": 339, 
            "accentColor": "345397", 
            "hostPageDisplayUrl": "games.sina.com.cn/t/w/2016-10-25/fxwztru7154394.shtml", 
            "name": "性能更强的背后 我们是否真的需要PS4 Pro？_电视游戏-文库_新浪 ...", 
            "width": 512, 
            "imageInsightsToken": "ccid_zE3dScKJ*mid_8FE5B78B71EB8DC3CA038D244D2B5B8328D651BE*simid_608044862443949812*thid_OIP.zE3dScKJZLqR67CTGE3jaQHaE5", 
            "imageId": "8FE5B78B71EB8DC3CA038D244D2B5B8328D651BE", 
            "isFamilyFriendly": true, 
            "datePublished": "2016-10-25T11:07:00.0000000Z", 
            "encodingFormat": "jpeg", 
            "webSearchUrl": "https://www.bing.com/images/search?view=detailv2&FORM=OIIRPO&q=site%3a(thepaper.cn+or+chinadaily.com.cn+or+china.com.cn+or+chinanews.com+or+youth.cn+or+sina.com.cn+or+xinhuanet.com+or+cri.cn+or+163.com+or+cankaoxiaoxi.com+or+cctv.com+or+ifeng.com+or+qq.com+or+takungpao.com+or+people.com.cn+or+southcn.com+or+southcn.com+or+cnr.cn+or+people.com.cn+or+cyol.com+or+bjnews.com.cn+or+gmw.cn+or+dahe.cn+or+xfrb.com.cn+or+cqnews.net+or+lifeweek.com.cn+or+cpd.com.cn+or+haiwainet.cn+or+yidianzixun.com+or+ftchinese.com+or+guancha.cn+or+zhcw.com+or+huanqiu.com+or+ihuawen.com+or+nytimes.com+or+flickr.com+or+quanjing.com+or+vcg.com+or+gettyimages.co.uk+or+paixin.com)+%e6%83%b3%e8%a6%81+%e5%b8%a6%e6%9d%a5+%e8%a1%a8%e7%8e%b0&id=8FE5B78B71EB8DC3CA038D244D2B5B8328D651BE&simid=608044862443949812", 
            "hostPageUrl": "http://games.sina.com.cn/t/w/2016-10-25/fxwztru7154394.shtml", 
            "thumbnailUrl": "https://tse3.mm.bing.net/th?id=OIP.zE3dScKJZLqR67CTGE3jaQHaE5&pid=Api", 
            "thumbnail": {
                "width": 474, 
                "height": 313
            }, 
            "contentSize": "26754 B"
        }, 
        {
            "contentUrl": "http://pic1.chehang168.com/201711/7c1ecbf28acb349e51674327d01a8936.jpg@!640x", 
            "insightsMetadata": {
                "pagesIncludingCount": 1, 
                "availableSizesCount": 1
            }, 
            "height": 854, 
            "accentColor": "A46127", 
            "hostPageDisplayUrl": "dealer.auto.ifeng.com/84373/news_info_7133740.html", 
            "name": "18款丰田陆巡4000新车 报价全国可分期-天津鸿兴行_凤凰网汽车", 
            "width": 640, 
            "imageInsightsToken": "ccid_XSZUjVpy*mid_DDCE6C4574E0671D3F0644CFE06A3AFB64291CF3*simid_608015613756771756*thid_OIP.XSZUjVpyS6HmDwdIgym07QHaJ4", 
            "imageId": "DDCE6C4574E0671D3F0644CFE06A3AFB64291CF3", 
            "isFamilyFriendly": true, 
            "datePublished": "2018-10-22T07:22:00.0000000Z", 
            "encodingFormat": "jpeg", 
            "webSearchUrl": "https://www.bing.com/images/search?view=detailv2&FORM=OIIRPO&q=site%3a(thepaper.cn+or+chinadaily.com.cn+or+china.com.cn+or+chinanews.com+or+youth.cn+or+sina.com.cn+or+xinhuanet.com+or+cri.cn+or+163.com+or+cankaoxiaoxi.com+or+cctv.com+or+ifeng.com+or+qq.com+or+takungpao.com+or+people.com.cn+or+southcn.com+or+southcn.com+or+cnr.cn+or+people.com.cn+or+cyol.com+or+bjnews.com.cn+or+gmw.cn+or+dahe.cn+or+xfrb.com.cn+or+cqnews.net+or+lifeweek.com.cn+or+cpd.com.cn+or+haiwainet.cn+or+yidianzixun.com+or+ftchinese.com+or+guancha.cn+or+zhcw.com+or+huanqiu.com+or+ihuawen.com+or+nytimes.com+or+flickr.com+or+quanjing.com+or+vcg.com+or+gettyimages.co.uk+or+paixin.com)+%e6%83%b3%e8%a6%81+%e5%b8%a6%e6%9d%a5+%e8%a1%a8%e7%8e%b0&id=DDCE6C4574E0671D3F0644CFE06A3AFB64291CF3&simid=608015613756771756", 
            "hostPageUrl": "http://dealer.auto.ifeng.com/84373/news_info_7133740.html", 
            "thumbnailUrl": "https://tse4.mm.bing.net/th?id=OIP.XSZUjVpyS6HmDwdIgym07QHaJ4&pid=Api", 
            "thumbnail": {
                "width": 474, 
                "height": 632
            }, 
            "contentSize": "76231 B"
        }, 
        {
            "contentUrl": "http://n.sinaimg.cn/translate/217/w650h367/20181120/iUu0-hnyuqhi3595345.jpg", 
            "insightsMetadata": {
                "pagesIncludingCount": 1, 
                "availableSizesCount": 1
            }, 
            "height": 367, 
            "accentColor": "965235", 
            "hostPageDisplayUrl": "auto.sina.com.cn/j_kandian.d.html?docid=hmutuec1771191...", 
            "name": "悦驾 | 想要领略冬日的美景吗？途岳带你纵情山水，悦享旅途 ...", 
            "width": 650, 
            "imageInsightsToken": "ccid_jxpxm+29*mid_6CAA49E114579B25940173B3312B7CE80BC66303*simid_608004798998972227*thid_OIP.jxpxm-29kBxfil6KjIL8!_AHaEL", 
            "imageId": "6CAA49E114579B25940173B3312B7CE80BC66303", 
            "isFamilyFriendly": true, 
            "datePublished": "2018-11-19T19:45:00.0000000Z", 
            "encodingFormat": "jpeg", 
            "webSearchUrl": "https://www.bing.com/images/search?view=detailv2&FORM=OIIRPO&q=site%3a(thepaper.cn+or+chinadaily.com.cn+or+china.com.cn+or+chinanews.com+or+youth.cn+or+sina.com.cn+or+xinhuanet.com+or+cri.cn+or+163.com+or+cankaoxiaoxi.com+or+cctv.com+or+ifeng.com+or+qq.com+or+takungpao.com+or+people.com.cn+or+southcn.com+or+southcn.com+or+cnr.cn+or+people.com.cn+or+cyol.com+or+bjnews.com.cn+or+gmw.cn+or+dahe.cn+or+xfrb.com.cn+or+cqnews.net+or+lifeweek.com.cn+or+cpd.com.cn+or+haiwainet.cn+or+yidianzixun.com+or+ftchinese.com+or+guancha.cn+or+zhcw.com+or+huanqiu.com+or+ihuawen.com+or+nytimes.com+or+flickr.com+or+quanjing.com+or+vcg.com+or+gettyimages.co.uk+or+paixin.com)+%e6%83%b3%e8%a6%81+%e5%b8%a6%e6%9d%a5+%e8%a1%a8%e7%8e%b0&id=6CAA49E114579B25940173B3312B7CE80BC66303&simid=608004798998972227", 
            "hostPageUrl": "http://auto.sina.com.cn/j_kandian.d.html?docid=hmutuec1771191&subch=bauto&hpid=00022", 
            "thumbnailUrl": "https://tse2.mm.bing.net/th?id=OIP.jxpxm-29kBxfil6KjIL8_AHaEL&pid=Api", 
            "thumbnail": {
                "width": 474, 
                "height": 267
            }, 
            "contentSize": "32769 B"
        }, 
        {
            "contentUrl": "http://ent.chinadaily.com.cn/img/attachement/png/site1/20171229/448a5bd66a811bb043ae48.png", 
            "insightsMetadata": {
                "pagesIncludingCount": 54, 
                "availableSizesCount": 30
            }, 
            "height": 1350, 
            "accentColor": "AF1E1C", 
            "hostPageDisplayUrl": "ent.chinadaily.com.cn/2017-12/29/content_35410518.htm", 
            "name": "吴亦凡赵丽颖合唱《想你》LIVE首秀 酷我音乐陪你一起看江苏卫视 ...", 
            "width": 900, 
            "imageInsightsToken": "ccid_T/YHTjjy*mid_232E90F6BC05EC2343528374F18E23D7233FB213*simid_608018774809906037*thid_OIP.T!_YHTjjyTc3PFS1u3VxpHAHaLH", 
            "imageId": "232E90F6BC05EC2343528374F18E23D7233FB213", 
            "isFamilyFriendly": true, 
            "datePublished": "2017-12-29T10:51:00.0000000Z", 
            "encodingFormat": "png", 
            "webSearchUrl": "https://www.bing.com/images/search?view=detailv2&FORM=OIIRPO&q=site%3a(thepaper.cn+or+chinadaily.com.cn+or+china.com.cn+or+chinanews.com+or+youth.cn+or+sina.com.cn+or+xinhuanet.com+or+cri.cn+or+163.com+or+cankaoxiaoxi.com+or+cctv.com+or+ifeng.com+or+qq.com+or+takungpao.com+or+people.com.cn+or+southcn.com+or+southcn.com+or+cnr.cn+or+people.com.cn+or+cyol.com+or+bjnews.com.cn+or+gmw.cn+or+dahe.cn+or+xfrb.com.cn+or+cqnews.net+or+lifeweek.com.cn+or+cpd.com.cn+or+haiwainet.cn+or+yidianzixun.com+or+ftchinese.com+or+guancha.cn+or+zhcw.com+or+huanqiu.com+or+ihuawen.com+or+nytimes.com+or+flickr.com+or+quanjing.com+or+vcg.com+or+gettyimages.co.uk+or+paixin.com)+%e6%83%b3%e8%a6%81+%e5%b8%a6%e6%9d%a5+%e8%a1%a8%e7%8e%b0&id=232E90F6BC05EC2343528374F18E23D7233FB213&simid=608018774809906037", 
            "hostPageUrl": "http://ent.chinadaily.com.cn/2017-12/29/content_35410518.htm", 
            "thumbnailUrl": "https://tse4.mm.bing.net/th?id=OIP.T_YHTjjyTc3PFS1u3VxpHAHaLH&pid=Api", 
            "thumbnail": {
                "width": 474, 
                "height": 711
            }, 
            "hostPageFavIconUrl": "https://www.bing.com/th?id=AR_6bbc59f7064ed213027d1c4ffbd7baac&pid=Api", 
            "contentSize": "1647264 B"
        }, 
        {
            "contentUrl": "http://n.sinaimg.cn/translate/20171030/2rZZ-fynhhay8626077.jpg", 
            "insightsMetadata": {
                "pagesIncludingCount": 4, 
                "availableSizesCount": 3
            }, 
            "height": 612, 
            "accentColor": "C90212", 
            "hostPageDisplayUrl": "games.sina.com.cn/t/n/2017-10-30/fynffnz3577044.shtml", 
            "name": "《刺客信条：起源》主流显卡测试 你的电脑还行吗？_电视游戏 ...", 
            "width": 584, 
            "imageInsightsToken": "ccid_8FCq/RAi*mid_5785C8E6BD822EA6A660C894034C1A0B1C3E9B27*simid_608049522516887032*thid_OIP.8FCq!_RAixUsmIkkNYXJucwHaHw", 
            "imageId": "5785C8E6BD822EA6A660C894034C1A0B1C3E9B27", 
            "isFamilyFriendly": true, 
            "datePublished": "2017-10-30T04:26:00.0000000Z", 
            "encodingFormat": "jpeg", 
            "webSearchUrl": "https://www.bing.com/images/search?view=detailv2&FORM=OIIRPO&q=site%3a(thepaper.cn+or+chinadaily.com.cn+or+china.com.cn+or+chinanews.com+or+youth.cn+or+sina.com.cn+or+xinhuanet.com+or+cri.cn+or+163.com+or+cankaoxiaoxi.com+or+cctv.com+or+ifeng.com+or+qq.com+or+takungpao.com+or+people.com.cn+or+southcn.com+or+southcn.com+or+cnr.cn+or+people.com.cn+or+cyol.com+or+bjnews.com.cn+or+gmw.cn+or+dahe.cn+or+xfrb.com.cn+or+cqnews.net+or+lifeweek.com.cn+or+cpd.com.cn+or+haiwainet.cn+or+yidianzixun.com+or+ftchinese.com+or+guancha.cn+or+zhcw.com+or+huanqiu.com+or+ihuawen.com+or+nytimes.com+or+flickr.com+or+quanjing.com+or+vcg.com+or+gettyimages.co.uk+or+paixin.com)+%e6%83%b3%e8%a6%81+%e5%b8%a6%e6%9d%a5+%e8%a1%a8%e7%8e%b0&id=5785C8E6BD822EA6A660C894034C1A0B1C3E9B27&simid=608049522516887032", 
            "hostPageUrl": "http://games.sina.com.cn/t/n/2017-10-30/fynffnz3577044.shtml", 
            "thumbnailUrl": "https://tse4.mm.bing.net/th?id=OIP.8FCq_RAixUsmIkkNYXJucwHaHw&pid=Api", 
            "thumbnail": {
                "width": 474, 
                "height": 496
            }, 
            "contentSize": "68343 B"
        }, 
        {
            "contentUrl": "http://cs.sina.com.cn/minisite/2011bak/20130411_00021.jpg", 
            "insightsMetadata": {
                "pagesIncludingCount": 8, 
                "availableSizesCount": 5
            }, 
            "height": 413, 
            "accentColor": "AA2821", 
            "hostPageDisplayUrl": "cs.sina.com.cn/minisite/news/201304114004.html", 
            "name": "是你吗？明基自拍神器G1寻找中国“模”力女孩！_新浪网", 
            "width": 573, 
            "imageInsightsToken": "ccid_0S4ZZM9R*mid_CB6222A810DEF9D1730BB5718C478223D5C5ACB1*simid_608042221070582116*thid_OIP.0S4ZZM9Rx2DwO8YUtfAFaQEsDY", 
            "imageId": "CB6222A810DEF9D1730BB5718C478223D5C5ACB1", 
            "isFamilyFriendly": false, 
            "datePublished": "2018-03-06T20:02:00.0000000Z", 
            "encodingFormat": "jpeg", 
            "webSearchUrl": "https://www.bing.com/images/search?view=detailv2&FORM=OIIRPO&q=site%3a(thepaper.cn+or+chinadaily.com.cn+or+china.com.cn+or+chinanews.com+or+youth.cn+or+sina.com.cn+or+xinhuanet.com+or+cri.cn+or+163.com+or+cankaoxiaoxi.com+or+cctv.com+or+ifeng.com+or+qq.com+or+takungpao.com+or+people.com.cn+or+southcn.com+or+southcn.com+or+cnr.cn+or+people.com.cn+or+cyol.com+or+bjnews.com.cn+or+gmw.cn+or+dahe.cn+or+xfrb.com.cn+or+cqnews.net+or+lifeweek.com.cn+or+cpd.com.cn+or+haiwainet.cn+or+yidianzixun.com+or+ftchinese.com+or+guancha.cn+or+zhcw.com+or+huanqiu.com+or+ihuawen.com+or+nytimes.com+or+flickr.com+or+quanjing.com+or+vcg.com+or+gettyimages.co.uk+or+paixin.com)+%e6%83%b3%e8%a6%81+%e5%b8%a6%e6%9d%a5+%e8%a1%a8%e7%8e%b0&id=CB6222A810DEF9D1730BB5718C478223D5C5ACB1&simid=608042221070582116", 
            "hostPageUrl": "http://cs.sina.com.cn/minisite/news/201304114004.html", 
            "thumbnailUrl": "https://tse2.explicit.bing.net/th?id=OIP.0S4ZZM9Rx2DwO8YUtfAFaQEsDY&pid=Api", 
            "thumbnail": {
                "width": 474, 
                "height": 341
            }, 
            "contentSize": "34279 B"
        }, 
        {
            "contentUrl": "http://n.sinaimg.cn/translate/20160405/1GSv-fxqxcnp8612795.jpg", 
            "insightsMetadata": {
                "pagesIncludingCount": 63, 
                "availableSizesCount": 41
            }, 
            "height": 429, 
            "accentColor": "694239", 
            "hostPageDisplayUrl": "finance.sina.com.cn/zl/2016-04-05/zl-ifxqxcnp8612803.shtml", 
            "name": "中国不是世界的“洗钱天堂”_新浪财经_新浪网", 
            "width": 600, 
            "imageInsightsToken": "ccid_x2pfnOEm*mid_902C27E7A49249797776FD8FD4DFB4FA584F6377*simid_608014235105561267*thid_OIP.x2pfnOEm68otTXYi6xHHzgHaFS", 
            "imageId": "902C27E7A49249797776FD8FD4DFB4FA584F6377", 
            "isFamilyFriendly": true, 
            "datePublished": "2018-03-05T08:57:00.0000000Z", 
            "encodingFormat": "jpeg", 
            "webSearchUrl": "https://www.bing.com/images/search?view=detailv2&FORM=OIIRPO&q=site%3a(thepaper.cn+or+chinadaily.com.cn+or+china.com.cn+or+chinanews.com+or+youth.cn+or+sina.com.cn+or+xinhuanet.com+or+cri.cn+or+163.com+or+cankaoxiaoxi.com+or+cctv.com+or+ifeng.com+or+qq.com+or+takungpao.com+or+people.com.cn+or+southcn.com+or+southcn.com+or+cnr.cn+or+people.com.cn+or+cyol.com+or+bjnews.com.cn+or+gmw.cn+or+dahe.cn+or+xfrb.com.cn+or+cqnews.net+or+lifeweek.com.cn+or+cpd.com.cn+or+haiwainet.cn+or+yidianzixun.com+or+ftchinese.com+or+guancha.cn+or+zhcw.com+or+huanqiu.com+or+ihuawen.com+or+nytimes.com+or+flickr.com+or+quanjing.com+or+vcg.com+or+gettyimages.co.uk+or+paixin.com)+%e6%83%b3%e8%a6%81+%e5%b8%a6%e6%9d%a5+%e8%a1%a8%e7%8e%b0&id=902C27E7A49249797776FD8FD4DFB4FA584F6377&simid=608014235105561267", 
            "hostPageUrl": "http://finance.sina.com.cn/zl/2016-04-05/zl-ifxqxcnp8612803.shtml", 
            "thumbnailUrl": "https://tse2.mm.bing.net/th?id=OIP.x2pfnOEm68otTXYi6xHHzgHaFS&pid=Api", 
            "thumbnail": {
                "width": 474, 
                "height": 338
            }, 
            "contentSize": "25685 B"
        }, 
        {
            "contentUrl": "http://p0.ifengimg.com/pmop/2018/0612/BBBB6F9FE28F8171520BBC269F2A32D6BE587B4E_size634_w1049_h588.png", 
            "insightsMetadata": {
                "pagesIncludingCount": 2, 
                "availableSizesCount": 1
            }, 
            "height": 588, 
            "accentColor": "45676D", 
            "hostPageDisplayUrl": "auto.ifeng.com/quanmeiti/20180612/1192233.shtml", 
            "name": "这SUV油耗5.6升，顶配不到14万，新增车联网，你还想要啥？_凤凰 ...", 
            "width": 1049, 
            "imageInsightsToken": "ccid_D9BHpaDC*mid_530207DB6693CE714AE867692BE3CECCB5F8405E*simid_608008763275020582*thid_OIP.D9BHpaDCSAcguBXf6HIzqQHaEJ", 
            "imageId": "530207DB6693CE714AE867692BE3CECCB5F8405E", 
            "isFamilyFriendly": true, 
            "datePublished": "2018-06-12T10:22:00.0000000Z", 
            "encodingFormat": "png", 
            "webSearchUrl": "https://www.bing.com/images/search?view=detailv2&FORM=OIIRPO&q=site%3a(thepaper.cn+or+chinadaily.com.cn+or+china.com.cn+or+chinanews.com+or+youth.cn+or+sina.com.cn+or+xinhuanet.com+or+cri.cn+or+163.com+or+cankaoxiaoxi.com+or+cctv.com+or+ifeng.com+or+qq.com+or+takungpao.com+or+people.com.cn+or+southcn.com+or+southcn.com+or+cnr.cn+or+people.com.cn+or+cyol.com+or+bjnews.com.cn+or+gmw.cn+or+dahe.cn+or+xfrb.com.cn+or+cqnews.net+or+lifeweek.com.cn+or+cpd.com.cn+or+haiwainet.cn+or+yidianzixun.com+or+ftchinese.com+or+guancha.cn+or+zhcw.com+or+huanqiu.com+or+ihuawen.com+or+nytimes.com+or+flickr.com+or+quanjing.com+or+vcg.com+or+gettyimages.co.uk+or+paixin.com)+%e6%83%b3%e8%a6%81+%e5%b8%a6%e6%9d%a5+%e8%a1%a8%e7%8e%b0&id=530207DB6693CE714AE867692BE3CECCB5F8405E&simid=608008763275020582", 
            "hostPageUrl": "http://auto.ifeng.com/quanmeiti/20180612/1192233.shtml", 
            "thumbnailUrl": "https://tse4.mm.bing.net/th?id=OIP.D9BHpaDCSAcguBXf6HIzqQHaEJ&pid=Api", 
            "thumbnail": {
                "width": 474, 
                "height": 265
            }, 
            "contentSize": "649984 B"
        }, 
        {
            "contentUrl": "http://n.sinaimg.cn/translate/20171110/Z1vd-fynstfh3735590.jpg", 
            "insightsMetadata": {
                "pagesIncludingCount": 1, 
                "availableSizesCount": 1
            }, 
            "height": 444, 
            "accentColor": "A24A29", 
            "hostPageDisplayUrl": "tech.sina.com.cn/roll/2017-11-10/doc-ifynrsrf3494419.shtml", 
            "name": "就算有着无数光环 微软IE3.0蓝影增强版卖的却并非那份情怀|增强 ...", 
            "width": 666, 
            "imageInsightsToken": "ccid_cBJt2ZZP*mid_BCF373146ED9840EA4E2665909370E7946870A5E*simid_608030521558699783*thid_OIP.cBJt2ZZP3RztCEg!_EsUKvAHaE8", 
            "imageId": "BCF373146ED9840EA4E2665909370E7946870A5E", 
            "isFamilyFriendly": true, 
            "datePublished": "2017-11-10T06:11:00.0000000Z", 
            "encodingFormat": "jpeg", 
            "webSearchUrl": "https://www.bing.com/images/search?view=detailv2&FORM=OIIRPO&q=site%3a(thepaper.cn+or+chinadaily.com.cn+or+china.com.cn+or+chinanews.com+or+youth.cn+or+sina.com.cn+or+xinhuanet.com+or+cri.cn+or+163.com+or+cankaoxiaoxi.com+or+cctv.com+or+ifeng.com+or+qq.com+or+takungpao.com+or+people.com.cn+or+southcn.com+or+southcn.com+or+cnr.cn+or+people.com.cn+or+cyol.com+or+bjnews.com.cn+or+gmw.cn+or+dahe.cn+or+xfrb.com.cn+or+cqnews.net+or+lifeweek.com.cn+or+cpd.com.cn+or+haiwainet.cn+or+yidianzixun.com+or+ftchinese.com+or+guancha.cn+or+zhcw.com+or+huanqiu.com+or+ihuawen.com+or+nytimes.com+or+flickr.com+or+quanjing.com+or+vcg.com+or+gettyimages.co.uk+or+paixin.com)+%e6%83%b3%e8%a6%81+%e5%b8%a6%e6%9d%a5+%e8%a1%a8%e7%8e%b0&id=BCF373146ED9840EA4E2665909370E7946870A5E&simid=608030521558699783", 
            "hostPageUrl": "http://tech.sina.com.cn/roll/2017-11-10/doc-ifynrsrf3494419.shtml", 
            "thumbnailUrl": "https://tse2.mm.bing.net/th?id=OIP.cBJt2ZZP3RztCEg_EsUKvAHaE8&pid=Api", 
            "thumbnail": {
                "width": 474, 
                "height": 316
            }, 
            "contentSize": "28371 B"
        }, 
        {
            "contentUrl": "http://a0.ifengimg.com/autoimg/28/00/2200028_8.jpg", 
            "insightsMetadata": {
                "pagesIncludingCount": 2, 
                "availableSizesCount": 1
            }, 
            "height": 370, 
            "accentColor": "861C19", 
            "hostPageDisplayUrl": "auto.ifeng.com/daogou/20141122/1030366_3.shtml", 
            "name": "乘坐空间表现相近，启悦利用率更高_凤凰网汽车_凤凰网", 
            "width": 555, 
            "imageInsightsToken": "ccid_XDYGVsCf*mid_1C00B655A40D1F90FD1FF193F2113E45C9B01244*simid_608034747809140019*thid_OIP.XDYGVsCfOgb2SoHt5dzBdAHaE8", 
            "imageId": "1C00B655A40D1F90FD1FF193F2113E45C9B01244", 
            "isFamilyFriendly": true, 
            "datePublished": "2014-11-22T00:37:00.0000000Z", 
            "encodingFormat": "jpeg", 
            "webSearchUrl": "https://www.bing.com/images/search?view=detailv2&FORM=OIIRPO&q=site%3a(thepaper.cn+or+chinadaily.com.cn+or+china.com.cn+or+chinanews.com+or+youth.cn+or+sina.com.cn+or+xinhuanet.com+or+cri.cn+or+163.com+or+cankaoxiaoxi.com+or+cctv.com+or+ifeng.com+or+qq.com+or+takungpao.com+or+people.com.cn+or+southcn.com+or+southcn.com+or+cnr.cn+or+people.com.cn+or+cyol.com+or+bjnews.com.cn+or+gmw.cn+or+dahe.cn+or+xfrb.com.cn+or+cqnews.net+or+lifeweek.com.cn+or+cpd.com.cn+or+haiwainet.cn+or+yidianzixun.com+or+ftchinese.com+or+guancha.cn+or+zhcw.com+or+huanqiu.com+or+ihuawen.com+or+nytimes.com+or+flickr.com+or+quanjing.com+or+vcg.com+or+gettyimages.co.uk+or+paixin.com)+%e6%83%b3%e8%a6%81+%e5%b8%a6%e6%9d%a5+%e8%a1%a8%e7%8e%b0&id=1C00B655A40D1F90FD1FF193F2113E45C9B01244&simid=608034747809140019", 
            "hostPageUrl": "http://auto.ifeng.com/daogou/20141122/1030366_3.shtml", 
            "thumbnailUrl": "https://tse3.mm.bing.net/th?id=OIP.XDYGVsCfOgb2SoHt5dzBdAHaE8&pid=Api", 
            "thumbnail": {
                "width": 474, 
                "height": 316
            }, 
            "contentSize": "76575 B"
        }
    ], 
    "nextOffset": 10, 
    "queryContext": {
        "alterationMethod": "AM_JustChangeIt", 
        "alterationType": "CombinedAlterationsChained", 
        "originalQuery": "site:(thepaper.cn or chinadaily.com.cn or china.com.cn or chinanews.com or youth.cn or sina.com.cn or xinhuanet.com or cri.cn or 163.com or cankaoxiaoxi.com or cctv.com or ifeng.com or qq.com or takungpao.com or people.com.cn or southcn.com or southcn.com or cnr.cn or people.com.cn or cyol.com or bjnews.com.cn or gmw.cn or dahe.cn or xfrb.com.cn or cqnews.net or lifeweek.com.cn or cpd.com.cn or haiwainet.cn or yidianzixun.com or ftchinese.com or guancha.cn or zhcw.com or huanqiu.com or ihuawen.com or nytimes.com or flickr.com or quanjing.com or vcg.com or gettyimages.co.uk or paixin.com) 想要 带来 表现", 
        "alterationOverrideQuery": "+site:(thepaper.cn or chinadaily.com.cn or china.com.cn or chinanews.com or youth.cn or sina.com.cn or xinhuanet.com or cri.cn or 163.com or cankaoxiaoxi.com or cctv.com or ifeng.com or qq.com or takungpao.com or people.com.cn or southcn.com or southcn.com or cnr.cn or people.com.cn or cyol.com or bjnews.com.cn or gmw.cn or dahe.cn or xfrb.com.cn or cqnews.net or lifeweek.com.cn or cpd.com.cn or haiwainet.cn or yidianzixun.com or ftchinese.com or guancha.cn or zhcw.com or huanqiu.com or ihuawen.com or nytimes.com or flickr.com or quanjing.com or vcg.com or gettyimages.co.uk or paixin.com) 想要 带来 表现", 
        "alterationDisplayQuery": "想 要 带来 表现"
    }, 
    "currentOffset": 0, 
    "readLink": "images/search?q=site:(thepaper.cn or chinadaily.com.cn or china.com.cn or chinanews.com or youth.cn or sina.com.cn or xinhuanet.com or cri.cn or 163.com or cankaoxiaoxi.com or cctv.com or ifeng.com or qq.com or takungpao.com or people.com.cn or southcn.com or southcn.com or cnr.cn or people.com.cn or cyol.com or bjnews.com.cn or gmw.cn or dahe.cn or xfrb.com.cn or cqnews.net or lifeweek.com.cn or cpd.com.cn or haiwainet.cn or yidianzixun.com or ftchinese.com or guancha.cn or zhcw.com or huanqiu.com or ihuawen.com or nytimes.com or flickr.com or quanjing.com or vcg.com or gettyimages.co.uk or paixin.com) 想要 带来 表现", 
    "totalEstimatedMatches": 100, 
    "relatedSearches": [
        {
            "text": "第1彈想要波多野結衣", 
            "displayText": "第1彈想要波多野結衣", 
            "thumbnail": {
                "thumbnailUrl": "https://tse3.mm.bing.net/th?q=%e7%ac%ac1%e5%bd%88%e6%83%b3%e8%a6%81%e6%b3%a2%e5%a4%9a%e9%87%8e%e7%b5%90%e8%a1%a3&pid=Api&mkt=zh-CN&adlt=strict&t=1"
            }, 
            "searchLink": "https://api.cognitive.microsoft.com/api/v7/images/search?q=%e7%ac%ac1%e5%bd%88%e6%83%b3%e8%a6%81%e6%b3%a2%e5%a4%9a%e9%87%8e%e7%b5%90%e8%a1%a3", 
            "webSearchUrl": "https://www.bing.com/images/search?q=%e7%ac%ac1%e5%bd%88%e6%83%b3%e8%a6%81%e6%b3%a2%e5%a4%9a%e9%87%8e%e7%b5%90%e8%a1%a3&FORM=IRPATC"
        }, 
        {
            "text": "袋鼠想要淹死狗", 
            "displayText": "袋鼠想要淹死狗", 
            "thumbnail": {
                "thumbnailUrl": "https://tse3.mm.bing.net/th?q=%e8%a2%8b%e9%bc%a0%e6%83%b3%e8%a6%81%e6%b7%b9%e6%ad%bb%e7%8b%97&pid=Api&mkt=zh-CN&adlt=strict&t=1"
            }, 
            "searchLink": "https://api.cognitive.microsoft.com/api/v7/images/search?q=%e8%a2%8b%e9%bc%a0%e6%83%b3%e8%a6%81%e6%b7%b9%e6%ad%bb%e7%8b%97", 
            "webSearchUrl": "https://www.bing.com/images/search?q=%e8%a2%8b%e9%bc%a0%e6%83%b3%e8%a6%81%e6%b7%b9%e6%ad%bb%e7%8b%97&FORM=IRPATC"
        }, 
        {
            "text": "想要双飞的少女", 
            "displayText": "想要双飞的少女", 
            "thumbnail": {
                "thumbnailUrl": "https://tse1.mm.bing.net/th?q=%e6%83%b3%e8%a6%81%e5%8f%8c%e9%a3%9e%e7%9a%84%e5%b0%91%e5%a5%b3&pid=Api&mkt=zh-CN&adlt=strict&t=1"
            }, 
            "searchLink": "https://api.cognitive.microsoft.com/api/v7/images/search?q=%e6%83%b3%e8%a6%81%e5%8f%8c%e9%a3%9e%e7%9a%84%e5%b0%91%e5%a5%b3", 
            "webSearchUrl": "https://www.bing.com/images/search?q=%e6%83%b3%e8%a6%81%e5%8f%8c%e9%a3%9e%e7%9a%84%e5%b0%91%e5%a5%b3&FORM=IRPATC"
        }, 
        {
            "text": "张震岳 我想要的感觉", 
            "displayText": "张震岳 我想要的感觉", 
            "thumbnail": {
                "thumbnailUrl": "https://tse4.mm.bing.net/th?q=%e5%bc%a0%e9%9c%87%e5%b2%b3+%e6%88%91%e6%83%b3%e8%a6%81%e7%9a%84%e6%84%9f%e8%a7%89&pid=Api&mkt=zh-CN&adlt=strict&t=1"
            }, 
            "searchLink": "https://api.cognitive.microsoft.com/api/v7/images/search?q=%e5%bc%a0%e9%9c%87%e5%b2%b3+%e6%88%91%e6%83%b3%e8%a6%81%e7%9a%84%e6%84%9f%e8%a7%89", 
            "webSearchUrl": "https://www.bing.com/images/search?q=%e5%bc%a0%e9%9c%87%e5%b2%b3+%e6%88%91%e6%83%b3%e8%a6%81%e7%9a%84%e6%84%9f%e8%a7%89&FORM=IRPATC"
        }, 
        {
            "text": "我想要成为世界最强", 
            "displayText": "我想要成为世界最强", 
            "thumbnail": {
                "thumbnailUrl": "https://tse4.mm.bing.net/th?q=%e6%88%91%e6%83%b3%e8%a6%81%e6%88%90%e4%b8%ba%e4%b8%96%e7%95%8c%e6%9c%80%e5%bc%ba&pid=Api&mkt=zh-CN&adlt=strict&t=1"
            }, 
            "searchLink": "https://api.cognitive.microsoft.com/api/v7/images/search?q=%e6%88%91%e6%83%b3%e8%a6%81%e6%88%90%e4%b8%ba%e4%b8%96%e7%95%8c%e6%9c%80%e5%bc%ba", 
            "webSearchUrl": "https://www.bing.com/images/search?q=%e6%88%91%e6%83%b3%e8%a6%81%e6%88%90%e4%b8%ba%e4%b8%96%e7%95%8c%e6%9c%80%e5%bc%ba&FORM=IRPATC"
        }, 
        {
            "text": "女人最想要的是什么", 
            "displayText": "女人最想要的是什么", 
            "thumbnail": {
                "thumbnailUrl": "https://tse1.mm.bing.net/th?q=%e5%a5%b3%e4%ba%ba%e6%9c%80%e6%83%b3%e8%a6%81%e7%9a%84%e6%98%af%e4%bb%80%e4%b9%88&pid=Api&mkt=zh-CN&adlt=strict&t=1"
            }, 
            "searchLink": "https://api.cognitive.microsoft.com/api/v7/images/search?q=%e5%a5%b3%e4%ba%ba%e6%9c%80%e6%83%b3%e8%a6%81%e7%9a%84%e6%98%af%e4%bb%80%e4%b9%88", 
            "webSearchUrl": "https://www.bing.com/images/search?q=%e5%a5%b3%e4%ba%ba%e6%9c%80%e6%83%b3%e8%a6%81%e7%9a%84%e6%98%af%e4%bb%80%e4%b9%88&FORM=IRPATC"
        }, 
        {
            "text": "哥哥我想要", 
            "displayText": "哥哥我想要", 
            "thumbnail": {
                "thumbnailUrl": "https://tse4.mm.bing.net/th?q=%e5%93%a5%e5%93%a5%e6%88%91%e6%83%b3%e8%a6%81&pid=Api&mkt=zh-CN&adlt=strict&t=1"
            }, 
            "searchLink": "https://api.cognitive.microsoft.com/api/v7/images/search?q=%e5%93%a5%e5%93%a5%e6%88%91%e6%83%b3%e8%a6%81", 
            "webSearchUrl": "https://www.bing.com/images/search?q=%e5%93%a5%e5%93%a5%e6%88%91%e6%83%b3%e8%a6%81&FORM=IRPATC"
        }, 
        {
            "text": "我想要的是熊猫图片不 熊猫", 
            "displayText": "我想要的是熊猫图片不 熊猫", 
            "thumbnail": {
                "thumbnailUrl": "https://tse3.mm.bing.net/th?q=%e6%88%91%e6%83%b3%e8%a6%81%e7%9a%84%e6%98%af%e7%86%8a%e7%8c%ab%e5%9b%be%e7%89%87%e4%b8%8d+%e7%86%8a%e7%8c%ab&pid=Api&mkt=zh-CN&adlt=strict&t=1"
            }, 
            "searchLink": "https://api.cognitive.microsoft.com/api/v7/images/search?q=%e6%88%91%e6%83%b3%e8%a6%81%e7%9a%84%e6%98%af%e7%86%8a%e7%8c%ab%e5%9b%be%e7%89%87%e4%b8%8d+%e7%86%8a%e7%8c%ab", 
            "webSearchUrl": "https://www.bing.com/images/search?q=%e6%88%91%e6%83%b3%e8%a6%81%e7%9a%84%e6%98%af%e7%86%8a%e7%8c%ab%e5%9b%be%e7%89%87%e4%b8%8d+%e7%86%8a%e7%8c%ab&FORM=IRPATC"
        }, 
        {
            "text": "我想要的感觉", 
            "displayText": "我想要的感觉", 
            "thumbnail": {
                "thumbnailUrl": "https://tse2.mm.bing.net/th?q=%e6%88%91%e6%83%b3%e8%a6%81%e7%9a%84%e6%84%9f%e8%a7%89&pid=Api&mkt=zh-CN&adlt=strict&t=1"
            }, 
            "searchLink": "https://api.cognitive.microsoft.com/api/v7/images/search?q=%e6%88%91%e6%83%b3%e8%a6%81%e7%9a%84%e6%84%9f%e8%a7%89", 
            "webSearchUrl": "https://www.bing.com/images/search?q=%e6%88%91%e6%83%b3%e8%a6%81%e7%9a%84%e6%84%9f%e8%a7%89&FORM=IRPATC"
        }, 
        {
            "text": "栗色的小兔子想要去睡觉了", 
            "displayText": "栗色的小兔子想要去睡觉了", 
            "thumbnail": {
                "thumbnailUrl": "https://tse2.mm.bing.net/th?q=%e6%a0%97%e8%89%b2%e7%9a%84%e5%b0%8f%e5%85%94%e5%ad%90%e6%83%b3%e8%a6%81%e5%8e%bb%e7%9d%a1%e8%a7%89%e4%ba%86&pid=Api&mkt=zh-CN&adlt=strict&t=1"
            }, 
            "searchLink": "https://api.cognitive.microsoft.com/api/v7/images/search?q=%e6%a0%97%e8%89%b2%e7%9a%84%e5%b0%8f%e5%85%94%e5%ad%90%e6%83%b3%e8%a6%81%e5%8e%bb%e7%9d%a1%e8%a7%89%e4%ba%86", 
            "webSearchUrl": "https://www.bing.com/images/search?q=%e6%a0%97%e8%89%b2%e7%9a%84%e5%b0%8f%e5%85%94%e5%ad%90%e6%83%b3%e8%a6%81%e5%8e%bb%e7%9d%a1%e8%a7%89%e4%ba%86&FORM=IRPATC"
        }, 
        {
            "text": "想要挽回你一个人的 唯美女生头像", 
            "displayText": "想要挽回你一个人的 唯美女生头像", 
            "thumbnail": {
                "thumbnailUrl": "https://tse2.mm.bing.net/th?q=%e6%83%b3%e8%a6%81%e6%8c%bd%e5%9b%9e%e4%bd%a0%e4%b8%80%e4%b8%aa%e4%ba%ba%e7%9a%84+%e5%94%af%e7%be%8e%e5%a5%b3%e7%94%9f%e5%a4%b4%e5%83%8f&pid=Api&mkt=zh-CN&adlt=strict&t=1"
            }, 
            "searchLink": "https://api.cognitive.microsoft.com/api/v7/images/search?q=%e6%83%b3%e8%a6%81%e6%8c%bd%e5%9b%9e%e4%bd%a0%e4%b8%80%e4%b8%aa%e4%ba%ba%e7%9a%84+%e5%94%af%e7%be%8e%e5%a5%b3%e7%94%9f%e5%a4%b4%e5%83%8f", 
            "webSearchUrl": "https://www.bing.com/images/search?q=%e6%83%b3%e8%a6%81%e6%8c%bd%e5%9b%9e%e4%bd%a0%e4%b8%80%e4%b8%aa%e4%ba%ba%e7%9a%84+%e5%94%af%e7%be%8e%e5%a5%b3%e7%94%9f%e5%a4%b4%e5%83%8f&FORM=IRPATC"
        }, 
        {
            "text": "家居 想要和你拥有的家", 
            "displayText": "家居 想要和你拥有的家", 
            "thumbnail": {
                "thumbnailUrl": "https://tse4.mm.bing.net/th?q=%e5%ae%b6%e5%b1%85+%e6%83%b3%e8%a6%81%e5%92%8c%e4%bd%a0%e6%8b%a5%e6%9c%89%e7%9a%84%e5%ae%b6&pid=Api&mkt=zh-CN&adlt=strict&t=1"
            }, 
            "searchLink": "https://api.cognitive.microsoft.com/api/v7/images/search?q=%e5%ae%b6%e5%b1%85+%e6%83%b3%e8%a6%81%e5%92%8c%e4%bd%a0%e6%8b%a5%e6%9c%89%e7%9a%84%e5%ae%b6", 
            "webSearchUrl": "https://www.bing.com/images/search?q=%e5%ae%b6%e5%b1%85+%e6%83%b3%e8%a6%81%e5%92%8c%e4%bd%a0%e6%8b%a5%e6%9c%89%e7%9a%84%e5%ae%b6&FORM=IRPATC"
        }, 
        {
            "text": "我想要有个家", 
            "displayText": "我想要有个家", 
            "thumbnail": {
                "thumbnailUrl": "https://tse1.mm.bing.net/th?q=%e6%88%91%e6%83%b3%e8%a6%81%e6%9c%89%e4%b8%aa%e5%ae%b6&pid=Api&mkt=zh-CN&adlt=strict&t=1"
            }, 
            "searchLink": "https://api.cognitive.microsoft.com/api/v7/images/search?q=%e6%88%91%e6%83%b3%e8%a6%81%e6%9c%89%e4%b8%aa%e5%ae%b6", 
            "webSearchUrl": "https://www.bing.com/images/search?q=%e6%88%91%e6%83%b3%e8%a6%81%e6%9c%89%e4%b8%aa%e5%ae%b6&FORM=IRPATC"
        }, 
        {
            "text": "想要的少妇", 
            "displayText": "想要的少妇", 
            "thumbnail": {
                "thumbnailUrl": "https://tse3.mm.bing.net/th?q=%e6%83%b3%e8%a6%81%e7%9a%84%e5%b0%91%e5%a6%87&pid=Api&mkt=zh-CN&adlt=strict&t=1"
            }, 
            "searchLink": "https://api.cognitive.microsoft.com/api/v7/images/search?q=%e6%83%b3%e8%a6%81%e7%9a%84%e5%b0%91%e5%a6%87", 
            "webSearchUrl": "https://www.bing.com/images/search?q=%e6%83%b3%e8%a6%81%e7%9a%84%e5%b0%91%e5%a6%87&FORM=IRPATC"
        }, 
        {
            "text": "女人都想要的照片", 
            "displayText": "女人都想要的照片", 
            "thumbnail": {
                "thumbnailUrl": "https://tse1.mm.bing.net/th?q=%e5%a5%b3%e4%ba%ba%e9%83%bd%e6%83%b3%e8%a6%81%e7%9a%84%e7%85%a7%e7%89%87&pid=Api&mkt=zh-CN&adlt=strict&t=1"
            }, 
            "searchLink": "https://api.cognitive.microsoft.com/api/v7/images/search?q=%e5%a5%b3%e4%ba%ba%e9%83%bd%e6%83%b3%e8%a6%81%e7%9a%84%e7%85%a7%e7%89%87", 
            "webSearchUrl": "https://www.bing.com/images/search?q=%e5%a5%b3%e4%ba%ba%e9%83%bd%e6%83%b3%e8%a6%81%e7%9a%84%e7%85%a7%e7%89%87&FORM=IRPATC"
        }
    ]
}