{
    "instrumentation": {
        "_type": "ResponseInstrumentation"
    }, 
    "_type": "Images", 
    "webSearchUrl": "https://www.bing.com/images/search?q=site:(thepaper.cn or chinadaily.com.cn or china.com.cn or chinanews.com or youth.cn or sina.com.cn or xinhuanet.com or cri.cn or 163.com or cankaoxiaoxi.com or cctv.com or ifeng.com or qq.com or takungpao.com or people.com.cn or southcn.com or southcn.com or cnr.cn or people.com.cn or cyol.com or bjnews.com.cn or gmw.cn or dahe.cn or xfrb.com.cn or cqnews.net or lifeweek.com.cn or cpd.com.cn or haiwainet.cn or yidianzixun.com or ftchinese.com or guancha.cn or zhcw.com or huanqiu.com or ihuawen.com or nytimes.com or flickr.com or quanjing.com or vcg.com or gettyimages.co.uk or paixin.com) 两年 前&FORM=OIIARP", 
    "value": [
        {
            "contentUrl": "http://n.sinaimg.cn/sports/transform/20170616/2Ep7-fyhfxph0845525.jpg", 
            "insightsMetadata": {
                "pagesIncludingCount": 9, 
                "availableSizesCount": 3
            }, 
            "height": 596, 
            "accentColor": "B39718", 
            "hostPageDisplayUrl": "sports.sina.com.cn/others/volleyball/2017-06-16/doc...", 
            "name": "两年前噩梦再现！朱婷高原反应赛后被送医院输液 _排球_新浪 ...", 
            "width": 510, 
            "imageInsightsToken": "ccid_NScazDZk*mid_7F4203E946DEB4F303AC1BEF73CA0A9AC82249D3*simid_608027957425210288*thid_OIP.NScazDZkRYoN8Iif-J0LLgHaIp", 
            "imageId": "7F4203E946DEB4F303AC1BEF73CA0A9AC82249D3", 
            "isFamilyFriendly": true, 
            "datePublished": "2017-06-16T01:23:00.0000000Z", 
            "encodingFormat": "jpeg", 
            "webSearchUrl": "https://www.bing.com/images/search?view=detailv2&FORM=OIIRPO&q=site%3a(thepaper.cn+or+chinadaily.com.cn+or+china.com.cn+or+chinanews.com+or+youth.cn+or+sina.com.cn+or+xinhuanet.com+or+cri.cn+or+163.com+or+cankaoxiaoxi.com+or+cctv.com+or+ifeng.com+or+qq.com+or+takungpao.com+or+people.com.cn+or+southcn.com+or+southcn.com+or+cnr.cn+or+people.com.cn+or+cyol.com+or+bjnews.com.cn+or+gmw.cn+or+dahe.cn+or+xfrb.com.cn+or+cqnews.net+or+lifeweek.com.cn+or+cpd.com.cn+or+haiwainet.cn+or+yidianzixun.com+or+ftchinese.com+or+guancha.cn+or+zhcw.com+or+huanqiu.com+or+ihuawen.com+or+nytimes.com+or+flickr.com+or+quanjing.com+or+vcg.com+or+gettyimages.co.uk+or+paixin.com)+%e4%b8%a4%e5%b9%b4+%e5%89%8d&id=7F4203E946DEB4F303AC1BEF73CA0A9AC82249D3&simid=608027957425210288", 
            "hostPageUrl": "http://sports.sina.com.cn/others/volleyball/2017-06-16/doc-ifyhfnqa4340840.shtml", 
            "thumbnailUrl": "https://tse3.mm.bing.net/th?id=OIP.NScazDZkRYoN8Iif-J0LLgHaIp&pid=Api", 
            "thumbnail": {
                "width": 474, 
                "height": 553
            }, 
            "contentSize": "57323 B"
        }, 
        {
            "contentUrl": "http://n.sinaimg.cn/ent/transform/170/w630h1140/20181229/dqdU-hqwsysz2014581.jpg", 
            "insightsMetadata": {
                "pagesIncludingCount": 3, 
                "availableSizesCount": 3
            }, 
            "height": 1140, 
            "accentColor": "2D559E", 
            "hostPageDisplayUrl": "ent.sina.com.cn/s/m/2018-12-29/doc-ihqfskcn2444879.shtml", 
            "name": "谢娜回应穿两年前外套被夸节俭:一般一般全国第三|谢娜|大衣 ...", 
            "width": 630, 
            "imageInsightsToken": "ccid_IiSrF7jS*mid_8D51BD740820D5D523D2B7C552A5D5A5DF2BC156*simid_608029774199917590*thid_OIP.IiSrF7jSk!_!_lyMyF0qpl5QHaNZ", 
            "imageId": "8D51BD740820D5D523D2B7C552A5D5A5DF2BC156", 
            "isFamilyFriendly": true, 
            "datePublished": "2018-12-29T10:03:00.0000000Z", 
            "encodingFormat": "jpeg", 
            "webSearchUrl": "https://www.bing.com/images/search?view=detailv2&FORM=OIIRPO&q=site%3a(thepaper.cn+or+chinadaily.com.cn+or+china.com.cn+or+chinanews.com+or+youth.cn+or+sina.com.cn+or+xinhuanet.com+or+cri.cn+or+163.com+or+cankaoxiaoxi.com+or+cctv.com+or+ifeng.com+or+qq.com+or+takungpao.com+or+people.com.cn+or+southcn.com+or+southcn.com+or+cnr.cn+or+people.com.cn+or+cyol.com+or+bjnews.com.cn+or+gmw.cn+or+dahe.cn+or+xfrb.com.cn+or+cqnews.net+or+lifeweek.com.cn+or+cpd.com.cn+or+haiwainet.cn+or+yidianzixun.com+or+ftchinese.com+or+guancha.cn+or+zhcw.com+or+huanqiu.com+or+ihuawen.com+or+nytimes.com+or+flickr.com+or+quanjing.com+or+vcg.com+or+gettyimages.co.uk+or+paixin.com)+%e4%b8%a4%e5%b9%b4+%e5%89%8d&id=8D51BD740820D5D523D2B7C552A5D5A5DF2BC156&simid=608029774199917590", 
            "hostPageUrl": "http://ent.sina.com.cn/s/m/2018-12-29/doc-ihqfskcn2444879.shtml", 
            "thumbnailUrl": "https://tse4.mm.bing.net/th?id=OIP.IiSrF7jSk__lyMyF0qpl5QHaNZ&pid=Api", 
            "thumbnail": {
                "width": 474, 
                "height": 857
            }, 
            "contentSize": "81253 B"
        }, 
        {
            "contentUrl": "http://n.sinaimg.cn/news/transform/20170203/MVSJ-fyafcyx6773791.jpg", 
            "insightsMetadata": {
                "pagesIncludingCount": 4, 
                "availableSizesCount": 1
            }, 
            "height": 886, 
            "accentColor": "787F4C", 
            "hostPageDisplayUrl": "news.sina.com.cn/s/wh/2017-02-03/doc-ifyafcyw0001718...", 
            "name": "两年前春节孙子丢失 老汉跑遍大半中国仍无线索|春节|走失_新浪 ...", 
            "width": 500, 
            "imageInsightsToken": "ccid_5V6qSxgJ*mid_C7810477ABD5CA18F3ED3322102BB12343C3EA0F*simid_608013015331834192*thid_OIP.5V6qSxgJHpqRN0CPi2NSAwHaNH", 
            "imageId": "C7810477ABD5CA18F3ED3322102BB12343C3EA0F", 
            "isFamilyFriendly": true, 
            "datePublished": "2018-03-23T17:04:00.0000000Z", 
            "encodingFormat": "jpeg", 
            "webSearchUrl": "https://www.bing.com/images/search?view=detailv2&FORM=OIIRPO&q=site%3a(thepaper.cn+or+chinadaily.com.cn+or+china.com.cn+or+chinanews.com+or+youth.cn+or+sina.com.cn+or+xinhuanet.com+or+cri.cn+or+163.com+or+cankaoxiaoxi.com+or+cctv.com+or+ifeng.com+or+qq.com+or+takungpao.com+or+people.com.cn+or+southcn.com+or+southcn.com+or+cnr.cn+or+people.com.cn+or+cyol.com+or+bjnews.com.cn+or+gmw.cn+or+dahe.cn+or+xfrb.com.cn+or+cqnews.net+or+lifeweek.com.cn+or+cpd.com.cn+or+haiwainet.cn+or+yidianzixun.com+or+ftchinese.com+or+guancha.cn+or+zhcw.com+or+huanqiu.com+or+ihuawen.com+or+nytimes.com+or+flickr.com+or+quanjing.com+or+vcg.com+or+gettyimages.co.uk+or+paixin.com)+%e4%b8%a4%e5%b9%b4+%e5%89%8d&id=C7810477ABD5CA18F3ED3322102BB12343C3EA0F&simid=608013015331834192", 
            "hostPageUrl": "http://news.sina.com.cn/s/wh/2017-02-03/doc-ifyafcyw0001718.shtml?cre=newspagepc&r=9", 
            "thumbnailUrl": "https://tse4.mm.bing.net/th?id=OIP.5V6qSxgJHpqRN0CPi2NSAwHaNH&pid=Api", 
            "thumbnail": {
                "width": 474, 
                "height": 839
            }, 
            "contentSize": "53243 B"
        }, 
        {
            "contentUrl": "http://img1.gtimg.com/jiangsu/pics/hv1/150/140/2091/136003125.png", 
            "insightsMetadata": {
                "pagesIncludingCount": 1, 
                "availableSizesCount": 1
            }, 
            "height": 535, 
            "accentColor": "B18D1A", 
            "hostPageDisplayUrl": "js.qq.com/a/20160630/010014.htm", 
            "name": "市民两年前捡个“宝贝” 结果落下终身残疾_大苏网_腾讯网", 
            "width": 401, 
            "imageInsightsToken": "ccid_p20Y54fY*mid_8B30284421F907B75F6BFA4332C65268F4A7E8E1*simid_608006821926210055*thid_OIP.p20Y54fYy-K4FM30UdvQqAAAAA", 
            "imageId": "8B30284421F907B75F6BFA4332C65268F4A7E8E1", 
            "isFamilyFriendly": true, 
            "datePublished": "2016-06-30T00:41:00.0000000Z", 
            "encodingFormat": "png", 
            "webSearchUrl": "https://www.bing.com/images/search?view=detailv2&FORM=OIIRPO&q=site%3a(thepaper.cn+or+chinadaily.com.cn+or+china.com.cn+or+chinanews.com+or+youth.cn+or+sina.com.cn+or+xinhuanet.com+or+cri.cn+or+163.com+or+cankaoxiaoxi.com+or+cctv.com+or+ifeng.com+or+qq.com+or+takungpao.com+or+people.com.cn+or+southcn.com+or+southcn.com+or+cnr.cn+or+people.com.cn+or+cyol.com+or+bjnews.com.cn+or+gmw.cn+or+dahe.cn+or+xfrb.com.cn+or+cqnews.net+or+lifeweek.com.cn+or+cpd.com.cn+or+haiwainet.cn+or+yidianzixun.com+or+ftchinese.com+or+guancha.cn+or+zhcw.com+or+huanqiu.com+or+ihuawen.com+or+nytimes.com+or+flickr.com+or+quanjing.com+or+vcg.com+or+gettyimages.co.uk+or+paixin.com)+%e4%b8%a4%e5%b9%b4+%e5%89%8d&id=8B30284421F907B75F6BFA4332C65268F4A7E8E1&simid=608006821926210055", 
            "hostPageUrl": "http://js.qq.com/a/20160630/010014.htm", 
            "thumbnailUrl": "https://tse1.mm.bing.net/th?id=OIP.p20Y54fYy-K4FM30UdvQqAAAAA&pid=Api", 
            "thumbnail": {
                "width": 401, 
                "height": 535
            }, 
            "contentSize": "312176 B"
        }, 
        {
            "contentUrl": "http://n.sinaimg.cn/sports/transform/20170727/Eua0-fyiphwc2334766.jpg", 
            "insightsMetadata": {
                "pagesIncludingCount": 4, 
                "availableSizesCount": 1
            }, 
            "height": 419, 
            "accentColor": "1D4DAE", 
            "hostPageDisplayUrl": "sports.sina.com.cn/g/pl/2017-07-27/doc-ifyinvwu2599848.shtml", 
            "name": "两年前就想离开曼联？鲁尼：这才是我的俱乐部_英格兰_新浪竞技 ...", 
            "width": 634, 
            "imageInsightsToken": "ccid_i5XBrUJB*mid_B153399C28CF7D2F77ABB61394720C16414F7FDD*simid_608041473739327059*thid_OIP.i5XBrUJBiO-iIXqfi1lycQHaE5", 
            "imageId": "B153399C28CF7D2F77ABB61394720C16414F7FDD", 
            "isFamilyFriendly": true, 
            "datePublished": "2017-07-27T06:47:00.0000000Z", 
            "encodingFormat": "jpeg", 
            "webSearchUrl": "https://www.bing.com/images/search?view=detailv2&FORM=OIIRPO&q=site%3a(thepaper.cn+or+chinadaily.com.cn+or+china.com.cn+or+chinanews.com+or+youth.cn+or+sina.com.cn+or+xinhuanet.com+or+cri.cn+or+163.com+or+cankaoxiaoxi.com+or+cctv.com+or+ifeng.com+or+qq.com+or+takungpao.com+or+people.com.cn+or+southcn.com+or+southcn.com+or+cnr.cn+or+people.com.cn+or+cyol.com+or+bjnews.com.cn+or+gmw.cn+or+dahe.cn+or+xfrb.com.cn+or+cqnews.net+or+lifeweek.com.cn+or+cpd.com.cn+or+haiwainet.cn+or+yidianzixun.com+or+ftchinese.com+or+guancha.cn+or+zhcw.com+or+huanqiu.com+or+ihuawen.com+or+nytimes.com+or+flickr.com+or+quanjing.com+or+vcg.com+or+gettyimages.co.uk+or+paixin.com)+%e4%b8%a4%e5%b9%b4+%e5%89%8d&id=B153399C28CF7D2F77ABB61394720C16414F7FDD&simid=608041473739327059", 
            "hostPageUrl": "http://sports.sina.com.cn/g/pl/2017-07-27/doc-ifyinvwu2599848.shtml", 
            "thumbnailUrl": "https://tse4.mm.bing.net/th?id=OIP.i5XBrUJBiO-iIXqfi1lycQHaE5&pid=Api", 
            "thumbnail": {
                "width": 474, 
                "height": 313
            }, 
            "contentSize": "27132 B"
        }, 
        {
            "contentUrl": "http://n.sinaimg.cn/ent/transform/600/w300h300/20180820/3gfZ-hhxaafz0557564.jpg", 
            "insightsMetadata": {
                "pagesIncludingCount": 7, 
                "availableSizesCount": 1
            }, 
            "height": 300, 
            "accentColor": "B7CB00", 
            "hostPageDisplayUrl": "ent.sina.com.cn/y/youmei/2018-08-20/doc-ihhxaafz0570930...", 
            "name": "A妹两年前曾预见与戴维森订婚：我百分百会嫁他|A妹|订婚|戴维森 ...", 
            "width": 300, 
            "imageInsightsToken": "ccid_+UirK1yD*mid_32CDEF16AB624F4231DB24AB61898111325146F6*simid_607993267016302990*thid_OIP.-UirK1yDWCpk7Z-aDDo25wAAAA", 
            "imageId": "32CDEF16AB624F4231DB24AB61898111325146F6", 
            "isFamilyFriendly": true, 
            "datePublished": "2018-08-20T03:27:00.0000000Z", 
            "encodingFormat": "jpeg", 
            "webSearchUrl": "https://www.bing.com/images/search?view=detailv2&FORM=OIIRPO&q=site%3a(thepaper.cn+or+chinadaily.com.cn+or+china.com.cn+or+chinanews.com+or+youth.cn+or+sina.com.cn+or+xinhuanet.com+or+cri.cn+or+163.com+or+cankaoxiaoxi.com+or+cctv.com+or+ifeng.com+or+qq.com+or+takungpao.com+or+people.com.cn+or+southcn.com+or+southcn.com+or+cnr.cn+or+people.com.cn+or+cyol.com+or+bjnews.com.cn+or+gmw.cn+or+dahe.cn+or+xfrb.com.cn+or+cqnews.net+or+lifeweek.com.cn+or+cpd.com.cn+or+haiwainet.cn+or+yidianzixun.com+or+ftchinese.com+or+guancha.cn+or+zhcw.com+or+huanqiu.com+or+ihuawen.com+or+nytimes.com+or+flickr.com+or+quanjing.com+or+vcg.com+or+gettyimages.co.uk+or+paixin.com)+%e4%b8%a4%e5%b9%b4+%e5%89%8d&id=32CDEF16AB624F4231DB24AB61898111325146F6&simid=607993267016302990", 
            "hostPageUrl": "http://ent.sina.com.cn/y/youmei/2018-08-20/doc-ihhxaafz0570930.shtml", 
            "thumbnailUrl": "https://tse4.mm.bing.net/th?id=OIP.-UirK1yDWCpk7Z-aDDo25wAAAA&pid=Api", 
            "thumbnail": {
                "width": 300, 
                "height": 300
            }, 
            "contentSize": "29524 B"
        }, 
        {
            "contentUrl": "http://img3.cache.netease.com/house/2016/5/13/201605130854526884b.jpg", 
            "insightsMetadata": {
                "pagesIncludingCount": 4, 
                "availableSizesCount": 1
            }, 
            "height": 266, 
            "accentColor": "694B3E", 
            "hostPageDisplayUrl": "cq.house.163.com/16/0513/08/BMUE6LQP02020SEI.html", 
            "name": "两年前买的避暑房 现在工地仍停工_网易重庆房产频道", 
            "width": 400, 
            "imageInsightsToken": "ccid_iniiF64u*mid_833E1EF7B606854195174DFB7E6C0193E2F27633*simid_608012920830821848*thid_OIP.iniiF64ulAanU8Pz0DFLeQAAAA", 
            "imageId": "833E1EF7B606854195174DFB7E6C0193E2F27633", 
            "isFamilyFriendly": true, 
            "datePublished": "2016-05-13T03:13:00.0000000Z", 
            "encodingFormat": "jpeg", 
            "webSearchUrl": "https://www.bing.com/images/search?view=detailv2&FORM=OIIRPO&q=site%3a(thepaper.cn+or+chinadaily.com.cn+or+china.com.cn+or+chinanews.com+or+youth.cn+or+sina.com.cn+or+xinhuanet.com+or+cri.cn+or+163.com+or+cankaoxiaoxi.com+or+cctv.com+or+ifeng.com+or+qq.com+or+takungpao.com+or+people.com.cn+or+southcn.com+or+southcn.com+or+cnr.cn+or+people.com.cn+or+cyol.com+or+bjnews.com.cn+or+gmw.cn+or+dahe.cn+or+xfrb.com.cn+or+cqnews.net+or+lifeweek.com.cn+or+cpd.com.cn+or+haiwainet.cn+or+yidianzixun.com+or+ftchinese.com+or+guancha.cn+or+zhcw.com+or+huanqiu.com+or+ihuawen.com+or+nytimes.com+or+flickr.com+or+quanjing.com+or+vcg.com+or+gettyimages.co.uk+or+paixin.com)+%e4%b8%a4%e5%b9%b4+%e5%89%8d&id=833E1EF7B606854195174DFB7E6C0193E2F27633&simid=608012920830821848", 
            "hostPageUrl": "http://cq.house.163.com/16/0513/08/BMUE6LQP02020SEI.html", 
            "thumbnailUrl": "https://tse4.mm.bing.net/th?id=OIP.iniiF64ulAanU8Pz0DFLeQAAAA&pid=Api", 
            "thumbnail": {
                "width": 400, 
                "height": 266
            }, 
            "contentSize": "32934 B"
        }, 
        {
            "contentUrl": "http://img1.gtimg.com/jiangsu/pics/hv1/151/140/2091/136003126.png", 
            "insightsMetadata": {
                "pagesIncludingCount": 6, 
                "availableSizesCount": 2
            }, 
            "height": 532, 
            "accentColor": "926839", 
            "hostPageDisplayUrl": "js.qq.com/a/20160630/010014.htm", 
            "name": "市民两年前捡个“宝贝” 结果落下终身残疾_大苏网_腾讯网", 
            "width": 399, 
            "imageInsightsToken": "ccid_0/YDNu11*mid_8B30284421F907B75F6BE0E55B1594686AA3BC7B*simid_608022391205006610*thid_OIP.0!_YDNu11t9Fm36WePUM!_fwAAAA", 
            "imageId": "8B30284421F907B75F6BE0E55B1594686AA3BC7B", 
            "isFamilyFriendly": false, 
            "datePublished": "2016-06-30T00:41:00.0000000Z", 
            "encodingFormat": "png", 
            "webSearchUrl": "https://www.bing.com/images/search?view=detailv2&FORM=OIIRPO&q=site%3a(thepaper.cn+or+chinadaily.com.cn+or+china.com.cn+or+chinanews.com+or+youth.cn+or+sina.com.cn+or+xinhuanet.com+or+cri.cn+or+163.com+or+cankaoxiaoxi.com+or+cctv.com+or+ifeng.com+or+qq.com+or+takungpao.com+or+people.com.cn+or+southcn.com+or+southcn.com+or+cnr.cn+or+people.com.cn+or+cyol.com+or+bjnews.com.cn+or+gmw.cn+or+dahe.cn+or+xfrb.com.cn+or+cqnews.net+or+lifeweek.com.cn+or+cpd.com.cn+or+haiwainet.cn+or+yidianzixun.com+or+ftchinese.com+or+guancha.cn+or+zhcw.com+or+huanqiu.com+or+ihuawen.com+or+nytimes.com+or+flickr.com+or+quanjing.com+or+vcg.com+or+gettyimages.co.uk+or+paixin.com)+%e4%b8%a4%e5%b9%b4+%e5%89%8d&id=8B30284421F907B75F6BE0E55B1594686AA3BC7B&simid=608022391205006610", 
            "hostPageUrl": "http://js.qq.com/a/20160630/010014.htm", 
            "thumbnailUrl": "https://tse1.explicit.bing.net/th?id=OIP.0_YDNu11t9Fm36WePUM_fwAAAA&pid=Api", 
            "thumbnail": {
                "width": 399, 
                "height": 532
            }, 
            "contentSize": "286142 B"
        }, 
        {
            "contentUrl": "http://n.sinaimg.cn/transform/20150527/nax6-cpkqeaz5712640.jpg", 
            "insightsMetadata": {
                "pagesIncludingCount": 3, 
                "availableSizesCount": 1
            }, 
            "height": 810, 
            "accentColor": "BE930D", 
            "hostPageDisplayUrl": "shenzhen.sina.com.cn/news/n/2015-05-27/detail...", 
            "name": "违建曝光已过两年 永福妇科医院顺利营业_新浪深圳_新浪网", 
            "width": 540, 
            "imageInsightsToken": "ccid_lWrSjQRi*mid_A2B10892D77AA1C8A7B2E0A86215858FAA93CD36*simid_608043634078779682*thid_OIP.lWrSjQRiQoS5!_uajNS6wLAHaLH", 
            "imageId": "A2B10892D77AA1C8A7B2E0A86215858FAA93CD36", 
            "isFamilyFriendly": true, 
            "datePublished": "2018-09-18T18:11:00.0000000Z", 
            "encodingFormat": "jpeg", 
            "webSearchUrl": "https://www.bing.com/images/search?view=detailv2&FORM=OIIRPO&q=site%3a(thepaper.cn+or+chinadaily.com.cn+or+china.com.cn+or+chinanews.com+or+youth.cn+or+sina.com.cn+or+xinhuanet.com+or+cri.cn+or+163.com+or+cankaoxiaoxi.com+or+cctv.com+or+ifeng.com+or+qq.com+or+takungpao.com+or+people.com.cn+or+southcn.com+or+southcn.com+or+cnr.cn+or+people.com.cn+or+cyol.com+or+bjnews.com.cn+or+gmw.cn+or+dahe.cn+or+xfrb.com.cn+or+cqnews.net+or+lifeweek.com.cn+or+cpd.com.cn+or+haiwainet.cn+or+yidianzixun.com+or+ftchinese.com+or+guancha.cn+or+zhcw.com+or+huanqiu.com+or+ihuawen.com+or+nytimes.com+or+flickr.com+or+quanjing.com+or+vcg.com+or+gettyimages.co.uk+or+paixin.com)+%e4%b8%a4%e5%b9%b4+%e5%89%8d&id=A2B10892D77AA1C8A7B2E0A86215858FAA93CD36&simid=608043634078779682", 
            "hostPageUrl": "http://shenzhen.sina.com.cn/news/n/2015-05-27/detail-icpkqeaz5712792.shtml?from=shenzhen_cnxh", 
            "thumbnailUrl": "https://tse2.mm.bing.net/th?id=OIP.lWrSjQRiQoS5_uajNS6wLAHaLH&pid=Api", 
            "thumbnail": {
                "width": 474, 
                "height": 711
            }, 
            "contentSize": "314942 B"
        }, 
        {
            "contentUrl": "http://himg2.huanqiu.com/attachment2010/2015/1026/20151026100040325.jpg", 
            "insightsMetadata": {
                "pagesIncludingCount": 1, 
                "availableSizesCount": 1
            }, 
            "height": 450, 
            "accentColor": "9F2C37", 
            "hostPageDisplayUrl": "tech.huanqiu.com/photo/2015-10/2806483_5.html", 
            "name": "两年前高喊着互联网思维创业的人 你们还好吗_科技_环球网", 
            "width": 640, 
            "imageInsightsToken": "ccid_A7pwNq/7*mid_E9C557E78840F502C80E2D85B79031DB0745B2F9*simid_608041615480982101*thid_OIP.A7pwNq!_7AQmz-w1qGPl!_tgHaFN", 
            "imageId": "E9C557E78840F502C80E2D85B79031DB0745B2F9", 
            "isFamilyFriendly": true, 
            "datePublished": "2018-04-24T06:18:00.0000000Z", 
            "encodingFormat": "jpeg", 
            "webSearchUrl": "https://www.bing.com/images/search?view=detailv2&FORM=OIIRPO&q=site%3a(thepaper.cn+or+chinadaily.com.cn+or+china.com.cn+or+chinanews.com+or+youth.cn+or+sina.com.cn+or+xinhuanet.com+or+cri.cn+or+163.com+or+cankaoxiaoxi.com+or+cctv.com+or+ifeng.com+or+qq.com+or+takungpao.com+or+people.com.cn+or+southcn.com+or+southcn.com+or+cnr.cn+or+people.com.cn+or+cyol.com+or+bjnews.com.cn+or+gmw.cn+or+dahe.cn+or+xfrb.com.cn+or+cqnews.net+or+lifeweek.com.cn+or+cpd.com.cn+or+haiwainet.cn+or+yidianzixun.com+or+ftchinese.com+or+guancha.cn+or+zhcw.com+or+huanqiu.com+or+ihuawen.com+or+nytimes.com+or+flickr.com+or+quanjing.com+or+vcg.com+or+gettyimages.co.uk+or+paixin.com)+%e4%b8%a4%e5%b9%b4+%e5%89%8d&id=E9C557E78840F502C80E2D85B79031DB0745B2F9&simid=608041615480982101", 
            "hostPageUrl": "http://tech.huanqiu.com/photo/2015-10/2806483_5.html", 
            "thumbnailUrl": "https://tse2.mm.bing.net/th?id=OIP.A7pwNq_7AQmz-w1qGPl_tgHaFN&pid=Api", 
            "thumbnail": {
                "width": 474, 
                "height": 333
            }, 
            "contentSize": "40341 B"
        }
    ], 
    "nextOffset": 10, 
    "queryContext": {
        "alterationMethod": "AM_JustChangeIt", 
        "alterationType": "CombinedAlterationsChained", 
        "originalQuery": "site:(thepaper.cn or chinadaily.com.cn or china.com.cn or chinanews.com or youth.cn or sina.com.cn or xinhuanet.com or cri.cn or 163.com or cankaoxiaoxi.com or cctv.com or ifeng.com or qq.com or takungpao.com or people.com.cn or southcn.com or southcn.com or cnr.cn or people.com.cn or cyol.com or bjnews.com.cn or gmw.cn or dahe.cn or xfrb.com.cn or cqnews.net or lifeweek.com.cn or cpd.com.cn or haiwainet.cn or yidianzixun.com or ftchinese.com or guancha.cn or zhcw.com or huanqiu.com or ihuawen.com or nytimes.com or flickr.com or quanjing.com or vcg.com or gettyimages.co.uk or paixin.com) 两年 前", 
        "alterationOverrideQuery": "+site:(thepaper.cn or chinadaily.com.cn or china.com.cn or chinanews.com or youth.cn or sina.com.cn or xinhuanet.com or cri.cn or 163.com or cankaoxiaoxi.com or cctv.com or ifeng.com or qq.com or takungpao.com or people.com.cn or southcn.com or southcn.com or cnr.cn or people.com.cn or cyol.com or bjnews.com.cn or gmw.cn or dahe.cn or xfrb.com.cn or cqnews.net or lifeweek.com.cn or cpd.com.cn or haiwainet.cn or yidianzixun.com or ftchinese.com or guancha.cn or zhcw.com or huanqiu.com or ihuawen.com or nytimes.com or flickr.com or quanjing.com or vcg.com or gettyimages.co.uk or paixin.com) 两年 前", 
        "alterationDisplayQuery": "两年 前"
    }, 
    "currentOffset": 0, 
    "readLink": "images/search?q=site:(thepaper.cn or chinadaily.com.cn or china.com.cn or chinanews.com or youth.cn or sina.com.cn or xinhuanet.com or cri.cn or 163.com or cankaoxiaoxi.com or cctv.com or ifeng.com or qq.com or takungpao.com or people.com.cn or southcn.com or southcn.com or cnr.cn or people.com.cn or cyol.com or bjnews.com.cn or gmw.cn or dahe.cn or xfrb.com.cn or cqnews.net or lifeweek.com.cn or cpd.com.cn or haiwainet.cn or yidianzixun.com or ftchinese.com or guancha.cn or zhcw.com or huanqiu.com or ihuawen.com or nytimes.com or flickr.com or quanjing.com or vcg.com or gettyimages.co.uk or paixin.com) 两年 前", 
    "totalEstimatedMatches": 100
}