{
    "instrumentation": {
        "_type": "ResponseInstrumentation"
    }, 
    "_type": "Images", 
    "webSearchUrl": "https://www.bing.com/images/search?q=site:(thepaper.cn or chinadaily.com.cn or china.com.cn or chinanews.com or youth.cn or sina.com.cn or xinhuanet.com or cri.cn or 163.com or cankaoxiaoxi.com or cctv.com or ifeng.com or qq.com or takungpao.com or people.com.cn or southcn.com or southcn.com or cnr.cn or people.com.cn or cyol.com or bjnews.com.cn or gmw.cn or dahe.cn or xfrb.com.cn or cqnews.net or lifeweek.com.cn or cpd.com.cn or haiwainet.cn or yidianzixun.com or ftchinese.com or guancha.cn or zhcw.com or huanqiu.com or ihuawen.com or nytimes.com or flickr.com or quanjing.com or vcg.com or gettyimages.co.uk or paixin.com) 中国 科学 副总裁&FORM=OIIARP", 
    "value": [
        {
            "contentUrl": "http://pimg.39.net/PictureLib/A/f76/20170829/org_1820485.jpg", 
            "insightsMetadata": {
                "pagesIncludingCount": 3, 
                "availableSizesCount": 2
            }, 
            "height": 295, 
            "accentColor": "BF8B0C", 
            "hostPageDisplayUrl": "science.china.com.cn/2017-08/31/content_39106428.htm", 
            "name": "波士顿科学与武汉亚心医院医学转化中心签署战略合作协议，共 ...", 
            "width": 500, 
            "imageInsightsToken": "ccid_Gv8HKuA/*mid_40137E41BF6E09BFFE6F4BC0A0C91E0C462822B4*simid_608041761491911483*thid_OIP.Gv8HKuA!_uteTcaBnKTaZggHaEX", 
            "imageId": "40137E41BF6E09BFFE6F4BC0A0C91E0C462822B4", 
            "isFamilyFriendly": true, 
            "datePublished": "2017-08-31T01:45:00.0000000Z", 
            "encodingFormat": "jpeg", 
            "webSearchUrl": "https://www.bing.com/images/search?view=detailv2&FORM=OIIRPO&q=site%3a(thepaper.cn+or+chinadaily.com.cn+or+china.com.cn+or+chinanews.com+or+youth.cn+or+sina.com.cn+or+xinhuanet.com+or+cri.cn+or+163.com+or+cankaoxiaoxi.com+or+cctv.com+or+ifeng.com+or+qq.com+or+takungpao.com+or+people.com.cn+or+southcn.com+or+southcn.com+or+cnr.cn+or+people.com.cn+or+cyol.com+or+bjnews.com.cn+or+gmw.cn+or+dahe.cn+or+xfrb.com.cn+or+cqnews.net+or+lifeweek.com.cn+or+cpd.com.cn+or+haiwainet.cn+or+yidianzixun.com+or+ftchinese.com+or+guancha.cn+or+zhcw.com+or+huanqiu.com+or+ihuawen.com+or+nytimes.com+or+flickr.com+or+quanjing.com+or+vcg.com+or+gettyimages.co.uk+or+paixin.com)+%e4%b8%ad%e5%9b%bd+%e7%a7%91%e5%ad%a6+%e5%89%af%e6%80%bb%e8%a3%81&id=40137E41BF6E09BFFE6F4BC0A0C91E0C462822B4&simid=608041761491911483", 
            "hostPageUrl": "http://science.china.com.cn/2017-08/31/content_39106428.htm", 
            "thumbnailUrl": "https://tse2.mm.bing.net/th?id=OIP.Gv8HKuA_uteTcaBnKTaZggHaEX&pid=Api", 
            "thumbnail": {
                "width": 474, 
                "height": 279
            }, 
            "contentSize": "39650 B"
        }, 
        {
            "contentUrl": "http://gongyi.sinaimg.cn/gyzx/2012-12-13/U4022P650T3D39762F161DT20121214144704.jpg", 
            "insightsMetadata": {
                "pagesIncludingCount": 2, 
                "availableSizesCount": 2
            }, 
            "height": 366, 
            "accentColor": "1063BB", 
            "hostPageDisplayUrl": "gongyi.sina.com.cn/gyzx/2012-12-13/193439762.html", 
            "name": "10位女性荣获“中国青年女科学家奖”殊荣_新浪公益_新浪网", 
            "width": 550, 
            "imageInsightsToken": "ccid_OYyYUTFN*mid_157C062F909CDAB86013BCB2D7A9892DC59D9388*simid_608014664584266505*thid_OIP.OYyYUTFN!_KNMce7c3Ro2rAHaE7", 
            "imageId": "157C062F909CDAB86013BCB2D7A9892DC59D9388", 
            "isFamilyFriendly": true, 
            "datePublished": "2018-10-25T05:45:00.0000000Z", 
            "encodingFormat": "jpeg", 
            "webSearchUrl": "https://www.bing.com/images/search?view=detailv2&FORM=OIIRPO&q=site%3a(thepaper.cn+or+chinadaily.com.cn+or+china.com.cn+or+chinanews.com+or+youth.cn+or+sina.com.cn+or+xinhuanet.com+or+cri.cn+or+163.com+or+cankaoxiaoxi.com+or+cctv.com+or+ifeng.com+or+qq.com+or+takungpao.com+or+people.com.cn+or+southcn.com+or+southcn.com+or+cnr.cn+or+people.com.cn+or+cyol.com+or+bjnews.com.cn+or+gmw.cn+or+dahe.cn+or+xfrb.com.cn+or+cqnews.net+or+lifeweek.com.cn+or+cpd.com.cn+or+haiwainet.cn+or+yidianzixun.com+or+ftchinese.com+or+guancha.cn+or+zhcw.com+or+huanqiu.com+or+ihuawen.com+or+nytimes.com+or+flickr.com+or+quanjing.com+or+vcg.com+or+gettyimages.co.uk+or+paixin.com)+%e4%b8%ad%e5%9b%bd+%e7%a7%91%e5%ad%a6+%e5%89%af%e6%80%bb%e8%a3%81&id=157C062F909CDAB86013BCB2D7A9892DC59D9388&simid=608014664584266505", 
            "hostPageUrl": "http://gongyi.sina.com.cn/gyzx/2012-12-13/193439762.html", 
            "thumbnailUrl": "https://tse1.mm.bing.net/th?id=OIP.OYyYUTFN_KNMce7c3Ro2rAHaE7&pid=Api", 
            "thumbnail": {
                "width": 474, 
                "height": 315
            }, 
            "contentSize": "25206 B"
        }, 
        {
            "contentUrl": "http://i3.sinaimg.cn/edu/2013/0924/U3834P352DT20130924172502.jpg", 
            "insightsMetadata": {
                "pagesIncludingCount": 2, 
                "availableSizesCount": 1
            }, 
            "height": 600, 
            "accentColor": "2D4961", 
            "hostPageDisplayUrl": "edu.sina.com.cn/zxx/2013-09-17/1038395585.shtml", 
            "name": "贝乐科学英语副总裁冯菲：把美国课堂搬到中国_新浪教育_新浪网", 
            "width": 399, 
            "imageInsightsToken": "ccid_L13O9l85*mid_F4CB8A5644D0F790CC1967BD0E1F72FF0745140D*simid_608004511242717170*thid_OIP.L13O9l85kK3D3jnOiX2WUQAAAA", 
            "imageId": "F4CB8A5644D0F790CC1967BD0E1F72FF0745140D", 
            "isFamilyFriendly": true, 
            "datePublished": "2013-09-17T02:45:00.0000000Z", 
            "encodingFormat": "jpeg", 
            "webSearchUrl": "https://www.bing.com/images/search?view=detailv2&FORM=OIIRPO&q=site%3a(thepaper.cn+or+chinadaily.com.cn+or+china.com.cn+or+chinanews.com+or+youth.cn+or+sina.com.cn+or+xinhuanet.com+or+cri.cn+or+163.com+or+cankaoxiaoxi.com+or+cctv.com+or+ifeng.com+or+qq.com+or+takungpao.com+or+people.com.cn+or+southcn.com+or+southcn.com+or+cnr.cn+or+people.com.cn+or+cyol.com+or+bjnews.com.cn+or+gmw.cn+or+dahe.cn+or+xfrb.com.cn+or+cqnews.net+or+lifeweek.com.cn+or+cpd.com.cn+or+haiwainet.cn+or+yidianzixun.com+or+ftchinese.com+or+guancha.cn+or+zhcw.com+or+huanqiu.com+or+ihuawen.com+or+nytimes.com+or+flickr.com+or+quanjing.com+or+vcg.com+or+gettyimages.co.uk+or+paixin.com)+%e4%b8%ad%e5%9b%bd+%e7%a7%91%e5%ad%a6+%e5%89%af%e6%80%bb%e8%a3%81&id=F4CB8A5644D0F790CC1967BD0E1F72FF0745140D&simid=608004511242717170", 
            "hostPageUrl": "http://edu.sina.com.cn/zxx/2013-09-17/1038395585.shtml", 
            "thumbnailUrl": "https://tse1.mm.bing.net/th?id=OIP.L13O9l85kK3D3jnOiX2WUQAAAA&pid=Api", 
            "thumbnail": {
                "width": 399, 
                "height": 600
            }, 
            "contentSize": "28567 B"
        }, 
        {
            "contentUrl": "http://i3.sinaimg.cn/lx/2009/0318/200931810913.jpg", 
            "insightsMetadata": {
                "pagesIncludingCount": 2, 
                "availableSizesCount": 1
            }, 
            "height": 448, 
            "accentColor": "083F76", 
            "hostPageDisplayUrl": "eladies.sina.com.cn/nx/2009/0318/1010841766.shtml", 
            "name": "欧莱雅“世界青年女科学家奖学金”获奖者施静艺_新浪女性_新浪网", 
            "width": 299, 
            "imageInsightsToken": "ccid_VGT3Fl6s*mid_1B7B324AE62BB726A98A26BECA9C66536FDA30F3*simid_608041864573028940*thid_OIP.VGT3Fl6s-NWAFQ0wGa3B1gHAEr", 
            "imageId": "1B7B324AE62BB726A98A26BECA9C66536FDA30F3", 
            "isFamilyFriendly": true, 
            "datePublished": "2018-06-02T07:54:00.0000000Z", 
            "encodingFormat": "jpeg", 
            "webSearchUrl": "https://www.bing.com/images/search?view=detailv2&FORM=OIIRPO&q=site%3a(thepaper.cn+or+chinadaily.com.cn+or+china.com.cn+or+chinanews.com+or+youth.cn+or+sina.com.cn+or+xinhuanet.com+or+cri.cn+or+163.com+or+cankaoxiaoxi.com+or+cctv.com+or+ifeng.com+or+qq.com+or+takungpao.com+or+people.com.cn+or+southcn.com+or+southcn.com+or+cnr.cn+or+people.com.cn+or+cyol.com+or+bjnews.com.cn+or+gmw.cn+or+dahe.cn+or+xfrb.com.cn+or+cqnews.net+or+lifeweek.com.cn+or+cpd.com.cn+or+haiwainet.cn+or+yidianzixun.com+or+ftchinese.com+or+guancha.cn+or+zhcw.com+or+huanqiu.com+or+ihuawen.com+or+nytimes.com+or+flickr.com+or+quanjing.com+or+vcg.com+or+gettyimages.co.uk+or+paixin.com)+%e4%b8%ad%e5%9b%bd+%e7%a7%91%e5%ad%a6+%e5%89%af%e6%80%bb%e8%a3%81&id=1B7B324AE62BB726A98A26BECA9C66536FDA30F3&simid=608041864573028940", 
            "hostPageUrl": "http://eladies.sina.com.cn/nx/2009/0318/1010841766.shtml", 
            "thumbnailUrl": "https://tse2.mm.bing.net/th?id=OIP.VGT3Fl6s-NWAFQ0wGa3B1gHAEr&pid=Api", 
            "thumbnail": {
                "width": 448, 
                "height": 299
            }, 
            "contentSize": "70813 B"
        }, 
        {
            "contentUrl": "http://www.xinhuanet.com/health/2018-08/17/1123283638_15344675816921n.jpg", 
            "insightsMetadata": {
                "pagesIncludingCount": 2, 
                "availableSizesCount": 2
            }, 
            "height": 400, 
            "accentColor": "0250C9", 
            "hostPageDisplayUrl": "www.xinhuanet.com/health/2018-08/17/c_1123283638.htm", 
            "name": "罗永庆：坚持科技创新 消灭丙肝威胁-新华网", 
            "width": 600, 
            "imageInsightsToken": "ccid_VCZACMBL*mid_04006A89D776C418E5BC6ACBFF67BD0D5BF24DF7*simid_608008144792454716*thid_OIP.VCZACMBL4K2BuS0qWNJ2FwHaE8", 
            "imageId": "04006A89D776C418E5BC6ACBFF67BD0D5BF24DF7", 
            "isFamilyFriendly": true, 
            "datePublished": "2018-08-17T01:13:00.0000000Z", 
            "encodingFormat": "jpeg", 
            "webSearchUrl": "https://www.bing.com/images/search?view=detailv2&FORM=OIIRPO&q=site%3a(thepaper.cn+or+chinadaily.com.cn+or+china.com.cn+or+chinanews.com+or+youth.cn+or+sina.com.cn+or+xinhuanet.com+or+cri.cn+or+163.com+or+cankaoxiaoxi.com+or+cctv.com+or+ifeng.com+or+qq.com+or+takungpao.com+or+people.com.cn+or+southcn.com+or+southcn.com+or+cnr.cn+or+people.com.cn+or+cyol.com+or+bjnews.com.cn+or+gmw.cn+or+dahe.cn+or+xfrb.com.cn+or+cqnews.net+or+lifeweek.com.cn+or+cpd.com.cn+or+haiwainet.cn+or+yidianzixun.com+or+ftchinese.com+or+guancha.cn+or+zhcw.com+or+huanqiu.com+or+ihuawen.com+or+nytimes.com+or+flickr.com+or+quanjing.com+or+vcg.com+or+gettyimages.co.uk+or+paixin.com)+%e4%b8%ad%e5%9b%bd+%e7%a7%91%e5%ad%a6+%e5%89%af%e6%80%bb%e8%a3%81&id=04006A89D776C418E5BC6ACBFF67BD0D5BF24DF7&simid=608008144792454716", 
            "hostPageUrl": "http://www.xinhuanet.com/health/2018-08/17/c_1123283638.htm", 
            "thumbnailUrl": "https://tse3.mm.bing.net/th?id=OIP.VCZACMBL4K2BuS0qWNJ2FwHaE8&pid=Api", 
            "thumbnail": {
                "width": 474, 
                "height": 316
            }, 
            "hostPageFavIconUrl": "https://www.bing.com/th?id=AR_6034f89765965526777239fbb6bac707&pid=Api", 
            "contentSize": "260480 B"
        }, 
        {
            "contentUrl": "http://fangtan.people.com.cn/NMediaFile/2012/0719/MAIN201207191110000355147829442.jpg", 
            "insightsMetadata": {
                "pagesIncludingCount": 2, 
                "availableSizesCount": 1
            }, 
            "height": 367, 
            "accentColor": "2054AB", 
            "hostPageDisplayUrl": "fangtan.people.com.cn/n/2012/0719/c240261-18552206.html", 
            "name": "中国辞书学会会长江蓝生，商务印书馆总经理于殿利做客强国 ...", 
            "width": 550, 
            "imageInsightsToken": "ccid_tEmGQnWe*mid_E22C7EF2962C99C713D6664D845ABAAA88EE9D4A*simid_608010073236377414*thid_OIP.tEmGQnWeJb4vKmLb8myQqgHaE8", 
            "imageId": "E22C7EF2962C99C713D6664D845ABAAA88EE9D4A", 
            "isFamilyFriendly": true, 
            "datePublished": "2012-07-19T05:12:00.0000000Z", 
            "encodingFormat": "jpeg", 
            "webSearchUrl": "https://www.bing.com/images/search?view=detailv2&FORM=OIIRPO&q=site%3a(thepaper.cn+or+chinadaily.com.cn+or+china.com.cn+or+chinanews.com+or+youth.cn+or+sina.com.cn+or+xinhuanet.com+or+cri.cn+or+163.com+or+cankaoxiaoxi.com+or+cctv.com+or+ifeng.com+or+qq.com+or+takungpao.com+or+people.com.cn+or+southcn.com+or+southcn.com+or+cnr.cn+or+people.com.cn+or+cyol.com+or+bjnews.com.cn+or+gmw.cn+or+dahe.cn+or+xfrb.com.cn+or+cqnews.net+or+lifeweek.com.cn+or+cpd.com.cn+or+haiwainet.cn+or+yidianzixun.com+or+ftchinese.com+or+guancha.cn+or+zhcw.com+or+huanqiu.com+or+ihuawen.com+or+nytimes.com+or+flickr.com+or+quanjing.com+or+vcg.com+or+gettyimages.co.uk+or+paixin.com)+%e4%b8%ad%e5%9b%bd+%e7%a7%91%e5%ad%a6+%e5%89%af%e6%80%bb%e8%a3%81&id=E22C7EF2962C99C713D6664D845ABAAA88EE9D4A&simid=608010073236377414", 
            "hostPageUrl": "http://fangtan.people.com.cn/n/2012/0719/c240261-18552206.html", 
            "thumbnailUrl": "https://tse4.mm.bing.net/th?id=OIP.tEmGQnWeJb4vKmLb8myQqgHaE8&pid=Api", 
            "thumbnail": {
                "width": 474, 
                "height": 316
            }, 
            "contentSize": "43683 B"
        }, 
        {
            "contentUrl": "http://news.xinhuanet.com/fortune/2016-03/19/128814251_14583830506831n.jpg", 
            "insightsMetadata": {
                "pagesIncludingCount": 2, 
                "availableSizesCount": 1
            }, 
            "height": 400, 
            "accentColor": "40708B", 
            "hostPageDisplayUrl": "www.chinadaily.com.cn/hqcj/xfly/2016-03-20/content...", 
            "name": "邓白氏高级副总裁：对中国“创客”有三点建议- Micro Reading", 
            "width": 600, 
            "imageInsightsToken": "ccid_lZJypSmu*mid_654410135889E096C31F0B652830B7D487BC8897*simid_608010511317142982*thid_OIP.lZJypSmuXwyWgPnnWXVcOQHaE8", 
            "imageId": "654410135889E096C31F0B652830B7D487BC8897", 
            "isFamilyFriendly": true, 
            "datePublished": "2018-03-25T13:05:00.0000000Z", 
            "encodingFormat": "jpeg", 
            "webSearchUrl": "https://www.bing.com/images/search?view=detailv2&FORM=OIIRPO&q=site%3a(thepaper.cn+or+chinadaily.com.cn+or+china.com.cn+or+chinanews.com+or+youth.cn+or+sina.com.cn+or+xinhuanet.com+or+cri.cn+or+163.com+or+cankaoxiaoxi.com+or+cctv.com+or+ifeng.com+or+qq.com+or+takungpao.com+or+people.com.cn+or+southcn.com+or+southcn.com+or+cnr.cn+or+people.com.cn+or+cyol.com+or+bjnews.com.cn+or+gmw.cn+or+dahe.cn+or+xfrb.com.cn+or+cqnews.net+or+lifeweek.com.cn+or+cpd.com.cn+or+haiwainet.cn+or+yidianzixun.com+or+ftchinese.com+or+guancha.cn+or+zhcw.com+or+huanqiu.com+or+ihuawen.com+or+nytimes.com+or+flickr.com+or+quanjing.com+or+vcg.com+or+gettyimages.co.uk+or+paixin.com)+%e4%b8%ad%e5%9b%bd+%e7%a7%91%e5%ad%a6+%e5%89%af%e6%80%bb%e8%a3%81&id=654410135889E096C31F0B652830B7D487BC8897&simid=608010511317142982", 
            "hostPageUrl": "http://www.chinadaily.com.cn/hqcj/xfly/2016-03-20/content_14616275.html", 
            "thumbnailUrl": "https://tse1.mm.bing.net/th?id=OIP.lZJypSmuXwyWgPnnWXVcOQHaE8&pid=Api", 
            "thumbnail": {
                "width": 474, 
                "height": 316
            }, 
            "hostPageFavIconUrl": "https://www.bing.com/th?id=AR_6bbc59f7064ed213027d1c4ffbd7baac&pid=Api", 
            "contentSize": "58907 B"
        }, 
        {
            "contentUrl": "http://science.china.com.cn/images/attachement/jpg/site555/20151204/74de2b6d888a17cb67a560.jpg", 
            "insightsMetadata": {
                "pagesIncludingCount": 4, 
                "availableSizesCount": 2
            }, 
            "height": 386, 
            "accentColor": "A14A2A", 
            "hostPageDisplayUrl": "science.china.com.cn/2015-12/04/content_8427300.htm", 
            "name": "腾讯公司副总裁孙忠怀荣膺2015网络视听年度人物_科学中国", 
            "width": 554, 
            "imageInsightsToken": "ccid_u++/xIgc*mid_9FD0C3380A45A5F6E8A592F11AFCDF87561599B2*simid_607992506801390345*thid_OIP.u--!_xIgc9!_aUPxDyY6W5GAHaFK", 
            "imageId": "9FD0C3380A45A5F6E8A592F11AFCDF87561599B2", 
            "isFamilyFriendly": true, 
            "datePublished": "2015-12-04T08:12:00.0000000Z", 
            "encodingFormat": "jpeg", 
            "webSearchUrl": "https://www.bing.com/images/search?view=detailv2&FORM=OIIRPO&q=site%3a(thepaper.cn+or+chinadaily.com.cn+or+china.com.cn+or+chinanews.com+or+youth.cn+or+sina.com.cn+or+xinhuanet.com+or+cri.cn+or+163.com+or+cankaoxiaoxi.com+or+cctv.com+or+ifeng.com+or+qq.com+or+takungpao.com+or+people.com.cn+or+southcn.com+or+southcn.com+or+cnr.cn+or+people.com.cn+or+cyol.com+or+bjnews.com.cn+or+gmw.cn+or+dahe.cn+or+xfrb.com.cn+or+cqnews.net+or+lifeweek.com.cn+or+cpd.com.cn+or+haiwainet.cn+or+yidianzixun.com+or+ftchinese.com+or+guancha.cn+or+zhcw.com+or+huanqiu.com+or+ihuawen.com+or+nytimes.com+or+flickr.com+or+quanjing.com+or+vcg.com+or+gettyimages.co.uk+or+paixin.com)+%e4%b8%ad%e5%9b%bd+%e7%a7%91%e5%ad%a6+%e5%89%af%e6%80%bb%e8%a3%81&id=9FD0C3380A45A5F6E8A592F11AFCDF87561599B2&simid=607992506801390345", 
            "hostPageUrl": "http://science.china.com.cn/2015-12/04/content_8427300.htm", 
            "thumbnailUrl": "https://tse4.mm.bing.net/th?id=OIP.u--_xIgc9_aUPxDyY6W5GAHaFK&pid=Api", 
            "thumbnail": {
                "width": 474, 
                "height": 330
            }, 
            "contentSize": "131780 B"
        }, 
        {
            "contentUrl": "http://www.xinhuanet.com/health/2018-07/25/1123176161_15325092872471n.jpg", 
            "insightsMetadata": {
                "pagesIncludingCount": 1, 
                "availableSizesCount": 1
            }, 
            "height": 400, 
            "accentColor": "018F78", 
            "hostPageDisplayUrl": "www.xinhuanet.com/health/2018-07/25/c_1123176161.htm", 
            "name": "中国首个泛基因型HCV单一片剂正式上市-新华网", 
            "width": 600, 
            "imageInsightsToken": "ccid_nzYQB28r*mid_8B9C723AB2144188AB5EEE46FC567255A2125803*simid_607993481760082276*thid_OIP.nzYQB28rvLprCQj7an5mtQHaE8", 
            "imageId": "8B9C723AB2144188AB5EEE46FC567255A2125803", 
            "isFamilyFriendly": true, 
            "datePublished": "2018-07-25T09:15:00.0000000Z", 
            "encodingFormat": "jpeg", 
            "webSearchUrl": "https://www.bing.com/images/search?view=detailv2&FORM=OIIRPO&q=site%3a(thepaper.cn+or+chinadaily.com.cn+or+china.com.cn+or+chinanews.com+or+youth.cn+or+sina.com.cn+or+xinhuanet.com+or+cri.cn+or+163.com+or+cankaoxiaoxi.com+or+cctv.com+or+ifeng.com+or+qq.com+or+takungpao.com+or+people.com.cn+or+southcn.com+or+southcn.com+or+cnr.cn+or+people.com.cn+or+cyol.com+or+bjnews.com.cn+or+gmw.cn+or+dahe.cn+or+xfrb.com.cn+or+cqnews.net+or+lifeweek.com.cn+or+cpd.com.cn+or+haiwainet.cn+or+yidianzixun.com+or+ftchinese.com+or+guancha.cn+or+zhcw.com+or+huanqiu.com+or+ihuawen.com+or+nytimes.com+or+flickr.com+or+quanjing.com+or+vcg.com+or+gettyimages.co.uk+or+paixin.com)+%e4%b8%ad%e5%9b%bd+%e7%a7%91%e5%ad%a6+%e5%89%af%e6%80%bb%e8%a3%81&id=8B9C723AB2144188AB5EEE46FC567255A2125803&simid=607993481760082276", 
            "hostPageUrl": "http://www.xinhuanet.com/health/2018-07/25/c_1123176161.htm", 
            "thumbnailUrl": "https://tse4.mm.bing.net/th?id=OIP.nzYQB28rvLprCQj7an5mtQHaE8&pid=Api", 
            "thumbnail": {
                "width": 474, 
                "height": 316
            }, 
            "hostPageFavIconUrl": "https://www.bing.com/th?id=AR_6034f89765965526777239fbb6bac707&pid=Api", 
            "contentSize": "243872 B"
        }, 
        {
            "contentUrl": "http://image2.sina.com.cn/IT/d/2007-02-14/U1235P2T1D1385086F13DT20070214142849.jpg", 
            "insightsMetadata": {
                "pagesIncludingCount": 1, 
                "availableSizesCount": 1
            }, 
            "height": 450, 
            "accentColor": "32457C", 
            "hostPageDisplayUrl": "tech.sina.com.cn/d/2007-02-14/14281385086.shtml", 
            "name": "图文：空客中国公司销售副总裁陈菊明_科学探索_科技时代_新浪网", 
            "width": 300, 
            "imageInsightsToken": "ccid_njK7mN2F*mid_B318954AB14DAD6B09B294232EF116E1A7E37AF0*simid_608028232318387815*thid_OIP.njK7mN2F3FTiK2CnaiIDiwHaE8", 
            "imageId": "B318954AB14DAD6B09B294232EF116E1A7E37AF0", 
            "isFamilyFriendly": true, 
            "datePublished": "2007-02-14T12:00:00.0000000Z", 
            "encodingFormat": "jpeg", 
            "webSearchUrl": "https://www.bing.com/images/search?view=detailv2&FORM=OIIRPO&q=site%3a(thepaper.cn+or+chinadaily.com.cn+or+china.com.cn+or+chinanews.com+or+youth.cn+or+sina.com.cn+or+xinhuanet.com+or+cri.cn+or+163.com+or+cankaoxiaoxi.com+or+cctv.com+or+ifeng.com+or+qq.com+or+takungpao.com+or+people.com.cn+or+southcn.com+or+southcn.com+or+cnr.cn+or+people.com.cn+or+cyol.com+or+bjnews.com.cn+or+gmw.cn+or+dahe.cn+or+xfrb.com.cn+or+cqnews.net+or+lifeweek.com.cn+or+cpd.com.cn+or+haiwainet.cn+or+yidianzixun.com+or+ftchinese.com+or+guancha.cn+or+zhcw.com+or+huanqiu.com+or+ihuawen.com+or+nytimes.com+or+flickr.com+or+quanjing.com+or+vcg.com+or+gettyimages.co.uk+or+paixin.com)+%e4%b8%ad%e5%9b%bd+%e7%a7%91%e5%ad%a6+%e5%89%af%e6%80%bb%e8%a3%81&id=B318954AB14DAD6B09B294232EF116E1A7E37AF0&simid=608028232318387815", 
            "hostPageUrl": "http://tech.sina.com.cn/d/2007-02-14/14281385086.shtml", 
            "thumbnailUrl": "https://tse3.mm.bing.net/th?id=OIP.njK7mN2F3FTiK2CnaiIDiwHaE8&pid=Api", 
            "thumbnail": {
                "width": 474, 
                "height": 316
            }, 
            "contentSize": "24156 B"
        }
    ], 
    "nextOffset": 10, 
    "queryContext": {
        "alterationMethod": "AM_JustChangeIt", 
        "alterationType": "CombinedAlterationsChained", 
        "originalQuery": "site:(thepaper.cn or chinadaily.com.cn or china.com.cn or chinanews.com or youth.cn or sina.com.cn or xinhuanet.com or cri.cn or 163.com or cankaoxiaoxi.com or cctv.com or ifeng.com or qq.com or takungpao.com or people.com.cn or southcn.com or southcn.com or cnr.cn or people.com.cn or cyol.com or bjnews.com.cn or gmw.cn or dahe.cn or xfrb.com.cn or cqnews.net or lifeweek.com.cn or cpd.com.cn or haiwainet.cn or yidianzixun.com or ftchinese.com or guancha.cn or zhcw.com or huanqiu.com or ihuawen.com or nytimes.com or flickr.com or quanjing.com or vcg.com or gettyimages.co.uk or paixin.com) 中国 科学 副总裁", 
        "alterationOverrideQuery": "+site:(thepaper.cn or chinadaily.com.cn or china.com.cn or chinanews.com or youth.cn or sina.com.cn or xinhuanet.com or cri.cn or 163.com or cankaoxiaoxi.com or cctv.com or ifeng.com or qq.com or takungpao.com or people.com.cn or southcn.com or southcn.com or cnr.cn or people.com.cn or cyol.com or bjnews.com.cn or gmw.cn or dahe.cn or xfrb.com.cn or cqnews.net or lifeweek.com.cn or cpd.com.cn or haiwainet.cn or yidianzixun.com or ftchinese.com or guancha.cn or zhcw.com or huanqiu.com or ihuawen.com or nytimes.com or flickr.com or quanjing.com or vcg.com or gettyimages.co.uk or paixin.com) 中国 科学 副总裁", 
        "alterationDisplayQuery": "中国 科学 副 总裁"
    }, 
    "currentOffset": 0, 
    "readLink": "images/search?q=site:(thepaper.cn or chinadaily.com.cn or china.com.cn or chinanews.com or youth.cn or sina.com.cn or xinhuanet.com or cri.cn or 163.com or cankaoxiaoxi.com or cctv.com or ifeng.com or qq.com or takungpao.com or people.com.cn or southcn.com or southcn.com or cnr.cn or people.com.cn or cyol.com or bjnews.com.cn or gmw.cn or dahe.cn or xfrb.com.cn or cqnews.net or lifeweek.com.cn or cpd.com.cn or haiwainet.cn or yidianzixun.com or ftchinese.com or guancha.cn or zhcw.com or huanqiu.com or ihuawen.com or nytimes.com or flickr.com or quanjing.com or vcg.com or gettyimages.co.uk or paixin.com) 中国 科学 副总裁", 
    "totalEstimatedMatches": 100, 
    "relatedSearches": [
        {
            "text": "副总裁罗旭", 
            "displayText": "副总裁罗旭", 
            "thumbnail": {
                "thumbnailUrl": "https://tse4.mm.bing.net/th?q=%e5%89%af%e6%80%bb%e8%a3%81%e7%bd%97%e6%97%ad&pid=Api&mkt=zh-CN&adlt=strict&t=1"
            }, 
            "searchLink": "https://api.cognitive.microsoft.com/api/v7/images/search?q=%e5%89%af%e6%80%bb%e8%a3%81%e7%bd%97%e6%97%ad", 
            "webSearchUrl": "https://www.bing.com/images/search?q=%e5%89%af%e6%80%bb%e8%a3%81%e7%bd%97%e6%97%ad&FORM=IRPATC"
        }, 
        {
            "text": "比亚迪副总裁照片", 
            "displayText": "比亚迪副总裁照片", 
            "thumbnail": {
                "thumbnailUrl": "https://tse2.mm.bing.net/th?q=%e6%af%94%e4%ba%9a%e8%bf%aa%e5%89%af%e6%80%bb%e8%a3%81%e7%85%a7%e7%89%87&pid=Api&mkt=zh-CN&adlt=strict&t=1"
            }, 
            "searchLink": "https://api.cognitive.microsoft.com/api/v7/images/search?q=%e6%af%94%e4%ba%9a%e8%bf%aa%e5%89%af%e6%80%bb%e8%a3%81%e7%85%a7%e7%89%87", 
            "webSearchUrl": "https://www.bing.com/images/search?q=%e6%af%94%e4%ba%9a%e8%bf%aa%e5%89%af%e6%80%bb%e8%a3%81%e7%85%a7%e7%89%87&FORM=IRPATC"
        }, 
        {
            "text": "香港卫视集团副总裁李刚", 
            "displayText": "香港卫视集团副总裁李刚", 
            "thumbnail": {
                "thumbnailUrl": "https://tse1.mm.bing.net/th?q=%e9%a6%99%e6%b8%af%e5%8d%ab%e8%a7%86%e9%9b%86%e5%9b%a2%e5%89%af%e6%80%bb%e8%a3%81%e6%9d%8e%e5%88%9a&pid=Api&mkt=zh-CN&adlt=strict&t=1"
            }, 
            "searchLink": "https://api.cognitive.microsoft.com/api/v7/images/search?q=%e9%a6%99%e6%b8%af%e5%8d%ab%e8%a7%86%e9%9b%86%e5%9b%a2%e5%89%af%e6%80%bb%e8%a3%81%e6%9d%8e%e5%88%9a", 
            "webSearchUrl": "https://www.bing.com/images/search?q=%e9%a6%99%e6%b8%af%e5%8d%ab%e8%a7%86%e9%9b%86%e5%9b%a2%e5%89%af%e6%80%bb%e8%a3%81%e6%9d%8e%e5%88%9a&FORM=IRPATC"
        }, 
        {
            "text": "华为高级副总裁丁少华", 
            "displayText": "华为高级副总裁丁少华", 
            "thumbnail": {
                "thumbnailUrl": "https://tse1.mm.bing.net/th?q=%e5%8d%8e%e4%b8%ba%e9%ab%98%e7%ba%a7%e5%89%af%e6%80%bb%e8%a3%81%e4%b8%81%e5%b0%91%e5%8d%8e&pid=Api&mkt=zh-CN&adlt=strict&t=1"
            }, 
            "searchLink": "https://api.cognitive.microsoft.com/api/v7/images/search?q=%e5%8d%8e%e4%b8%ba%e9%ab%98%e7%ba%a7%e5%89%af%e6%80%bb%e8%a3%81%e4%b8%81%e5%b0%91%e5%8d%8e", 
            "webSearchUrl": "https://www.bing.com/images/search?q=%e5%8d%8e%e4%b8%ba%e9%ab%98%e7%ba%a7%e5%89%af%e6%80%bb%e8%a3%81%e4%b8%81%e5%b0%91%e5%8d%8e&FORM=IRPATC"
        }, 
        {
            "text": "谷歌美女副总裁", 
            "displayText": "谷歌美女副总裁", 
            "thumbnail": {
                "thumbnailUrl": "https://tse2.mm.bing.net/th?q=%e8%b0%b7%e6%ad%8c%e7%be%8e%e5%a5%b3%e5%89%af%e6%80%bb%e8%a3%81&pid=Api&mkt=zh-CN&adlt=strict&t=1"
            }, 
            "searchLink": "https://api.cognitive.microsoft.com/api/v7/images/search?q=%e8%b0%b7%e6%ad%8c%e7%be%8e%e5%a5%b3%e5%89%af%e6%80%bb%e8%a3%81", 
            "webSearchUrl": "https://www.bing.com/images/search?q=%e8%b0%b7%e6%ad%8c%e7%be%8e%e5%a5%b3%e5%89%af%e6%80%bb%e8%a3%81&FORM=IRPATC"
        }, 
        {
            "text": "去哪儿 副总裁 杨威", 
            "displayText": "去哪儿 副总裁 杨威", 
            "thumbnail": {
                "thumbnailUrl": "https://tse1.mm.bing.net/th?q=%e5%8e%bb%e5%93%aa%e5%84%bf+%e5%89%af%e6%80%bb%e8%a3%81+%e6%9d%a8%e5%a8%81&pid=Api&mkt=zh-CN&adlt=strict&t=1"
            }, 
            "searchLink": "https://api.cognitive.microsoft.com/api/v7/images/search?q=%e5%8e%bb%e5%93%aa%e5%84%bf+%e5%89%af%e6%80%bb%e8%a3%81+%e6%9d%a8%e5%a8%81", 
            "webSearchUrl": "https://www.bing.com/images/search?q=%e5%8e%bb%e5%93%aa%e5%84%bf+%e5%89%af%e6%80%bb%e8%a3%81+%e6%9d%a8%e5%a8%81&FORM=IRPATC"
        }, 
        {
            "text": "罗海琼与华谊副总裁费麒的婚礼", 
            "displayText": "罗海琼与华谊副总裁费麒的婚礼", 
            "thumbnail": {
                "thumbnailUrl": "https://tse3.mm.bing.net/th?q=%e7%bd%97%e6%b5%b7%e7%90%bc%e4%b8%8e%e5%8d%8e%e8%b0%8a%e5%89%af%e6%80%bb%e8%a3%81%e8%b4%b9%e9%ba%92%e7%9a%84%e5%a9%9a%e7%a4%bc&pid=Api&mkt=zh-CN&adlt=strict&t=1"
            }, 
            "searchLink": "https://api.cognitive.microsoft.com/api/v7/images/search?q=%e7%bd%97%e6%b5%b7%e7%90%bc%e4%b8%8e%e5%8d%8e%e8%b0%8a%e5%89%af%e6%80%bb%e8%a3%81%e8%b4%b9%e9%ba%92%e7%9a%84%e5%a9%9a%e7%a4%bc", 
            "webSearchUrl": "https://www.bing.com/images/search?q=%e7%bd%97%e6%b5%b7%e7%90%bc%e4%b8%8e%e5%8d%8e%e8%b0%8a%e5%89%af%e6%80%bb%e8%a3%81%e8%b4%b9%e9%ba%92%e7%9a%84%e5%a9%9a%e7%a4%bc&FORM=IRPATC"
        }, 
        {
            "text": "香港汇丰银行副总裁", 
            "displayText": "香港汇丰银行副总裁", 
            "thumbnail": {
                "thumbnailUrl": "https://tse1.mm.bing.net/th?q=%e9%a6%99%e6%b8%af%e6%b1%87%e4%b8%b0%e9%93%b6%e8%a1%8c%e5%89%af%e6%80%bb%e8%a3%81&pid=Api&mkt=zh-CN&adlt=strict&t=1"
            }, 
            "searchLink": "https://api.cognitive.microsoft.com/api/v7/images/search?q=%e9%a6%99%e6%b8%af%e6%b1%87%e4%b8%b0%e9%93%b6%e8%a1%8c%e5%89%af%e6%80%bb%e8%a3%81", 
            "webSearchUrl": "https://www.bing.com/images/search?q=%e9%a6%99%e6%b8%af%e6%b1%87%e4%b8%b0%e9%93%b6%e8%a1%8c%e5%89%af%e6%80%bb%e8%a3%81&FORM=IRPATC"
        }, 
        {
            "text": "上汽集团副总裁叶永明", 
            "displayText": "上汽集团副总裁叶永明", 
            "thumbnail": {
                "thumbnailUrl": "https://tse1.mm.bing.net/th?q=%e4%b8%8a%e6%b1%bd%e9%9b%86%e5%9b%a2%e5%89%af%e6%80%bb%e8%a3%81%e5%8f%b6%e6%b0%b8%e6%98%8e&pid=Api&mkt=zh-CN&adlt=strict&t=1"
            }, 
            "searchLink": "https://api.cognitive.microsoft.com/api/v7/images/search?q=%e4%b8%8a%e6%b1%bd%e9%9b%86%e5%9b%a2%e5%89%af%e6%80%bb%e8%a3%81%e5%8f%b6%e6%b0%b8%e6%98%8e", 
            "webSearchUrl": "https://www.bing.com/images/search?q=%e4%b8%8a%e6%b1%bd%e9%9b%86%e5%9b%a2%e5%89%af%e6%80%bb%e8%a3%81%e5%8f%b6%e6%b0%b8%e6%98%8e&FORM=IRPATC"
        }, 
        {
            "text": "周忆 Ibm大中华区副总裁", 
            "displayText": "周忆 Ibm大中华区副总裁", 
            "thumbnail": {
                "thumbnailUrl": "https://tse2.mm.bing.net/th?q=%e5%91%a8%e5%bf%86+Ibm%e5%a4%a7%e4%b8%ad%e5%8d%8e%e5%8c%ba%e5%89%af%e6%80%bb%e8%a3%81&pid=Api&mkt=zh-CN&adlt=strict&t=1"
            }, 
            "searchLink": "https://api.cognitive.microsoft.com/api/v7/images/search?q=%e5%91%a8%e5%bf%86+Ibm%e5%a4%a7%e4%b8%ad%e5%8d%8e%e5%8c%ba%e5%89%af%e6%80%bb%e8%a3%81", 
            "webSearchUrl": "https://www.bing.com/images/search?q=%e5%91%a8%e5%bf%86+Ibm%e5%a4%a7%e4%b8%ad%e5%8d%8e%e5%8c%ba%e5%89%af%e6%80%bb%e8%a3%81&FORM=IRPATC"
        }, 
        {
            "text": "爱立信 副总裁 屠敏", 
            "displayText": "爱立信 副总裁 屠敏", 
            "thumbnail": {
                "thumbnailUrl": "https://tse4.mm.bing.net/th?q=%e7%88%b1%e7%ab%8b%e4%bf%a1+%e5%89%af%e6%80%bb%e8%a3%81+%e5%b1%a0%e6%95%8f&pid=Api&mkt=zh-CN&adlt=strict&t=1"
            }, 
            "searchLink": "https://api.cognitive.microsoft.com/api/v7/images/search?q=%e7%88%b1%e7%ab%8b%e4%bf%a1+%e5%89%af%e6%80%bb%e8%a3%81+%e5%b1%a0%e6%95%8f", 
            "webSearchUrl": "https://www.bing.com/images/search?q=%e7%88%b1%e7%ab%8b%e4%bf%a1+%e5%89%af%e6%80%bb%e8%a3%81+%e5%b1%a0%e6%95%8f&FORM=IRPATC"
        }, 
        {
            "text": "中国区副总裁张卫平", 
            "displayText": "中国区副总裁张卫平", 
            "thumbnail": {
                "thumbnailUrl": "https://tse2.mm.bing.net/th?q=%e4%b8%ad%e5%9b%bd%e5%8c%ba%e5%89%af%e6%80%bb%e8%a3%81%e5%bc%a0%e5%8d%ab%e5%b9%b3&pid=Api&mkt=zh-CN&adlt=strict&t=1"
            }, 
            "searchLink": "https://api.cognitive.microsoft.com/api/v7/images/search?q=%e4%b8%ad%e5%9b%bd%e5%8c%ba%e5%89%af%e6%80%bb%e8%a3%81%e5%bc%a0%e5%8d%ab%e5%b9%b3", 
            "webSearchUrl": "https://www.bing.com/images/search?q=%e4%b8%ad%e5%9b%bd%e5%8c%ba%e5%89%af%e6%80%bb%e8%a3%81%e5%bc%a0%e5%8d%ab%e5%b9%b3&FORM=IRPATC"
        }, 
        {
            "text": "林美霞跨国公司副总裁的照片", 
            "displayText": "林美霞跨国公司副总裁的照片", 
            "thumbnail": {
                "thumbnailUrl": "https://tse2.mm.bing.net/th?q=%e6%9e%97%e7%be%8e%e9%9c%9e%e8%b7%a8%e5%9b%bd%e5%85%ac%e5%8f%b8%e5%89%af%e6%80%bb%e8%a3%81%e7%9a%84%e7%85%a7%e7%89%87&pid=Api&mkt=zh-CN&adlt=strict&t=1"
            }, 
            "searchLink": "https://api.cognitive.microsoft.com/api/v7/images/search?q=%e6%9e%97%e7%be%8e%e9%9c%9e%e8%b7%a8%e5%9b%bd%e5%85%ac%e5%8f%b8%e5%89%af%e6%80%bb%e8%a3%81%e7%9a%84%e7%85%a7%e7%89%87", 
            "webSearchUrl": "https://www.bing.com/images/search?q=%e6%9e%97%e7%be%8e%e9%9c%9e%e8%b7%a8%e5%9b%bd%e5%85%ac%e5%8f%b8%e5%89%af%e6%80%bb%e8%a3%81%e7%9a%84%e7%85%a7%e7%89%87&FORM=IRPATC"
        }, 
        {
            "text": "烽火科技副总裁葛俊", 
            "displayText": "烽火科技副总裁葛俊", 
            "thumbnail": {
                "thumbnailUrl": "https://tse4.mm.bing.net/th?q=%e7%83%bd%e7%81%ab%e7%a7%91%e6%8a%80%e5%89%af%e6%80%bb%e8%a3%81%e8%91%9b%e4%bf%8a&pid=Api&mkt=zh-CN&adlt=strict&t=1"
            }, 
            "searchLink": "https://api.cognitive.microsoft.com/api/v7/images/search?q=%e7%83%bd%e7%81%ab%e7%a7%91%e6%8a%80%e5%89%af%e6%80%bb%e8%a3%81%e8%91%9b%e4%bf%8a", 
            "webSearchUrl": "https://www.bing.com/images/search?q=%e7%83%bd%e7%81%ab%e7%a7%91%e6%8a%80%e5%89%af%e6%80%bb%e8%a3%81%e8%91%9b%e4%bf%8a&FORM=IRPATC"
        }, 
        {
            "text": "英特尔执行副总裁浦大卫", 
            "displayText": "英特尔执行副总裁浦大卫", 
            "thumbnail": {
                "thumbnailUrl": "https://tse1.mm.bing.net/th?q=%e8%8b%b1%e7%89%b9%e5%b0%94%e6%89%a7%e8%a1%8c%e5%89%af%e6%80%bb%e8%a3%81%e6%b5%a6%e5%a4%a7%e5%8d%ab&pid=Api&mkt=zh-CN&adlt=strict&t=1"
            }, 
            "searchLink": "https://api.cognitive.microsoft.com/api/v7/images/search?q=%e8%8b%b1%e7%89%b9%e5%b0%94%e6%89%a7%e8%a1%8c%e5%89%af%e6%80%bb%e8%a3%81%e6%b5%a6%e5%a4%a7%e5%8d%ab", 
            "webSearchUrl": "https://www.bing.com/images/search?q=%e8%8b%b1%e7%89%b9%e5%b0%94%e6%89%a7%e8%a1%8c%e5%89%af%e6%80%bb%e8%a3%81%e6%b5%a6%e5%a4%a7%e5%8d%ab&FORM=IRPATC"
        }
    ]
}