{
    "instrumentation": {
        "_type": "ResponseInstrumentation"
    }, 
    "_type": "Images", 
    "webSearchUrl": "https://www.bing.com/images/search?q=site:(thepaper.cn or chinadaily.com.cn or china.com.cn or chinanews.com or youth.cn or sina.com.cn or xinhuanet.com or cri.cn or 163.com or cankaoxiaoxi.com or cctv.com or ifeng.com or qq.com or takungpao.com or people.com.cn or southcn.com or southcn.com or cnr.cn or people.com.cn or cyol.com or bjnews.com.cn or gmw.cn or dahe.cn or xfrb.com.cn or cqnews.net or lifeweek.com.cn or cpd.com.cn or haiwainet.cn or yidianzixun.com or ftchinese.com or guancha.cn or zhcw.com or huanqiu.com or ihuawen.com or nytimes.com or flickr.com or quanjing.com or vcg.com or gettyimages.co.uk or paixin.com) 前 一周 遭到 袭击&FORM=OIIARP", 
    "value": [
        {
            "contentUrl": "http://n.sinaimg.cn/translate/20170523/jYnP-fyfkzhs9232198.jpg", 
            "insightsMetadata": {
                "pagesIncludingCount": 2, 
                "availableSizesCount": 1
            }, 
            "height": 409, 
            "accentColor": "465B85", 
            "hostPageDisplayUrl": "news.sina.com.cn/c/2017-05-23/doc-ifyfkqwe0697859.shtml", 
            "name": "湘中以北遭暴雨袭击 未来一周全省前雨后晴|食品|抗旱|湘中_新浪 ...", 
            "width": 266, 
            "imageInsightsToken": "ccid_b+Ao7ilb*mid_BD6A770513FB4583CBE66C5B18FECA0CC313C235*simid_608027862943992734*thid_OIP.b-Ao7ilbC4AqXqXx5s4NsQAAAA", 
            "imageId": "BD6A770513FB4583CBE66C5B18FECA0CC313C235", 
            "isFamilyFriendly": true, 
            "datePublished": "2017-05-23T00:40:00.0000000Z", 
            "encodingFormat": "jpeg", 
            "webSearchUrl": "https://www.bing.com/images/search?view=detailv2&FORM=OIIRPO&q=site%3a(thepaper.cn+or+chinadaily.com.cn+or+china.com.cn+or+chinanews.com+or+youth.cn+or+sina.com.cn+or+xinhuanet.com+or+cri.cn+or+163.com+or+cankaoxiaoxi.com+or+cctv.com+or+ifeng.com+or+qq.com+or+takungpao.com+or+people.com.cn+or+southcn.com+or+southcn.com+or+cnr.cn+or+people.com.cn+or+cyol.com+or+bjnews.com.cn+or+gmw.cn+or+dahe.cn+or+xfrb.com.cn+or+cqnews.net+or+lifeweek.com.cn+or+cpd.com.cn+or+haiwainet.cn+or+yidianzixun.com+or+ftchinese.com+or+guancha.cn+or+zhcw.com+or+huanqiu.com+or+ihuawen.com+or+nytimes.com+or+flickr.com+or+quanjing.com+or+vcg.com+or+gettyimages.co.uk+or+paixin.com)+%e5%89%8d+%e4%b8%80%e5%91%a8+%e9%81%ad%e5%88%b0+%e8%a2%ad%e5%87%bb&id=BD6A770513FB4583CBE66C5B18FECA0CC313C235&simid=608027862943992734", 
            "hostPageUrl": "http://news.sina.com.cn/c/2017-05-23/doc-ifyfkqwe0697859.shtml", 
            "thumbnailUrl": "https://tse4.mm.bing.net/th?id=OIP.b-Ao7ilbC4AqXqXx5s4NsQAAAA&pid=Api", 
            "thumbnail": {
                "width": 266, 
                "height": 409
            }, 
            "contentSize": "31333 B"
        }, 
        {
            "contentUrl": "http://www.people.com.cn/mediafile/pic/20170523/52/13593797554278293016.jpg", 
            "insightsMetadata": {
                "pagesIncludingCount": 2, 
                "availableSizesCount": 1
            }, 
            "height": 214, 
            "accentColor": "486280", 
            "hostPageDisplayUrl": "hn.people.com.cn/n2/2017/0523/c195194-30224896.html", 
            "name": "湘中以北遭暴雨袭击 未来一周全省前雨后晴--湖南频道--人民网", 
            "width": 318, 
            "imageInsightsToken": "ccid_Ihp85QMd*mid_C7A2A3C67300F2F292E86C2004582969AB21DB10*simid_608041490903403852*thid_OIP.Ihp85QMdPF!_flC3SUpQF-AEwDN", 
            "imageId": "C7A2A3C67300F2F292E86C2004582969AB21DB10", 
            "isFamilyFriendly": true, 
            "datePublished": "2017-05-23T06:27:00.0000000Z", 
            "encodingFormat": "jpeg", 
            "webSearchUrl": "https://www.bing.com/images/search?view=detailv2&FORM=OIIRPO&q=site%3a(thepaper.cn+or+chinadaily.com.cn+or+china.com.cn+or+chinanews.com+or+youth.cn+or+sina.com.cn+or+xinhuanet.com+or+cri.cn+or+163.com+or+cankaoxiaoxi.com+or+cctv.com+or+ifeng.com+or+qq.com+or+takungpao.com+or+people.com.cn+or+southcn.com+or+southcn.com+or+cnr.cn+or+people.com.cn+or+cyol.com+or+bjnews.com.cn+or+gmw.cn+or+dahe.cn+or+xfrb.com.cn+or+cqnews.net+or+lifeweek.com.cn+or+cpd.com.cn+or+haiwainet.cn+or+yidianzixun.com+or+ftchinese.com+or+guancha.cn+or+zhcw.com+or+huanqiu.com+or+ihuawen.com+or+nytimes.com+or+flickr.com+or+quanjing.com+or+vcg.com+or+gettyimages.co.uk+or+paixin.com)+%e5%89%8d+%e4%b8%80%e5%91%a8+%e9%81%ad%e5%88%b0+%e8%a2%ad%e5%87%bb&id=C7A2A3C67300F2F292E86C2004582969AB21DB10&simid=608041490903403852", 
            "hostPageUrl": "http://hn.people.com.cn/n2/2017/0523/c195194-30224896.html", 
            "thumbnailUrl": "https://tse1.mm.bing.net/th?id=OIP.Ihp85QMdPF_flC3SUpQF-AEwDN&pid=Api", 
            "thumbnail": {
                "width": 318, 
                "height": 214
            }, 
            "contentSize": "29517 B"
        }, 
        {
            "contentUrl": "http://image2.sina.com.cn/dy/w/2006-04-09/U44P1T1D9568639F21DT20060409065947.jpg", 
            "insightsMetadata": {
                "pagesIncludingCount": 4, 
                "availableSizesCount": 3
            }, 
            "height": 301, 
            "accentColor": "90643B", 
            "hostPageDisplayUrl": "news.sina.com.cn/w/2006-04-09/03108648879s.shtml", 
            "name": "美国一周之内两遭龙卷风袭击至少35人死亡(图)_新闻中心_新浪网", 
            "width": 450, 
            "imageInsightsToken": "ccid_Vrt2OXmo*mid_D5B32F59487F58F2302CA5E52A9727D086D788AA*simid_607998519770417319*thid_OIP.Vrt2OXmofWtY!_Kke2vqE6AAAAA", 
            "imageId": "D5B32F59487F58F2302CA5E52A9727D086D788AA", 
            "isFamilyFriendly": true, 
            "datePublished": "2018-11-04T18:48:00.0000000Z", 
            "encodingFormat": "jpeg", 
            "webSearchUrl": "https://www.bing.com/images/search?view=detailv2&FORM=OIIRPO&q=site%3a(thepaper.cn+or+chinadaily.com.cn+or+china.com.cn+or+chinanews.com+or+youth.cn+or+sina.com.cn+or+xinhuanet.com+or+cri.cn+or+163.com+or+cankaoxiaoxi.com+or+cctv.com+or+ifeng.com+or+qq.com+or+takungpao.com+or+people.com.cn+or+southcn.com+or+southcn.com+or+cnr.cn+or+people.com.cn+or+cyol.com+or+bjnews.com.cn+or+gmw.cn+or+dahe.cn+or+xfrb.com.cn+or+cqnews.net+or+lifeweek.com.cn+or+cpd.com.cn+or+haiwainet.cn+or+yidianzixun.com+or+ftchinese.com+or+guancha.cn+or+zhcw.com+or+huanqiu.com+or+ihuawen.com+or+nytimes.com+or+flickr.com+or+quanjing.com+or+vcg.com+or+gettyimages.co.uk+or+paixin.com)+%e5%89%8d+%e4%b8%80%e5%91%a8+%e9%81%ad%e5%88%b0+%e8%a2%ad%e5%87%bb&id=D5B32F59487F58F2302CA5E52A9727D086D788AA&simid=607998519770417319", 
            "hostPageUrl": "http://news.sina.com.cn/w/2006-04-09/03108648879s.shtml", 
            "thumbnailUrl": "https://tse1.mm.bing.net/th?id=OIP.Vrt2OXmofWtY_Kke2vqE6AAAAA&pid=Api", 
            "thumbnail": {
                "width": 450, 
                "height": 301
            }, 
            "contentSize": "46462 B"
        }, 
        {
            "contentUrl": "http://www.people.com.cn/mediafile/pic/20170523/33/14598184674861574197.jpg", 
            "insightsMetadata": {
                "pagesIncludingCount": 1, 
                "availableSizesCount": 1
            }, 
            "height": 202, 
            "accentColor": "829C2F", 
            "hostPageDisplayUrl": "hn.people.com.cn/n2/2017/0523/c195194-30224896.html", 
            "name": "湘中以北遭暴雨袭击 未来一周全省前雨后晴--湖南频道--人民网", 
            "width": 313, 
            "imageInsightsToken": "ccid_lJNPZeER*mid_C7A2A3C67300F2F292E8C11F857BAADA03EE92D8*simid_608040911097889935*thid_OIP.lJNPZeERwJ581lyfyWPA3wAAAA", 
            "imageId": "C7A2A3C67300F2F292E8C11F857BAADA03EE92D8", 
            "isFamilyFriendly": true, 
            "datePublished": "2017-05-23T06:27:00.0000000Z", 
            "encodingFormat": "jpeg", 
            "webSearchUrl": "https://www.bing.com/images/search?view=detailv2&FORM=OIIRPO&q=site%3a(thepaper.cn+or+chinadaily.com.cn+or+china.com.cn+or+chinanews.com+or+youth.cn+or+sina.com.cn+or+xinhuanet.com+or+cri.cn+or+163.com+or+cankaoxiaoxi.com+or+cctv.com+or+ifeng.com+or+qq.com+or+takungpao.com+or+people.com.cn+or+southcn.com+or+southcn.com+or+cnr.cn+or+people.com.cn+or+cyol.com+or+bjnews.com.cn+or+gmw.cn+or+dahe.cn+or+xfrb.com.cn+or+cqnews.net+or+lifeweek.com.cn+or+cpd.com.cn+or+haiwainet.cn+or+yidianzixun.com+or+ftchinese.com+or+guancha.cn+or+zhcw.com+or+huanqiu.com+or+ihuawen.com+or+nytimes.com+or+flickr.com+or+quanjing.com+or+vcg.com+or+gettyimages.co.uk+or+paixin.com)+%e5%89%8d+%e4%b8%80%e5%91%a8+%e9%81%ad%e5%88%b0+%e8%a2%ad%e5%87%bb&id=C7A2A3C67300F2F292E8C11F857BAADA03EE92D8&simid=608040911097889935", 
            "hostPageUrl": "http://hn.people.com.cn/n2/2017/0523/c195194-30224896.html", 
            "thumbnailUrl": "https://tse4.mm.bing.net/th?id=OIP.lJNPZeERwJ581lyfyWPA3wAAAA&pid=Api", 
            "thumbnail": {
                "width": 313, 
                "height": 202
            }, 
            "contentSize": "19822 B"
        }, 
        {
            "contentUrl": "http://image2.sina.com.cn/dy/w/2006-04-09/U44P1T1D9568639F23DT20060409065947.jpg", 
            "insightsMetadata": {
                "pagesIncludingCount": 1, 
                "availableSizesCount": 1
            }, 
            "height": 302, 
            "accentColor": "4E5B33", 
            "hostPageDisplayUrl": "news.sina.com.cn/w/2006-04-09/03108648879s.shtml", 
            "name": "美国一周之内两遭龙卷风袭击至少35人死亡(图)_新闻中心_新浪网", 
            "width": 450, 
            "imageInsightsToken": "ccid_aKErNiLN*mid_D5B32F59487F58F2302C9C37EA526C267C387448*simid_608009089704922625*thid_OIP.aKErNiLNREixwPDmABQhYQAAAA", 
            "imageId": "D5B32F59487F58F2302C9C37EA526C267C387448", 
            "isFamilyFriendly": true, 
            "datePublished": "2013-12-24T15:44:00.0000000Z", 
            "encodingFormat": "jpeg", 
            "webSearchUrl": "https://www.bing.com/images/search?view=detailv2&FORM=OIIRPO&q=site%3a(thepaper.cn+or+chinadaily.com.cn+or+china.com.cn+or+chinanews.com+or+youth.cn+or+sina.com.cn+or+xinhuanet.com+or+cri.cn+or+163.com+or+cankaoxiaoxi.com+or+cctv.com+or+ifeng.com+or+qq.com+or+takungpao.com+or+people.com.cn+or+southcn.com+or+southcn.com+or+cnr.cn+or+people.com.cn+or+cyol.com+or+bjnews.com.cn+or+gmw.cn+or+dahe.cn+or+xfrb.com.cn+or+cqnews.net+or+lifeweek.com.cn+or+cpd.com.cn+or+haiwainet.cn+or+yidianzixun.com+or+ftchinese.com+or+guancha.cn+or+zhcw.com+or+huanqiu.com+or+ihuawen.com+or+nytimes.com+or+flickr.com+or+quanjing.com+or+vcg.com+or+gettyimages.co.uk+or+paixin.com)+%e5%89%8d+%e4%b8%80%e5%91%a8+%e9%81%ad%e5%88%b0+%e8%a2%ad%e5%87%bb&id=D5B32F59487F58F2302C9C37EA526C267C387448&simid=608009089704922625", 
            "hostPageUrl": "http://news.sina.com.cn/w/2006-04-09/03108648879s.shtml", 
            "thumbnailUrl": "https://tse1.mm.bing.net/th?id=OIP.aKErNiLNREixwPDmABQhYQAAAA&pid=Api", 
            "thumbnail": {
                "width": 450, 
                "height": 302
            }, 
            "contentSize": "46034 B"
        }, 
        {
            "contentUrl": "http://p2.cri.cn/M00/05/8E/CqgNOlTev9GAJTfMAAAAAAAAAAA248.900x600.640x427.jpg", 
            "insightsMetadata": {
                "pagesIncludingCount": 2, 
                "availableSizesCount": 2
            }, 
            "height": 427, 
            "accentColor": "7B6336", 
            "hostPageDisplayUrl": "news.cri.cn/2015-2-14/c91c2e18-f328-49e1-a356...", 
            "name": "巴基斯坦清真寺遭武装分子袭击 数十人死伤-国际在线", 
            "width": 640, 
            "imageInsightsToken": "ccid_yaIAEmdL*mid_B32486B0E0E4A9879066FDBEF160366C89842A48*simid_608037947552630460*thid_OIP.yaIAEmdLJY!_OdszBx269MwHaE8", 
            "imageId": "B32486B0E0E4A9879066FDBEF160366C89842A48", 
            "isFamilyFriendly": true, 
            "datePublished": "2018-10-29T14:52:00.0000000Z", 
            "encodingFormat": "jpeg", 
            "webSearchUrl": "https://www.bing.com/images/search?view=detailv2&FORM=OIIRPO&q=site%3a(thepaper.cn+or+chinadaily.com.cn+or+china.com.cn+or+chinanews.com+or+youth.cn+or+sina.com.cn+or+xinhuanet.com+or+cri.cn+or+163.com+or+cankaoxiaoxi.com+or+cctv.com+or+ifeng.com+or+qq.com+or+takungpao.com+or+people.com.cn+or+southcn.com+or+southcn.com+or+cnr.cn+or+people.com.cn+or+cyol.com+or+bjnews.com.cn+or+gmw.cn+or+dahe.cn+or+xfrb.com.cn+or+cqnews.net+or+lifeweek.com.cn+or+cpd.com.cn+or+haiwainet.cn+or+yidianzixun.com+or+ftchinese.com+or+guancha.cn+or+zhcw.com+or+huanqiu.com+or+ihuawen.com+or+nytimes.com+or+flickr.com+or+quanjing.com+or+vcg.com+or+gettyimages.co.uk+or+paixin.com)+%e5%89%8d+%e4%b8%80%e5%91%a8+%e9%81%ad%e5%88%b0+%e8%a2%ad%e5%87%bb&id=B32486B0E0E4A9879066FDBEF160366C89842A48&simid=608037947552630460", 
            "hostPageUrl": "http://news.cri.cn/2015-2-14/c91c2e18-f328-49e1-a356-a43f00380b11.html", 
            "thumbnailUrl": "https://tse2.mm.bing.net/th?id=OIP.yaIAEmdLJY_OdszBx269MwHaE8&pid=Api", 
            "thumbnail": {
                "width": 474, 
                "height": 316
            }, 
            "hostPageFavIconUrl": "https://www.bing.com/th?id=AR_43a8e6729fb4544de63cbf9540fe59af&pid=Api", 
            "contentSize": "40540 B"
        }, 
        {
            "contentUrl": "http://p2.cri.cn/M00/05/8E/CqgNOlTev9GAHRMxAAAAAAAAAAA144.980x692.640x452.jpg", 
            "insightsMetadata": {
                "pagesIncludingCount": 3, 
                "availableSizesCount": 3
            }, 
            "height": 452, 
            "accentColor": "664536", 
            "hostPageDisplayUrl": "news.cri.cn/2015-2-14/c91c2e18-f328-49e1-a356...", 
            "name": "巴基斯坦清真寺遭武装分子袭击 数十人死伤-国际在线", 
            "width": 640, 
            "imageInsightsToken": "ccid_k1woReDM*mid_B32486B0E0E4A9879066DA265A19415DD69DC290*simid_608037685557266662*thid_OIP.k1woReDMG1of1Ij-Hfrz-gHaFO", 
            "imageId": "B32486B0E0E4A9879066DA265A19415DD69DC290", 
            "isFamilyFriendly": true, 
            "datePublished": "2018-10-29T14:52:00.0000000Z", 
            "encodingFormat": "jpeg", 
            "webSearchUrl": "https://www.bing.com/images/search?view=detailv2&FORM=OIIRPO&q=site%3a(thepaper.cn+or+chinadaily.com.cn+or+china.com.cn+or+chinanews.com+or+youth.cn+or+sina.com.cn+or+xinhuanet.com+or+cri.cn+or+163.com+or+cankaoxiaoxi.com+or+cctv.com+or+ifeng.com+or+qq.com+or+takungpao.com+or+people.com.cn+or+southcn.com+or+southcn.com+or+cnr.cn+or+people.com.cn+or+cyol.com+or+bjnews.com.cn+or+gmw.cn+or+dahe.cn+or+xfrb.com.cn+or+cqnews.net+or+lifeweek.com.cn+or+cpd.com.cn+or+haiwainet.cn+or+yidianzixun.com+or+ftchinese.com+or+guancha.cn+or+zhcw.com+or+huanqiu.com+or+ihuawen.com+or+nytimes.com+or+flickr.com+or+quanjing.com+or+vcg.com+or+gettyimages.co.uk+or+paixin.com)+%e5%89%8d+%e4%b8%80%e5%91%a8+%e9%81%ad%e5%88%b0+%e8%a2%ad%e5%87%bb&id=B32486B0E0E4A9879066DA265A19415DD69DC290&simid=608037685557266662", 
            "hostPageUrl": "http://news.cri.cn/2015-2-14/c91c2e18-f328-49e1-a356-a43f00380b11.html", 
            "thumbnailUrl": "https://tse1.mm.bing.net/th?id=OIP.k1woReDMG1of1Ij-Hfrz-gHaFO&pid=Api", 
            "thumbnail": {
                "width": 474, 
                "height": 334
            }, 
            "hostPageFavIconUrl": "https://www.bing.com/th?id=AR_43a8e6729fb4544de63cbf9540fe59af&pid=Api", 
            "contentSize": "110627 B"
        }, 
        {
            "contentUrl": "http://i0.sinaimg.cn/dy/c/p/2011-07-27/1311733717_lxRiFZ.jpg", 
            "insightsMetadata": {
                "pagesIncludingCount": 3, 
                "availableSizesCount": 2
            }, 
            "height": 366, 
            "accentColor": "C1810A", 
            "hostPageDisplayUrl": "news.sina.com.cn/c/p/2011-07-27/101422885363.shtml", 
            "name": "北京再遭特大暴雨袭击 未来一周仍有降水(图)_新闻中心_新浪网", 
            "width": 550, 
            "imageInsightsToken": "ccid_rkDEh0vb*mid_D7A3F3E507A1B7A95E9E8937E2A175388EC68F04*simid_608050282703684476*thid_OIP.rkDEh0vbHE1gM4C39zHgVAHaE7", 
            "imageId": "D7A3F3E507A1B7A95E9E8937E2A175388EC68F04", 
            "isFamilyFriendly": true, 
            "datePublished": "2018-11-10T04:44:00.0000000Z", 
            "encodingFormat": "jpeg", 
            "webSearchUrl": "https://www.bing.com/images/search?view=detailv2&FORM=OIIRPO&q=site%3a(thepaper.cn+or+chinadaily.com.cn+or+china.com.cn+or+chinanews.com+or+youth.cn+or+sina.com.cn+or+xinhuanet.com+or+cri.cn+or+163.com+or+cankaoxiaoxi.com+or+cctv.com+or+ifeng.com+or+qq.com+or+takungpao.com+or+people.com.cn+or+southcn.com+or+southcn.com+or+cnr.cn+or+people.com.cn+or+cyol.com+or+bjnews.com.cn+or+gmw.cn+or+dahe.cn+or+xfrb.com.cn+or+cqnews.net+or+lifeweek.com.cn+or+cpd.com.cn+or+haiwainet.cn+or+yidianzixun.com+or+ftchinese.com+or+guancha.cn+or+zhcw.com+or+huanqiu.com+or+ihuawen.com+or+nytimes.com+or+flickr.com+or+quanjing.com+or+vcg.com+or+gettyimages.co.uk+or+paixin.com)+%e5%89%8d+%e4%b8%80%e5%91%a8+%e9%81%ad%e5%88%b0+%e8%a2%ad%e5%87%bb&id=D7A3F3E507A1B7A95E9E8937E2A175388EC68F04&simid=608050282703684476", 
            "hostPageUrl": "http://news.sina.com.cn/c/p/2011-07-27/101422885363.shtml", 
            "thumbnailUrl": "https://tse1.mm.bing.net/th?id=OIP.rkDEh0vbHE1gM4C39zHgVAHaE7&pid=Api", 
            "thumbnail": {
                "width": 474, 
                "height": 315
            }, 
            "contentSize": "36734 B"
        }, 
        {
            "contentUrl": "http://p2.ifengimg.com/a/2017_34/7c5f2bc9e10b54a_size175_w495_h319.png", 
            "insightsMetadata": {
                "pagesIncludingCount": 7, 
                "availableSizesCount": 1
            }, 
            "height": 319, 
            "accentColor": "AA212B", 
            "hostPageDisplayUrl": "news.ifeng.com/a/20170820/51695500_0.shtml", 
            "name": "印度一60岁老妇遭两头猪袭击 被拱翻在地疯狂啃咬_凤凰资讯", 
            "width": 495, 
            "imageInsightsToken": "ccid_ojyk5Jm3*mid_867592B5B8DC00E330EFFEF08EE8A691633F6198*simid_608010781917446818*thid_OIP.ojyk5Jm31H198HJi0baN1gHaEx", 
            "imageId": "867592B5B8DC00E330EFFEF08EE8A691633F6198", 
            "isFamilyFriendly": true, 
            "datePublished": "2017-08-21T03:40:00.0000000Z", 
            "encodingFormat": "png", 
            "webSearchUrl": "https://www.bing.com/images/search?view=detailv2&FORM=OIIRPO&q=site%3a(thepaper.cn+or+chinadaily.com.cn+or+china.com.cn+or+chinanews.com+or+youth.cn+or+sina.com.cn+or+xinhuanet.com+or+cri.cn+or+163.com+or+cankaoxiaoxi.com+or+cctv.com+or+ifeng.com+or+qq.com+or+takungpao.com+or+people.com.cn+or+southcn.com+or+southcn.com+or+cnr.cn+or+people.com.cn+or+cyol.com+or+bjnews.com.cn+or+gmw.cn+or+dahe.cn+or+xfrb.com.cn+or+cqnews.net+or+lifeweek.com.cn+or+cpd.com.cn+or+haiwainet.cn+or+yidianzixun.com+or+ftchinese.com+or+guancha.cn+or+zhcw.com+or+huanqiu.com+or+ihuawen.com+or+nytimes.com+or+flickr.com+or+quanjing.com+or+vcg.com+or+gettyimages.co.uk+or+paixin.com)+%e5%89%8d+%e4%b8%80%e5%91%a8+%e9%81%ad%e5%88%b0+%e8%a2%ad%e5%87%bb&id=867592B5B8DC00E330EFFEF08EE8A691633F6198&simid=608010781917446818", 
            "hostPageUrl": "http://news.ifeng.com/a/20170820/51695500_0.shtml", 
            "thumbnailUrl": "https://tse2.mm.bing.net/th?id=OIP.ojyk5Jm31H198HJi0baN1gHaEx&pid=Api", 
            "thumbnail": {
                "width": 474, 
                "height": 305
            }, 
            "contentSize": "179630 B"
        }, 
        {
            "contentUrl": "http://www.chinanews.com/tp/hd2011/2012/10-21/U334P4T426D141071F16470DT20121021163205.jpg", 
            "insightsMetadata": {
                "pagesIncludingCount": 10, 
                "availableSizesCount": 8
            }, 
            "height": 618, 
            "accentColor": "BE3C0D", 
            "hostPageDisplayUrl": "www.chinanews.com/tp/hd2011/2012/10-21/141071.shtml", 
            "name": "一周图片新闻精粹(10.15-10.21)——抗议炸弹袭击-中新网", 
            "width": 940, 
            "imageInsightsToken": "ccid_cISYMZpB*mid_DB2F3F9E49A5219862E146C27EACAC12782E3879*simid_608029580923504650*thid_OIP.cISYMZpBu0B26!_9osMwxugHaE3", 
            "imageId": "DB2F3F9E49A5219862E146C27EACAC12782E3879", 
            "isFamilyFriendly": true, 
            "datePublished": "2012-10-21T08:51:00.0000000Z", 
            "encodingFormat": "jpeg", 
            "webSearchUrl": "https://www.bing.com/images/search?view=detailv2&FORM=OIIRPO&q=site%3a(thepaper.cn+or+chinadaily.com.cn+or+china.com.cn+or+chinanews.com+or+youth.cn+or+sina.com.cn+or+xinhuanet.com+or+cri.cn+or+163.com+or+cankaoxiaoxi.com+or+cctv.com+or+ifeng.com+or+qq.com+or+takungpao.com+or+people.com.cn+or+southcn.com+or+southcn.com+or+cnr.cn+or+people.com.cn+or+cyol.com+or+bjnews.com.cn+or+gmw.cn+or+dahe.cn+or+xfrb.com.cn+or+cqnews.net+or+lifeweek.com.cn+or+cpd.com.cn+or+haiwainet.cn+or+yidianzixun.com+or+ftchinese.com+or+guancha.cn+or+zhcw.com+or+huanqiu.com+or+ihuawen.com+or+nytimes.com+or+flickr.com+or+quanjing.com+or+vcg.com+or+gettyimages.co.uk+or+paixin.com)+%e5%89%8d+%e4%b8%80%e5%91%a8+%e9%81%ad%e5%88%b0+%e8%a2%ad%e5%87%bb&id=DB2F3F9E49A5219862E146C27EACAC12782E3879&simid=608029580923504650", 
            "hostPageUrl": "http://www.chinanews.com/tp/hd2011/2012/10-21/141071.shtml", 
            "thumbnailUrl": "https://tse2.mm.bing.net/th?id=OIP.cISYMZpBu0B26_9osMwxugHaE3&pid=Api", 
            "thumbnail": {
                "width": 474, 
                "height": 311
            }, 
            "contentSize": "149880 B"
        }
    ], 
    "nextOffset": 10, 
    "queryContext": {
        "alterationMethod": "AM_JustChangeIt", 
        "alterationType": "CombinedAlterationsChained", 
        "originalQuery": "site:(thepaper.cn or chinadaily.com.cn or china.com.cn or chinanews.com or youth.cn or sina.com.cn or xinhuanet.com or cri.cn or 163.com or cankaoxiaoxi.com or cctv.com or ifeng.com or qq.com or takungpao.com or people.com.cn or southcn.com or southcn.com or cnr.cn or people.com.cn or cyol.com or bjnews.com.cn or gmw.cn or dahe.cn or xfrb.com.cn or cqnews.net or lifeweek.com.cn or cpd.com.cn or haiwainet.cn or yidianzixun.com or ftchinese.com or guancha.cn or zhcw.com or huanqiu.com or ihuawen.com or nytimes.com or flickr.com or quanjing.com or vcg.com or gettyimages.co.uk or paixin.com) 前 一周 遭到 袭击", 
        "alterationOverrideQuery": "+site:(thepaper.cn or chinadaily.com.cn or china.com.cn or chinanews.com or youth.cn or sina.com.cn or xinhuanet.com or cri.cn or 163.com or cankaoxiaoxi.com or cctv.com or ifeng.com or qq.com or takungpao.com or people.com.cn or southcn.com or southcn.com or cnr.cn or people.com.cn or cyol.com or bjnews.com.cn or gmw.cn or dahe.cn or xfrb.com.cn or cqnews.net or lifeweek.com.cn or cpd.com.cn or haiwainet.cn or yidianzixun.com or ftchinese.com or guancha.cn or zhcw.com or huanqiu.com or ihuawen.com or nytimes.com or flickr.com or quanjing.com or vcg.com or gettyimages.co.uk or paixin.com) 前 一周 遭到 袭击", 
        "alterationDisplayQuery": "前 一 周 遭到 袭击"
    }, 
    "currentOffset": 0, 
    "readLink": "images/search?q=site:(thepaper.cn or chinadaily.com.cn or china.com.cn or chinanews.com or youth.cn or sina.com.cn or xinhuanet.com or cri.cn or 163.com or cankaoxiaoxi.com or cctv.com or ifeng.com or qq.com or takungpao.com or people.com.cn or southcn.com or southcn.com or cnr.cn or people.com.cn or cyol.com or bjnews.com.cn or gmw.cn or dahe.cn or xfrb.com.cn or cqnews.net or lifeweek.com.cn or cpd.com.cn or haiwainet.cn or yidianzixun.com or ftchinese.com or guancha.cn or zhcw.com or huanqiu.com or ihuawen.com or nytimes.com or flickr.com or quanjing.com or vcg.com or gettyimages.co.uk or paixin.com) 前 一周 遭到 袭击", 
    "totalEstimatedMatches": 100, 
    "relatedSearches": [
        {
            "text": "一周新闻图片", 
            "displayText": "一周新闻图片", 
            "thumbnail": {
                "thumbnailUrl": "https://tse1.mm.bing.net/th?q=%e4%b8%80%e5%91%a8%e6%96%b0%e9%97%bb%e5%9b%be%e7%89%87&pid=Api&mkt=zh-CN&adlt=strict&t=1"
            }, 
            "searchLink": "https://api.cognitive.microsoft.com/api/v7/images/search?q=%e4%b8%80%e5%91%a8%e6%96%b0%e9%97%bb%e5%9b%be%e7%89%87", 
            "webSearchUrl": "https://www.bing.com/images/search?q=%e4%b8%80%e5%91%a8%e6%96%b0%e9%97%bb%e5%9b%be%e7%89%87&FORM=IRPATC"
        }, 
        {
            "text": "一周图片精选", 
            "displayText": "一周图片精选", 
            "thumbnail": {
                "thumbnailUrl": "https://tse1.mm.bing.net/th?q=%e4%b8%80%e5%91%a8%e5%9b%be%e7%89%87%e7%b2%be%e9%80%89&pid=Api&mkt=zh-CN&adlt=strict&t=1"
            }, 
            "searchLink": "https://api.cognitive.microsoft.com/api/v7/images/search?q=%e4%b8%80%e5%91%a8%e5%9b%be%e7%89%87%e7%b2%be%e9%80%89", 
            "webSearchUrl": "https://www.bing.com/images/search?q=%e4%b8%80%e5%91%a8%e5%9b%be%e7%89%87%e7%b2%be%e9%80%89&FORM=IRPATC"
        }, 
        {
            "text": "凤凰网一周图片", 
            "displayText": "凤凰网一周图片", 
            "thumbnail": {
                "thumbnailUrl": "https://tse3.mm.bing.net/th?q=%e5%87%a4%e5%87%b0%e7%bd%91%e4%b8%80%e5%91%a8%e5%9b%be%e7%89%87&pid=Api&mkt=zh-CN&adlt=strict&t=1"
            }, 
            "searchLink": "https://api.cognitive.microsoft.com/api/v7/images/search?q=%e5%87%a4%e5%87%b0%e7%bd%91%e4%b8%80%e5%91%a8%e5%9b%be%e7%89%87", 
            "webSearchUrl": "https://www.bing.com/images/search?q=%e5%87%a4%e5%87%b0%e7%bd%91%e4%b8%80%e5%91%a8%e5%9b%be%e7%89%87&FORM=IRPATC"
        }, 
        {
            "text": "凤凰网一周新闻图片", 
            "displayText": "凤凰网一周新闻图片", 
            "thumbnail": {
                "thumbnailUrl": "https://tse2.mm.bing.net/th?q=%e5%87%a4%e5%87%b0%e7%bd%91%e4%b8%80%e5%91%a8%e6%96%b0%e9%97%bb%e5%9b%be%e7%89%87&pid=Api&mkt=zh-CN&adlt=strict&t=1"
            }, 
            "searchLink": "https://api.cognitive.microsoft.com/api/v7/images/search?q=%e5%87%a4%e5%87%b0%e7%bd%91%e4%b8%80%e5%91%a8%e6%96%b0%e9%97%bb%e5%9b%be%e7%89%87", 
            "webSearchUrl": "https://www.bing.com/images/search?q=%e5%87%a4%e5%87%b0%e7%bd%91%e4%b8%80%e5%91%a8%e6%96%b0%e9%97%bb%e5%9b%be%e7%89%87&FORM=IRPATC"
        }, 
        {
            "text": "天气预报查询一周", 
            "displayText": "天气预报查询一周", 
            "thumbnail": {
                "thumbnailUrl": "https://tse4.mm.bing.net/th?q=%e5%a4%a9%e6%b0%94%e9%a2%84%e6%8a%a5%e6%9f%a5%e8%af%a2%e4%b8%80%e5%91%a8&pid=Api&mkt=zh-CN&adlt=strict&t=1"
            }, 
            "searchLink": "https://api.cognitive.microsoft.com/api/v7/images/search?q=%e5%a4%a9%e6%b0%94%e9%a2%84%e6%8a%a5%e6%9f%a5%e8%af%a2%e4%b8%80%e5%91%a8", 
            "webSearchUrl": "https://www.bing.com/images/search?q=%e5%a4%a9%e6%b0%94%e9%a2%84%e6%8a%a5%e6%9f%a5%e8%af%a2%e4%b8%80%e5%91%a8&FORM=IRPATC"
        }, 
        {
            "text": "凤凰网一周美女图片", 
            "displayText": "凤凰网一周美女图片", 
            "thumbnail": {
                "thumbnailUrl": "https://tse2.mm.bing.net/th?q=%e5%87%a4%e5%87%b0%e7%bd%91%e4%b8%80%e5%91%a8%e7%be%8e%e5%a5%b3%e5%9b%be%e7%89%87&pid=Api&mkt=zh-CN&adlt=strict&t=1"
            }, 
            "searchLink": "https://api.cognitive.microsoft.com/api/v7/images/search?q=%e5%87%a4%e5%87%b0%e7%bd%91%e4%b8%80%e5%91%a8%e7%be%8e%e5%a5%b3%e5%9b%be%e7%89%87", 
            "webSearchUrl": "https://www.bing.com/images/search?q=%e5%87%a4%e5%87%b0%e7%bd%91%e4%b8%80%e5%91%a8%e7%be%8e%e5%a5%b3%e5%9b%be%e7%89%87&FORM=IRPATC"
        }, 
        {
            "text": "九寨沟天气预报一周", 
            "displayText": "九寨沟天气预报一周", 
            "thumbnail": {
                "thumbnailUrl": "https://tse3.mm.bing.net/th?q=%e4%b9%9d%e5%af%a8%e6%b2%9f%e5%a4%a9%e6%b0%94%e9%a2%84%e6%8a%a5%e4%b8%80%e5%91%a8&pid=Api&mkt=zh-CN&adlt=strict&t=1"
            }, 
            "searchLink": "https://api.cognitive.microsoft.com/api/v7/images/search?q=%e4%b9%9d%e5%af%a8%e6%b2%9f%e5%a4%a9%e6%b0%94%e9%a2%84%e6%8a%a5%e4%b8%80%e5%91%a8", 
            "webSearchUrl": "https://www.bing.com/images/search?q=%e4%b9%9d%e5%af%a8%e6%b2%9f%e5%a4%a9%e6%b0%94%e9%a2%84%e6%8a%a5%e4%b8%80%e5%91%a8&FORM=IRPATC"
        }, 
        {
            "text": "凤凰网一周娱乐图片", 
            "displayText": "凤凰网一周娱乐图片", 
            "thumbnail": {
                "thumbnailUrl": "https://tse2.mm.bing.net/th?q=%e5%87%a4%e5%87%b0%e7%bd%91%e4%b8%80%e5%91%a8%e5%a8%b1%e4%b9%90%e5%9b%be%e7%89%87&pid=Api&mkt=zh-CN&adlt=strict&t=1"
            }, 
            "searchLink": "https://api.cognitive.microsoft.com/api/v7/images/search?q=%e5%87%a4%e5%87%b0%e7%bd%91%e4%b8%80%e5%91%a8%e5%a8%b1%e4%b9%90%e5%9b%be%e7%89%87", 
            "webSearchUrl": "https://www.bing.com/images/search?q=%e5%87%a4%e5%87%b0%e7%bd%91%e4%b8%80%e5%91%a8%e5%a8%b1%e4%b9%90%e5%9b%be%e7%89%87&FORM=IRPATC"
        }, 
        {
            "text": "维多利亚一号周楚楚", 
            "displayText": "维多利亚一号周楚楚", 
            "thumbnail": {
                "thumbnailUrl": "https://tse3.mm.bing.net/th?q=%e7%bb%b4%e5%a4%9a%e5%88%a9%e4%ba%9a%e4%b8%80%e5%8f%b7%e5%91%a8%e6%a5%9a%e6%a5%9a&pid=Api&mkt=zh-CN&adlt=strict&t=1"
            }, 
            "searchLink": "https://api.cognitive.microsoft.com/api/v7/images/search?q=%e7%bb%b4%e5%a4%9a%e5%88%a9%e4%ba%9a%e4%b8%80%e5%8f%b7%e5%91%a8%e6%a5%9a%e6%a5%9a", 
            "webSearchUrl": "https://www.bing.com/images/search?q=%e7%bb%b4%e5%a4%9a%e5%88%a9%e4%ba%9a%e4%b8%80%e5%8f%b7%e5%91%a8%e6%a5%9a%e6%a5%9a&FORM=IRPATC"
        }, 
        {
            "text": "一周立波秀", 
            "displayText": "一周立波秀", 
            "thumbnail": {
                "thumbnailUrl": "https://tse2.mm.bing.net/th?q=%e4%b8%80%e5%91%a8%e7%ab%8b%e6%b3%a2%e7%a7%80&pid=Api&mkt=zh-CN&adlt=strict&t=1"
            }, 
            "searchLink": "https://api.cognitive.microsoft.com/api/v7/images/search?q=%e4%b8%80%e5%91%a8%e7%ab%8b%e6%b3%a2%e7%a7%80", 
            "webSearchUrl": "https://www.bing.com/images/search?q=%e4%b8%80%e5%91%a8%e7%ab%8b%e6%b3%a2%e7%a7%80&FORM=IRPATC"
        }, 
        {
            "text": "上海天气预报一周", 
            "displayText": "上海天气预报一周", 
            "thumbnail": {
                "thumbnailUrl": "https://tse4.mm.bing.net/th?q=%e4%b8%8a%e6%b5%b7%e5%a4%a9%e6%b0%94%e9%a2%84%e6%8a%a5%e4%b8%80%e5%91%a8&pid=Api&mkt=zh-CN&adlt=strict&t=1"
            }, 
            "searchLink": "https://api.cognitive.microsoft.com/api/v7/images/search?q=%e4%b8%8a%e6%b5%b7%e5%a4%a9%e6%b0%94%e9%a2%84%e6%8a%a5%e4%b8%80%e5%91%a8", 
            "webSearchUrl": "https://www.bing.com/images/search?q=%e4%b8%8a%e6%b5%b7%e5%a4%a9%e6%b0%94%e9%a2%84%e6%8a%a5%e4%b8%80%e5%91%a8&FORM=IRPATC"
        }, 
        {
            "text": "凤凰网一周图片精选", 
            "displayText": "凤凰网一周图片精选", 
            "thumbnail": {
                "thumbnailUrl": "https://tse2.mm.bing.net/th?q=%e5%87%a4%e5%87%b0%e7%bd%91%e4%b8%80%e5%91%a8%e5%9b%be%e7%89%87%e7%b2%be%e9%80%89&pid=Api&mkt=zh-CN&adlt=strict&t=1"
            }, 
            "searchLink": "https://api.cognitive.microsoft.com/api/v7/images/search?q=%e5%87%a4%e5%87%b0%e7%bd%91%e4%b8%80%e5%91%a8%e5%9b%be%e7%89%87%e7%b2%be%e9%80%89", 
            "webSearchUrl": "https://www.bing.com/images/search?q=%e5%87%a4%e5%87%b0%e7%bd%91%e4%b8%80%e5%91%a8%e5%9b%be%e7%89%87%e7%b2%be%e9%80%89&FORM=IRPATC"
        }, 
        {
            "text": "凤凰网一周扫街图片", 
            "displayText": "凤凰网一周扫街图片", 
            "thumbnail": {
                "thumbnailUrl": "https://tse1.mm.bing.net/th?q=%e5%87%a4%e5%87%b0%e7%bd%91%e4%b8%80%e5%91%a8%e6%89%ab%e8%a1%97%e5%9b%be%e7%89%87&pid=Api&mkt=zh-CN&adlt=strict&t=1"
            }, 
            "searchLink": "https://api.cognitive.microsoft.com/api/v7/images/search?q=%e5%87%a4%e5%87%b0%e7%bd%91%e4%b8%80%e5%91%a8%e6%89%ab%e8%a1%97%e5%9b%be%e7%89%87", 
            "webSearchUrl": "https://www.bing.com/images/search?q=%e5%87%a4%e5%87%b0%e7%bd%91%e4%b8%80%e5%91%a8%e6%89%ab%e8%a1%97%e5%9b%be%e7%89%87&FORM=IRPATC"
        }
    ]
}