{
    "instrumentation": {
        "_type": "ResponseInstrumentation"
    }, 
    "_type": "Images", 
    "webSearchUrl": "https://www.bing.com/images/search?q=site:(thepaper.cn or chinadaily.com.cn or china.com.cn or chinanews.com or youth.cn or sina.com.cn or xinhuanet.com or cri.cn or 163.com or cankaoxiaoxi.com or cctv.com or ifeng.com or qq.com or takungpao.com or people.com.cn or southcn.com or southcn.com or cnr.cn or people.com.cn or cyol.com or bjnews.com.cn or gmw.cn or dahe.cn or xfrb.com.cn or cqnews.net or lifeweek.com.cn or cpd.com.cn or haiwainet.cn or yidianzixun.com or ftchinese.com or guancha.cn or zhcw.com or huanqiu.com or ihuawen.com or nytimes.com or flickr.com or quanjing.com or vcg.com or gettyimages.co.uk or paixin.com) 国家 成为 美国 名声&FORM=OIIARP", 
    "value": [
        {
            "contentUrl": "http://www.fengdragonblog.com/wp-content/uploads/2015/05/AV8B-4.jpg", 
            "insightsMetadata": {
                "pagesIncludingCount": 1, 
                "availableSizesCount": 1
            }, 
            "height": 555, 
            "accentColor": "0C8EBF", 
            "hostPageDisplayUrl": "blog.sina.com.cn/s/blog_5937a30a0102vl2y.html", 
            "name": "落日孤鹞【模库13-1】_风语无声处_新浪博客", 
            "width": 1000, 
            "imageInsightsToken": "ccid_Hhy8eYua*mid_678DC88044E8EC9EE95536038FC78334815C95A5*simid_608051141704812060*thid_OIP.Hhy8eYuaIoBQnW8CcpQFxQFPC6", 
            "imageId": "678DC88044E8EC9EE95536038FC78334815C95A5", 
            "isFamilyFriendly": true, 
            "datePublished": "2015-06-25T12:00:00.0000000Z", 
            "encodingFormat": "jpeg", 
            "webSearchUrl": "https://www.bing.com/images/search?view=detailv2&FORM=OIIRPO&q=site%3a(thepaper.cn+or+chinadaily.com.cn+or+china.com.cn+or+chinanews.com+or+youth.cn+or+sina.com.cn+or+xinhuanet.com+or+cri.cn+or+163.com+or+cankaoxiaoxi.com+or+cctv.com+or+ifeng.com+or+qq.com+or+takungpao.com+or+people.com.cn+or+southcn.com+or+southcn.com+or+cnr.cn+or+people.com.cn+or+cyol.com+or+bjnews.com.cn+or+gmw.cn+or+dahe.cn+or+xfrb.com.cn+or+cqnews.net+or+lifeweek.com.cn+or+cpd.com.cn+or+haiwainet.cn+or+yidianzixun.com+or+ftchinese.com+or+guancha.cn+or+zhcw.com+or+huanqiu.com+or+ihuawen.com+or+nytimes.com+or+flickr.com+or+quanjing.com+or+vcg.com+or+gettyimages.co.uk+or+paixin.com)+%e5%9b%bd%e5%ae%b6+%e6%88%90%e4%b8%ba+%e7%be%8e%e5%9b%bd+%e5%90%8d%e5%a3%b0&id=678DC88044E8EC9EE95536038FC78334815C95A5&simid=608051141704812060", 
            "hostPageUrl": "http://blog.sina.com.cn/s/blog_5937a30a0102vl2y.html", 
            "thumbnailUrl": "https://tse3.mm.bing.net/th?id=OIP.Hhy8eYuaIoBQnW8CcpQFxQFPC6&pid=Api", 
            "thumbnail": {
                "width": 335, 
                "height": 186
            }, 
            "contentSize": "99419 B"
        }, 
        {
            "contentUrl": "https://n.sinaimg.cn/mil/crawl/103/w550h353/20190209/AF32-hsqyiwu5352510.jpg", 
            "insightsMetadata": {
                "pagesIncludingCount": 25, 
                "availableSizesCount": 13
            }, 
            "height": 353, 
            "accentColor": "5B4F47", 
            "hostPageDisplayUrl": "https://mil.news.sina.com.cn/jssd/2019-02-09/doc...", 
            "name": "中国这所军校有多牛？从这里走出6位总统和8位防长|纳米比亚 ...", 
            "width": 550, 
            "imageInsightsToken": "ccid_ItgOsaEB*mid_4D975274F6B95D81AF5B162B0C0A0C5EFC94BC62*simid_608025569438531783*thid_OIP.ItgOsaEBU4-8KLwncyf!_8QHaEw", 
            "imageId": "4D975274F6B95D81AF5B162B0C0A0C5EFC94BC62", 
            "isFamilyFriendly": true, 
            "datePublished": "2019-02-09T03:26:00.0000000Z", 
            "encodingFormat": "jpeg", 
            "webSearchUrl": "https://www.bing.com/images/search?view=detailv2&FORM=OIIRPO&q=site%3a(thepaper.cn+or+chinadaily.com.cn+or+china.com.cn+or+chinanews.com+or+youth.cn+or+sina.com.cn+or+xinhuanet.com+or+cri.cn+or+163.com+or+cankaoxiaoxi.com+or+cctv.com+or+ifeng.com+or+qq.com+or+takungpao.com+or+people.com.cn+or+southcn.com+or+southcn.com+or+cnr.cn+or+people.com.cn+or+cyol.com+or+bjnews.com.cn+or+gmw.cn+or+dahe.cn+or+xfrb.com.cn+or+cqnews.net+or+lifeweek.com.cn+or+cpd.com.cn+or+haiwainet.cn+or+yidianzixun.com+or+ftchinese.com+or+guancha.cn+or+zhcw.com+or+huanqiu.com+or+ihuawen.com+or+nytimes.com+or+flickr.com+or+quanjing.com+or+vcg.com+or+gettyimages.co.uk+or+paixin.com)+%e5%9b%bd%e5%ae%b6+%e6%88%90%e4%b8%ba+%e7%be%8e%e5%9b%bd+%e5%90%8d%e5%a3%b0&id=4D975274F6B95D81AF5B162B0C0A0C5EFC94BC62&simid=608025569438531783", 
            "hostPageUrl": "https://mil.news.sina.com.cn/jssd/2019-02-09/doc-ihrfqzka4454414.shtml", 
            "thumbnailUrl": "https://tse2.mm.bing.net/th?id=OIP.ItgOsaEBU4-8KLwncyf_8QHaEw&pid=Api", 
            "thumbnail": {
                "width": 474, 
                "height": 304
            }, 
            "contentSize": "35092 B"
        }, 
        {
            "contentUrl": "http://p2.ifengimg.com/cmpp/2016/06/30/10/71f2cfc1-47ac-4d38-8fed-008fdb9aaa03_size38_w500_h500.jpg", 
            "insightsMetadata": {
                "pagesIncludingCount": 1, 
                "availableSizesCount": 1
            }, 
            "height": 500, 
            "accentColor": "8B4740", 
            "hostPageDisplayUrl": "fashion.ifeng.com/a/20160701/40168121_2.shtml", 
            "name": "美妆香氛都在玩跨界 一起来剁手吧_凤凰时尚", 
            "width": 500, 
            "imageInsightsToken": "ccid_S+i//YKH*mid_0569EE669F705216E777B5143D0F6519CFB08C63*simid_608016790534947840*thid_OIP.S-i!_!_YKHnZuEtWc5ScdDTQHaHa", 
            "imageId": "0569EE669F705216E777B5143D0F6519CFB08C63", 
            "isFamilyFriendly": true, 
            "datePublished": "2016-07-23T04:57:00.0000000Z", 
            "encodingFormat": "jpeg", 
            "webSearchUrl": "https://www.bing.com/images/search?view=detailv2&FORM=OIIRPO&q=site%3a(thepaper.cn+or+chinadaily.com.cn+or+china.com.cn+or+chinanews.com+or+youth.cn+or+sina.com.cn+or+xinhuanet.com+or+cri.cn+or+163.com+or+cankaoxiaoxi.com+or+cctv.com+or+ifeng.com+or+qq.com+or+takungpao.com+or+people.com.cn+or+southcn.com+or+southcn.com+or+cnr.cn+or+people.com.cn+or+cyol.com+or+bjnews.com.cn+or+gmw.cn+or+dahe.cn+or+xfrb.com.cn+or+cqnews.net+or+lifeweek.com.cn+or+cpd.com.cn+or+haiwainet.cn+or+yidianzixun.com+or+ftchinese.com+or+guancha.cn+or+zhcw.com+or+huanqiu.com+or+ihuawen.com+or+nytimes.com+or+flickr.com+or+quanjing.com+or+vcg.com+or+gettyimages.co.uk+or+paixin.com)+%e5%9b%bd%e5%ae%b6+%e6%88%90%e4%b8%ba+%e7%be%8e%e5%9b%bd+%e5%90%8d%e5%a3%b0&id=0569EE669F705216E777B5143D0F6519CFB08C63&simid=608016790534947840", 
            "hostPageUrl": "http://fashion.ifeng.com/a/20160701/40168121_2.shtml", 
            "thumbnailUrl": "https://tse2.mm.bing.net/th?id=OIP.S-i__YKHnZuEtWc5ScdDTQHaHa&pid=Api", 
            "thumbnail": {
                "width": 474, 
                "height": 474
            }, 
            "contentSize": "39763 B"
        }, 
        {
            "contentUrl": "http://n.sinaimg.cn/sports/transform/w650h432/20180205/dT0M-fyrhcqy6529497.png", 
            "insightsMetadata": {
                "pagesIncludingCount": 2, 
                "availableSizesCount": 1
            }, 
            "height": 432, 
            "accentColor": "A82360", 
            "hostPageDisplayUrl": "sports.sina.com.cn/others/winter/2018-02-05/doc...", 
            "name": "HALTI | 始于大山 亲近自然 挑战自我_冰雪_新浪竞技风暴_新浪网", 
            "width": 650, 
            "imageInsightsToken": "ccid_Xvpj4ak8*mid_C2C5EDEABEE50333853F1C7D545CDD161FB539ED*simid_607996849037247197*thid_OIP.Xvpj4ak87WmSMDLO222rZQHaE7", 
            "imageId": "C2C5EDEABEE50333853F1C7D545CDD161FB539ED", 
            "isFamilyFriendly": true, 
            "datePublished": "2018-02-05T03:59:00.0000000Z", 
            "encodingFormat": "png", 
            "webSearchUrl": "https://www.bing.com/images/search?view=detailv2&FORM=OIIRPO&q=site%3a(thepaper.cn+or+chinadaily.com.cn+or+china.com.cn+or+chinanews.com+or+youth.cn+or+sina.com.cn+or+xinhuanet.com+or+cri.cn+or+163.com+or+cankaoxiaoxi.com+or+cctv.com+or+ifeng.com+or+qq.com+or+takungpao.com+or+people.com.cn+or+southcn.com+or+southcn.com+or+cnr.cn+or+people.com.cn+or+cyol.com+or+bjnews.com.cn+or+gmw.cn+or+dahe.cn+or+xfrb.com.cn+or+cqnews.net+or+lifeweek.com.cn+or+cpd.com.cn+or+haiwainet.cn+or+yidianzixun.com+or+ftchinese.com+or+guancha.cn+or+zhcw.com+or+huanqiu.com+or+ihuawen.com+or+nytimes.com+or+flickr.com+or+quanjing.com+or+vcg.com+or+gettyimages.co.uk+or+paixin.com)+%e5%9b%bd%e5%ae%b6+%e6%88%90%e4%b8%ba+%e7%be%8e%e5%9b%bd+%e5%90%8d%e5%a3%b0&id=C2C5EDEABEE50333853F1C7D545CDD161FB539ED&simid=607996849037247197", 
            "hostPageUrl": "http://sports.sina.com.cn/others/winter/2018-02-05/doc-ifyrhcqy6539457.shtml", 
            "thumbnailUrl": "https://tse1.mm.bing.net/th?id=OIP.Xvpj4ak87WmSMDLO222rZQHaE7&pid=Api", 
            "thumbnail": {
                "width": 474, 
                "height": 315
            }, 
            "contentSize": "217712 B"
        }, 
        {
            "contentUrl": "http://himg2.huanqiu.com/attachment2010/2015/0701/20150701043515660.jpg", 
            "insightsMetadata": {
                "pagesIncludingCount": 1, 
                "availableSizesCount": 1
            }, 
            "height": 406, 
            "accentColor": "9B5230", 
            "hostPageDisplayUrl": "tech.huanqiu.com/diginews/2015-07/6822582.html", 
            "name": "《斯诺登》电影首发预告：地球上最抢手的人_科技_环球网", 
            "width": 600, 
            "imageInsightsToken": "ccid_Ppv0IJkO*mid_5AA2F6E8DA3868014C0CC733D3D3E87B04955CDA*simid_608046284064948783*thid_OIP.Ppv0IJkOvHRz63pv5GzLCAHaFA", 
            "imageId": "5AA2F6E8DA3868014C0CC733D3D3E87B04955CDA", 
            "isFamilyFriendly": true, 
            "datePublished": "2015-07-01T09:13:00.0000000Z", 
            "encodingFormat": "jpeg", 
            "webSearchUrl": "https://www.bing.com/images/search?view=detailv2&FORM=OIIRPO&q=site%3a(thepaper.cn+or+chinadaily.com.cn+or+china.com.cn+or+chinanews.com+or+youth.cn+or+sina.com.cn+or+xinhuanet.com+or+cri.cn+or+163.com+or+cankaoxiaoxi.com+or+cctv.com+or+ifeng.com+or+qq.com+or+takungpao.com+or+people.com.cn+or+southcn.com+or+southcn.com+or+cnr.cn+or+people.com.cn+or+cyol.com+or+bjnews.com.cn+or+gmw.cn+or+dahe.cn+or+xfrb.com.cn+or+cqnews.net+or+lifeweek.com.cn+or+cpd.com.cn+or+haiwainet.cn+or+yidianzixun.com+or+ftchinese.com+or+guancha.cn+or+zhcw.com+or+huanqiu.com+or+ihuawen.com+or+nytimes.com+or+flickr.com+or+quanjing.com+or+vcg.com+or+gettyimages.co.uk+or+paixin.com)+%e5%9b%bd%e5%ae%b6+%e6%88%90%e4%b8%ba+%e7%be%8e%e5%9b%bd+%e5%90%8d%e5%a3%b0&id=5AA2F6E8DA3868014C0CC733D3D3E87B04955CDA&simid=608046284064948783", 
            "hostPageUrl": "http://tech.huanqiu.com/diginews/2015-07/6822582.html", 
            "thumbnailUrl": "https://tse1.mm.bing.net/th?id=OIP.Ppv0IJkOvHRz63pv5GzLCAHaFA&pid=Api", 
            "thumbnail": {
                "width": 474, 
                "height": 320
            }, 
            "contentSize": "118353 B"
        }, 
        {
            "contentUrl": "http://n.sinaimg.cn/sports/crawl/244/w550h494/20180825/Meyc-hicsiaw8363969.jpg", 
            "insightsMetadata": {
                "pagesIncludingCount": 1, 
                "availableSizesCount": 1
            }, 
            "height": 494, 
            "accentColor": "730A37", 
            "hostPageDisplayUrl": "sports.sina.com.cn/zl/other/2018-08-25/zldoc...", 
            "name": "放弃美国荣誉！“男版郎平”回归_新浪竞技风暴_新浪网", 
            "width": 550, 
            "imageInsightsToken": "ccid_AhNFOLrH*mid_68C9C9B39D6D77FD42DB1DC81605293D2009C9ED*simid_608004549896179362*thid_OIP.AhNFOLrH4c5znL5Cw0G9XgHaGp", 
            "imageId": "68C9C9B39D6D77FD42DB1DC81605293D2009C9ED", 
            "isFamilyFriendly": true, 
            "datePublished": "2018-08-25T02:42:00.0000000Z", 
            "encodingFormat": "jpeg", 
            "webSearchUrl": "https://www.bing.com/images/search?view=detailv2&FORM=OIIRPO&q=site%3a(thepaper.cn+or+chinadaily.com.cn+or+china.com.cn+or+chinanews.com+or+youth.cn+or+sina.com.cn+or+xinhuanet.com+or+cri.cn+or+163.com+or+cankaoxiaoxi.com+or+cctv.com+or+ifeng.com+or+qq.com+or+takungpao.com+or+people.com.cn+or+southcn.com+or+southcn.com+or+cnr.cn+or+people.com.cn+or+cyol.com+or+bjnews.com.cn+or+gmw.cn+or+dahe.cn+or+xfrb.com.cn+or+cqnews.net+or+lifeweek.com.cn+or+cpd.com.cn+or+haiwainet.cn+or+yidianzixun.com+or+ftchinese.com+or+guancha.cn+or+zhcw.com+or+huanqiu.com+or+ihuawen.com+or+nytimes.com+or+flickr.com+or+quanjing.com+or+vcg.com+or+gettyimages.co.uk+or+paixin.com)+%e5%9b%bd%e5%ae%b6+%e6%88%90%e4%b8%ba+%e7%be%8e%e5%9b%bd+%e5%90%8d%e5%a3%b0&id=68C9C9B39D6D77FD42DB1DC81605293D2009C9ED&simid=608004549896179362", 
            "hostPageUrl": "http://sports.sina.com.cn/zl/other/2018-08-25/zldoc-ihicsiaw8389575.shtml", 
            "thumbnailUrl": "https://tse3.mm.bing.net/th?id=OIP.AhNFOLrH4c5znL5Cw0G9XgHaGp&pid=Api", 
            "thumbnail": {
                "width": 474, 
                "height": 425
            }, 
            "contentSize": "36181 B"
        }, 
        {
            "contentUrl": "http://img1.gtimg.com/luxury/pics/hv1/114/242/888/57804024.jpg", 
            "insightsMetadata": {
                "pagesIncludingCount": 2, 
                "availableSizesCount": 2
            }, 
            "height": 329, 
            "accentColor": "B16D1A", 
            "hostPageDisplayUrl": "luxury.qq.com/a/20111024/000012_2.htm", 
            "name": "网球小天王德约科维奇蜕变路_时尚_腾讯网", 
            "width": 500, 
            "imageInsightsToken": "ccid_g+NngHSK*mid_A41B1943C2FB983DDA01EAE6574726428C150948*simid_608050037904704384*thid_OIP.g-NngHSKva69PxZtavyfbAHaE3", 
            "imageId": "A41B1943C2FB983DDA01EAE6574726428C150948", 
            "isFamilyFriendly": true, 
            "datePublished": "2018-08-19T23:33:00.0000000Z", 
            "encodingFormat": "jpeg", 
            "webSearchUrl": "https://www.bing.com/images/search?view=detailv2&FORM=OIIRPO&q=site%3a(thepaper.cn+or+chinadaily.com.cn+or+china.com.cn+or+chinanews.com+or+youth.cn+or+sina.com.cn+or+xinhuanet.com+or+cri.cn+or+163.com+or+cankaoxiaoxi.com+or+cctv.com+or+ifeng.com+or+qq.com+or+takungpao.com+or+people.com.cn+or+southcn.com+or+southcn.com+or+cnr.cn+or+people.com.cn+or+cyol.com+or+bjnews.com.cn+or+gmw.cn+or+dahe.cn+or+xfrb.com.cn+or+cqnews.net+or+lifeweek.com.cn+or+cpd.com.cn+or+haiwainet.cn+or+yidianzixun.com+or+ftchinese.com+or+guancha.cn+or+zhcw.com+or+huanqiu.com+or+ihuawen.com+or+nytimes.com+or+flickr.com+or+quanjing.com+or+vcg.com+or+gettyimages.co.uk+or+paixin.com)+%e5%9b%bd%e5%ae%b6+%e6%88%90%e4%b8%ba+%e7%be%8e%e5%9b%bd+%e5%90%8d%e5%a3%b0&id=A41B1943C2FB983DDA01EAE6574726428C150948&simid=608050037904704384", 
            "hostPageUrl": "http://luxury.qq.com/a/20111024/000012_2.htm", 
            "thumbnailUrl": "https://tse4.mm.bing.net/th?id=OIP.g-NngHSKva69PxZtavyfbAHaE3&pid=Api", 
            "thumbnail": {
                "width": 474, 
                "height": 311
            }, 
            "contentSize": "29938 B"
        }, 
        {
            "contentUrl": "http://n.sinaimg.cn/sports/transform/w650h433/20180205/Dp1t-fyrhcqy6528402.png", 
            "insightsMetadata": {
                "pagesIncludingCount": 1, 
                "availableSizesCount": 1
            }, 
            "height": 433, 
            "accentColor": "093E8D", 
            "hostPageDisplayUrl": "sports.sina.com.cn/others/winter/2018-02-05/doc...", 
            "name": "HALTI | 始于大山 亲近自然 挑战自我_冰雪_新浪竞技风暴_新浪网", 
            "width": 650, 
            "imageInsightsToken": "ccid_g0apnmDb*mid_C2C5EDEABEE50333853F05E8E35EEBFE2FA27ECB*simid_608041052822179154*thid_OIP.g0apnmDbdpANEPGoGWSbigHaE7", 
            "imageId": "C2C5EDEABEE50333853F05E8E35EEBFE2FA27ECB", 
            "isFamilyFriendly": true, 
            "datePublished": "2018-02-05T03:59:00.0000000Z", 
            "encodingFormat": "png", 
            "webSearchUrl": "https://www.bing.com/images/search?view=detailv2&FORM=OIIRPO&q=site%3a(thepaper.cn+or+chinadaily.com.cn+or+china.com.cn+or+chinanews.com+or+youth.cn+or+sina.com.cn+or+xinhuanet.com+or+cri.cn+or+163.com+or+cankaoxiaoxi.com+or+cctv.com+or+ifeng.com+or+qq.com+or+takungpao.com+or+people.com.cn+or+southcn.com+or+southcn.com+or+cnr.cn+or+people.com.cn+or+cyol.com+or+bjnews.com.cn+or+gmw.cn+or+dahe.cn+or+xfrb.com.cn+or+cqnews.net+or+lifeweek.com.cn+or+cpd.com.cn+or+haiwainet.cn+or+yidianzixun.com+or+ftchinese.com+or+guancha.cn+or+zhcw.com+or+huanqiu.com+or+ihuawen.com+or+nytimes.com+or+flickr.com+or+quanjing.com+or+vcg.com+or+gettyimages.co.uk+or+paixin.com)+%e5%9b%bd%e5%ae%b6+%e6%88%90%e4%b8%ba+%e7%be%8e%e5%9b%bd+%e5%90%8d%e5%a3%b0&id=C2C5EDEABEE50333853F05E8E35EEBFE2FA27ECB&simid=608041052822179154", 
            "hostPageUrl": "http://sports.sina.com.cn/others/winter/2018-02-05/doc-ifyrhcqy6539457.shtml", 
            "thumbnailUrl": "https://tse4.mm.bing.net/th?id=OIP.g0apnmDbdpANEPGoGWSbigHaE7&pid=Api", 
            "thumbnail": {
                "width": 474, 
                "height": 315
            }, 
            "contentSize": "327923 B"
        }, 
        {
            "contentUrl": "http://image.thepaper.cn/www/image/4/837/136.jpg", 
            "insightsMetadata": {
                "pagesIncludingCount": 71, 
                "availableSizesCount": 33
            }, 
            "height": 393, 
            "accentColor": "1C62AF", 
            "hostPageDisplayUrl": "www.thepaper.cn/newsDetail_forward_1446574", 
            "name": "伊朗巴列维国王的现代化梦想为何破灭_私家历史_澎湃新闻-The Paper", 
            "width": 600, 
            "imageInsightsToken": "ccid_Io0a53jB*mid_09D3E37D3CA23C7550C7F5A60C136FC007A90F9F*simid_608023778467316689*thid_OIP.Io0a53jBiZykR6hjhQ!_MKAHaE2", 
            "imageId": "09D3E37D3CA23C7550C7F5A60C136FC007A90F9F", 
            "isFamilyFriendly": true, 
            "datePublished": "2016-04-14T04:57:00.0000000Z", 
            "encodingFormat": "jpeg", 
            "webSearchUrl": "https://www.bing.com/images/search?view=detailv2&FORM=OIIRPO&q=site%3a(thepaper.cn+or+chinadaily.com.cn+or+china.com.cn+or+chinanews.com+or+youth.cn+or+sina.com.cn+or+xinhuanet.com+or+cri.cn+or+163.com+or+cankaoxiaoxi.com+or+cctv.com+or+ifeng.com+or+qq.com+or+takungpao.com+or+people.com.cn+or+southcn.com+or+southcn.com+or+cnr.cn+or+people.com.cn+or+cyol.com+or+bjnews.com.cn+or+gmw.cn+or+dahe.cn+or+xfrb.com.cn+or+cqnews.net+or+lifeweek.com.cn+or+cpd.com.cn+or+haiwainet.cn+or+yidianzixun.com+or+ftchinese.com+or+guancha.cn+or+zhcw.com+or+huanqiu.com+or+ihuawen.com+or+nytimes.com+or+flickr.com+or+quanjing.com+or+vcg.com+or+gettyimages.co.uk+or+paixin.com)+%e5%9b%bd%e5%ae%b6+%e6%88%90%e4%b8%ba+%e7%be%8e%e5%9b%bd+%e5%90%8d%e5%a3%b0&id=09D3E37D3CA23C7550C7F5A60C136FC007A90F9F&simid=608023778467316689", 
            "hostPageUrl": "http://www.thepaper.cn/newsDetail_forward_1446574", 
            "thumbnailUrl": "https://tse4.mm.bing.net/th?id=OIP.Io0a53jBiZykR6hjhQ_MKAHaE2&pid=Api", 
            "thumbnail": {
                "width": 474, 
                "height": 310
            }, 
            "contentSize": "55937 B"
        }, 
        {
            "contentUrl": "http://i2.sinaimg.cn/dy/cr/2011/0511/557541749.jpg", 
            "insightsMetadata": {
                "pagesIncludingCount": 4, 
                "availableSizesCount": 1
            }, 
            "height": 345, 
            "accentColor": "75565D", 
            "hostPageDisplayUrl": "news.sina.com.cn/o/2011-05-11/151022445556.shtml", 
            "name": "拉登侄女走红网络 盘点拉登家族的美女成员_新闻中心_新浪网", 
            "width": 306, 
            "imageInsightsToken": "ccid_nwiYNVIq*mid_221499F523FA3F1C170B6203F409973B41A73451*simid_607996337940729668*thid_OIP.nwiYNVIq-TZot6yYXhKOFgAAAA", 
            "imageId": "221499F523FA3F1C170B6203F409973B41A73451", 
            "isFamilyFriendly": true, 
            "datePublished": "2011-05-11T12:00:00.0000000Z", 
            "encodingFormat": "jpeg", 
            "webSearchUrl": "https://www.bing.com/images/search?view=detailv2&FORM=OIIRPO&q=site%3a(thepaper.cn+or+chinadaily.com.cn+or+china.com.cn+or+chinanews.com+or+youth.cn+or+sina.com.cn+or+xinhuanet.com+or+cri.cn+or+163.com+or+cankaoxiaoxi.com+or+cctv.com+or+ifeng.com+or+qq.com+or+takungpao.com+or+people.com.cn+or+southcn.com+or+southcn.com+or+cnr.cn+or+people.com.cn+or+cyol.com+or+bjnews.com.cn+or+gmw.cn+or+dahe.cn+or+xfrb.com.cn+or+cqnews.net+or+lifeweek.com.cn+or+cpd.com.cn+or+haiwainet.cn+or+yidianzixun.com+or+ftchinese.com+or+guancha.cn+or+zhcw.com+or+huanqiu.com+or+ihuawen.com+or+nytimes.com+or+flickr.com+or+quanjing.com+or+vcg.com+or+gettyimages.co.uk+or+paixin.com)+%e5%9b%bd%e5%ae%b6+%e6%88%90%e4%b8%ba+%e7%be%8e%e5%9b%bd+%e5%90%8d%e5%a3%b0&id=221499F523FA3F1C170B6203F409973B41A73451&simid=607996337940729668", 
            "hostPageUrl": "http://news.sina.com.cn/o/2011-05-11/151022445556.shtml", 
            "thumbnailUrl": "https://tse1.mm.bing.net/th?id=OIP.nwiYNVIq-TZot6yYXhKOFgAAAA&pid=Api", 
            "thumbnail": {
                "width": 306, 
                "height": 345
            }, 
            "contentSize": "37178 B"
        }
    ], 
    "nextOffset": 10, 
    "queryContext": {
        "alterationMethod": "AM_JustChangeIt", 
        "alterationType": "CombinedAlterationsChained", 
        "originalQuery": "site:(thepaper.cn or chinadaily.com.cn or china.com.cn or chinanews.com or youth.cn or sina.com.cn or xinhuanet.com or cri.cn or 163.com or cankaoxiaoxi.com or cctv.com or ifeng.com or qq.com or takungpao.com or people.com.cn or southcn.com or southcn.com or cnr.cn or people.com.cn or cyol.com or bjnews.com.cn or gmw.cn or dahe.cn or xfrb.com.cn or cqnews.net or lifeweek.com.cn or cpd.com.cn or haiwainet.cn or yidianzixun.com or ftchinese.com or guancha.cn or zhcw.com or huanqiu.com or ihuawen.com or nytimes.com or flickr.com or quanjing.com or vcg.com or gettyimages.co.uk or paixin.com) 国家 成为 美国 名声", 
        "alterationOverrideQuery": "+site:(thepaper.cn or chinadaily.com.cn or china.com.cn or chinanews.com or youth.cn or sina.com.cn or xinhuanet.com or cri.cn or 163.com or cankaoxiaoxi.com or cctv.com or ifeng.com or qq.com or takungpao.com or people.com.cn or southcn.com or southcn.com or cnr.cn or people.com.cn or cyol.com or bjnews.com.cn or gmw.cn or dahe.cn or xfrb.com.cn or cqnews.net or lifeweek.com.cn or cpd.com.cn or haiwainet.cn or yidianzixun.com or ftchinese.com or guancha.cn or zhcw.com or huanqiu.com or ihuawen.com or nytimes.com or flickr.com or quanjing.com or vcg.com or gettyimages.co.uk or paixin.com) 国家 成为 美国 名声", 
        "alterationDisplayQuery": "国家 成为 美国 名声"
    }, 
    "currentOffset": 0, 
    "readLink": "images/search?q=site:(thepaper.cn or chinadaily.com.cn or china.com.cn or chinanews.com or youth.cn or sina.com.cn or xinhuanet.com or cri.cn or 163.com or cankaoxiaoxi.com or cctv.com or ifeng.com or qq.com or takungpao.com or people.com.cn or southcn.com or southcn.com or cnr.cn or people.com.cn or cyol.com or bjnews.com.cn or gmw.cn or dahe.cn or xfrb.com.cn or cqnews.net or lifeweek.com.cn or cpd.com.cn or haiwainet.cn or yidianzixun.com or ftchinese.com or guancha.cn or zhcw.com or huanqiu.com or ihuawen.com or nytimes.com or flickr.com or quanjing.com or vcg.com or gettyimages.co.uk or paixin.com) 国家 成为 美国 名声", 
    "totalEstimatedMatches": 82
}