{
    "instrumentation": {
        "_type": "ResponseInstrumentation"
    }, 
    "_type": "Images", 
    "webSearchUrl": "https://www.bing.com/images/search?q=site:(thepaper.cn or chinadaily.com.cn or china.com.cn or chinanews.com or youth.cn or sina.com.cn or xinhuanet.com or cri.cn or 163.com or cankaoxiaoxi.com or cctv.com or ifeng.com or qq.com or takungpao.com or people.com.cn or southcn.com or southcn.com or cnr.cn or people.com.cn or cyol.com or bjnews.com.cn or gmw.cn or dahe.cn or xfrb.com.cn or cqnews.net or lifeweek.com.cn or cpd.com.cn or haiwainet.cn or yidianzixun.com or ftchinese.com or guancha.cn or zhcw.com or huanqiu.com or ihuawen.com or nytimes.com or flickr.com or quanjing.com or vcg.com or gettyimages.co.uk or paixin.com) 医生 不会 住 地方&FORM=OIIARP", 
    "value": [
        {
            "contentUrl": "http://img6.cache.netease.com/baby/2016/1/21/2016012116023326371_550.png", 
            "insightsMetadata": {
                "pagesIncludingCount": 1, 
                "availableSizesCount": 1
            }, 
            "height": 490, 
            "accentColor": "877844", 
            "hostPageDisplayUrl": "baby.163.com/16/0122/05/BDTKRJQJ00362USS.html", 
            "name": "6岁男孩18楼坠落奇迹生还 阳台潜在危机你知道吗_网易亲子", 
            "width": 550, 
            "imageInsightsToken": "ccid_mGN+z/g7*mid_838F8532231B2318BF9F5552F960E9B41044BD23*simid_608005846954741063*thid_OIP.mGN-z!_g7YObDBoTTA47wTgHaGm", 
            "imageId": "838F8532231B2318BF9F5552F960E9B41044BD23", 
            "isFamilyFriendly": true, 
            "datePublished": "2016-02-16T00:52:00.0000000Z", 
            "encodingFormat": "png", 
            "webSearchUrl": "https://www.bing.com/images/search?view=detailv2&FORM=OIIRPO&q=site%3a(thepaper.cn+or+chinadaily.com.cn+or+china.com.cn+or+chinanews.com+or+youth.cn+or+sina.com.cn+or+xinhuanet.com+or+cri.cn+or+163.com+or+cankaoxiaoxi.com+or+cctv.com+or+ifeng.com+or+qq.com+or+takungpao.com+or+people.com.cn+or+southcn.com+or+southcn.com+or+cnr.cn+or+people.com.cn+or+cyol.com+or+bjnews.com.cn+or+gmw.cn+or+dahe.cn+or+xfrb.com.cn+or+cqnews.net+or+lifeweek.com.cn+or+cpd.com.cn+or+haiwainet.cn+or+yidianzixun.com+or+ftchinese.com+or+guancha.cn+or+zhcw.com+or+huanqiu.com+or+ihuawen.com+or+nytimes.com+or+flickr.com+or+quanjing.com+or+vcg.com+or+gettyimages.co.uk+or+paixin.com)+%e5%8c%bb%e7%94%9f+%e4%b8%8d%e4%bc%9a+%e4%bd%8f+%e5%9c%b0%e6%96%b9&id=838F8532231B2318BF9F5552F960E9B41044BD23&simid=608005846954741063", 
            "hostPageUrl": "http://baby.163.com/16/0122/05/BDTKRJQJ00362USS.html", 
            "thumbnailUrl": "https://tse1.mm.bing.net/th?id=OIP.mGN-z_g7YObDBoTTA47wTgHaGm&pid=Api", 
            "thumbnail": {
                "width": 474, 
                "height": 422
            }, 
            "contentSize": "317543 B"
        }, 
        {
            "contentUrl": "http://img1.gtimg.com/cul/pics/hv1/103/175/1655/107661103.jpg", 
            "insightsMetadata": {
                "pagesIncludingCount": 3, 
                "availableSizesCount": 1
            }, 
            "height": 301, 
            "accentColor": "666666", 
            "hostPageDisplayUrl": "cul.qq.com/a/20140717/026133.htm", 
            "name": "《日瓦戈医生》译者：在红卫兵眼皮底下保全了名著_文化_腾讯网", 
            "width": 591, 
            "imageInsightsToken": "ccid_EcCr6xsh*mid_ACECA5C97CB8945311D22A362121FE91AE4FBC87*simid_608043226046531413*thid_OIP.EcCr6xshmpUNiaaeJTEgvAHaDx", 
            "imageId": "ACECA5C97CB8945311D22A362121FE91AE4FBC87", 
            "isFamilyFriendly": true, 
            "datePublished": "2014-07-26T02:59:00.0000000Z", 
            "encodingFormat": "jpeg", 
            "webSearchUrl": "https://www.bing.com/images/search?view=detailv2&FORM=OIIRPO&q=site%3a(thepaper.cn+or+chinadaily.com.cn+or+china.com.cn+or+chinanews.com+or+youth.cn+or+sina.com.cn+or+xinhuanet.com+or+cri.cn+or+163.com+or+cankaoxiaoxi.com+or+cctv.com+or+ifeng.com+or+qq.com+or+takungpao.com+or+people.com.cn+or+southcn.com+or+southcn.com+or+cnr.cn+or+people.com.cn+or+cyol.com+or+bjnews.com.cn+or+gmw.cn+or+dahe.cn+or+xfrb.com.cn+or+cqnews.net+or+lifeweek.com.cn+or+cpd.com.cn+or+haiwainet.cn+or+yidianzixun.com+or+ftchinese.com+or+guancha.cn+or+zhcw.com+or+huanqiu.com+or+ihuawen.com+or+nytimes.com+or+flickr.com+or+quanjing.com+or+vcg.com+or+gettyimages.co.uk+or+paixin.com)+%e5%8c%bb%e7%94%9f+%e4%b8%8d%e4%bc%9a+%e4%bd%8f+%e5%9c%b0%e6%96%b9&id=ACECA5C97CB8945311D22A362121FE91AE4FBC87&simid=608043226046531413", 
            "hostPageUrl": "http://cul.qq.com/a/20140717/026133.htm", 
            "thumbnailUrl": "https://tse3.mm.bing.net/th?id=OIP.EcCr6xshmpUNiaaeJTEgvAHaDx&pid=Api", 
            "thumbnail": {
                "width": 474, 
                "height": 241
            }, 
            "contentSize": "28967 B"
        }, 
        {
            "contentUrl": "http://sh.people.com.cn/NMediaFile/2013/0110/LOCAL201301101159000437370215378.jpg", 
            "insightsMetadata": {
                "pagesIncludingCount": 1, 
                "availableSizesCount": 1
            }, 
            "height": 535, 
            "accentColor": "A52627", 
            "hostPageDisplayUrl": "sh.people.com.cn/n/2013/0110/c134836-18000941-4.html", 
            "name": "舒缓疗护医师：陪你到生命的终点【4】--上海频道--人民网", 
            "width": 801, 
            "imageInsightsToken": "ccid_UfHkEp6I*mid_737C1413493FCC70D68B2A2FB48C702FCEA1377E*simid_608053194664050956*thid_OIP.UfHkEp6ITS0KlNXJhsy7OwHaE8", 
            "imageId": "737C1413493FCC70D68B2A2FB48C702FCEA1377E", 
            "isFamilyFriendly": true, 
            "datePublished": "2013-03-17T20:26:00.0000000Z", 
            "encodingFormat": "jpeg", 
            "webSearchUrl": "https://www.bing.com/images/search?view=detailv2&FORM=OIIRPO&q=site%3a(thepaper.cn+or+chinadaily.com.cn+or+china.com.cn+or+chinanews.com+or+youth.cn+or+sina.com.cn+or+xinhuanet.com+or+cri.cn+or+163.com+or+cankaoxiaoxi.com+or+cctv.com+or+ifeng.com+or+qq.com+or+takungpao.com+or+people.com.cn+or+southcn.com+or+southcn.com+or+cnr.cn+or+people.com.cn+or+cyol.com+or+bjnews.com.cn+or+gmw.cn+or+dahe.cn+or+xfrb.com.cn+or+cqnews.net+or+lifeweek.com.cn+or+cpd.com.cn+or+haiwainet.cn+or+yidianzixun.com+or+ftchinese.com+or+guancha.cn+or+zhcw.com+or+huanqiu.com+or+ihuawen.com+or+nytimes.com+or+flickr.com+or+quanjing.com+or+vcg.com+or+gettyimages.co.uk+or+paixin.com)+%e5%8c%bb%e7%94%9f+%e4%b8%8d%e4%bc%9a+%e4%bd%8f+%e5%9c%b0%e6%96%b9&id=737C1413493FCC70D68B2A2FB48C702FCEA1377E&simid=608053194664050956", 
            "hostPageUrl": "http://sh.people.com.cn/n/2013/0110/c134836-18000941-4.html", 
            "thumbnailUrl": "https://tse2.mm.bing.net/th?id=OIP.UfHkEp6ITS0KlNXJhsy7OwHaE8&pid=Api", 
            "thumbnail": {
                "width": 474, 
                "height": 316
            }, 
            "contentSize": "72958 B"
        }, 
        {
            "contentUrl": "http://img3.cache.netease.com/lady/2015/3/10/20150310171330a489b_550.jpg", 
            "insightsMetadata": {
                "pagesIncludingCount": 1, 
                "availableSizesCount": 1
            }, 
            "height": 175, 
            "accentColor": "91673A", 
            "hostPageDisplayUrl": "lady.163.com/15/0310/17/AKC46L7F00264OA7.html", 
            "name": "霹雳猪的鼻子改造：假体隆鼻+缩鼻翼_网易女人", 
            "width": 550, 
            "imageInsightsToken": "ccid_PlTrJuYm*mid_12CF78AF00EAA8A8B06EB25BF3CF4E81288BAE63*simid_607999494708070812*thid_OIP.PlTrJuYmP6RcQ6Ob1BB2-QHaCW", 
            "imageId": "12CF78AF00EAA8A8B06EB25BF3CF4E81288BAE63", 
            "isFamilyFriendly": true, 
            "datePublished": "2018-08-10T00:28:00.0000000Z", 
            "encodingFormat": "jpeg", 
            "webSearchUrl": "https://www.bing.com/images/search?view=detailv2&FORM=OIIRPO&q=site%3a(thepaper.cn+or+chinadaily.com.cn+or+china.com.cn+or+chinanews.com+or+youth.cn+or+sina.com.cn+or+xinhuanet.com+or+cri.cn+or+163.com+or+cankaoxiaoxi.com+or+cctv.com+or+ifeng.com+or+qq.com+or+takungpao.com+or+people.com.cn+or+southcn.com+or+southcn.com+or+cnr.cn+or+people.com.cn+or+cyol.com+or+bjnews.com.cn+or+gmw.cn+or+dahe.cn+or+xfrb.com.cn+or+cqnews.net+or+lifeweek.com.cn+or+cpd.com.cn+or+haiwainet.cn+or+yidianzixun.com+or+ftchinese.com+or+guancha.cn+or+zhcw.com+or+huanqiu.com+or+ihuawen.com+or+nytimes.com+or+flickr.com+or+quanjing.com+or+vcg.com+or+gettyimages.co.uk+or+paixin.com)+%e5%8c%bb%e7%94%9f+%e4%b8%8d%e4%bc%9a+%e4%bd%8f+%e5%9c%b0%e6%96%b9&id=12CF78AF00EAA8A8B06EB25BF3CF4E81288BAE63&simid=607999494708070812", 
            "hostPageUrl": "http://lady.163.com/15/0310/17/AKC46L7F00264OA7.html", 
            "thumbnailUrl": "https://tse3.mm.bing.net/th?id=OIP.PlTrJuYmP6RcQ6Ob1BB2-QHaCW&pid=Api", 
            "thumbnail": {
                "width": 474, 
                "height": 150
            }, 
            "contentSize": "13912 B"
        }, 
        {
            "contentUrl": "http://img1.cache.netease.com/catchpic/A/AC/AC570768B231F2F4131329545BC003BE.jpg", 
            "insightsMetadata": {
                "pagesIncludingCount": 12, 
                "availableSizesCount": 4
            }, 
            "height": 595, 
            "accentColor": "963566", 
            "hostPageDisplayUrl": "ent.163.com/14/0122/11/9J6J92MG00032DGD.html", 
            "name": "黄日华爱妻梁洁华患坏血病 半年内可康复_网易娱乐", 
            "width": 440, 
            "imageInsightsToken": "ccid_IOCY7hAH*mid_6F1397312462525A7A00CEC448F69151B87804AD*simid_608039412170100395*thid_OIP.IOCY7hAHwDtxkuqwnTQ00QAAAA", 
            "imageId": "6F1397312462525A7A00CEC448F69151B87804AD", 
            "isFamilyFriendly": true, 
            "datePublished": "2019-02-14T05:41:00.0000000Z", 
            "encodingFormat": "jpeg", 
            "webSearchUrl": "https://www.bing.com/images/search?view=detailv2&FORM=OIIRPO&q=site%3a(thepaper.cn+or+chinadaily.com.cn+or+china.com.cn+or+chinanews.com+or+youth.cn+or+sina.com.cn+or+xinhuanet.com+or+cri.cn+or+163.com+or+cankaoxiaoxi.com+or+cctv.com+or+ifeng.com+or+qq.com+or+takungpao.com+or+people.com.cn+or+southcn.com+or+southcn.com+or+cnr.cn+or+people.com.cn+or+cyol.com+or+bjnews.com.cn+or+gmw.cn+or+dahe.cn+or+xfrb.com.cn+or+cqnews.net+or+lifeweek.com.cn+or+cpd.com.cn+or+haiwainet.cn+or+yidianzixun.com+or+ftchinese.com+or+guancha.cn+or+zhcw.com+or+huanqiu.com+or+ihuawen.com+or+nytimes.com+or+flickr.com+or+quanjing.com+or+vcg.com+or+gettyimages.co.uk+or+paixin.com)+%e5%8c%bb%e7%94%9f+%e4%b8%8d%e4%bc%9a+%e4%bd%8f+%e5%9c%b0%e6%96%b9&id=6F1397312462525A7A00CEC448F69151B87804AD&simid=608039412170100395", 
            "hostPageUrl": "http://ent.163.com/14/0122/11/9J6J92MG00032DGD.html", 
            "thumbnailUrl": "https://tse2.mm.bing.net/th?id=OIP.IOCY7hAHwDtxkuqwnTQ00QAAAA&pid=Api", 
            "thumbnail": {
                "width": 440, 
                "height": 595
            }, 
            "contentSize": "30032 B"
        }, 
        {
            "contentUrl": "http://n.sinaimg.cn/tj/transform/116/w550h366/20181023/3bof-hmuuiyw2691361.jpg", 
            "insightsMetadata": {
                "pagesIncludingCount": 1, 
                "availableSizesCount": 1
            }, 
            "height": 366, 
            "accentColor": "602A25", 
            "hostPageDisplayUrl": "tj.sina.com.cn/xqyy/gysj/2018-10-23/detail...", 
            "name": "天津市西青医院召开援助帮扶医生工作事迹报告会_新浪天津_新浪网", 
            "width": 550, 
            "imageInsightsToken": "ccid_pRGTzq2O*mid_A53B45372B57AD5C86EA7A82AD08B314D2E9CE54*simid_608044420062512385*thid_OIP.pRGTzq2OAiMoaPTdl-tQHgHaE7", 
            "imageId": "A53B45372B57AD5C86EA7A82AD08B314D2E9CE54", 
            "isFamilyFriendly": true, 
            "datePublished": "2018-10-24T06:47:00.0000000Z", 
            "encodingFormat": "jpeg", 
            "webSearchUrl": "https://www.bing.com/images/search?view=detailv2&FORM=OIIRPO&q=site%3a(thepaper.cn+or+chinadaily.com.cn+or+china.com.cn+or+chinanews.com+or+youth.cn+or+sina.com.cn+or+xinhuanet.com+or+cri.cn+or+163.com+or+cankaoxiaoxi.com+or+cctv.com+or+ifeng.com+or+qq.com+or+takungpao.com+or+people.com.cn+or+southcn.com+or+southcn.com+or+cnr.cn+or+people.com.cn+or+cyol.com+or+bjnews.com.cn+or+gmw.cn+or+dahe.cn+or+xfrb.com.cn+or+cqnews.net+or+lifeweek.com.cn+or+cpd.com.cn+or+haiwainet.cn+or+yidianzixun.com+or+ftchinese.com+or+guancha.cn+or+zhcw.com+or+huanqiu.com+or+ihuawen.com+or+nytimes.com+or+flickr.com+or+quanjing.com+or+vcg.com+or+gettyimages.co.uk+or+paixin.com)+%e5%8c%bb%e7%94%9f+%e4%b8%8d%e4%bc%9a+%e4%bd%8f+%e5%9c%b0%e6%96%b9&id=A53B45372B57AD5C86EA7A82AD08B314D2E9CE54&simid=608044420062512385", 
            "hostPageUrl": "http://tj.sina.com.cn/xqyy/gysj/2018-10-23/detail-ihmuuiyw3422003.shtml", 
            "thumbnailUrl": "https://tse3.mm.bing.net/th?id=OIP.pRGTzq2OAiMoaPTdl-tQHgHaE7&pid=Api", 
            "thumbnail": {
                "width": 474, 
                "height": 315
            }, 
            "contentSize": "23164 B"
        }, 
        {
            "contentUrl": "http://img.bimg.126.net/photo/Xu-rcCQ_DFoZFamWTCmCIg==/5784873721357622676.jpg", 
            "insightsMetadata": {
                "pagesIncludingCount": 1, 
                "availableSizesCount": 1
            }, 
            "height": 690, 
            "accentColor": "28594E", 
            "hostPageDisplayUrl": "huangshengyou.blog.163.com/blog/static/185162257201098940842", 
            "name": "尿急。实在是憋不住了！【组照】 - 黄胜友的日志 - 网易博客", 
            "width": 461, 
            "imageInsightsToken": "ccid_mTvtVBVz*mid_2BE95B6EA22DC3B414259123DD42ADA60D045244*simid_607996836146382193*thid_OIP.mTvtVBVzJiBKI7!_DyD0YFwAAAA", 
            "imageId": "2BE95B6EA22DC3B414259123DD42ADA60D045244", 
            "isFamilyFriendly": true, 
            "datePublished": "2013-03-18T13:37:00.0000000Z", 
            "encodingFormat": "jpeg", 
            "webSearchUrl": "https://www.bing.com/images/search?view=detailv2&FORM=OIIRPO&q=site%3a(thepaper.cn+or+chinadaily.com.cn+or+china.com.cn+or+chinanews.com+or+youth.cn+or+sina.com.cn+or+xinhuanet.com+or+cri.cn+or+163.com+or+cankaoxiaoxi.com+or+cctv.com+or+ifeng.com+or+qq.com+or+takungpao.com+or+people.com.cn+or+southcn.com+or+southcn.com+or+cnr.cn+or+people.com.cn+or+cyol.com+or+bjnews.com.cn+or+gmw.cn+or+dahe.cn+or+xfrb.com.cn+or+cqnews.net+or+lifeweek.com.cn+or+cpd.com.cn+or+haiwainet.cn+or+yidianzixun.com+or+ftchinese.com+or+guancha.cn+or+zhcw.com+or+huanqiu.com+or+ihuawen.com+or+nytimes.com+or+flickr.com+or+quanjing.com+or+vcg.com+or+gettyimages.co.uk+or+paixin.com)+%e5%8c%bb%e7%94%9f+%e4%b8%8d%e4%bc%9a+%e4%bd%8f+%e5%9c%b0%e6%96%b9&id=2BE95B6EA22DC3B414259123DD42ADA60D045244&simid=607996836146382193", 
            "hostPageUrl": "http://huangshengyou.blog.163.com/blog/static/185162257201098940842/", 
            "thumbnailUrl": "https://tse2.mm.bing.net/th?id=OIP.mTvtVBVzJiBKI7_DyD0YFwAAAA&pid=Api", 
            "thumbnail": {
                "width": 461, 
                "height": 690
            }, 
            "contentSize": "54823 B"
        }, 
        {
            "contentUrl": "http://hunan.sinaimg.cn/cr/2013/0821/646744316.jpg", 
            "insightsMetadata": {
                "pagesIncludingCount": 1, 
                "availableSizesCount": 1
            }, 
            "height": 500, 
            "accentColor": "6A3F2C", 
            "hostPageDisplayUrl": "hunan.sina.com.cn/news/s/2013-08-27/090467867.html", 
            "name": "新化“木桶男孩”已开口叫爹妈 曾4年呆木桶生活_新浪湖南新闻 ...", 
            "width": 360, 
            "imageInsightsToken": "ccid_vbJnkUzc*mid_1B0D19162904E3B70FECB9DCD92FF9A84CCD27DC*simid_608025749810840715*thid_OIP.vbJnkUzcsQ9qk-8X19vhXwAAAA", 
            "imageId": "1B0D19162904E3B70FECB9DCD92FF9A84CCD27DC", 
            "isFamilyFriendly": true, 
            "datePublished": "2018-10-05T13:40:00.0000000Z", 
            "encodingFormat": "jpeg", 
            "webSearchUrl": "https://www.bing.com/images/search?view=detailv2&FORM=OIIRPO&q=site%3a(thepaper.cn+or+chinadaily.com.cn+or+china.com.cn+or+chinanews.com+or+youth.cn+or+sina.com.cn+or+xinhuanet.com+or+cri.cn+or+163.com+or+cankaoxiaoxi.com+or+cctv.com+or+ifeng.com+or+qq.com+or+takungpao.com+or+people.com.cn+or+southcn.com+or+southcn.com+or+cnr.cn+or+people.com.cn+or+cyol.com+or+bjnews.com.cn+or+gmw.cn+or+dahe.cn+or+xfrb.com.cn+or+cqnews.net+or+lifeweek.com.cn+or+cpd.com.cn+or+haiwainet.cn+or+yidianzixun.com+or+ftchinese.com+or+guancha.cn+or+zhcw.com+or+huanqiu.com+or+ihuawen.com+or+nytimes.com+or+flickr.com+or+quanjing.com+or+vcg.com+or+gettyimages.co.uk+or+paixin.com)+%e5%8c%bb%e7%94%9f+%e4%b8%8d%e4%bc%9a+%e4%bd%8f+%e5%9c%b0%e6%96%b9&id=1B0D19162904E3B70FECB9DCD92FF9A84CCD27DC&simid=608025749810840715", 
            "hostPageUrl": "http://hunan.sina.com.cn/news/s/2013-08-27/090467867.html", 
            "thumbnailUrl": "https://tse1.mm.bing.net/th?id=OIP.vbJnkUzcsQ9qk-8X19vhXwAAAA&pid=Api", 
            "thumbnail": {
                "width": 360, 
                "height": 500
            }, 
            "contentSize": "64760 B"
        }, 
        {
            "contentUrl": "http://img1.gtimg.com/jiangsu/pics/hv1/236/46/1833/119202791.jpg", 
            "insightsMetadata": {
                "pagesIncludingCount": 1, 
                "availableSizesCount": 1
            }, 
            "height": 430, 
            "accentColor": "B01B4D", 
            "hostPageDisplayUrl": "js.qq.com/a/20150504/028272.htm", 
            "name": "3岁男童将化妆品当冰淇淋 误食后呕吐不止_地方站_腾讯网", 
            "width": 580, 
            "imageInsightsToken": "ccid_ydknvlAN*mid_FAE7AAB66D929BE1A25533F841E640282D8E1ECD*simid_608049548286889274*thid_OIP.ydknvlAN7CTxntXSdPrNEgHaFf", 
            "imageId": "FAE7AAB66D929BE1A25533F841E640282D8E1ECD", 
            "isFamilyFriendly": true, 
            "datePublished": "2015-05-04T04:38:00.0000000Z", 
            "encodingFormat": "jpeg", 
            "webSearchUrl": "https://www.bing.com/images/search?view=detailv2&FORM=OIIRPO&q=site%3a(thepaper.cn+or+chinadaily.com.cn+or+china.com.cn+or+chinanews.com+or+youth.cn+or+sina.com.cn+or+xinhuanet.com+or+cri.cn+or+163.com+or+cankaoxiaoxi.com+or+cctv.com+or+ifeng.com+or+qq.com+or+takungpao.com+or+people.com.cn+or+southcn.com+or+southcn.com+or+cnr.cn+or+people.com.cn+or+cyol.com+or+bjnews.com.cn+or+gmw.cn+or+dahe.cn+or+xfrb.com.cn+or+cqnews.net+or+lifeweek.com.cn+or+cpd.com.cn+or+haiwainet.cn+or+yidianzixun.com+or+ftchinese.com+or+guancha.cn+or+zhcw.com+or+huanqiu.com+or+ihuawen.com+or+nytimes.com+or+flickr.com+or+quanjing.com+or+vcg.com+or+gettyimages.co.uk+or+paixin.com)+%e5%8c%bb%e7%94%9f+%e4%b8%8d%e4%bc%9a+%e4%bd%8f+%e5%9c%b0%e6%96%b9&id=FAE7AAB66D929BE1A25533F841E640282D8E1ECD&simid=608049548286889274", 
            "hostPageUrl": "http://js.qq.com/a/20150504/028272.htm", 
            "thumbnailUrl": "https://tse4.mm.bing.net/th?id=OIP.ydknvlAN7CTxntXSdPrNEgHaFf&pid=Api", 
            "thumbnail": {
                "width": 474, 
                "height": 351
            }, 
            "contentSize": "29621 B"
        }, 
        {
            "contentUrl": "http://i2.wp.com/img.igisele.com/2014-11-30-191037-96.jpg", 
            "insightsMetadata": {
                "pagesIncludingCount": 1, 
                "availableSizesCount": 1
            }, 
            "height": 700, 
            "accentColor": "A7243D", 
            "hostPageDisplayUrl": "blog.sina.com.cn/s/blog_bb3632970102v6k0.html", 
            "name": "去香港打了水光枪缩毛孔。顺便补了额头 法令纹 泪沟 猫咪纹 鸡 ...", 
            "width": 525, 
            "imageInsightsToken": "ccid_F9ax2qwo*mid_3A592231FBD1F9F9E567A98C1580F43C443237FB*simid_608039236072441347*thid_OIP.F9ax2qwokwOMFn-b8AylIQHaJ4", 
            "imageId": "3A592231FBD1F9F9E567A98C1580F43C443237FB", 
            "isFamilyFriendly": true, 
            "datePublished": "2014-12-03T12:00:00.0000000Z", 
            "encodingFormat": "jpeg", 
            "webSearchUrl": "https://www.bing.com/images/search?view=detailv2&FORM=OIIRPO&q=site%3a(thepaper.cn+or+chinadaily.com.cn+or+china.com.cn+or+chinanews.com+or+youth.cn+or+sina.com.cn+or+xinhuanet.com+or+cri.cn+or+163.com+or+cankaoxiaoxi.com+or+cctv.com+or+ifeng.com+or+qq.com+or+takungpao.com+or+people.com.cn+or+southcn.com+or+southcn.com+or+cnr.cn+or+people.com.cn+or+cyol.com+or+bjnews.com.cn+or+gmw.cn+or+dahe.cn+or+xfrb.com.cn+or+cqnews.net+or+lifeweek.com.cn+or+cpd.com.cn+or+haiwainet.cn+or+yidianzixun.com+or+ftchinese.com+or+guancha.cn+or+zhcw.com+or+huanqiu.com+or+ihuawen.com+or+nytimes.com+or+flickr.com+or+quanjing.com+or+vcg.com+or+gettyimages.co.uk+or+paixin.com)+%e5%8c%bb%e7%94%9f+%e4%b8%8d%e4%bc%9a+%e4%bd%8f+%e5%9c%b0%e6%96%b9&id=3A592231FBD1F9F9E567A98C1580F43C443237FB&simid=608039236072441347", 
            "hostPageUrl": "http://blog.sina.com.cn/s/blog_bb3632970102v6k0.html", 
            "thumbnailUrl": "https://tse4.mm.bing.net/th?id=OIP.F9ax2qwokwOMFn-b8AylIQHaJ4&pid=Api", 
            "thumbnail": {
                "width": 474, 
                "height": 632
            }, 
            "contentSize": "54585 B"
        }
    ], 
    "nextOffset": 10, 
    "queryContext": {
        "alterationMethod": "AM_JustChangeIt", 
        "alterationType": "CombinedAlterationsChained", 
        "originalQuery": "site:(thepaper.cn or chinadaily.com.cn or china.com.cn or chinanews.com or youth.cn or sina.com.cn or xinhuanet.com or cri.cn or 163.com or cankaoxiaoxi.com or cctv.com or ifeng.com or qq.com or takungpao.com or people.com.cn or southcn.com or southcn.com or cnr.cn or people.com.cn or cyol.com or bjnews.com.cn or gmw.cn or dahe.cn or xfrb.com.cn or cqnews.net or lifeweek.com.cn or cpd.com.cn or haiwainet.cn or yidianzixun.com or ftchinese.com or guancha.cn or zhcw.com or huanqiu.com or ihuawen.com or nytimes.com or flickr.com or quanjing.com or vcg.com or gettyimages.co.uk or paixin.com) 医生 不会 住 地方", 
        "alterationOverrideQuery": "+site:(thepaper.cn or chinadaily.com.cn or china.com.cn or chinanews.com or youth.cn or sina.com.cn or xinhuanet.com or cri.cn or 163.com or cankaoxiaoxi.com or cctv.com or ifeng.com or qq.com or takungpao.com or people.com.cn or southcn.com or southcn.com or cnr.cn or people.com.cn or cyol.com or bjnews.com.cn or gmw.cn or dahe.cn or xfrb.com.cn or cqnews.net or lifeweek.com.cn or cpd.com.cn or haiwainet.cn or yidianzixun.com or ftchinese.com or guancha.cn or zhcw.com or huanqiu.com or ihuawen.com or nytimes.com or flickr.com or quanjing.com or vcg.com or gettyimages.co.uk or paixin.com) 医生 不会 住 地方", 
        "alterationDisplayQuery": "医生 不 会 住 地方"
    }, 
    "currentOffset": 0, 
    "readLink": "images/search?q=site:(thepaper.cn or chinadaily.com.cn or china.com.cn or chinanews.com or youth.cn or sina.com.cn or xinhuanet.com or cri.cn or 163.com or cankaoxiaoxi.com or cctv.com or ifeng.com or qq.com or takungpao.com or people.com.cn or southcn.com or southcn.com or cnr.cn or people.com.cn or cyol.com or bjnews.com.cn or gmw.cn or dahe.cn or xfrb.com.cn or cqnews.net or lifeweek.com.cn or cpd.com.cn or haiwainet.cn or yidianzixun.com or ftchinese.com or guancha.cn or zhcw.com or huanqiu.com or ihuawen.com or nytimes.com or flickr.com or quanjing.com or vcg.com or gettyimages.co.uk or paixin.com) 医生 不会 住 地方", 
    "totalEstimatedMatches": 100
}