{
    "instrumentation": {
        "_type": "ResponseInstrumentation"
    }, 
    "_type": "Images", 
    "webSearchUrl": "https://www.bing.com/images/search?q=site:(thepaper.cn or chinadaily.com.cn or china.com.cn or chinanews.com or youth.cn or sina.com.cn or xinhuanet.com or cri.cn or 163.com or cankaoxiaoxi.com or cctv.com or ifeng.com or qq.com or takungpao.com or people.com.cn or southcn.com or southcn.com or cnr.cn or people.com.cn or cyol.com or bjnews.com.cn or gmw.cn or dahe.cn or xfrb.com.cn or cqnews.net or lifeweek.com.cn or cpd.com.cn or haiwainet.cn or yidianzixun.com or ftchinese.com or guancha.cn or zhcw.com or huanqiu.com or ihuawen.com or nytimes.com or flickr.com or quanjing.com or vcg.com or gettyimages.co.uk or paixin.com) Jack walked around China today,&FORM=OIIARP", 
    "value": [
        {
            "contentUrl": "http://usa.chinadaily.com.cn/travel/attachement/jpg/site1/20141126/f8bc126e491615df8e9326.jpg", 
            "insightsMetadata": {
                "pagesIncludingCount": 6, 
                "availableSizesCount": 3
            }, 
            "height": 394, 
            "accentColor": "B52A16", 
            "hostPageDisplayUrl": "usa.chinadaily.com.cn/travel/2014-11/26/content_18980067.htm", 
            "name": "Route walked by China’s most noted ancient traveler aims for World Heritage[1 ...", 
            "width": 600, 
            "imageInsightsToken": "ccid_Y8y8+Gqp*mid_4F3D9A2A6FFEF1BD3200FB602690D128E109CA64*simid_608028451345008816*thid_OIP.Y8y8-GqplRTxerxkYbq-zwHaE3", 
            "imageId": "4F3D9A2A6FFEF1BD3200FB602690D128E109CA64", 
            "isFamilyFriendly": true, 
            "datePublished": "2014-11-26T03:46:00.0000000Z", 
            "encodingFormat": "jpeg", 
            "webSearchUrl": "https://www.bing.com/images/search?view=detailv2&FORM=OIIRPO&q=site%3a(thepaper.cn+or+chinadaily.com.cn+or+china.com.cn+or+chinanews.com+or+youth.cn+or+sina.com.cn+or+xinhuanet.com+or+cri.cn+or+163.com+or+cankaoxiaoxi.com+or+cctv.com+or+ifeng.com+or+qq.com+or+takungpao.com+or+people.com.cn+or+southcn.com+or+southcn.com+or+cnr.cn+or+people.com.cn+or+cyol.com+or+bjnews.com.cn+or+gmw.cn+or+dahe.cn+or+xfrb.com.cn+or+cqnews.net+or+lifeweek.com.cn+or+cpd.com.cn+or+haiwainet.cn+or+yidianzixun.com+or+ftchinese.com+or+guancha.cn+or+zhcw.com+or+huanqiu.com+or+ihuawen.com+or+nytimes.com+or+flickr.com+or+quanjing.com+or+vcg.com+or+gettyimages.co.uk+or+paixin.com)+Jack+walked+around+China+today%2c&id=4F3D9A2A6FFEF1BD3200FB602690D128E109CA64&simid=608028451345008816", 
            "hostPageUrl": "http://usa.chinadaily.com.cn/travel/2014-11/26/content_18980067.htm", 
            "thumbnailUrl": "https://tse1.mm.bing.net/th?id=OIP.Y8y8-GqplRTxerxkYbq-zwHaE3&pid=Api", 
            "thumbnail": {
                "width": 474, 
                "height": 311
            }, 
            "hostPageFavIconUrl": "https://www.bing.com/th?id=AR_6bbc59f7064ed213027d1c4ffbd7baac&pid=Api", 
            "contentSize": "82045 B"
        }, 
        {
            "contentUrl": "http://www.chinadaily.com.cn/trending/img/attachement/jpg/site1/20150323/f8bc126d91a51679c48d5b.jpg", 
            "insightsMetadata": {
                "pagesIncludingCount": 8, 
                "availableSizesCount": 5
            }, 
            "height": 399, 
            "accentColor": "806A4B", 
            "hostPageDisplayUrl": "www.chinadaily.com.cn/trending/2015-03/23/content...", 
            "name": "Jack in a box[4]- Chinadaily.com.cn", 
            "width": 599, 
            "imageInsightsToken": "ccid_3IRNZWj8*mid_633B8F677E022FB05D6DDABB7FBBD9C30A386931*simid_608028704745391449*thid_OIP.3IRNZWj8RQZgHgd3vrKb9wHaE7", 
            "imageId": "633B8F677E022FB05D6DDABB7FBBD9C30A386931", 
            "isFamilyFriendly": true, 
            "datePublished": "2018-04-25T16:53:00.0000000Z", 
            "encodingFormat": "jpeg", 
            "webSearchUrl": "https://www.bing.com/images/search?view=detailv2&FORM=OIIRPO&q=site%3a(thepaper.cn+or+chinadaily.com.cn+or+china.com.cn+or+chinanews.com+or+youth.cn+or+sina.com.cn+or+xinhuanet.com+or+cri.cn+or+163.com+or+cankaoxiaoxi.com+or+cctv.com+or+ifeng.com+or+qq.com+or+takungpao.com+or+people.com.cn+or+southcn.com+or+southcn.com+or+cnr.cn+or+people.com.cn+or+cyol.com+or+bjnews.com.cn+or+gmw.cn+or+dahe.cn+or+xfrb.com.cn+or+cqnews.net+or+lifeweek.com.cn+or+cpd.com.cn+or+haiwainet.cn+or+yidianzixun.com+or+ftchinese.com+or+guancha.cn+or+zhcw.com+or+huanqiu.com+or+ihuawen.com+or+nytimes.com+or+flickr.com+or+quanjing.com+or+vcg.com+or+gettyimages.co.uk+or+paixin.com)+Jack+walked+around+China+today%2c&id=633B8F677E022FB05D6DDABB7FBBD9C30A386931&simid=608028704745391449", 
            "hostPageUrl": "http://www.chinadaily.com.cn/trending/2015-03/23/content_19879095_4.htm", 
            "thumbnailUrl": "https://tse2.mm.bing.net/th?id=OIP.3IRNZWj8RQZgHgd3vrKb9wHaE7&pid=Api", 
            "thumbnail": {
                "width": 474, 
                "height": 315
            }, 
            "hostPageFavIconUrl": "https://www.bing.com/th?id=AR_6bbc59f7064ed213027d1c4ffbd7baac&pid=Api", 
            "contentSize": "116757 B"
        }, 
        {
            "contentUrl": "http://www.chinadaily.com.cn/kindle/attachement/jpg/site1/20180213/f04da2db11221bec722f4b.jpg", 
            "insightsMetadata": {
                "pagesIncludingCount": 1, 
                "availableSizesCount": 1
            }, 
            "height": 411, 
            "accentColor": "BB2F10", 
            "hostPageDisplayUrl": "www.chinadaily.com.cn/kindle/node_1061889.htm", 
            "name": "shaun white of the us trains for the olympic snowboarding halfpipe competition at ...", 
            "width": 600, 
            "imageInsightsToken": "ccid_z7mV4rkY*mid_8431945C9D49B5B0B60D412E3DBC4F5D05D58665*simid_608006096068479882*thid_OIP.z7mV4rkY7YhBI2e-Or50XgHaFE", 
            "imageId": "8431945C9D49B5B0B60D412E3DBC4F5D05D58665", 
            "isFamilyFriendly": true, 
            "datePublished": "2018-03-14T13:47:00.0000000Z", 
            "encodingFormat": "jpeg", 
            "webSearchUrl": "https://www.bing.com/images/search?view=detailv2&FORM=OIIRPO&q=site%3a(thepaper.cn+or+chinadaily.com.cn+or+china.com.cn+or+chinanews.com+or+youth.cn+or+sina.com.cn+or+xinhuanet.com+or+cri.cn+or+163.com+or+cankaoxiaoxi.com+or+cctv.com+or+ifeng.com+or+qq.com+or+takungpao.com+or+people.com.cn+or+southcn.com+or+southcn.com+or+cnr.cn+or+people.com.cn+or+cyol.com+or+bjnews.com.cn+or+gmw.cn+or+dahe.cn+or+xfrb.com.cn+or+cqnews.net+or+lifeweek.com.cn+or+cpd.com.cn+or+haiwainet.cn+or+yidianzixun.com+or+ftchinese.com+or+guancha.cn+or+zhcw.com+or+huanqiu.com+or+ihuawen.com+or+nytimes.com+or+flickr.com+or+quanjing.com+or+vcg.com+or+gettyimages.co.uk+or+paixin.com)+Jack+walked+around+China+today%2c&id=8431945C9D49B5B0B60D412E3DBC4F5D05D58665&simid=608006096068479882", 
            "hostPageUrl": "http://www.chinadaily.com.cn/kindle/node_1061889.htm", 
            "thumbnailUrl": "https://tse3.mm.bing.net/th?id=OIP.z7mV4rkY7YhBI2e-Or50XgHaFE&pid=Api", 
            "thumbnail": {
                "width": 474, 
                "height": 324
            }, 
            "contentSize": "37072 B"
        }, 
        {
            "contentUrl": "http://static01.nyt.com/images/2014/03/06/world/06Kashgar_03/06Kashgar_03-articleLarge.jpg", 
            "insightsMetadata": {
                "pagesIncludingCount": 3, 
                "availableSizesCount": 2
            }, 
            "height": 400, 
            "accentColor": "7E664D", 
            "hostPageDisplayUrl": "www.nytimes.com/2014/03/06/world/asia/china-remodels-an...", 
            "name": "China Remodels an Ancient Silk Road City, and an Ethnic Rift Widens - NYTimes.com", 
            "width": 600, 
            "imageInsightsToken": "ccid_C1RasqMK*mid_F3BC17D31EA6DA96444F8E2B6AB4B1CC0E3AFB4D*simid_608006443962466887*thid_OIP.C1RasqMKndLM0ez2O5ydNAHaE8", 
            "imageId": "F3BC17D31EA6DA96444F8E2B6AB4B1CC0E3AFB4D", 
            "isFamilyFriendly": true, 
            "datePublished": "2014-03-05T12:00:00.0000000Z", 
            "encodingFormat": "jpeg", 
            "webSearchUrl": "https://www.bing.com/images/search?view=detailv2&FORM=OIIRPO&q=site%3a(thepaper.cn+or+chinadaily.com.cn+or+china.com.cn+or+chinanews.com+or+youth.cn+or+sina.com.cn+or+xinhuanet.com+or+cri.cn+or+163.com+or+cankaoxiaoxi.com+or+cctv.com+or+ifeng.com+or+qq.com+or+takungpao.com+or+people.com.cn+or+southcn.com+or+southcn.com+or+cnr.cn+or+people.com.cn+or+cyol.com+or+bjnews.com.cn+or+gmw.cn+or+dahe.cn+or+xfrb.com.cn+or+cqnews.net+or+lifeweek.com.cn+or+cpd.com.cn+or+haiwainet.cn+or+yidianzixun.com+or+ftchinese.com+or+guancha.cn+or+zhcw.com+or+huanqiu.com+or+ihuawen.com+or+nytimes.com+or+flickr.com+or+quanjing.com+or+vcg.com+or+gettyimages.co.uk+or+paixin.com)+Jack+walked+around+China+today%2c&id=F3BC17D31EA6DA96444F8E2B6AB4B1CC0E3AFB4D&simid=608006443962466887", 
            "hostPageUrl": "http://www.nytimes.com/2014/03/06/world/asia/china-remodels-an-ancient-silk-road-city-and-an-ethnic-rift-widens.html", 
            "thumbnailUrl": "https://tse4.mm.bing.net/th?id=OIP.C1RasqMKndLM0ez2O5ydNAHaE8&pid=Api", 
            "thumbnail": {
                "width": 474, 
                "height": 316
            }, 
            "hostPageFavIconUrl": "https://www.bing.com/th?id=AR_cc657c1af702fae867766bbf2aa25756&pid=Api", 
            "contentSize": "90865 B"
        }, 
        {
            "contentUrl": "https://static01.nyt.com/images/2016/03/31/world/31prexy-web1/31prexy-web1-articleLarge.jpg?quality=75&auto=webp&disable=upscale", 
            "insightsMetadata": {
                "pagesIncludingCount": 10, 
                "availableSizesCount": 8
            }, 
            "height": 400, 
            "accentColor": "B7AD14", 
            "hostPageDisplayUrl": "https://www.nytimes.com/2016/03/31/world/asia/campaign...", 
            "name": "Campaign Season’s Anti-China Tone Is Likely to Cloud Meeting With Obama - The New ...", 
            "width": 600, 
            "imageInsightsToken": "ccid_FKklLMl9*mid_B12C9A45A06A5D838C3B709D0E4DCD65DC9DC0F4*simid_607997467493011051*thid_OIP.FKklLMl9cxot08O68blM2QHaE8", 
            "imageId": "B12C9A45A06A5D838C3B709D0E4DCD65DC9DC0F4", 
            "isFamilyFriendly": true, 
            "datePublished": "2016-03-31T12:00:00.0000000Z", 
            "encodingFormat": "jpeg", 
            "webSearchUrl": "https://www.bing.com/images/search?view=detailv2&FORM=OIIRPO&q=site%3a(thepaper.cn+or+chinadaily.com.cn+or+china.com.cn+or+chinanews.com+or+youth.cn+or+sina.com.cn+or+xinhuanet.com+or+cri.cn+or+163.com+or+cankaoxiaoxi.com+or+cctv.com+or+ifeng.com+or+qq.com+or+takungpao.com+or+people.com.cn+or+southcn.com+or+southcn.com+or+cnr.cn+or+people.com.cn+or+cyol.com+or+bjnews.com.cn+or+gmw.cn+or+dahe.cn+or+xfrb.com.cn+or+cqnews.net+or+lifeweek.com.cn+or+cpd.com.cn+or+haiwainet.cn+or+yidianzixun.com+or+ftchinese.com+or+guancha.cn+or+zhcw.com+or+huanqiu.com+or+ihuawen.com+or+nytimes.com+or+flickr.com+or+quanjing.com+or+vcg.com+or+gettyimages.co.uk+or+paixin.com)+Jack+walked+around+China+today%2c&id=B12C9A45A06A5D838C3B709D0E4DCD65DC9DC0F4&simid=607997467493011051", 
            "hostPageUrl": "https://www.nytimes.com/2016/03/31/world/asia/campaign-seasons-anti-china-tone-is-likely-to-cloud-meeting-with-obama.html", 
            "thumbnailUrl": "https://tse2.mm.bing.net/th?id=OIP.FKklLMl9cxot08O68blM2QHaE8&pid=Api", 
            "thumbnail": {
                "width": 474, 
                "height": 316
            }, 
            "hostPageFavIconUrl": "https://www.bing.com/th?id=AR_cc657c1af702fae867766bbf2aa25756&pid=Api", 
            "contentSize": "27652 B"
        }, 
        {
            "contentUrl": "http://usa.chinadaily.com.cn/epaper/attachement/jpg/site181/20140312/eca86bd9d543148a61a51d.jpg", 
            "insightsMetadata": {
                "pagesIncludingCount": 2, 
                "availableSizesCount": 1
            }, 
            "height": 298, 
            "accentColor": "A52826", 
            "hostPageDisplayUrl": "usa.chinadaily.com.cn/epaper/2014-03/12/content_17341265.htm", 
            "name": "Who's got the No 1 Chinatown in the US?|Across America|chinadaily.com.cn", 
            "width": 450, 
            "imageInsightsToken": "ccid_Thyd62xR*mid_B90D0A100EBC4A3C22AFC0FE5E1D02064E54F49F*simid_608008703133025457*thid_OIP.Thyd62xRZJ9C8k1975A8UwAAAA", 
            "imageId": "B90D0A100EBC4A3C22AFC0FE5E1D02064E54F49F", 
            "isFamilyFriendly": true, 
            "datePublished": "2014-03-12T09:51:00.0000000Z", 
            "encodingFormat": "jpeg", 
            "webSearchUrl": "https://www.bing.com/images/search?view=detailv2&FORM=OIIRPO&q=site%3a(thepaper.cn+or+chinadaily.com.cn+or+china.com.cn+or+chinanews.com+or+youth.cn+or+sina.com.cn+or+xinhuanet.com+or+cri.cn+or+163.com+or+cankaoxiaoxi.com+or+cctv.com+or+ifeng.com+or+qq.com+or+takungpao.com+or+people.com.cn+or+southcn.com+or+southcn.com+or+cnr.cn+or+people.com.cn+or+cyol.com+or+bjnews.com.cn+or+gmw.cn+or+dahe.cn+or+xfrb.com.cn+or+cqnews.net+or+lifeweek.com.cn+or+cpd.com.cn+or+haiwainet.cn+or+yidianzixun.com+or+ftchinese.com+or+guancha.cn+or+zhcw.com+or+huanqiu.com+or+ihuawen.com+or+nytimes.com+or+flickr.com+or+quanjing.com+or+vcg.com+or+gettyimages.co.uk+or+paixin.com)+Jack+walked+around+China+today%2c&id=B90D0A100EBC4A3C22AFC0FE5E1D02064E54F49F&simid=608008703133025457", 
            "hostPageUrl": "http://usa.chinadaily.com.cn/epaper/2014-03/12/content_17341265.htm", 
            "thumbnailUrl": "https://tse4.mm.bing.net/th?id=OIP.Thyd62xRZJ9C8k1975A8UwAAAA&pid=Api", 
            "thumbnail": {
                "width": 450, 
                "height": 298
            }, 
            "hostPageFavIconUrl": "https://www.bing.com/th?id=AR_6bbc59f7064ed213027d1c4ffbd7baac&pid=Api", 
            "contentSize": "57081 B"
        }, 
        {
            "contentUrl": "http://en.people.cn/NMediaFile/2017/0622/FOREIGN201706221408000080878093467.jpg", 
            "insightsMetadata": {
                "pagesIncludingCount": 4, 
                "availableSizesCount": 1
            }, 
            "height": 225, 
            "accentColor": "9B8E30", 
            "hostPageDisplayUrl": "bbs.chinadaily.com.cn/forum.php?mod=viewthread&tid=1885215", 
            "name": "Could this unattended store become new trend in China? - China Watch - Chinadaily Forum", 
            "width": 400, 
            "imageInsightsToken": "ccid_u/boqU/p*mid_5C88F8DFFBFCEAB12AEFA4E43BA11E7DD5DD597E*simid_608022361149212234*thid_OIP.u!_boqU!_pXiGA-ufo7k!_b5QAAAA", 
            "imageId": "5C88F8DFFBFCEAB12AEFA4E43BA11E7DD5DD597E", 
            "isFamilyFriendly": true, 
            "datePublished": "2018-09-07T01:42:00.0000000Z", 
            "encodingFormat": "jpeg", 
            "webSearchUrl": "https://www.bing.com/images/search?view=detailv2&FORM=OIIRPO&q=site%3a(thepaper.cn+or+chinadaily.com.cn+or+china.com.cn+or+chinanews.com+or+youth.cn+or+sina.com.cn+or+xinhuanet.com+or+cri.cn+or+163.com+or+cankaoxiaoxi.com+or+cctv.com+or+ifeng.com+or+qq.com+or+takungpao.com+or+people.com.cn+or+southcn.com+or+southcn.com+or+cnr.cn+or+people.com.cn+or+cyol.com+or+bjnews.com.cn+or+gmw.cn+or+dahe.cn+or+xfrb.com.cn+or+cqnews.net+or+lifeweek.com.cn+or+cpd.com.cn+or+haiwainet.cn+or+yidianzixun.com+or+ftchinese.com+or+guancha.cn+or+zhcw.com+or+huanqiu.com+or+ihuawen.com+or+nytimes.com+or+flickr.com+or+quanjing.com+or+vcg.com+or+gettyimages.co.uk+or+paixin.com)+Jack+walked+around+China+today%2c&id=5C88F8DFFBFCEAB12AEFA4E43BA11E7DD5DD597E&simid=608022361149212234", 
            "hostPageUrl": "http://bbs.chinadaily.com.cn/forum.php?mod=viewthread&tid=1885215", 
            "thumbnailUrl": "https://tse4.mm.bing.net/th?id=OIP.u_boqU_pXiGA-ufo7k_b5QAAAA&pid=Api", 
            "thumbnail": {
                "width": 400, 
                "height": 225
            }, 
            "hostPageFavIconUrl": "https://www.bing.com/th?id=AR_6bbc59f7064ed213027d1c4ffbd7baac&pid=Api", 
            "contentSize": "75683 B"
        }, 
        {
            "contentUrl": "http://usa.chinadaily.com.cn/business/attachement/jpg/site1/20141207/f8bc126e4b4e15ee75613d.jpg", 
            "insightsMetadata": {
                "pagesIncludingCount": 4, 
                "availableSizesCount": 1
            }, 
            "height": 310, 
            "accentColor": "B1981A", 
            "hostPageDisplayUrl": "usa.chinadaily.com.cn/business/2014-12/08/content...", 
            "name": "China Eastern sets up new firms|Companies|chinadaily.com.cn", 
            "width": 480, 
            "imageInsightsToken": "ccid_0FuLfs6C*mid_C50ACE8FA3AEF4491FF5DDF41F792F11EF690285*simid_608037238895673594*thid_OIP.0FuLfs6C9SzTLcVF6gb3eQHaEy", 
            "imageId": "C50ACE8FA3AEF4491FF5DDF41F792F11EF690285", 
            "isFamilyFriendly": true, 
            "datePublished": "2014-12-08T03:15:00.0000000Z", 
            "encodingFormat": "jpeg", 
            "webSearchUrl": "https://www.bing.com/images/search?view=detailv2&FORM=OIIRPO&q=site%3a(thepaper.cn+or+chinadaily.com.cn+or+china.com.cn+or+chinanews.com+or+youth.cn+or+sina.com.cn+or+xinhuanet.com+or+cri.cn+or+163.com+or+cankaoxiaoxi.com+or+cctv.com+or+ifeng.com+or+qq.com+or+takungpao.com+or+people.com.cn+or+southcn.com+or+southcn.com+or+cnr.cn+or+people.com.cn+or+cyol.com+or+bjnews.com.cn+or+gmw.cn+or+dahe.cn+or+xfrb.com.cn+or+cqnews.net+or+lifeweek.com.cn+or+cpd.com.cn+or+haiwainet.cn+or+yidianzixun.com+or+ftchinese.com+or+guancha.cn+or+zhcw.com+or+huanqiu.com+or+ihuawen.com+or+nytimes.com+or+flickr.com+or+quanjing.com+or+vcg.com+or+gettyimages.co.uk+or+paixin.com)+Jack+walked+around+China+today%2c&id=C50ACE8FA3AEF4491FF5DDF41F792F11EF690285&simid=608037238895673594", 
            "hostPageUrl": "http://usa.chinadaily.com.cn/business/2014-12/08/content_19042211.htm", 
            "thumbnailUrl": "https://tse4.mm.bing.net/th?id=OIP.0FuLfs6C9SzTLcVF6gb3eQHaEy&pid=Api", 
            "thumbnail": {
                "width": 474, 
                "height": 306
            }, 
            "hostPageFavIconUrl": "https://www.bing.com/th?id=AR_6bbc59f7064ed213027d1c4ffbd7baac&pid=Api", 
            "contentSize": "25327 B"
        }, 
        {
            "contentUrl": "http://www.chinadaily.com.cn/world/2006-09/28/xin_41090328203006102371.jpg", 
            "insightsMetadata": {
                "pagesIncludingCount": 1, 
                "availableSizesCount": 1
            }, 
            "height": 301, 
            "accentColor": "9E2D2F", 
            "hostPageDisplayUrl": "www.chinadaily.com.cn/world/2006-09/28/content_699059.htm", 
            "name": "Student: Gunman wanted females to stay", 
            "width": 379, 
            "imageInsightsToken": "ccid_5LVF/aL4*mid_F7C3ECC2A725BB8C0B370F68A3991DDC6EF9605C*simid_608021785614092216*thid_OIP.5LVF!_aL4FT2YI83rO8cP0gHaF4", 
            "imageId": "F7C3ECC2A725BB8C0B370F68A3991DDC6EF9605C", 
            "isFamilyFriendly": true, 
            "datePublished": "2010-07-28T20:25:00.0000000Z", 
            "encodingFormat": "jpeg", 
            "webSearchUrl": "https://www.bing.com/images/search?view=detailv2&FORM=OIIRPO&q=site%3a(thepaper.cn+or+chinadaily.com.cn+or+china.com.cn+or+chinanews.com+or+youth.cn+or+sina.com.cn+or+xinhuanet.com+or+cri.cn+or+163.com+or+cankaoxiaoxi.com+or+cctv.com+or+ifeng.com+or+qq.com+or+takungpao.com+or+people.com.cn+or+southcn.com+or+southcn.com+or+cnr.cn+or+people.com.cn+or+cyol.com+or+bjnews.com.cn+or+gmw.cn+or+dahe.cn+or+xfrb.com.cn+or+cqnews.net+or+lifeweek.com.cn+or+cpd.com.cn+or+haiwainet.cn+or+yidianzixun.com+or+ftchinese.com+or+guancha.cn+or+zhcw.com+or+huanqiu.com+or+ihuawen.com+or+nytimes.com+or+flickr.com+or+quanjing.com+or+vcg.com+or+gettyimages.co.uk+or+paixin.com)+Jack+walked+around+China+today%2c&id=F7C3ECC2A725BB8C0B370F68A3991DDC6EF9605C&simid=608021785614092216", 
            "hostPageUrl": "http://www.chinadaily.com.cn/world/2006-09/28/content_699059.htm", 
            "thumbnailUrl": "https://tse3.mm.bing.net/th?id=OIP.5LVF_aL4FT2YI83rO8cP0gHaF4&pid=Api", 
            "thumbnail": {
                "width": 474, 
                "height": 376
            }, 
            "hostPageFavIconUrl": "https://www.bing.com/th?id=AR_6bbc59f7064ed213027d1c4ffbd7baac&pid=Api", 
            "contentSize": "97839 B"
        }, 
        {
            "contentUrl": "http://bbs.chinadaily.com.cn/data/attachment/forum/201509/27/113535dcxdbdh6exce0800.jpg", 
            "insightsMetadata": {
                "pagesIncludingCount": 9, 
                "availableSizesCount": 1
            }, 
            "height": 410, 
            "accentColor": "C0A10B", 
            "hostPageDisplayUrl": "bbs.chinadaily.com.cn/forum.php?mod=viewthread&tid=1603243", 
            "name": "Happy Mid-Autumn Festival! - Talk to China Daily - Chinadaily Forum", 
            "width": 830, 
            "imageInsightsToken": "ccid_v9b4BPXV*mid_E432C6FA03D4A1CCC007C082C07E6E68FE5CF790*simid_608020127704613580*thid_OIP.v9b4BPXVSImNq2QwlohReAHaDq", 
            "imageId": "E432C6FA03D4A1CCC007C082C07E6E68FE5CF790", 
            "isFamilyFriendly": true, 
            "datePublished": "2018-07-04T02:59:00.0000000Z", 
            "encodingFormat": "jpeg", 
            "webSearchUrl": "https://www.bing.com/images/search?view=detailv2&FORM=OIIRPO&q=site%3a(thepaper.cn+or+chinadaily.com.cn+or+china.com.cn+or+chinanews.com+or+youth.cn+or+sina.com.cn+or+xinhuanet.com+or+cri.cn+or+163.com+or+cankaoxiaoxi.com+or+cctv.com+or+ifeng.com+or+qq.com+or+takungpao.com+or+people.com.cn+or+southcn.com+or+southcn.com+or+cnr.cn+or+people.com.cn+or+cyol.com+or+bjnews.com.cn+or+gmw.cn+or+dahe.cn+or+xfrb.com.cn+or+cqnews.net+or+lifeweek.com.cn+or+cpd.com.cn+or+haiwainet.cn+or+yidianzixun.com+or+ftchinese.com+or+guancha.cn+or+zhcw.com+or+huanqiu.com+or+ihuawen.com+or+nytimes.com+or+flickr.com+or+quanjing.com+or+vcg.com+or+gettyimages.co.uk+or+paixin.com)+Jack+walked+around+China+today%2c&id=E432C6FA03D4A1CCC007C082C07E6E68FE5CF790&simid=608020127704613580", 
            "hostPageUrl": "http://bbs.chinadaily.com.cn/forum.php?mod=viewthread&tid=1603243", 
            "thumbnailUrl": "https://tse3.mm.bing.net/th?id=OIP.v9b4BPXVSImNq2QwlohReAHaDq&pid=Api", 
            "thumbnail": {
                "width": 474, 
                "height": 234
            }, 
            "hostPageFavIconUrl": "https://www.bing.com/th?id=AR_6bbc59f7064ed213027d1c4ffbd7baac&pid=Api", 
            "contentSize": "82179 B"
        }
    ], 
    "nextOffset": 45, 
    "queryContext": {
        "alterationMethod": "AM_JustChangeIt", 
        "alterationType": "CombinedAlterations", 
        "originalQuery": "site:(thepaper.cn or chinadaily.com.cn or china.com.cn or chinanews.com or youth.cn or sina.com.cn or xinhuanet.com or cri.cn or 163.com or cankaoxiaoxi.com or cctv.com or ifeng.com or qq.com or takungpao.com or people.com.cn or southcn.com or southcn.com or cnr.cn or people.com.cn or cyol.com or bjnews.com.cn or gmw.cn or dahe.cn or xfrb.com.cn or cqnews.net or lifeweek.com.cn or cpd.com.cn or haiwainet.cn or yidianzixun.com or ftchinese.com or guancha.cn or zhcw.com or huanqiu.com or ihuawen.com or nytimes.com or flickr.com or quanjing.com or vcg.com or gettyimages.co.uk or paixin.com) Jack walked around China today,", 
        "alterationOverrideQuery": "+site:(thepaper.cn or chinadaily.com.cn or china.com.cn or chinanews.com or youth.cn or sina.com.cn or xinhuanet.com or cri.cn or 163.com or cankaoxiaoxi.com or cctv.com or ifeng.com or qq.com or takungpao.com or people.com.cn or southcn.com or southcn.com or cnr.cn or people.com.cn or cyol.com or bjnews.com.cn or gmw.cn or dahe.cn or xfrb.com.cn or cqnews.net or lifeweek.com.cn or cpd.com.cn or haiwainet.cn or yidianzixun.com or ftchinese.com or guancha.cn or zhcw.com or huanqiu.com or ihuawen.com or nytimes.com or flickr.com or quanjing.com or vcg.com or gettyimages.co.uk or paixin.com) Jack walked around China today,", 
        "alterationDisplayQuery": "jack walked near china today"
    }, 
    "currentOffset": 0, 
    "readLink": "images/search?q=site:(thepaper.cn or chinadaily.com.cn or china.com.cn or chinanews.com or youth.cn or sina.com.cn or xinhuanet.com or cri.cn or 163.com or cankaoxiaoxi.com or cctv.com or ifeng.com or qq.com or takungpao.com or people.com.cn or southcn.com or southcn.com or cnr.cn or people.com.cn or cyol.com or bjnews.com.cn or gmw.cn or dahe.cn or xfrb.com.cn or cqnews.net or lifeweek.com.cn or cpd.com.cn or haiwainet.cn or yidianzixun.com or ftchinese.com or guancha.cn or zhcw.com or huanqiu.com or ihuawen.com or nytimes.com or flickr.com or quanjing.com or vcg.com or gettyimages.co.uk or paixin.com) Jack walked around China today,", 
    "totalEstimatedMatches": 100, 
    "relatedSearches": [
        {
            "text": "China Earthquake Today", 
            "displayText": "China Earthquake Today", 
            "thumbnail": {
                "thumbnailUrl": "https://tse4.mm.bing.net/th?q=China+Earthquake+Today&pid=Api&mkt=zh-CN&adlt=strict&t=1"
            }, 
            "searchLink": "https://api.cognitive.microsoft.com/api/v7/images/search?q=China+Earthquake+Today", 
            "webSearchUrl": "https://www.bing.com/images/search?q=China+Earthquake+Today&FORM=IRPATC"
        }, 
        {
            "text": "China News Today", 
            "displayText": "China News Today", 
            "thumbnail": {
                "thumbnailUrl": "https://tse2.mm.bing.net/th?q=China+News+Today&pid=Api&mkt=zh-CN&adlt=strict&t=1"
            }, 
            "searchLink": "https://api.cognitive.microsoft.com/api/v7/images/search?q=China+News+Today", 
            "webSearchUrl": "https://www.bing.com/images/search?q=China+News+Today&FORM=IRPATC"
        }, 
        {
            "text": "Social Problems In China Today", 
            "displayText": "Social Problems In China Today", 
            "thumbnail": {
                "thumbnailUrl": "https://tse1.mm.bing.net/th?q=Social+Problems+In+China+Today&pid=Api&mkt=zh-CN&adlt=strict&t=1"
            }, 
            "searchLink": "https://api.cognitive.microsoft.com/api/v7/images/search?q=Social+Problems+In+China+Today", 
            "webSearchUrl": "https://www.bing.com/images/search?q=Social+Problems+In+China+Today&FORM=IRPATC"
        }, 
        {
            "text": "China Today Magazine", 
            "displayText": "China Today Magazine", 
            "thumbnail": {
                "thumbnailUrl": "https://tse3.mm.bing.net/th?q=China+Today+Magazine&pid=Api&mkt=zh-CN&adlt=strict&t=1"
            }, 
            "searchLink": "https://api.cognitive.microsoft.com/api/v7/images/search?q=China+Today+Magazine", 
            "webSearchUrl": "https://www.bing.com/images/search?q=China+Today+Magazine&FORM=IRPATC"
        }, 
        {
            "text": "Issues China Faces Today", 
            "displayText": "Issues China Faces Today", 
            "thumbnail": {
                "thumbnailUrl": "https://tse3.mm.bing.net/th?q=Issues+China+Faces+Today&pid=Api&mkt=zh-CN&adlt=strict&t=1"
            }, 
            "searchLink": "https://api.cognitive.microsoft.com/api/v7/images/search?q=Issues+China+Faces+Today", 
            "webSearchUrl": "https://www.bing.com/images/search?q=Issues+China+Faces+Today&FORM=IRPATC"
        }, 
        {
            "text": "Earthquakes Today In China 2013", 
            "displayText": "Earthquakes Today In China 2013", 
            "thumbnail": {
                "thumbnailUrl": "https://tse2.mm.bing.net/th?q=Earthquakes+Today+In+China+2013&pid=Api&mkt=zh-CN&adlt=strict&t=1"
            }, 
            "searchLink": "https://api.cognitive.microsoft.com/api/v7/images/search?q=Earthquakes+Today+In+China+2013", 
            "webSearchUrl": "https://www.bing.com/images/search?q=Earthquakes+Today+In+China+2013&FORM=IRPATC"
        }, 
        {
            "text": "Air Pollution In China Today", 
            "displayText": "Air Pollution In China Today", 
            "thumbnail": {
                "thumbnailUrl": "https://tse4.mm.bing.net/th?q=Air+Pollution+In+China+Today&pid=Api&mkt=zh-CN&adlt=strict&t=1"
            }, 
            "searchLink": "https://api.cognitive.microsoft.com/api/v7/images/search?q=Air+Pollution+In+China+Today", 
            "webSearchUrl": "https://www.bing.com/images/search?q=Air+Pollution+In+China+Today&FORM=IRPATC"
        }, 
        {
            "text": "Job Situation In China Today", 
            "displayText": "Job Situation In China Today", 
            "thumbnail": {
                "thumbnailUrl": "https://tse3.mm.bing.net/th?q=Job+Situation+In+China+Today&pid=Api&mkt=zh-CN&adlt=strict&t=1"
            }, 
            "searchLink": "https://api.cognitive.microsoft.com/api/v7/images/search?q=Job+Situation+In+China+Today", 
            "webSearchUrl": "https://www.bing.com/images/search?q=Job+Situation+In+China+Today&FORM=IRPATC"
        }
    ]
}