{
    "instrumentation": {
        "_type": "ResponseInstrumentation"
    }, 
    "_type": "Images", 
    "webSearchUrl": "https://www.bing.com/images/search?q=site:(thepaper.cn or chinadaily.com.cn or china.com.cn or chinanews.com or youth.cn or sina.com.cn or xinhuanet.com or cri.cn or 163.com or cankaoxiaoxi.com or cctv.com or ifeng.com or qq.com or takungpao.com or people.com.cn or southcn.com or southcn.com or cnr.cn or people.com.cn or cyol.com or bjnews.com.cn or gmw.cn or dahe.cn or xfrb.com.cn or cqnews.net or lifeweek.com.cn or cpd.com.cn or haiwainet.cn or yidianzixun.com or ftchinese.com or guancha.cn or zhcw.com or huanqiu.com or ihuawen.com or nytimes.com or flickr.com or quanjing.com or vcg.com or gettyimages.co.uk or paixin.com) 选择 萨克拉门托 系列&FORM=OIIARP", 
    "value": [
        {
            "contentUrl": "http://img1.gtimg.com/edu/pics/hv1/71/222/1173/76331006.jpg", 
            "insightsMetadata": {
                "pagesIncludingCount": 2, 
                "availableSizesCount": 1
            }, 
            "height": 304, 
            "accentColor": "733235", 
            "hostPageDisplayUrl": "edu.qq.com/a/20121019/000229.htm", 
            "name": "莫言小学辍学当放牛娃 盘点那些辍学的\"名人\"(图)_教育_腾讯网", 
            "width": 400, 
            "imageInsightsToken": "ccid_msQDa4Xm*mid_7EFA37D26BA65C2E0517E06EFF9E059FF5D2553F*simid_607987309895814078*thid_OIP.msQDa4XmfEinyhBNG0iZYwAAAA", 
            "imageId": "7EFA37D26BA65C2E0517E06EFF9E059FF5D2553F", 
            "isFamilyFriendly": true, 
            "datePublished": "2012-10-19T05:59:00.0000000Z", 
            "encodingFormat": "jpeg", 
            "webSearchUrl": "https://www.bing.com/images/search?view=detailv2&FORM=OIIRPO&q=site%3a(thepaper.cn+or+chinadaily.com.cn+or+china.com.cn+or+chinanews.com+or+youth.cn+or+sina.com.cn+or+xinhuanet.com+or+cri.cn+or+163.com+or+cankaoxiaoxi.com+or+cctv.com+or+ifeng.com+or+qq.com+or+takungpao.com+or+people.com.cn+or+southcn.com+or+southcn.com+or+cnr.cn+or+people.com.cn+or+cyol.com+or+bjnews.com.cn+or+gmw.cn+or+dahe.cn+or+xfrb.com.cn+or+cqnews.net+or+lifeweek.com.cn+or+cpd.com.cn+or+haiwainet.cn+or+yidianzixun.com+or+ftchinese.com+or+guancha.cn+or+zhcw.com+or+huanqiu.com+or+ihuawen.com+or+nytimes.com+or+flickr.com+or+quanjing.com+or+vcg.com+or+gettyimages.co.uk+or+paixin.com)+%e9%80%89%e6%8b%a9+%e8%90%a8%e5%85%8b%e6%8b%89%e9%97%a8%e6%89%98+%e7%b3%bb%e5%88%97&id=7EFA37D26BA65C2E0517E06EFF9E059FF5D2553F&simid=607987309895814078", 
            "hostPageUrl": "http://edu.qq.com/a/20121019/000229.htm", 
            "thumbnailUrl": "https://tse1.mm.bing.net/th?id=OIP.msQDa4XmfEinyhBNG0iZYwAAAA&pid=Api", 
            "thumbnail": {
                "width": 400, 
                "height": 304
            }, 
            "contentSize": "24900 B"
        }, 
        {
            "contentUrl": "http://img1.gtimg.com/edu/pics/hv1/70/222/1173/76331005.jpg", 
            "insightsMetadata": {
                "pagesIncludingCount": 5, 
                "availableSizesCount": 3
            }, 
            "height": 274, 
            "accentColor": "45687B", 
            "hostPageDisplayUrl": "edu.qq.com/a/20121019/000229.htm", 
            "name": "莫言小学辍学当放牛娃 盘点那些辍学的\"名人\"(图)_教育_腾讯网", 
            "width": 200, 
            "imageInsightsToken": "ccid_2lszxifi*mid_7EFA37D26BA65C2E051713C0B978C1B1F6B6F41F*simid_608024134931383719*thid_OIP.2lszxifi-RdlrVpn3oGQ6QAAAA", 
            "imageId": "7EFA37D26BA65C2E051713C0B978C1B1F6B6F41F", 
            "isFamilyFriendly": true, 
            "datePublished": "2012-10-19T05:59:00.0000000Z", 
            "encodingFormat": "jpeg", 
            "webSearchUrl": "https://www.bing.com/images/search?view=detailv2&FORM=OIIRPO&q=site%3a(thepaper.cn+or+chinadaily.com.cn+or+china.com.cn+or+chinanews.com+or+youth.cn+or+sina.com.cn+or+xinhuanet.com+or+cri.cn+or+163.com+or+cankaoxiaoxi.com+or+cctv.com+or+ifeng.com+or+qq.com+or+takungpao.com+or+people.com.cn+or+southcn.com+or+southcn.com+or+cnr.cn+or+people.com.cn+or+cyol.com+or+bjnews.com.cn+or+gmw.cn+or+dahe.cn+or+xfrb.com.cn+or+cqnews.net+or+lifeweek.com.cn+or+cpd.com.cn+or+haiwainet.cn+or+yidianzixun.com+or+ftchinese.com+or+guancha.cn+or+zhcw.com+or+huanqiu.com+or+ihuawen.com+or+nytimes.com+or+flickr.com+or+quanjing.com+or+vcg.com+or+gettyimages.co.uk+or+paixin.com)+%e9%80%89%e6%8b%a9+%e8%90%a8%e5%85%8b%e6%8b%89%e9%97%a8%e6%89%98+%e7%b3%bb%e5%88%97&id=7EFA37D26BA65C2E051713C0B978C1B1F6B6F41F&simid=608024134931383719", 
            "hostPageUrl": "http://edu.qq.com/a/20121019/000229.htm", 
            "thumbnailUrl": "https://tse4.mm.bing.net/th?id=OIP.2lszxifi-RdlrVpn3oGQ6QAAAA&pid=Api", 
            "thumbnail": {
                "width": 200, 
                "height": 274
            }, 
            "contentSize": "14893 B"
        }, 
        {
            "contentUrl": "https://p3.ifengimg.com/2018_50/5AB1D42654F746835157871163C03B9F7E3B918D_w792_h475.jpg", 
            "insightsMetadata": {
                "pagesIncludingCount": 7, 
                "availableSizesCount": 3
            }, 
            "height": 475, 
            "accentColor": "525879", 
            "hostPageDisplayUrl": "auto.ifeng.com/xinwen/20181210/1252784.shtml", 
            "name": "大众汽车否认董事长潘师对有关排放作弊知情的指控_凤凰网汽车 ...", 
            "width": 792, 
            "imageInsightsToken": "ccid_icmKvqUx*mid_690C96FAA6AE16425889E17588F54D5C5BED1D98*simid_607988628439502170*thid_OIP.icmKvqUxvXPkGuHkJsoU2wHaEc", 
            "imageId": "690C96FAA6AE16425889E17588F54D5C5BED1D98", 
            "isFamilyFriendly": true, 
            "datePublished": "2018-12-10T22:06:00.0000000Z", 
            "encodingFormat": "jpeg", 
            "webSearchUrl": "https://www.bing.com/images/search?view=detailv2&FORM=OIIRPO&q=site%3a(thepaper.cn+or+chinadaily.com.cn+or+china.com.cn+or+chinanews.com+or+youth.cn+or+sina.com.cn+or+xinhuanet.com+or+cri.cn+or+163.com+or+cankaoxiaoxi.com+or+cctv.com+or+ifeng.com+or+qq.com+or+takungpao.com+or+people.com.cn+or+southcn.com+or+southcn.com+or+cnr.cn+or+people.com.cn+or+cyol.com+or+bjnews.com.cn+or+gmw.cn+or+dahe.cn+or+xfrb.com.cn+or+cqnews.net+or+lifeweek.com.cn+or+cpd.com.cn+or+haiwainet.cn+or+yidianzixun.com+or+ftchinese.com+or+guancha.cn+or+zhcw.com+or+huanqiu.com+or+ihuawen.com+or+nytimes.com+or+flickr.com+or+quanjing.com+or+vcg.com+or+gettyimages.co.uk+or+paixin.com)+%e9%80%89%e6%8b%a9+%e8%90%a8%e5%85%8b%e6%8b%89%e9%97%a8%e6%89%98+%e7%b3%bb%e5%88%97&id=690C96FAA6AE16425889E17588F54D5C5BED1D98&simid=607988628439502170", 
            "hostPageUrl": "http://auto.ifeng.com/xinwen/20181210/1252784.shtml", 
            "thumbnailUrl": "https://tse2.mm.bing.net/th?id=OIP.icmKvqUxvXPkGuHkJsoU2wHaEc&pid=Api", 
            "thumbnail": {
                "width": 474, 
                "height": 284
            }, 
            "contentSize": "173561 B"
        }, 
        {
            "contentUrl": "http://d.youth.cn/tech_focus/201410/W020141015086893061266.jpg", 
            "insightsMetadata": {
                "pagesIncludingCount": 2, 
                "availableSizesCount": 1
            }, 
            "height": 500, 
            "accentColor": "1C52AF", 
            "hostPageDisplayUrl": "d.youth.cn/tech_focus/201410/t20141015_5836466.html", 
            "name": "中国移动与诺基亚签4G协议后股价攀升_科技大事件_百度新闻出品", 
            "width": 592, 
            "imageInsightsToken": "ccid_roc8sKl4*mid_3EB4029FCA0C8C3A0C834A8B3C36462426ED9354*simid_608040150897790100*thid_OIP.roc8sKl4TFiiwrya-OAr9QHaGQ", 
            "imageId": "3EB4029FCA0C8C3A0C834A8B3C36462426ED9354", 
            "isFamilyFriendly": true, 
            "datePublished": "2014-10-14T23:51:00.0000000Z", 
            "encodingFormat": "jpeg", 
            "webSearchUrl": "https://www.bing.com/images/search?view=detailv2&FORM=OIIRPO&q=site%3a(thepaper.cn+or+chinadaily.com.cn+or+china.com.cn+or+chinanews.com+or+youth.cn+or+sina.com.cn+or+xinhuanet.com+or+cri.cn+or+163.com+or+cankaoxiaoxi.com+or+cctv.com+or+ifeng.com+or+qq.com+or+takungpao.com+or+people.com.cn+or+southcn.com+or+southcn.com+or+cnr.cn+or+people.com.cn+or+cyol.com+or+bjnews.com.cn+or+gmw.cn+or+dahe.cn+or+xfrb.com.cn+or+cqnews.net+or+lifeweek.com.cn+or+cpd.com.cn+or+haiwainet.cn+or+yidianzixun.com+or+ftchinese.com+or+guancha.cn+or+zhcw.com+or+huanqiu.com+or+ihuawen.com+or+nytimes.com+or+flickr.com+or+quanjing.com+or+vcg.com+or+gettyimages.co.uk+or+paixin.com)+%e9%80%89%e6%8b%a9+%e8%90%a8%e5%85%8b%e6%8b%89%e9%97%a8%e6%89%98+%e7%b3%bb%e5%88%97&id=3EB4029FCA0C8C3A0C834A8B3C36462426ED9354&simid=608040150897790100", 
            "hostPageUrl": "http://d.youth.cn/tech_focus/201410/t20141015_5836466.html", 
            "thumbnailUrl": "https://tse4.mm.bing.net/th?id=OIP.roc8sKl4TFiiwrya-OAr9QHaGQ&pid=Api", 
            "thumbnail": {
                "width": 474, 
                "height": 400
            }, 
            "contentSize": "211111 B"
        }, 
        {
            "contentUrl": "https://n.sinaimg.cn/translate/151/w600h351/20181115/3RyC-hnvukff3291898.png", 
            "insightsMetadata": {
                "pagesIncludingCount": 1, 
                "availableSizesCount": 1
            }, 
            "height": 351, 
            "accentColor": "565655", 
            "hostPageDisplayUrl": "https://tech.sina.com.cn/roll/2018-11-18/doc...", 
            "name": "VR本周说：VR+5G带你现场看NBA，10月份Steam硬件报告出炉|HTC Vive ...", 
            "width": 600, 
            "imageInsightsToken": "ccid_V0srq6MY*mid_98EE922BEB66E88CA88E7615AF702A7D5E039D42*simid_607986755861744397*thid_OIP.V0srq6MY43PUHNKgCGWtjgHaEV", 
            "imageId": "98EE922BEB66E88CA88E7615AF702A7D5E039D42", 
            "isFamilyFriendly": true, 
            "datePublished": "2018-11-18T05:10:00.0000000Z", 
            "encodingFormat": "png", 
            "webSearchUrl": "https://www.bing.com/images/search?view=detailv2&FORM=OIIRPO&q=site%3a(thepaper.cn+or+chinadaily.com.cn+or+china.com.cn+or+chinanews.com+or+youth.cn+or+sina.com.cn+or+xinhuanet.com+or+cri.cn+or+163.com+or+cankaoxiaoxi.com+or+cctv.com+or+ifeng.com+or+qq.com+or+takungpao.com+or+people.com.cn+or+southcn.com+or+southcn.com+or+cnr.cn+or+people.com.cn+or+cyol.com+or+bjnews.com.cn+or+gmw.cn+or+dahe.cn+or+xfrb.com.cn+or+cqnews.net+or+lifeweek.com.cn+or+cpd.com.cn+or+haiwainet.cn+or+yidianzixun.com+or+ftchinese.com+or+guancha.cn+or+zhcw.com+or+huanqiu.com+or+ihuawen.com+or+nytimes.com+or+flickr.com+or+quanjing.com+or+vcg.com+or+gettyimages.co.uk+or+paixin.com)+%e9%80%89%e6%8b%a9+%e8%90%a8%e5%85%8b%e6%8b%89%e9%97%a8%e6%89%98+%e7%b3%bb%e5%88%97&id=98EE922BEB66E88CA88E7615AF702A7D5E039D42&simid=607986755861744397", 
            "hostPageUrl": "https://tech.sina.com.cn/roll/2018-11-18/doc-ihmutuec1229656.shtml", 
            "thumbnailUrl": "https://tse3.mm.bing.net/th?id=OIP.V0srq6MY43PUHNKgCGWtjgHaEV&pid=Api", 
            "thumbnail": {
                "width": 474, 
                "height": 277
            }, 
            "contentSize": "80651 B"
        }
    ], 
    "nextOffset": 5, 
    "queryContext": {
        "alterationMethod": "AM_JustChangeIt", 
        "alterationType": "CombinedAlterationsChained", 
        "originalQuery": "site:(thepaper.cn or chinadaily.com.cn or china.com.cn or chinanews.com or youth.cn or sina.com.cn or xinhuanet.com or cri.cn or 163.com or cankaoxiaoxi.com or cctv.com or ifeng.com or qq.com or takungpao.com or people.com.cn or southcn.com or southcn.com or cnr.cn or people.com.cn or cyol.com or bjnews.com.cn or gmw.cn or dahe.cn or xfrb.com.cn or cqnews.net or lifeweek.com.cn or cpd.com.cn or haiwainet.cn or yidianzixun.com or ftchinese.com or guancha.cn or zhcw.com or huanqiu.com or ihuawen.com or nytimes.com or flickr.com or quanjing.com or vcg.com or gettyimages.co.uk or paixin.com) 选择 萨克拉门托 系列", 
        "alterationOverrideQuery": "+site:(thepaper.cn or chinadaily.com.cn or china.com.cn or chinanews.com or youth.cn or sina.com.cn or xinhuanet.com or cri.cn or 163.com or cankaoxiaoxi.com or cctv.com or ifeng.com or qq.com or takungpao.com or people.com.cn or southcn.com or southcn.com or cnr.cn or people.com.cn or cyol.com or bjnews.com.cn or gmw.cn or dahe.cn or xfrb.com.cn or cqnews.net or lifeweek.com.cn or cpd.com.cn or haiwainet.cn or yidianzixun.com or ftchinese.com or guancha.cn or zhcw.com or huanqiu.com or ihuawen.com or nytimes.com or flickr.com or quanjing.com or vcg.com or gettyimages.co.uk or paixin.com) 选择 萨克拉门托 系列", 
        "alterationDisplayQuery": "选择 萨克拉门托 系列"
    }, 
    "currentOffset": 0, 
    "readLink": "images/search?q=site:(thepaper.cn or chinadaily.com.cn or china.com.cn or chinanews.com or youth.cn or sina.com.cn or xinhuanet.com or cri.cn or 163.com or cankaoxiaoxi.com or cctv.com or ifeng.com or qq.com or takungpao.com or people.com.cn or southcn.com or southcn.com or cnr.cn or people.com.cn or cyol.com or bjnews.com.cn or gmw.cn or dahe.cn or xfrb.com.cn or cqnews.net or lifeweek.com.cn or cpd.com.cn or haiwainet.cn or yidianzixun.com or ftchinese.com or guancha.cn or zhcw.com or huanqiu.com or ihuawen.com or nytimes.com or flickr.com or quanjing.com or vcg.com or gettyimages.co.uk or paixin.com) 选择 萨克拉门托 系列", 
    "totalEstimatedMatches": 5
}