{
    "instrumentation": {
        "_type": "ResponseInstrumentation"
    }, 
    "_type": "Images", 
    "webSearchUrl": "https://www.bing.com/images/search?q=site:(thepaper.cn or chinadaily.com.cn or china.com.cn or chinanews.com or youth.cn or sina.com.cn or xinhuanet.com or cri.cn or 163.com or cankaoxiaoxi.com or cctv.com or ifeng.com or qq.com or takungpao.com or people.com.cn or southcn.com or southcn.com or cnr.cn or people.com.cn or cyol.com or bjnews.com.cn or gmw.cn or dahe.cn or xfrb.com.cn or cqnews.net or lifeweek.com.cn or cpd.com.cn or haiwainet.cn or yidianzixun.com or ftchinese.com or guancha.cn or zhcw.com or huanqiu.com or ihuawen.com or nytimes.com or flickr.com or quanjing.com or vcg.com or gettyimages.co.uk or paixin.com) 罗斯 说 真的&FORM=OIIARP", 
    "value": [
        {
            "contentUrl": "http://n.sinaimg.cn/finance/transform/20160610/w_0Z-fxszmai2113126.jpg", 
            "insightsMetadata": {
                "pagesIncludingCount": 51, 
                "availableSizesCount": 35
            }, 
            "height": 366, 
            "accentColor": "666666", 
            "hostPageDisplayUrl": "finance.sina.com.cn/stock/usstock/c/2016-06-10/us...", 
            "name": "索罗斯：英国若真脱离 欧盟完全可能瓦解|索罗斯|欧盟|英国_新浪 ...", 
            "width": 550, 
            "imageInsightsToken": "ccid_aVfiZmZH*mid_D5715D3770823CA23A03C638844ED9960AB3BF54*simid_608034670496713092*thid_OIP.aVfiZmZHbEu1I4RI2UXauwHaE7", 
            "imageId": "D5715D3770823CA23A03C638844ED9960AB3BF54", 
            "isFamilyFriendly": true, 
            "datePublished": "2018-10-31T21:59:00.0000000Z", 
            "encodingFormat": "jpeg", 
            "webSearchUrl": "https://www.bing.com/images/search?view=detailv2&FORM=OIIRPO&q=site%3a(thepaper.cn+or+chinadaily.com.cn+or+china.com.cn+or+chinanews.com+or+youth.cn+or+sina.com.cn+or+xinhuanet.com+or+cri.cn+or+163.com+or+cankaoxiaoxi.com+or+cctv.com+or+ifeng.com+or+qq.com+or+takungpao.com+or+people.com.cn+or+southcn.com+or+southcn.com+or+cnr.cn+or+people.com.cn+or+cyol.com+or+bjnews.com.cn+or+gmw.cn+or+dahe.cn+or+xfrb.com.cn+or+cqnews.net+or+lifeweek.com.cn+or+cpd.com.cn+or+haiwainet.cn+or+yidianzixun.com+or+ftchinese.com+or+guancha.cn+or+zhcw.com+or+huanqiu.com+or+ihuawen.com+or+nytimes.com+or+flickr.com+or+quanjing.com+or+vcg.com+or+gettyimages.co.uk+or+paixin.com)+%e7%bd%97%e6%96%af+%e8%af%b4+%e7%9c%9f%e7%9a%84&id=D5715D3770823CA23A03C638844ED9960AB3BF54&simid=608034670496713092", 
            "hostPageUrl": "http://finance.sina.com.cn/stock/usstock/c/2016-06-10/us-ifxszkzy5029642.shtml", 
            "thumbnailUrl": "https://tse2.mm.bing.net/th?id=OIP.aVfiZmZHbEu1I4RI2UXauwHaE7&pid=Api", 
            "thumbnail": {
                "width": 474, 
                "height": 315
            }, 
            "contentSize": "21063 B"
        }, 
        {
            "contentUrl": "http://n.sinaimg.cn/sports/gif_image/781/w500h281/20180319/ADrl-fyskzty9689347.gif", 
            "insightsMetadata": {
                "pagesIncludingCount": 8, 
                "availableSizesCount": 2
            }, 
            "height": 281, 
            "proxyContentUrl": "https://tse1.mm.bing.net/th?id=OGC.dc8036c7e5e0b7f2b99ce6a66acc7d11&pid=Api&rurl=http%3a%2f%2fn.sinaimg.cn%2fsports%2fgif_image%2f781%2fw500h281%2f20180319%2fADrl-fyskzty9689347.gif&ehk=%2bcc0Ve5PDYOyyLRdKunp4g", 
            "hostPageDisplayUrl": "sports.sina.com.cn/basketball/nba/2019-01-21/doc...", 
            "name": "“罗斯0.6秒绝杀，单节17分，这次全场哭了”_NBA_新浪竞技风暴 ...", 
            "width": 500, 
            "imageInsightsToken": "ccid_3IA2x+Xg*mid_085CD7EB78D3AFC0B8396623F68E404CF404A823*simid_607988722934679087*thid_OIP.3IA2x-Xgt!_K5nOamasx9EQHaEK", 
            "imageId": "085CD7EB78D3AFC0B8396623F68E404CF404A823", 
            "isFamilyFriendly": true, 
            "datePublished": "2019-01-21T14:19:00.0000000Z", 
            "encodingFormat": "animatedgif", 
            "webSearchUrl": "https://www.bing.com/images/search?view=detailv2&FORM=OIIRPO&q=site%3a(thepaper.cn+or+chinadaily.com.cn+or+china.com.cn+or+chinanews.com+or+youth.cn+or+sina.com.cn+or+xinhuanet.com+or+cri.cn+or+163.com+or+cankaoxiaoxi.com+or+cctv.com+or+ifeng.com+or+qq.com+or+takungpao.com+or+people.com.cn+or+southcn.com+or+southcn.com+or+cnr.cn+or+people.com.cn+or+cyol.com+or+bjnews.com.cn+or+gmw.cn+or+dahe.cn+or+xfrb.com.cn+or+cqnews.net+or+lifeweek.com.cn+or+cpd.com.cn+or+haiwainet.cn+or+yidianzixun.com+or+ftchinese.com+or+guancha.cn+or+zhcw.com+or+huanqiu.com+or+ihuawen.com+or+nytimes.com+or+flickr.com+or+quanjing.com+or+vcg.com+or+gettyimages.co.uk+or+paixin.com)+%e7%bd%97%e6%96%af+%e8%af%b4+%e7%9c%9f%e7%9a%84&id=085CD7EB78D3AFC0B8396623F68E404CF404A823&simid=607988722934679087", 
            "hostPageUrl": "http://sports.sina.com.cn/basketball/nba/2019-01-21/doc-ihrfqziz9655684.shtml", 
            "accentColor": "A02B38", 
            "thumbnailUrl": "https://tse4.mm.bing.net/th?id=OIP.3IA2x-Xgt_K5nOamasx9EQHaEK&pid=Api", 
            "thumbnail": {
                "width": 474, 
                "height": 266
            }, 
            "contentSize": "964027 B"
        }, 
        {
            "contentUrl": "http://n.sinaimg.cn/sports/transform/20160824/7iN6-fxvecqa7577502.jpg", 
            "insightsMetadata": {
                "pagesIncludingCount": 4, 
                "availableSizesCount": 3
            }, 
            "height": 550, 
            "accentColor": "2F519C", 
            "hostPageDisplayUrl": "sports.sina.com.cn/golf/pgatour/2016-08-24/doc...", 
            "name": "金牌得主罗斯重归美巡赛 亟待提升联邦杯51位排名_美巡赛_新浪 ...", 
            "width": 550, 
            "imageInsightsToken": "ccid_NcrAx66B*mid_557A8945B1D1FF5FDCD4BFBD6E97C4352C7B8999*simid_608048637741826615*thid_OIP.NcrAx66BbhMSMjMckmLxigHaHa", 
            "imageId": "557A8945B1D1FF5FDCD4BFBD6E97C4352C7B8999", 
            "isFamilyFriendly": true, 
            "datePublished": "2016-08-24T04:01:00.0000000Z", 
            "encodingFormat": "jpeg", 
            "webSearchUrl": "https://www.bing.com/images/search?view=detailv2&FORM=OIIRPO&q=site%3a(thepaper.cn+or+chinadaily.com.cn+or+china.com.cn+or+chinanews.com+or+youth.cn+or+sina.com.cn+or+xinhuanet.com+or+cri.cn+or+163.com+or+cankaoxiaoxi.com+or+cctv.com+or+ifeng.com+or+qq.com+or+takungpao.com+or+people.com.cn+or+southcn.com+or+southcn.com+or+cnr.cn+or+people.com.cn+or+cyol.com+or+bjnews.com.cn+or+gmw.cn+or+dahe.cn+or+xfrb.com.cn+or+cqnews.net+or+lifeweek.com.cn+or+cpd.com.cn+or+haiwainet.cn+or+yidianzixun.com+or+ftchinese.com+or+guancha.cn+or+zhcw.com+or+huanqiu.com+or+ihuawen.com+or+nytimes.com+or+flickr.com+or+quanjing.com+or+vcg.com+or+gettyimages.co.uk+or+paixin.com)+%e7%bd%97%e6%96%af+%e8%af%b4+%e7%9c%9f%e7%9a%84&id=557A8945B1D1FF5FDCD4BFBD6E97C4352C7B8999&simid=608048637741826615", 
            "hostPageUrl": "http://sports.sina.com.cn/golf/pgatour/2016-08-24/doc-ifxvcsrm2383413.shtml", 
            "thumbnailUrl": "https://tse4.mm.bing.net/th?id=OIP.NcrAx66BbhMSMjMckmLxigHaHa&pid=Api", 
            "thumbnail": {
                "width": 474, 
                "height": 474
            }, 
            "contentSize": "39520 B"
        }, 
        {
            "contentUrl": "http://n.sinaimg.cn/sports/crawl/288/w488h600/20181119/KcKI-hnyuqhi2248452.jpg", 
            "insightsMetadata": {
                "pagesIncludingCount": 3, 
                "availableSizesCount": 3
            }, 
            "height": 600, 
            "accentColor": "72463B", 
            "hostPageDisplayUrl": "sports.sina.com.cn/basketball/nba/2018-11-19/doc...", 
            "name": "罗斯又砍下全队最高分！这样下去全明星就稳了_NBA_新浪竞技风暴 ...", 
            "width": 488, 
            "imageInsightsToken": "ccid_Ug1TX6f/*mid_DEF8CF8EB85DD6F59FB869DC790F2C196DAEDD9A*simid_608003592108902700*thid_OIP.Ug1TX6f!_rAQCXLixFPLryAHaJG", 
            "imageId": "DEF8CF8EB85DD6F59FB869DC790F2C196DAEDD9A", 
            "isFamilyFriendly": true, 
            "datePublished": "2018-11-19T09:27:00.0000000Z", 
            "encodingFormat": "jpeg", 
            "webSearchUrl": "https://www.bing.com/images/search?view=detailv2&FORM=OIIRPO&q=site%3a(thepaper.cn+or+chinadaily.com.cn+or+china.com.cn+or+chinanews.com+or+youth.cn+or+sina.com.cn+or+xinhuanet.com+or+cri.cn+or+163.com+or+cankaoxiaoxi.com+or+cctv.com+or+ifeng.com+or+qq.com+or+takungpao.com+or+people.com.cn+or+southcn.com+or+southcn.com+or+cnr.cn+or+people.com.cn+or+cyol.com+or+bjnews.com.cn+or+gmw.cn+or+dahe.cn+or+xfrb.com.cn+or+cqnews.net+or+lifeweek.com.cn+or+cpd.com.cn+or+haiwainet.cn+or+yidianzixun.com+or+ftchinese.com+or+guancha.cn+or+zhcw.com+or+huanqiu.com+or+ihuawen.com+or+nytimes.com+or+flickr.com+or+quanjing.com+or+vcg.com+or+gettyimages.co.uk+or+paixin.com)+%e7%bd%97%e6%96%af+%e8%af%b4+%e7%9c%9f%e7%9a%84&id=DEF8CF8EB85DD6F59FB869DC790F2C196DAEDD9A&simid=608003592108902700", 
            "hostPageUrl": "http://sports.sina.com.cn/basketball/nba/2018-11-19/doc-ihmutuec1600489.shtml", 
            "thumbnailUrl": "https://tse3.mm.bing.net/th?id=OIP.Ug1TX6f_rAQCXLixFPLryAHaJG&pid=Api", 
            "thumbnail": {
                "width": 474, 
                "height": 582
            }, 
            "contentSize": "44886 B"
        }, 
        {
            "contentUrl": "http://n.sinaimg.cn/sports/transform/215/w650h365/20180901/jVbB-fzrwica2117471.jpg", 
            "insightsMetadata": {
                "pagesIncludingCount": 1, 
                "availableSizesCount": 1
            }, 
            "height": 365, 
            "accentColor": "B1541A", 
            "hostPageDisplayUrl": "sports.sina.com.cn/golf/pgatour/2018-09-01/doc...", 
            "name": "戴尔科技锦标赛首轮罗斯领先 伍兹米克尔森T57_美巡赛_新浪竞技 ...", 
            "width": 650, 
            "imageInsightsToken": "ccid_VazwNu0W*mid_E44B10913C00B57D7FC77806C151DE67769A6037*simid_608037122915500335*thid_OIP.VazwNu0W!_k5Dm1A0jA8oHwHaEK", 
            "imageId": "E44B10913C00B57D7FC77806C151DE67769A6037", 
            "isFamilyFriendly": true, 
            "datePublished": "2018-09-01T00:39:00.0000000Z", 
            "encodingFormat": "jpeg", 
            "webSearchUrl": "https://www.bing.com/images/search?view=detailv2&FORM=OIIRPO&q=site%3a(thepaper.cn+or+chinadaily.com.cn+or+china.com.cn+or+chinanews.com+or+youth.cn+or+sina.com.cn+or+xinhuanet.com+or+cri.cn+or+163.com+or+cankaoxiaoxi.com+or+cctv.com+or+ifeng.com+or+qq.com+or+takungpao.com+or+people.com.cn+or+southcn.com+or+southcn.com+or+cnr.cn+or+people.com.cn+or+cyol.com+or+bjnews.com.cn+or+gmw.cn+or+dahe.cn+or+xfrb.com.cn+or+cqnews.net+or+lifeweek.com.cn+or+cpd.com.cn+or+haiwainet.cn+or+yidianzixun.com+or+ftchinese.com+or+guancha.cn+or+zhcw.com+or+huanqiu.com+or+ihuawen.com+or+nytimes.com+or+flickr.com+or+quanjing.com+or+vcg.com+or+gettyimages.co.uk+or+paixin.com)+%e7%bd%97%e6%96%af+%e8%af%b4+%e7%9c%9f%e7%9a%84&id=E44B10913C00B57D7FC77806C151DE67769A6037&simid=608037122915500335", 
            "hostPageUrl": "http://sports.sina.com.cn/golf/pgatour/2018-09-01/doc-ihinpmnr0987247.shtml", 
            "thumbnailUrl": "https://tse1.mm.bing.net/th?id=OIP.VazwNu0W_k5Dm1A0jA8oHwHaEK&pid=Api", 
            "thumbnail": {
                "width": 474, 
                "height": 266
            }, 
            "contentSize": "34835 B"
        }, 
        {
            "contentUrl": "https://inews.gtimg.com/newsapp_bt/0/7383238534/1000", 
            "insightsMetadata": {
                "pagesIncludingCount": 3, 
                "availableSizesCount": 3
            }, 
            "height": 660, 
            "accentColor": "2E478A", 
            "hostPageDisplayUrl": "https://new.qq.com/cmsn/20190121/20190121010441.html", 
            "name": "国足对手主帅：中国队进步真的很大 1/4决赛将十分艰难", 
            "width": 1000, 
            "imageInsightsToken": "ccid_2xdpoUSu*mid_6E0F7BF297963A572622AFBC15FFAABCFD283CA8*simid_608048826717635379*thid_OIP.2xdpoUSuEYSzADBxjznDMQHaE4", 
            "imageId": "6E0F7BF297963A572622AFBC15FFAABCFD283CA8", 
            "isFamilyFriendly": true, 
            "datePublished": "2019-01-21T18:19:00.0000000Z", 
            "encodingFormat": "jpeg", 
            "webSearchUrl": "https://www.bing.com/images/search?view=detailv2&FORM=OIIRPO&q=site%3a(thepaper.cn+or+chinadaily.com.cn+or+china.com.cn+or+chinanews.com+or+youth.cn+or+sina.com.cn+or+xinhuanet.com+or+cri.cn+or+163.com+or+cankaoxiaoxi.com+or+cctv.com+or+ifeng.com+or+qq.com+or+takungpao.com+or+people.com.cn+or+southcn.com+or+southcn.com+or+cnr.cn+or+people.com.cn+or+cyol.com+or+bjnews.com.cn+or+gmw.cn+or+dahe.cn+or+xfrb.com.cn+or+cqnews.net+or+lifeweek.com.cn+or+cpd.com.cn+or+haiwainet.cn+or+yidianzixun.com+or+ftchinese.com+or+guancha.cn+or+zhcw.com+or+huanqiu.com+or+ihuawen.com+or+nytimes.com+or+flickr.com+or+quanjing.com+or+vcg.com+or+gettyimages.co.uk+or+paixin.com)+%e7%bd%97%e6%96%af+%e8%af%b4+%e7%9c%9f%e7%9a%84&id=6E0F7BF297963A572622AFBC15FFAABCFD283CA8&simid=608048826717635379", 
            "hostPageUrl": "https://new.qq.com/cmsn/20190121/20190121010441.html", 
            "thumbnailUrl": "https://tse1.mm.bing.net/th?id=OIP.2xdpoUSuEYSzADBxjznDMQHaE4&pid=Api", 
            "thumbnail": {
                "width": 474, 
                "height": 312
            }, 
            "contentSize": "62730 B"
        }, 
        {
            "contentUrl": "https://puui.qpic.cn/qqvideo_ori/0/h0708515u27_496_280/0", 
            "insightsMetadata": {
                "pagesIncludingCount": 1, 
                "availableSizesCount": 1
            }, 
            "height": 280, 
            "accentColor": "16B5B3", 
            "hostPageDisplayUrl": "https://v.qq.com/x/search/?q=银河奥特曼&stag=9", 
            "name": "腾讯视频", 
            "width": 496, 
            "imageInsightsToken": "ccid_nPRdjDJw*mid_48422D74C174F1169809E654CBBEF3534B885AC0*simid_607991248368700820*thid_OIP.nPRdjDJwaxT5!_GKu0cI6pwHaEL", 
            "imageId": "48422D74C174F1169809E654CBBEF3534B885AC0", 
            "isFamilyFriendly": true, 
            "datePublished": "2018-08-24T02:41:00.0000000Z", 
            "encodingFormat": "jpeg", 
            "webSearchUrl": "https://www.bing.com/images/search?view=detailv2&FORM=OIIRPO&q=site%3a(thepaper.cn+or+chinadaily.com.cn+or+china.com.cn+or+chinanews.com+or+youth.cn+or+sina.com.cn+or+xinhuanet.com+or+cri.cn+or+163.com+or+cankaoxiaoxi.com+or+cctv.com+or+ifeng.com+or+qq.com+or+takungpao.com+or+people.com.cn+or+southcn.com+or+southcn.com+or+cnr.cn+or+people.com.cn+or+cyol.com+or+bjnews.com.cn+or+gmw.cn+or+dahe.cn+or+xfrb.com.cn+or+cqnews.net+or+lifeweek.com.cn+or+cpd.com.cn+or+haiwainet.cn+or+yidianzixun.com+or+ftchinese.com+or+guancha.cn+or+zhcw.com+or+huanqiu.com+or+ihuawen.com+or+nytimes.com+or+flickr.com+or+quanjing.com+or+vcg.com+or+gettyimages.co.uk+or+paixin.com)+%e7%bd%97%e6%96%af+%e8%af%b4+%e7%9c%9f%e7%9a%84&id=48422D74C174F1169809E654CBBEF3534B885AC0&simid=607991248368700820", 
            "hostPageUrl": "https://v.qq.com/x/search/?q=%E9%93%B6%E6%B2%B3%E5%A5%A5%E7%89%B9%E6%9B%BC&stag=9", 
            "thumbnailUrl": "https://tse1.mm.bing.net/th?id=OIP.nPRdjDJwaxT5_GKu0cI6pwHaEL&pid=Api", 
            "thumbnail": {
                "width": 474, 
                "height": 267
            }, 
            "contentSize": "22082 B"
        }, 
        {
            "contentUrl": "http://vpic.video.qq.com/123/r0161oksfa9.png", 
            "insightsMetadata": {
                "pagesIncludingCount": 2, 
                "availableSizesCount": 1
            }, 
            "height": 352, 
            "accentColor": "C90236", 
            "hostPageDisplayUrl": "nbachina.qq.com/a/20150730/057531.htm", 
            "name": "“说真的”专栏——硬与装硬 你如何定义强硬？_NBA中国官方网站", 
            "width": 624, 
            "imageInsightsToken": "ccid_c+GIMKzm*mid_91C2BC5C024B7FFED1FBD43DC0DC34124B5F5D8B*simid_608014419775981399*thid_OIP.c-GIMKzmizQJGXYh7HvePwHaEL", 
            "imageId": "91C2BC5C024B7FFED1FBD43DC0DC34124B5F5D8B", 
            "isFamilyFriendly": true, 
            "datePublished": "2018-07-02T06:07:00.0000000Z", 
            "encodingFormat": "jpeg", 
            "webSearchUrl": "https://www.bing.com/images/search?view=detailv2&FORM=OIIRPO&q=site%3a(thepaper.cn+or+chinadaily.com.cn+or+china.com.cn+or+chinanews.com+or+youth.cn+or+sina.com.cn+or+xinhuanet.com+or+cri.cn+or+163.com+or+cankaoxiaoxi.com+or+cctv.com+or+ifeng.com+or+qq.com+or+takungpao.com+or+people.com.cn+or+southcn.com+or+southcn.com+or+cnr.cn+or+people.com.cn+or+cyol.com+or+bjnews.com.cn+or+gmw.cn+or+dahe.cn+or+xfrb.com.cn+or+cqnews.net+or+lifeweek.com.cn+or+cpd.com.cn+or+haiwainet.cn+or+yidianzixun.com+or+ftchinese.com+or+guancha.cn+or+zhcw.com+or+huanqiu.com+or+ihuawen.com+or+nytimes.com+or+flickr.com+or+quanjing.com+or+vcg.com+or+gettyimages.co.uk+or+paixin.com)+%e7%bd%97%e6%96%af+%e8%af%b4+%e7%9c%9f%e7%9a%84&id=91C2BC5C024B7FFED1FBD43DC0DC34124B5F5D8B&simid=608014419775981399", 
            "hostPageUrl": "http://nbachina.qq.com/a/20150730/057531.htm", 
            "thumbnailUrl": "https://tse3.mm.bing.net/th?id=OIP.c-GIMKzmizQJGXYh7HvePwHaEL&pid=Api", 
            "thumbnail": {
                "width": 474, 
                "height": 267
            }, 
            "contentSize": "27365 B"
        }, 
        {
            "contentUrl": "http://n.sinaimg.cn/transform/20150926/qjM9-fxieyms4110122.jpg", 
            "insightsMetadata": {
                "pagesIncludingCount": 1, 
                "availableSizesCount": 1
            }, 
            "height": 373, 
            "accentColor": "9C2F3F", 
            "hostPageDisplayUrl": "sports.sina.com.cn/golf/pgatour/2015-09-26/doc...", 
            "name": "全国儿童医院锦标赛李昊桐压线晋级 佛罗瑞斯领先_美巡赛_新浪 ...", 
            "width": 550, 
            "imageInsightsToken": "ccid_MovLBiKk*mid_630FB85244B46FD5A4A9A2D0CE3AC39F72ED690A*simid_608022958133415451*thid_OIP.MovLBiKkIFJbW1rUcV5iaQHaFB", 
            "imageId": "630FB85244B46FD5A4A9A2D0CE3AC39F72ED690A", 
            "isFamilyFriendly": true, 
            "datePublished": "2018-04-30T00:27:00.0000000Z", 
            "encodingFormat": "jpeg", 
            "webSearchUrl": "https://www.bing.com/images/search?view=detailv2&FORM=OIIRPO&q=site%3a(thepaper.cn+or+chinadaily.com.cn+or+china.com.cn+or+chinanews.com+or+youth.cn+or+sina.com.cn+or+xinhuanet.com+or+cri.cn+or+163.com+or+cankaoxiaoxi.com+or+cctv.com+or+ifeng.com+or+qq.com+or+takungpao.com+or+people.com.cn+or+southcn.com+or+southcn.com+or+cnr.cn+or+people.com.cn+or+cyol.com+or+bjnews.com.cn+or+gmw.cn+or+dahe.cn+or+xfrb.com.cn+or+cqnews.net+or+lifeweek.com.cn+or+cpd.com.cn+or+haiwainet.cn+or+yidianzixun.com+or+ftchinese.com+or+guancha.cn+or+zhcw.com+or+huanqiu.com+or+ihuawen.com+or+nytimes.com+or+flickr.com+or+quanjing.com+or+vcg.com+or+gettyimages.co.uk+or+paixin.com)+%e7%bd%97%e6%96%af+%e8%af%b4+%e7%9c%9f%e7%9a%84&id=630FB85244B46FD5A4A9A2D0CE3AC39F72ED690A&simid=608022958133415451", 
            "hostPageUrl": "http://sports.sina.com.cn/golf/pgatour/2015-09-26/doc-ifxieymv7643231.shtml", 
            "thumbnailUrl": "https://tse4.mm.bing.net/th?id=OIP.MovLBiKkIFJbW1rUcV5iaQHaFB&pid=Api", 
            "thumbnail": {
                "width": 474, 
                "height": 321
            }, 
            "contentSize": "19032 B"
        }, 
        {
            "contentUrl": "http://p0.ifengimg.com/pmop/2018/1013/39BCEED5303828F701E7E11D51825BB7695425A5_size215_w606_h363.png", 
            "insightsMetadata": {
                "pagesIncludingCount": 2, 
                "availableSizesCount": 1
            }, 
            "height": 363, 
            "accentColor": "81704A", 
            "hostPageDisplayUrl": "sports.ifeng.com/a/20181013/60107578_0.shtml", 
            "name": "罗斯：球队需要时间去调整，要保持耐心_凤凰体育", 
            "width": 606, 
            "imageInsightsToken": "ccid_51xioknO*mid_D216352CC910196B103FEC24359FB1BBFA63C65B*simid_608038742154610364*thid_OIP.51xioknO!_CmHgq1dP56HMgHaEb", 
            "imageId": "D216352CC910196B103FEC24359FB1BBFA63C65B", 
            "isFamilyFriendly": true, 
            "datePublished": "2018-10-13T09:01:00.0000000Z", 
            "encodingFormat": "png", 
            "webSearchUrl": "https://www.bing.com/images/search?view=detailv2&FORM=OIIRPO&q=site%3a(thepaper.cn+or+chinadaily.com.cn+or+china.com.cn+or+chinanews.com+or+youth.cn+or+sina.com.cn+or+xinhuanet.com+or+cri.cn+or+163.com+or+cankaoxiaoxi.com+or+cctv.com+or+ifeng.com+or+qq.com+or+takungpao.com+or+people.com.cn+or+southcn.com+or+southcn.com+or+cnr.cn+or+people.com.cn+or+cyol.com+or+bjnews.com.cn+or+gmw.cn+or+dahe.cn+or+xfrb.com.cn+or+cqnews.net+or+lifeweek.com.cn+or+cpd.com.cn+or+haiwainet.cn+or+yidianzixun.com+or+ftchinese.com+or+guancha.cn+or+zhcw.com+or+huanqiu.com+or+ihuawen.com+or+nytimes.com+or+flickr.com+or+quanjing.com+or+vcg.com+or+gettyimages.co.uk+or+paixin.com)+%e7%bd%97%e6%96%af+%e8%af%b4+%e7%9c%9f%e7%9a%84&id=D216352CC910196B103FEC24359FB1BBFA63C65B&simid=608038742154610364", 
            "hostPageUrl": "http://sports.ifeng.com/a/20181013/60107578_0.shtml", 
            "thumbnailUrl": "https://tse2.mm.bing.net/th?id=OIP.51xioknO_CmHgq1dP56HMgHaEb&pid=Api", 
            "thumbnail": {
                "width": 474, 
                "height": 283
            }, 
            "contentSize": "220390 B"
        }
    ], 
    "nextOffset": 10, 
    "queryContext": {
        "alterationMethod": "AM_JustChangeIt", 
        "alterationType": "CombinedAlterationsChained", 
        "originalQuery": "site:(thepaper.cn or chinadaily.com.cn or china.com.cn or chinanews.com or youth.cn or sina.com.cn or xinhuanet.com or cri.cn or 163.com or cankaoxiaoxi.com or cctv.com or ifeng.com or qq.com or takungpao.com or people.com.cn or southcn.com or southcn.com or cnr.cn or people.com.cn or cyol.com or bjnews.com.cn or gmw.cn or dahe.cn or xfrb.com.cn or cqnews.net or lifeweek.com.cn or cpd.com.cn or haiwainet.cn or yidianzixun.com or ftchinese.com or guancha.cn or zhcw.com or huanqiu.com or ihuawen.com or nytimes.com or flickr.com or quanjing.com or vcg.com or gettyimages.co.uk or paixin.com) 罗斯 说 真的", 
        "alterationOverrideQuery": "+site:(thepaper.cn or chinadaily.com.cn or china.com.cn or chinanews.com or youth.cn or sina.com.cn or xinhuanet.com or cri.cn or 163.com or cankaoxiaoxi.com or cctv.com or ifeng.com or qq.com or takungpao.com or people.com.cn or southcn.com or southcn.com or cnr.cn or people.com.cn or cyol.com or bjnews.com.cn or gmw.cn or dahe.cn or xfrb.com.cn or cqnews.net or lifeweek.com.cn or cpd.com.cn or haiwainet.cn or yidianzixun.com or ftchinese.com or guancha.cn or zhcw.com or huanqiu.com or ihuawen.com or nytimes.com or flickr.com or quanjing.com or vcg.com or gettyimages.co.uk or paixin.com) 罗斯 说 真的", 
        "alterationDisplayQuery": "罗 斯 说 真的"
    }, 
    "currentOffset": 0, 
    "readLink": "images/search?q=site:(thepaper.cn or chinadaily.com.cn or china.com.cn or chinanews.com or youth.cn or sina.com.cn or xinhuanet.com or cri.cn or 163.com or cankaoxiaoxi.com or cctv.com or ifeng.com or qq.com or takungpao.com or people.com.cn or southcn.com or southcn.com or cnr.cn or people.com.cn or cyol.com or bjnews.com.cn or gmw.cn or dahe.cn or xfrb.com.cn or cqnews.net or lifeweek.com.cn or cpd.com.cn or haiwainet.cn or yidianzixun.com or ftchinese.com or guancha.cn or zhcw.com or huanqiu.com or ihuawen.com or nytimes.com or flickr.com or quanjing.com or vcg.com or gettyimages.co.uk or paixin.com) 罗斯 说 真的", 
    "totalEstimatedMatches": 100, 
    "relatedSearches": [
        {
            "text": "罗斯壁纸", 
            "displayText": "罗斯壁纸", 
            "thumbnail": {
                "thumbnailUrl": "https://tse4.mm.bing.net/th?q=%e7%bd%97%e6%96%af%e5%a3%81%e7%ba%b8&pid=Api&mkt=zh-CN&adlt=strict&t=1"
            }, 
            "searchLink": "https://api.cognitive.microsoft.com/api/v7/images/search?q=%e7%bd%97%e6%96%af%e5%a3%81%e7%ba%b8", 
            "webSearchUrl": "https://www.bing.com/images/search?q=%e7%bd%97%e6%96%af%e5%a3%81%e7%ba%b8&FORM=IRPATC"
        }, 
        {
            "text": "Nba罗斯", 
            "displayText": "Nba罗斯", 
            "thumbnail": {
                "thumbnailUrl": "https://tse4.mm.bing.net/th?q=Nba%e7%bd%97%e6%96%af&pid=Api&mkt=zh-CN&adlt=strict&t=1"
            }, 
            "searchLink": "https://api.cognitive.microsoft.com/api/v7/images/search?q=Nba%e7%bd%97%e6%96%af", 
            "webSearchUrl": "https://www.bing.com/images/search?q=Nba%e7%bd%97%e6%96%af&FORM=IRPATC"
        }, 
        {
            "text": "卡斯罗", 
            "displayText": "卡斯罗", 
            "thumbnail": {
                "thumbnailUrl": "https://tse4.mm.bing.net/th?q=%e5%8d%a1%e6%96%af%e7%bd%97&pid=Api&mkt=zh-CN&adlt=strict&t=1"
            }, 
            "searchLink": "https://api.cognitive.microsoft.com/api/v7/images/search?q=%e5%8d%a1%e6%96%af%e7%bd%97", 
            "webSearchUrl": "https://www.bing.com/images/search?q=%e5%8d%a1%e6%96%af%e7%bd%97&FORM=IRPATC"
        }, 
        {
            "text": "德里克罗斯", 
            "displayText": "德里克罗斯", 
            "thumbnail": {
                "thumbnailUrl": "https://tse1.mm.bing.net/th?q=%e5%be%b7%e9%87%8c%e5%85%8b%e7%bd%97%e6%96%af&pid=Api&mkt=zh-CN&adlt=strict&t=1"
            }, 
            "searchLink": "https://api.cognitive.microsoft.com/api/v7/images/search?q=%e5%be%b7%e9%87%8c%e5%85%8b%e7%bd%97%e6%96%af", 
            "webSearchUrl": "https://www.bing.com/images/search?q=%e5%be%b7%e9%87%8c%e5%85%8b%e7%bd%97%e6%96%af&FORM=IRPATC"
        }, 
        {
            "text": "卡斯罗犬", 
            "displayText": "卡斯罗犬", 
            "thumbnail": {
                "thumbnailUrl": "https://tse2.mm.bing.net/th?q=%e5%8d%a1%e6%96%af%e7%bd%97%e7%8a%ac&pid=Api&mkt=zh-CN&adlt=strict&t=1"
            }, 
            "searchLink": "https://api.cognitive.microsoft.com/api/v7/images/search?q=%e5%8d%a1%e6%96%af%e7%bd%97%e7%8a%ac", 
            "webSearchUrl": "https://www.bing.com/images/search?q=%e5%8d%a1%e6%96%af%e7%bd%97%e7%8a%ac&FORM=IRPATC"
        }, 
        {
            "text": "罗伊斯", 
            "displayText": "罗伊斯", 
            "thumbnail": {
                "thumbnailUrl": "https://tse1.mm.bing.net/th?q=%e7%bd%97%e4%bc%8a%e6%96%af&pid=Api&mkt=zh-CN&adlt=strict&t=1"
            }, 
            "searchLink": "https://api.cognitive.microsoft.com/api/v7/images/search?q=%e7%bd%97%e4%bc%8a%e6%96%af", 
            "webSearchUrl": "https://www.bing.com/images/search?q=%e7%bd%97%e4%bc%8a%e6%96%af&FORM=IRPATC"
        }, 
        {
            "text": "索罗斯", 
            "displayText": "索罗斯", 
            "thumbnail": {
                "thumbnailUrl": "https://tse3.mm.bing.net/th?q=%e7%b4%a2%e7%bd%97%e6%96%af&pid=Api&mkt=zh-CN&adlt=strict&t=1"
            }, 
            "searchLink": "https://api.cognitive.microsoft.com/api/v7/images/search?q=%e7%b4%a2%e7%bd%97%e6%96%af", 
            "webSearchUrl": "https://www.bing.com/images/search?q=%e7%b4%a2%e7%bd%97%e6%96%af&FORM=IRPATC"
        }, 
        {
            "text": "密斯凡德罗", 
            "displayText": "密斯凡德罗", 
            "thumbnail": {
                "thumbnailUrl": "https://tse3.mm.bing.net/th?q=%e5%af%86%e6%96%af%e5%87%a1%e5%be%b7%e7%bd%97&pid=Api&mkt=zh-CN&adlt=strict&t=1"
            }, 
            "searchLink": "https://api.cognitive.microsoft.com/api/v7/images/search?q=%e5%af%86%e6%96%af%e5%87%a1%e5%be%b7%e7%bd%97", 
            "webSearchUrl": "https://www.bing.com/images/search?q=%e5%af%86%e6%96%af%e5%87%a1%e5%be%b7%e7%bd%97&FORM=IRPATC"
        }, 
        {
            "text": "罗斯柴尔德家族", 
            "displayText": "罗斯柴尔德家族", 
            "thumbnail": {
                "thumbnailUrl": "https://tse3.mm.bing.net/th?q=%e7%bd%97%e6%96%af%e6%9f%b4%e5%b0%94%e5%be%b7%e5%ae%b6%e6%97%8f&pid=Api&mkt=zh-CN&adlt=strict&t=1"
            }, 
            "searchLink": "https://api.cognitive.microsoft.com/api/v7/images/search?q=%e7%bd%97%e6%96%af%e6%9f%b4%e5%b0%94%e5%be%b7%e5%ae%b6%e6%97%8f", 
            "webSearchUrl": "https://www.bing.com/images/search?q=%e7%bd%97%e6%96%af%e6%9f%b4%e5%b0%94%e5%be%b7%e5%ae%b6%e6%97%8f&FORM=IRPATC"
        }, 
        {
            "text": "罗斯战靴", 
            "displayText": "罗斯战靴", 
            "thumbnail": {
                "thumbnailUrl": "https://tse1.mm.bing.net/th?q=%e7%bd%97%e6%96%af%e6%88%98%e9%9d%b4&pid=Api&mkt=zh-CN&adlt=strict&t=1"
            }, 
            "searchLink": "https://api.cognitive.microsoft.com/api/v7/images/search?q=%e7%bd%97%e6%96%af%e6%88%98%e9%9d%b4", 
            "webSearchUrl": "https://www.bing.com/images/search?q=%e7%bd%97%e6%96%af%e6%88%98%e9%9d%b4&FORM=IRPATC"
        }, 
        {
            "text": "密斯凡德罗作品", 
            "displayText": "密斯凡德罗作品", 
            "thumbnail": {
                "thumbnailUrl": "https://tse2.mm.bing.net/th?q=%e5%af%86%e6%96%af%e5%87%a1%e5%be%b7%e7%bd%97%e4%bd%9c%e5%93%81&pid=Api&mkt=zh-CN&adlt=strict&t=1"
            }, 
            "searchLink": "https://api.cognitive.microsoft.com/api/v7/images/search?q=%e5%af%86%e6%96%af%e5%87%a1%e5%be%b7%e7%bd%97%e4%bd%9c%e5%93%81", 
            "webSearchUrl": "https://www.bing.com/images/search?q=%e5%af%86%e6%96%af%e5%87%a1%e5%be%b7%e7%bd%97%e4%bd%9c%e5%93%81&FORM=IRPATC"
        }, 
        {
            "text": "迷你罗特斯", 
            "displayText": "迷你罗特斯", 
            "thumbnail": {
                "thumbnailUrl": "https://tse3.mm.bing.net/th?q=%e8%bf%b7%e4%bd%a0%e7%bd%97%e7%89%b9%e6%96%af&pid=Api&mkt=zh-CN&adlt=strict&t=1"
            }, 
            "searchLink": "https://api.cognitive.microsoft.com/api/v7/images/search?q=%e8%bf%b7%e4%bd%a0%e7%bd%97%e7%89%b9%e6%96%af", 
            "webSearchUrl": "https://www.bing.com/images/search?q=%e8%bf%b7%e4%bd%a0%e7%bd%97%e7%89%b9%e6%96%af&FORM=IRPATC"
        }, 
        {
            "text": "罗伊斯发型", 
            "displayText": "罗伊斯发型", 
            "thumbnail": {
                "thumbnailUrl": "https://tse1.mm.bing.net/th?q=%e7%bd%97%e4%bc%8a%e6%96%af%e5%8f%91%e5%9e%8b&pid=Api&mkt=zh-CN&adlt=strict&t=1"
            }, 
            "searchLink": "https://api.cognitive.microsoft.com/api/v7/images/search?q=%e7%bd%97%e4%bc%8a%e6%96%af%e5%8f%91%e5%9e%8b", 
            "webSearchUrl": "https://www.bing.com/images/search?q=%e7%bd%97%e4%bc%8a%e6%96%af%e5%8f%91%e5%9e%8b&FORM=IRPATC"
        }, 
        {
            "text": "Dnf迷你罗特斯1号", 
            "displayText": "Dnf迷你罗特斯1号", 
            "thumbnail": {
                "thumbnailUrl": "https://tse3.mm.bing.net/th?q=Dnf%e8%bf%b7%e4%bd%a0%e7%bd%97%e7%89%b9%e6%96%af1%e5%8f%b7&pid=Api&mkt=zh-CN&adlt=strict&t=1"
            }, 
            "searchLink": "https://api.cognitive.microsoft.com/api/v7/images/search?q=Dnf%e8%bf%b7%e4%bd%a0%e7%bd%97%e7%89%b9%e6%96%af1%e5%8f%b7", 
            "webSearchUrl": "https://www.bing.com/images/search?q=Dnf%e8%bf%b7%e4%bd%a0%e7%bd%97%e7%89%b9%e6%96%af1%e5%8f%b7&FORM=IRPATC"
        }, 
        {
            "text": "迷你罗特斯1号", 
            "displayText": "迷你罗特斯1号", 
            "thumbnail": {
                "thumbnailUrl": "https://tse3.mm.bing.net/th?q=%e8%bf%b7%e4%bd%a0%e7%bd%97%e7%89%b9%e6%96%af1%e5%8f%b7&pid=Api&mkt=zh-CN&adlt=strict&t=1"
            }, 
            "searchLink": "https://api.cognitive.microsoft.com/api/v7/images/search?q=%e8%bf%b7%e4%bd%a0%e7%bd%97%e7%89%b9%e6%96%af1%e5%8f%b7", 
            "webSearchUrl": "https://www.bing.com/images/search?q=%e8%bf%b7%e4%bd%a0%e7%bd%97%e7%89%b9%e6%96%af1%e5%8f%b7&FORM=IRPATC"
        }
    ]
}