{
    "instrumentation": {
        "_type": "ResponseInstrumentation"
    }, 
    "_type": "Images", 
    "webSearchUrl": "https://www.bing.com/images/search?q=site:(thepaper.cn or chinadaily.com.cn or china.com.cn or chinanews.com or youth.cn or sina.com.cn or xinhuanet.com or cri.cn or 163.com or cankaoxiaoxi.com or cctv.com or ifeng.com or qq.com or takungpao.com or people.com.cn or southcn.com or southcn.com or cnr.cn or people.com.cn or cyol.com or bjnews.com.cn or gmw.cn or dahe.cn or xfrb.com.cn or cqnews.net or lifeweek.com.cn or cpd.com.cn or haiwainet.cn or yidianzixun.com or ftchinese.com or guancha.cn or zhcw.com or huanqiu.com or ihuawen.com or nytimes.com or flickr.com or quanjing.com or vcg.com or gettyimages.co.uk or paixin.com) 两年 任职&FORM=OIIARP", 
    "value": [
        {
            "contentUrl": "http://img1.gtimg.com/news/pics/hv1/150/204/1792/116576970.jpg", 
            "insightsMetadata": {
                "pagesIncludingCount": 6, 
                "availableSizesCount": 1
            }, 
            "height": 514, 
            "accentColor": "53554B", 
            "hostPageDisplayUrl": "news.qq.com/a/20150216/004232.htm", 
            "name": "浙大校长林建华调任北大校长 前任任职仅两年_新闻_腾讯网", 
            "width": 400, 
            "imageInsightsToken": "ccid_wKfiK1zc*mid_196F2D5E4BCF6CEE84371541563CA8A6AEECC897*simid_608041615458174363*thid_OIP.wKfiK1zcbWPIWF!_ry4lucgAAAA", 
            "imageId": "196F2D5E4BCF6CEE84371541563CA8A6AEECC897", 
            "isFamilyFriendly": true, 
            "datePublished": "2015-02-15T19:27:00.0000000Z", 
            "encodingFormat": "jpeg", 
            "webSearchUrl": "https://www.bing.com/images/search?view=detailv2&FORM=OIIRPO&q=site%3a(thepaper.cn+or+chinadaily.com.cn+or+china.com.cn+or+chinanews.com+or+youth.cn+or+sina.com.cn+or+xinhuanet.com+or+cri.cn+or+163.com+or+cankaoxiaoxi.com+or+cctv.com+or+ifeng.com+or+qq.com+or+takungpao.com+or+people.com.cn+or+southcn.com+or+southcn.com+or+cnr.cn+or+people.com.cn+or+cyol.com+or+bjnews.com.cn+or+gmw.cn+or+dahe.cn+or+xfrb.com.cn+or+cqnews.net+or+lifeweek.com.cn+or+cpd.com.cn+or+haiwainet.cn+or+yidianzixun.com+or+ftchinese.com+or+guancha.cn+or+zhcw.com+or+huanqiu.com+or+ihuawen.com+or+nytimes.com+or+flickr.com+or+quanjing.com+or+vcg.com+or+gettyimages.co.uk+or+paixin.com)+%e4%b8%a4%e5%b9%b4+%e4%bb%bb%e8%81%8c&id=196F2D5E4BCF6CEE84371541563CA8A6AEECC897&simid=608041615458174363", 
            "hostPageUrl": "http://news.qq.com/a/20150216/004232.htm", 
            "thumbnailUrl": "https://tse1.mm.bing.net/th?id=OIP.wKfiK1zcbWPIWF_ry4lucgAAAA&pid=Api", 
            "thumbnail": {
                "width": 400, 
                "height": 514
            }, 
            "contentSize": "23924 B"
        }, 
        {
            "contentUrl": "http://jiangsu.china.com.cn/uploadfile/2018/1126/1543195798473467.jpg", 
            "insightsMetadata": {
                "pagesIncludingCount": 1, 
                "availableSizesCount": 1
            }, 
            "height": 417, 
            "accentColor": "5B4E4C", 
            "hostPageDisplayUrl": "jiangsu.china.com.cn/html/finance/finances/10609357_1.html", 
            "name": "山东平邑农商行贷款被违法挪用 一高管两年不得任职 - 财经新闻 ...", 
            "width": 603, 
            "imageInsightsToken": "ccid_XVO2+uEJ*mid_E0AB284286E4A93CFFE58E044945B0C7A2D07714*simid_607992425201009732*thid_OIP.XVO2-uEJOksdJDm74IGfSQHaFH", 
            "imageId": "E0AB284286E4A93CFFE58E044945B0C7A2D07714", 
            "isFamilyFriendly": true, 
            "datePublished": "2018-11-26T01:54:00.0000000Z", 
            "encodingFormat": "jpeg", 
            "webSearchUrl": "https://www.bing.com/images/search?view=detailv2&FORM=OIIRPO&q=site%3a(thepaper.cn+or+chinadaily.com.cn+or+china.com.cn+or+chinanews.com+or+youth.cn+or+sina.com.cn+or+xinhuanet.com+or+cri.cn+or+163.com+or+cankaoxiaoxi.com+or+cctv.com+or+ifeng.com+or+qq.com+or+takungpao.com+or+people.com.cn+or+southcn.com+or+southcn.com+or+cnr.cn+or+people.com.cn+or+cyol.com+or+bjnews.com.cn+or+gmw.cn+or+dahe.cn+or+xfrb.com.cn+or+cqnews.net+or+lifeweek.com.cn+or+cpd.com.cn+or+haiwainet.cn+or+yidianzixun.com+or+ftchinese.com+or+guancha.cn+or+zhcw.com+or+huanqiu.com+or+ihuawen.com+or+nytimes.com+or+flickr.com+or+quanjing.com+or+vcg.com+or+gettyimages.co.uk+or+paixin.com)+%e4%b8%a4%e5%b9%b4+%e4%bb%bb%e8%81%8c&id=E0AB284286E4A93CFFE58E044945B0C7A2D07714&simid=607992425201009732", 
            "hostPageUrl": "http://jiangsu.china.com.cn/html/finance/finances/10609357_1.html", 
            "thumbnailUrl": "https://tse3.mm.bing.net/th?id=OIP.XVO2-uEJOksdJDm74IGfSQHaFH&pid=Api", 
            "thumbnail": {
                "width": 474, 
                "height": 327
            }, 
            "contentSize": "51765 B"
        }, 
        {
            "contentUrl": "http://i3.sinaimg.cn/cj/cr/2012/0416/866571260.jpg", 
            "insightsMetadata": {
                "pagesIncludingCount": 7, 
                "availableSizesCount": 1
            }, 
            "height": 279, 
            "accentColor": "02A2C9", 
            "hostPageDisplayUrl": "finance.sina.com.cn/money/fund/20120416/082211832161.shtml", 
            "name": "基金经理任职平均仅两年半 民生加银菜鸟一拖三_基金动态_新浪 ...", 
            "width": 300, 
            "imageInsightsToken": "ccid_+a0qzw6j*mid_EA8AC34924644287F01D6EB1E21990332CB5BA99*simid_608031560928792256*thid_OIP.-a0qzw6jmJSCSmpsZ!_aV-wAAAA", 
            "imageId": "EA8AC34924644287F01D6EB1E21990332CB5BA99", 
            "isFamilyFriendly": true, 
            "datePublished": "2012-04-19T15:02:00.0000000Z", 
            "encodingFormat": "jpeg", 
            "webSearchUrl": "https://www.bing.com/images/search?view=detailv2&FORM=OIIRPO&q=site%3a(thepaper.cn+or+chinadaily.com.cn+or+china.com.cn+or+chinanews.com+or+youth.cn+or+sina.com.cn+or+xinhuanet.com+or+cri.cn+or+163.com+or+cankaoxiaoxi.com+or+cctv.com+or+ifeng.com+or+qq.com+or+takungpao.com+or+people.com.cn+or+southcn.com+or+southcn.com+or+cnr.cn+or+people.com.cn+or+cyol.com+or+bjnews.com.cn+or+gmw.cn+or+dahe.cn+or+xfrb.com.cn+or+cqnews.net+or+lifeweek.com.cn+or+cpd.com.cn+or+haiwainet.cn+or+yidianzixun.com+or+ftchinese.com+or+guancha.cn+or+zhcw.com+or+huanqiu.com+or+ihuawen.com+or+nytimes.com+or+flickr.com+or+quanjing.com+or+vcg.com+or+gettyimages.co.uk+or+paixin.com)+%e4%b8%a4%e5%b9%b4+%e4%bb%bb%e8%81%8c&id=EA8AC34924644287F01D6EB1E21990332CB5BA99&simid=608031560928792256", 
            "hostPageUrl": "http://finance.sina.com.cn/money/fund/20120416/082211832161.shtml", 
            "thumbnailUrl": "https://tse3.mm.bing.net/th?id=OIP.-a0qzw6jmJSCSmpsZ_aV-wAAAA&pid=Api", 
            "thumbnail": {
                "width": 300, 
                "height": 279
            }, 
            "contentSize": "18544 B"
        }, 
        {
            "contentUrl": "http://src.leju.com/imp/imp/deal/54/c6/8/e27959c360512983e05307649c2_p24_mk24.jpg", 
            "insightsMetadata": {
                "pagesIncludingCount": 1, 
                "availableSizesCount": 1
            }, 
            "height": 400, 
            "accentColor": "825D49", 
            "hostPageDisplayUrl": "jiaju.sina.com.cn/news/20180914/6446284577010155870.shtml", 
            "name": "答飞所问|李李：蓝景丽家见证了我的成长过程 期待与企业共同 ...", 
            "width": 600, 
            "imageInsightsToken": "ccid_SfYy6azC*mid_5F199D38D6162041F8DA2CC2B2E660E2CB0FE7AF*simid_608042573232341663*thid_OIP.SfYy6azCO8DXXMpexC4fhgHaE8", 
            "imageId": "5F199D38D6162041F8DA2CC2B2E660E2CB0FE7AF", 
            "isFamilyFriendly": true, 
            "datePublished": "2018-09-17T04:49:00.0000000Z", 
            "encodingFormat": "jpeg", 
            "webSearchUrl": "https://www.bing.com/images/search?view=detailv2&FORM=OIIRPO&q=site%3a(thepaper.cn+or+chinadaily.com.cn+or+china.com.cn+or+chinanews.com+or+youth.cn+or+sina.com.cn+or+xinhuanet.com+or+cri.cn+or+163.com+or+cankaoxiaoxi.com+or+cctv.com+or+ifeng.com+or+qq.com+or+takungpao.com+or+people.com.cn+or+southcn.com+or+southcn.com+or+cnr.cn+or+people.com.cn+or+cyol.com+or+bjnews.com.cn+or+gmw.cn+or+dahe.cn+or+xfrb.com.cn+or+cqnews.net+or+lifeweek.com.cn+or+cpd.com.cn+or+haiwainet.cn+or+yidianzixun.com+or+ftchinese.com+or+guancha.cn+or+zhcw.com+or+huanqiu.com+or+ihuawen.com+or+nytimes.com+or+flickr.com+or+quanjing.com+or+vcg.com+or+gettyimages.co.uk+or+paixin.com)+%e4%b8%a4%e5%b9%b4+%e4%bb%bb%e8%81%8c&id=5F199D38D6162041F8DA2CC2B2E660E2CB0FE7AF&simid=608042573232341663", 
            "hostPageUrl": "http://jiaju.sina.com.cn/news/20180914/6446284577010155870.shtml", 
            "thumbnailUrl": "https://tse3.mm.bing.net/th?id=OIP.SfYy6azCO8DXXMpexC4fhgHaE8&pid=Api", 
            "thumbnail": {
                "width": 474, 
                "height": 316
            }, 
            "contentSize": "83283 B"
        }, 
        {
            "contentUrl": "https://media.bjnews.com.cn/image/2018/12/29/4743157819061119348.jpeg", 
            "insightsMetadata": {
                "pagesIncludingCount": 5, 
                "availableSizesCount": 3
            }, 
            "height": 400, 
            "accentColor": "2C5951", 
            "hostPageDisplayUrl": "www.bjnews.com.cn/feature/2018/12/29/535170.html", 
            "name": "王旭光职务再调整，曾为薄熙来案审判长 - 综合 - 新京报网", 
            "width": 600, 
            "imageInsightsToken": "ccid_/4jC/TSP*mid_F40889386003D613C4A9EB82E79E2F02BFDADA52*simid_608030242378811791*thid_OIP.!_4jC!_TSPj6oQ8VUdkp!_ugwHaE8", 
            "imageId": "F40889386003D613C4A9EB82E79E2F02BFDADA52", 
            "isFamilyFriendly": true, 
            "datePublished": "2018-12-29T11:26:00.0000000Z", 
            "encodingFormat": "jpeg", 
            "webSearchUrl": "https://www.bing.com/images/search?view=detailv2&FORM=OIIRPO&q=site%3a(thepaper.cn+or+chinadaily.com.cn+or+china.com.cn+or+chinanews.com+or+youth.cn+or+sina.com.cn+or+xinhuanet.com+or+cri.cn+or+163.com+or+cankaoxiaoxi.com+or+cctv.com+or+ifeng.com+or+qq.com+or+takungpao.com+or+people.com.cn+or+southcn.com+or+southcn.com+or+cnr.cn+or+people.com.cn+or+cyol.com+or+bjnews.com.cn+or+gmw.cn+or+dahe.cn+or+xfrb.com.cn+or+cqnews.net+or+lifeweek.com.cn+or+cpd.com.cn+or+haiwainet.cn+or+yidianzixun.com+or+ftchinese.com+or+guancha.cn+or+zhcw.com+or+huanqiu.com+or+ihuawen.com+or+nytimes.com+or+flickr.com+or+quanjing.com+or+vcg.com+or+gettyimages.co.uk+or+paixin.com)+%e4%b8%a4%e5%b9%b4+%e4%bb%bb%e8%81%8c&id=F40889386003D613C4A9EB82E79E2F02BFDADA52&simid=608030242378811791", 
            "hostPageUrl": "http://www.bjnews.com.cn/feature/2018/12/29/535170.html", 
            "thumbnailUrl": "https://tse1.mm.bing.net/th?id=OIP._4jC_TSPj6oQ8VUdkp_ugwHaE8&pid=Api", 
            "thumbnail": {
                "width": 474, 
                "height": 316
            }, 
            "contentSize": "27640 B"
        }, 
        {
            "contentUrl": "http://n.sinaimg.cn/translate/796/w600h196/20180406/7Omc-fysuuyc0662895.jpg", 
            "insightsMetadata": {
                "pagesIncludingCount": 1, 
                "availableSizesCount": 1
            }, 
            "height": 196, 
            "accentColor": "6B6660", 
            "hostPageDisplayUrl": "news.sina.com.cn/c/2018-04-06/doc-ifyteqtq4695041.shtml", 
            "name": "两年内65后省部级干部翻了一倍 哪里最多？|干部|班子|职务_新浪 ...", 
            "width": 600, 
            "imageInsightsToken": "ccid_9AdZZCKQ*mid_9C9C6487B7A05CB9C79A84D28E0BD880EA7E84E7*simid_608056080859729416*thid_OIP.9AdZZCKQEuG757Zx1dpjsQHaCa", 
            "imageId": "9C9C6487B7A05CB9C79A84D28E0BD880EA7E84E7", 
            "isFamilyFriendly": true, 
            "datePublished": "2018-04-06T00:37:00.0000000Z", 
            "encodingFormat": "jpeg", 
            "webSearchUrl": "https://www.bing.com/images/search?view=detailv2&FORM=OIIRPO&q=site%3a(thepaper.cn+or+chinadaily.com.cn+or+china.com.cn+or+chinanews.com+or+youth.cn+or+sina.com.cn+or+xinhuanet.com+or+cri.cn+or+163.com+or+cankaoxiaoxi.com+or+cctv.com+or+ifeng.com+or+qq.com+or+takungpao.com+or+people.com.cn+or+southcn.com+or+southcn.com+or+cnr.cn+or+people.com.cn+or+cyol.com+or+bjnews.com.cn+or+gmw.cn+or+dahe.cn+or+xfrb.com.cn+or+cqnews.net+or+lifeweek.com.cn+or+cpd.com.cn+or+haiwainet.cn+or+yidianzixun.com+or+ftchinese.com+or+guancha.cn+or+zhcw.com+or+huanqiu.com+or+ihuawen.com+or+nytimes.com+or+flickr.com+or+quanjing.com+or+vcg.com+or+gettyimages.co.uk+or+paixin.com)+%e4%b8%a4%e5%b9%b4+%e4%bb%bb%e8%81%8c&id=9C9C6487B7A05CB9C79A84D28E0BD880EA7E84E7&simid=608056080859729416", 
            "hostPageUrl": "http://news.sina.com.cn/c/2018-04-06/doc-ifyteqtq4695041.shtml", 
            "thumbnailUrl": "https://tse4.mm.bing.net/th?id=OIP.9AdZZCKQEuG757Zx1dpjsQHaCa&pid=Api", 
            "thumbnail": {
                "width": 474, 
                "height": 154
            }, 
            "contentSize": "28434 B"
        }, 
        {
            "contentUrl": "http://s15.sinaimg.cn/mw690/001NOkMTzy7mNyKyHLgee&690", 
            "insightsMetadata": {
                "pagesIncludingCount": 1, 
                "availableSizesCount": 1
            }, 
            "height": 458, 
            "accentColor": "6B2D32", 
            "hostPageDisplayUrl": "blog.sina.com.cn/ningjinxianzhijiaozhongx", 
            "name": "河北宁晋县教育局_新浪博客", 
            "width": 690, 
            "imageInsightsToken": "ccid_eeXDPoDX*mid_D892AF3348E6C629A2DCA656922D590EEE92FAFE*simid_607994241982336084*thid_OIP.eeXDPoDXI4pPb47zPxA8LwHaE6", 
            "imageId": "D892AF3348E6C629A2DCA656922D590EEE92FAFE", 
            "isFamilyFriendly": true, 
            "datePublished": "2018-09-19T17:34:00.0000000Z", 
            "encodingFormat": "jpeg", 
            "webSearchUrl": "https://www.bing.com/images/search?view=detailv2&FORM=OIIRPO&q=site%3a(thepaper.cn+or+chinadaily.com.cn+or+china.com.cn+or+chinanews.com+or+youth.cn+or+sina.com.cn+or+xinhuanet.com+or+cri.cn+or+163.com+or+cankaoxiaoxi.com+or+cctv.com+or+ifeng.com+or+qq.com+or+takungpao.com+or+people.com.cn+or+southcn.com+or+southcn.com+or+cnr.cn+or+people.com.cn+or+cyol.com+or+bjnews.com.cn+or+gmw.cn+or+dahe.cn+or+xfrb.com.cn+or+cqnews.net+or+lifeweek.com.cn+or+cpd.com.cn+or+haiwainet.cn+or+yidianzixun.com+or+ftchinese.com+or+guancha.cn+or+zhcw.com+or+huanqiu.com+or+ihuawen.com+or+nytimes.com+or+flickr.com+or+quanjing.com+or+vcg.com+or+gettyimages.co.uk+or+paixin.com)+%e4%b8%a4%e5%b9%b4+%e4%bb%bb%e8%81%8c&id=D892AF3348E6C629A2DCA656922D590EEE92FAFE&simid=607994241982336084", 
            "hostPageUrl": "http://blog.sina.com.cn/ningjinxianzhijiaozhongx", 
            "thumbnailUrl": "https://tse2.mm.bing.net/th?id=OIP.eeXDPoDXI4pPb47zPxA8LwHaE6&pid=Api", 
            "thumbnail": {
                "width": 474, 
                "height": 314
            }, 
            "contentSize": "63340 B"
        }, 
        {
            "contentUrl": "http://js.people.com.cn/img/2012/04/16/1334534321_0584.jpg", 
            "insightsMetadata": {
                "pagesIncludingCount": 3, 
                "availableSizesCount": 1
            }, 
            "height": 227, 
            "accentColor": "058BC6", 
            "hostPageDisplayUrl": "js.people.com.cn/html/2012/04/16/100214.html", 
            "name": "基金经理“菜鸟”横行 任职平均仅两年半", 
            "width": 500, 
            "imageInsightsToken": "ccid_bW6KyI0E*mid_E8E02F9A1378F510280D4935E756FC843E43E928*simid_608020634513637656*thid_OIP.bW6KyI0ElBu2g8r!_E6kwfwHaDX", 
            "imageId": "E8E02F9A1378F510280D4935E756FC843E43E928", 
            "isFamilyFriendly": true, 
            "datePublished": "2012-05-24T07:55:00.0000000Z", 
            "encodingFormat": "jpeg", 
            "webSearchUrl": "https://www.bing.com/images/search?view=detailv2&FORM=OIIRPO&q=site%3a(thepaper.cn+or+chinadaily.com.cn+or+china.com.cn+or+chinanews.com+or+youth.cn+or+sina.com.cn+or+xinhuanet.com+or+cri.cn+or+163.com+or+cankaoxiaoxi.com+or+cctv.com+or+ifeng.com+or+qq.com+or+takungpao.com+or+people.com.cn+or+southcn.com+or+southcn.com+or+cnr.cn+or+people.com.cn+or+cyol.com+or+bjnews.com.cn+or+gmw.cn+or+dahe.cn+or+xfrb.com.cn+or+cqnews.net+or+lifeweek.com.cn+or+cpd.com.cn+or+haiwainet.cn+or+yidianzixun.com+or+ftchinese.com+or+guancha.cn+or+zhcw.com+or+huanqiu.com+or+ihuawen.com+or+nytimes.com+or+flickr.com+or+quanjing.com+or+vcg.com+or+gettyimages.co.uk+or+paixin.com)+%e4%b8%a4%e5%b9%b4+%e4%bb%bb%e8%81%8c&id=E8E02F9A1378F510280D4935E756FC843E43E928&simid=608020634513637656", 
            "hostPageUrl": "http://js.people.com.cn/html/2012/04/16/100214.html", 
            "thumbnailUrl": "https://tse2.mm.bing.net/th?id=OIP.bW6KyI0ElBu2g8r_E6kwfwHaDX&pid=Api", 
            "thumbnail": {
                "width": 474, 
                "height": 215
            }, 
            "contentSize": "34291 B"
        }, 
        {
            "contentUrl": "http://i0.sinaimg.cn/dy/c/2015-02-16/U7939P1T1D31525381F23DT20150216033618.jpg", 
            "insightsMetadata": {
                "pagesIncludingCount": 8, 
                "availableSizesCount": 1
            }, 
            "height": 266, 
            "accentColor": "BD0E20", 
            "hostPageDisplayUrl": "news.sina.com.cn/c/2015-02-16/023931525381.shtml", 
            "name": "浙大校长林建华调任北大校长 前任任职仅两年|北京大学|林建华 ...", 
            "width": 400, 
            "imageInsightsToken": "ccid_n7wheFRq*mid_2C14C9C999CA4AE1DF0FDBA7EC3B92725EB5EAB1*simid_608054916939581088*thid_OIP.n7wheFRquLpyBG3yrsJYxQAAAA", 
            "imageId": "2C14C9C999CA4AE1DF0FDBA7EC3B92725EB5EAB1", 
            "isFamilyFriendly": true, 
            "datePublished": "2015-02-25T01:46:00.0000000Z", 
            "encodingFormat": "jpeg", 
            "webSearchUrl": "https://www.bing.com/images/search?view=detailv2&FORM=OIIRPO&q=site%3a(thepaper.cn+or+chinadaily.com.cn+or+china.com.cn+or+chinanews.com+or+youth.cn+or+sina.com.cn+or+xinhuanet.com+or+cri.cn+or+163.com+or+cankaoxiaoxi.com+or+cctv.com+or+ifeng.com+or+qq.com+or+takungpao.com+or+people.com.cn+or+southcn.com+or+southcn.com+or+cnr.cn+or+people.com.cn+or+cyol.com+or+bjnews.com.cn+or+gmw.cn+or+dahe.cn+or+xfrb.com.cn+or+cqnews.net+or+lifeweek.com.cn+or+cpd.com.cn+or+haiwainet.cn+or+yidianzixun.com+or+ftchinese.com+or+guancha.cn+or+zhcw.com+or+huanqiu.com+or+ihuawen.com+or+nytimes.com+or+flickr.com+or+quanjing.com+or+vcg.com+or+gettyimages.co.uk+or+paixin.com)+%e4%b8%a4%e5%b9%b4+%e4%bb%bb%e8%81%8c&id=2C14C9C999CA4AE1DF0FDBA7EC3B92725EB5EAB1&simid=608054916939581088", 
            "hostPageUrl": "http://news.sina.com.cn/c/2015-02-16/023931525381.shtml", 
            "thumbnailUrl": "https://tse3.mm.bing.net/th?id=OIP.n7wheFRquLpyBG3yrsJYxQAAAA&pid=Api", 
            "thumbnail": {
                "width": 400, 
                "height": 266
            }, 
            "contentSize": "15425 B"
        }, 
        {
            "contentUrl": "http://jiangsu.china.com.cn/uploadfile/2018/0425/1524616729882958.jpg", 
            "insightsMetadata": {
                "pagesIncludingCount": 1, 
                "availableSizesCount": 1
            }, 
            "height": 573, 
            "accentColor": "4F5157", 
            "hostPageDisplayUrl": "jiangsu.china.com.cn/html/finance/finances/10570879_1.html", 
            "name": "湖州银行嘉善贷款管理违法违规 银监分局连出两罚单 - 财经新闻 ...", 
            "width": 511, 
            "imageInsightsToken": "ccid_Rp9M6e2L*mid_152510DBC42E072913618586C99A7D2D42BD2E50*simid_608005632215941965*thid_OIP.Rp9M6e2LQTsnsu6w2GE8bAHaIT", 
            "imageId": "152510DBC42E072913618586C99A7D2D42BD2E50", 
            "isFamilyFriendly": true, 
            "datePublished": "2018-04-25T00:54:00.0000000Z", 
            "encodingFormat": "jpeg", 
            "webSearchUrl": "https://www.bing.com/images/search?view=detailv2&FORM=OIIRPO&q=site%3a(thepaper.cn+or+chinadaily.com.cn+or+china.com.cn+or+chinanews.com+or+youth.cn+or+sina.com.cn+or+xinhuanet.com+or+cri.cn+or+163.com+or+cankaoxiaoxi.com+or+cctv.com+or+ifeng.com+or+qq.com+or+takungpao.com+or+people.com.cn+or+southcn.com+or+southcn.com+or+cnr.cn+or+people.com.cn+or+cyol.com+or+bjnews.com.cn+or+gmw.cn+or+dahe.cn+or+xfrb.com.cn+or+cqnews.net+or+lifeweek.com.cn+or+cpd.com.cn+or+haiwainet.cn+or+yidianzixun.com+or+ftchinese.com+or+guancha.cn+or+zhcw.com+or+huanqiu.com+or+ihuawen.com+or+nytimes.com+or+flickr.com+or+quanjing.com+or+vcg.com+or+gettyimages.co.uk+or+paixin.com)+%e4%b8%a4%e5%b9%b4+%e4%bb%bb%e8%81%8c&id=152510DBC42E072913618586C99A7D2D42BD2E50&simid=608005632215941965", 
            "hostPageUrl": "http://jiangsu.china.com.cn/html/finance/finances/10570879_1.html", 
            "thumbnailUrl": "https://tse2.mm.bing.net/th?id=OIP.Rp9M6e2LQTsnsu6w2GE8bAHaIT&pid=Api", 
            "thumbnail": {
                "width": 474, 
                "height": 531
            }, 
            "contentSize": "41425 B"
        }
    ], 
    "nextOffset": 12, 
    "queryContext": {
        "alterationMethod": "AM_JustChangeIt", 
        "alterationType": "CombinedAlterationsChained", 
        "originalQuery": "site:(thepaper.cn or chinadaily.com.cn or china.com.cn or chinanews.com or youth.cn or sina.com.cn or xinhuanet.com or cri.cn or 163.com or cankaoxiaoxi.com or cctv.com or ifeng.com or qq.com or takungpao.com or people.com.cn or southcn.com or southcn.com or cnr.cn or people.com.cn or cyol.com or bjnews.com.cn or gmw.cn or dahe.cn or xfrb.com.cn or cqnews.net or lifeweek.com.cn or cpd.com.cn or haiwainet.cn or yidianzixun.com or ftchinese.com or guancha.cn or zhcw.com or huanqiu.com or ihuawen.com or nytimes.com or flickr.com or quanjing.com or vcg.com or gettyimages.co.uk or paixin.com) 两年 任职", 
        "alterationOverrideQuery": "+site:(thepaper.cn or chinadaily.com.cn or china.com.cn or chinanews.com or youth.cn or sina.com.cn or xinhuanet.com or cri.cn or 163.com or cankaoxiaoxi.com or cctv.com or ifeng.com or qq.com or takungpao.com or people.com.cn or southcn.com or southcn.com or cnr.cn or people.com.cn or cyol.com or bjnews.com.cn or gmw.cn or dahe.cn or xfrb.com.cn or cqnews.net or lifeweek.com.cn or cpd.com.cn or haiwainet.cn or yidianzixun.com or ftchinese.com or guancha.cn or zhcw.com or huanqiu.com or ihuawen.com or nytimes.com or flickr.com or quanjing.com or vcg.com or gettyimages.co.uk or paixin.com) 两年 任职", 
        "alterationDisplayQuery": "两年 任职"
    }, 
    "currentOffset": 0, 
    "readLink": "images/search?q=site:(thepaper.cn or chinadaily.com.cn or china.com.cn or chinanews.com or youth.cn or sina.com.cn or xinhuanet.com or cri.cn or 163.com or cankaoxiaoxi.com or cctv.com or ifeng.com or qq.com or takungpao.com or people.com.cn or southcn.com or southcn.com or cnr.cn or people.com.cn or cyol.com or bjnews.com.cn or gmw.cn or dahe.cn or xfrb.com.cn or cqnews.net or lifeweek.com.cn or cpd.com.cn or haiwainet.cn or yidianzixun.com or ftchinese.com or guancha.cn or zhcw.com or huanqiu.com or ihuawen.com or nytimes.com or flickr.com or quanjing.com or vcg.com or gettyimages.co.uk or paixin.com) 两年 任职", 
    "totalEstimatedMatches": 100
}