{
    "instrumentation": {
        "_type": "ResponseInstrumentation"
    }, 
    "_type": "Images", 
    "webSearchUrl": "https://www.bing.com/images/search?q=site:(thepaper.cn or chinadaily.com.cn or china.com.cn or chinanews.com or youth.cn or sina.com.cn or xinhuanet.com or cri.cn or 163.com or cankaoxiaoxi.com or cctv.com or ifeng.com or qq.com or takungpao.com or people.com.cn or southcn.com or southcn.com or cnr.cn or people.com.cn or cyol.com or bjnews.com.cn or gmw.cn or dahe.cn or xfrb.com.cn or cqnews.net or lifeweek.com.cn or cpd.com.cn or haiwainet.cn or yidianzixun.com or ftchinese.com or guancha.cn or zhcw.com or huanqiu.com or ihuawen.com or nytimes.com or flickr.com or quanjing.com or vcg.com or gettyimages.co.uk or paixin.com) 没有&FORM=OIIARP", 
    "value": [
        {
            "contentUrl": "http://n.sinaimg.cn/ent/transform/20170626/XhQF-fyhneam2865960.jpg", 
            "insightsMetadata": {
                "pagesIncludingCount": 6, 
                "availableSizesCount": 2
            }, 
            "height": 400, 
            "accentColor": "5F5358", 
            "hostPageDisplayUrl": "ent.sina.com.cn/y/ygangtai/2017-06-26/doc-ifyhmtcf2907909...", 
            "name": "草东没有派对金曲后首发文：得奖不存在输赢比较|草东没有派对 ...", 
            "width": 600, 
            "imageInsightsToken": "ccid_X3zG9dIi*mid_652948826A3B57868340D681FEA537CF68DA90C6*simid_608043049988851840*thid_OIP.X3zG9dIicxmrn-DdSF3GaQHaE8", 
            "imageId": "652948826A3B57868340D681FEA537CF68DA90C6", 
            "isFamilyFriendly": true, 
            "datePublished": "2017-06-26T08:25:00.0000000Z", 
            "encodingFormat": "jpeg", 
            "webSearchUrl": "https://www.bing.com/images/search?view=detailv2&FORM=OIIRPO&q=site%3a(thepaper.cn+or+chinadaily.com.cn+or+china.com.cn+or+chinanews.com+or+youth.cn+or+sina.com.cn+or+xinhuanet.com+or+cri.cn+or+163.com+or+cankaoxiaoxi.com+or+cctv.com+or+ifeng.com+or+qq.com+or+takungpao.com+or+people.com.cn+or+southcn.com+or+southcn.com+or+cnr.cn+or+people.com.cn+or+cyol.com+or+bjnews.com.cn+or+gmw.cn+or+dahe.cn+or+xfrb.com.cn+or+cqnews.net+or+lifeweek.com.cn+or+cpd.com.cn+or+haiwainet.cn+or+yidianzixun.com+or+ftchinese.com+or+guancha.cn+or+zhcw.com+or+huanqiu.com+or+ihuawen.com+or+nytimes.com+or+flickr.com+or+quanjing.com+or+vcg.com+or+gettyimages.co.uk+or+paixin.com)+%e6%b2%a1%e6%9c%89&id=652948826A3B57868340D681FEA537CF68DA90C6&simid=608043049988851840", 
            "hostPageUrl": "http://ent.sina.com.cn/y/ygangtai/2017-06-26/doc-ifyhmtcf2907909.shtml", 
            "thumbnailUrl": "https://tse2.mm.bing.net/th?id=OIP.X3zG9dIicxmrn-DdSF3GaQHaE8&pid=Api", 
            "thumbnail": {
                "width": 474, 
                "height": 316
            }, 
            "contentSize": "94415 B"
        }, 
        {
            "contentUrl": "http://i1.sinaimg.cn/ty/g/2015-05-29/U370P6T12D7622042F44DT20150529204241.jpg", 
            "insightsMetadata": {
                "pagesIncludingCount": 1, 
                "availableSizesCount": 1
            }, 
            "height": 407, 
            "accentColor": "978F34", 
            "hostPageDisplayUrl": "sports.sina.com.cn/g/2015-05-29/20397622042.shtml", 
            "name": "没有欧洲队的世界杯？ 梅西这下能称王了吧_国际足球-欧陆烽火 ...", 
            "width": 550, 
            "imageInsightsToken": "ccid_G7LyCCjd*mid_41AAC9E721EE97228D09D264D9BCC30CAC39CE87*simid_608002462534012497*thid_OIP.G7LyCCjddGRDSQd1bWLS0wHaFe", 
            "imageId": "41AAC9E721EE97228D09D264D9BCC30CAC39CE87", 
            "isFamilyFriendly": true, 
            "datePublished": "2015-05-29T12:00:00.0000000Z", 
            "encodingFormat": "jpeg", 
            "webSearchUrl": "https://www.bing.com/images/search?view=detailv2&FORM=OIIRPO&q=site%3a(thepaper.cn+or+chinadaily.com.cn+or+china.com.cn+or+chinanews.com+or+youth.cn+or+sina.com.cn+or+xinhuanet.com+or+cri.cn+or+163.com+or+cankaoxiaoxi.com+or+cctv.com+or+ifeng.com+or+qq.com+or+takungpao.com+or+people.com.cn+or+southcn.com+or+southcn.com+or+cnr.cn+or+people.com.cn+or+cyol.com+or+bjnews.com.cn+or+gmw.cn+or+dahe.cn+or+xfrb.com.cn+or+cqnews.net+or+lifeweek.com.cn+or+cpd.com.cn+or+haiwainet.cn+or+yidianzixun.com+or+ftchinese.com+or+guancha.cn+or+zhcw.com+or+huanqiu.com+or+ihuawen.com+or+nytimes.com+or+flickr.com+or+quanjing.com+or+vcg.com+or+gettyimages.co.uk+or+paixin.com)+%e6%b2%a1%e6%9c%89&id=41AAC9E721EE97228D09D264D9BCC30CAC39CE87&simid=608002462534012497", 
            "hostPageUrl": "http://sports.sina.com.cn/g/2015-05-29/20397622042.shtml", 
            "thumbnailUrl": "https://tse1.mm.bing.net/th?id=OIP.G7LyCCjddGRDSQd1bWLS0wHaFe&pid=Api", 
            "thumbnail": {
                "width": 474, 
                "height": 350
            }, 
            "contentSize": "34826 B"
        }, 
        {
            "contentUrl": "http://n.sinaimg.cn/ent/transform/20170213/aX4M-fyamkpy9164337.jpg", 
            "insightsMetadata": {
                "pagesIncludingCount": 3, 
                "availableSizesCount": 2
            }, 
            "height": 945, 
            "accentColor": "56555A", 
            "hostPageDisplayUrl": "ent.sina.com.cn/y/yneidi/2017-02-13/doc-ifyamkzq1281175...", 
            "name": "香香《就算没有如果》上线 演绎情感纠葛|香香|《就算没有如果 ...", 
            "width": 630, 
            "imageInsightsToken": "ccid_gCCc3XCh*mid_3FF8E32DE01AF8FAEB5A3A71F09036E6FD0EA081*simid_608048526075822337*thid_OIP.gCCc3XCh1PRqfE1EDjtFugHaLH", 
            "imageId": "3FF8E32DE01AF8FAEB5A3A71F09036E6FD0EA081", 
            "isFamilyFriendly": true, 
            "datePublished": "2017-02-13T09:59:00.0000000Z", 
            "encodingFormat": "jpeg", 
            "webSearchUrl": "https://www.bing.com/images/search?view=detailv2&FORM=OIIRPO&q=site%3a(thepaper.cn+or+chinadaily.com.cn+or+china.com.cn+or+chinanews.com+or+youth.cn+or+sina.com.cn+or+xinhuanet.com+or+cri.cn+or+163.com+or+cankaoxiaoxi.com+or+cctv.com+or+ifeng.com+or+qq.com+or+takungpao.com+or+people.com.cn+or+southcn.com+or+southcn.com+or+cnr.cn+or+people.com.cn+or+cyol.com+or+bjnews.com.cn+or+gmw.cn+or+dahe.cn+or+xfrb.com.cn+or+cqnews.net+or+lifeweek.com.cn+or+cpd.com.cn+or+haiwainet.cn+or+yidianzixun.com+or+ftchinese.com+or+guancha.cn+or+zhcw.com+or+huanqiu.com+or+ihuawen.com+or+nytimes.com+or+flickr.com+or+quanjing.com+or+vcg.com+or+gettyimages.co.uk+or+paixin.com)+%e6%b2%a1%e6%9c%89&id=3FF8E32DE01AF8FAEB5A3A71F09036E6FD0EA081&simid=608048526075822337", 
            "hostPageUrl": "http://ent.sina.com.cn/y/yneidi/2017-02-13/doc-ifyamkzq1281175.shtml", 
            "thumbnailUrl": "https://tse1.mm.bing.net/th?id=OIP.gCCc3XCh1PRqfE1EDjtFugHaLH&pid=Api", 
            "thumbnail": {
                "width": 474, 
                "height": 711
            }, 
            "contentSize": "54650 B"
        }, 
        {
            "contentUrl": "http://i3.sinaimg.cn/ent/y/2014-07-18/U11075P28T3D4177469F326DT20140718183241.jpg", 
            "insightsMetadata": {
                "pagesIncludingCount": 6, 
                "availableSizesCount": 4
            }, 
            "height": 599, 
            "accentColor": "14050C", 
            "hostPageDisplayUrl": "ent.sina.com.cn/y/2014-07-18/18324177469.shtml", 
            "name": "黄琦雯新作《没有人知道我》为小人物发声|黄琦雯|没有人知道我 ...", 
            "width": 400, 
            "imageInsightsToken": "ccid_kl6ZXWGG*mid_2C281005D5BD7C014FA119FDE2DA196EA89460D0*simid_608047508140854284*thid_OIP.kl6ZXWGGLRVHY9BQ181m!_gAAAA", 
            "imageId": "2C281005D5BD7C014FA119FDE2DA196EA89460D0", 
            "isFamilyFriendly": true, 
            "datePublished": "2014-07-18T10:35:00.0000000Z", 
            "encodingFormat": "jpeg", 
            "webSearchUrl": "https://www.bing.com/images/search?view=detailv2&FORM=OIIRPO&q=site%3a(thepaper.cn+or+chinadaily.com.cn+or+china.com.cn+or+chinanews.com+or+youth.cn+or+sina.com.cn+or+xinhuanet.com+or+cri.cn+or+163.com+or+cankaoxiaoxi.com+or+cctv.com+or+ifeng.com+or+qq.com+or+takungpao.com+or+people.com.cn+or+southcn.com+or+southcn.com+or+cnr.cn+or+people.com.cn+or+cyol.com+or+bjnews.com.cn+or+gmw.cn+or+dahe.cn+or+xfrb.com.cn+or+cqnews.net+or+lifeweek.com.cn+or+cpd.com.cn+or+haiwainet.cn+or+yidianzixun.com+or+ftchinese.com+or+guancha.cn+or+zhcw.com+or+huanqiu.com+or+ihuawen.com+or+nytimes.com+or+flickr.com+or+quanjing.com+or+vcg.com+or+gettyimages.co.uk+or+paixin.com)+%e6%b2%a1%e6%9c%89&id=2C281005D5BD7C014FA119FDE2DA196EA89460D0&simid=608047508140854284", 
            "hostPageUrl": "http://ent.sina.com.cn/y/2014-07-18/18324177469.shtml", 
            "thumbnailUrl": "https://tse3.mm.bing.net/th?id=OIP.kl6ZXWGGLRVHY9BQ181m_gAAAA&pid=Api", 
            "thumbnail": {
                "width": 400, 
                "height": 599
            }, 
            "contentSize": "29653 B"
        }, 
        {
            "contentUrl": "http://mat1.gtimg.com/fashion/ruliu/553/11.png", 
            "insightsMetadata": {
                "pagesIncludingCount": 2, 
                "availableSizesCount": 1
            }, 
            "height": 431, 
            "accentColor": "654524", 
            "hostPageDisplayUrl": "fashion.qq.com/original/ruliu/r553.html", 
            "name": "没有对胡歌路转粉的人，是因为他还没有对你微笑过_腾讯时尚", 
            "width": 545, 
            "imageInsightsToken": "ccid_ugRJwOL/*mid_1D3B6203E30EB6F53BEF0DBE175BD72A16A63FCB*simid_608041095771324925*thid_OIP.ugRJwOL!_!_Pai1w5XmRmDPQHaF2", 
            "imageId": "1D3B6203E30EB6F53BEF0DBE175BD72A16A63FCB", 
            "isFamilyFriendly": true, 
            "datePublished": "2018-05-24T00:13:00.0000000Z", 
            "encodingFormat": "png", 
            "webSearchUrl": "https://www.bing.com/images/search?view=detailv2&FORM=OIIRPO&q=site%3a(thepaper.cn+or+chinadaily.com.cn+or+china.com.cn+or+chinanews.com+or+youth.cn+or+sina.com.cn+or+xinhuanet.com+or+cri.cn+or+163.com+or+cankaoxiaoxi.com+or+cctv.com+or+ifeng.com+or+qq.com+or+takungpao.com+or+people.com.cn+or+southcn.com+or+southcn.com+or+cnr.cn+or+people.com.cn+or+cyol.com+or+bjnews.com.cn+or+gmw.cn+or+dahe.cn+or+xfrb.com.cn+or+cqnews.net+or+lifeweek.com.cn+or+cpd.com.cn+or+haiwainet.cn+or+yidianzixun.com+or+ftchinese.com+or+guancha.cn+or+zhcw.com+or+huanqiu.com+or+ihuawen.com+or+nytimes.com+or+flickr.com+or+quanjing.com+or+vcg.com+or+gettyimages.co.uk+or+paixin.com)+%e6%b2%a1%e6%9c%89&id=1D3B6203E30EB6F53BEF0DBE175BD72A16A63FCB&simid=608041095771324925", 
            "hostPageUrl": "http://fashion.qq.com/original/ruliu/r553.html", 
            "thumbnailUrl": "https://tse4.mm.bing.net/th?id=OIP.ugRJwOL__Pai1w5XmRmDPQHaF2&pid=Api", 
            "thumbnail": {
                "width": 474, 
                "height": 374
            }, 
            "contentSize": "275874 B"
        }, 
        {
            "contentUrl": "http://n.sinaimg.cn/ent/w627h584/20180309/EWfH-fxpwyhw4147448.jpg", 
            "insightsMetadata": {
                "pagesIncludingCount": 13, 
                "availableSizesCount": 5
            }, 
            "height": 584, 
            "accentColor": "64606B", 
            "hostPageDisplayUrl": "eladies.sina.com.cn/news/star/2018-03-12/0803/doc...", 
            "name": "戏精！林更新COS经典表情包“没有感情的杀手”|林更新|表情包 ...", 
            "width": 627, 
            "imageInsightsToken": "ccid_Q0YaO7Zb*mid_708187BF1B9BA6B1A7438FA5DE59F78F1E839535*simid_607990123095788908*thid_OIP.Q0YaO7ZbuE6HN0zNWITeJwHaG5", 
            "imageId": "708187BF1B9BA6B1A7438FA5DE59F78F1E839535", 
            "isFamilyFriendly": true, 
            "datePublished": "2018-03-12T00:55:00.0000000Z", 
            "encodingFormat": "jpeg", 
            "webSearchUrl": "https://www.bing.com/images/search?view=detailv2&FORM=OIIRPO&q=site%3a(thepaper.cn+or+chinadaily.com.cn+or+china.com.cn+or+chinanews.com+or+youth.cn+or+sina.com.cn+or+xinhuanet.com+or+cri.cn+or+163.com+or+cankaoxiaoxi.com+or+cctv.com+or+ifeng.com+or+qq.com+or+takungpao.com+or+people.com.cn+or+southcn.com+or+southcn.com+or+cnr.cn+or+people.com.cn+or+cyol.com+or+bjnews.com.cn+or+gmw.cn+or+dahe.cn+or+xfrb.com.cn+or+cqnews.net+or+lifeweek.com.cn+or+cpd.com.cn+or+haiwainet.cn+or+yidianzixun.com+or+ftchinese.com+or+guancha.cn+or+zhcw.com+or+huanqiu.com+or+ihuawen.com+or+nytimes.com+or+flickr.com+or+quanjing.com+or+vcg.com+or+gettyimages.co.uk+or+paixin.com)+%e6%b2%a1%e6%9c%89&id=708187BF1B9BA6B1A7438FA5DE59F78F1E839535&simid=607990123095788908", 
            "hostPageUrl": "http://eladies.sina.com.cn/news/star/2018-03-12/0803/doc-ifxpwyhw4422283.shtml", 
            "thumbnailUrl": "https://tse1.mm.bing.net/th?id=OIP.Q0YaO7ZbuE6HN0zNWITeJwHaG5&pid=Api", 
            "thumbnail": {
                "width": 474, 
                "height": 441
            }, 
            "contentSize": "61326 B"
        }, 
        {
            "contentUrl": "http://n.sinaimg.cn/fo/transform/w300h400/20180122/OrMo-fyqwiqi4685283.jpg", 
            "insightsMetadata": {
                "pagesIncludingCount": 1, 
                "availableSizesCount": 1
            }, 
            "height": 400, 
            "accentColor": "B19E1A", 
            "hostPageDisplayUrl": "fo.sina.com.cn/ffksj/2018-01-23/doc-ifyqwiqi4695562.shtml", 
            "name": "真正的佛法没有末法时代_新浪佛学_新浪网", 
            "width": 300, 
            "imageInsightsToken": "ccid_BtyDJq4k*mid_7614CFEB0F37109D439273C1DE9DBCF0FD43C1A2*simid_608020935163906742*thid_OIP.BtyDJq4koo3mwvDx7RyFhQAAAA", 
            "imageId": "7614CFEB0F37109D439273C1DE9DBCF0FD43C1A2", 
            "isFamilyFriendly": true, 
            "datePublished": "2018-01-23T02:25:00.0000000Z", 
            "encodingFormat": "jpeg", 
            "webSearchUrl": "https://www.bing.com/images/search?view=detailv2&FORM=OIIRPO&q=site%3a(thepaper.cn+or+chinadaily.com.cn+or+china.com.cn+or+chinanews.com+or+youth.cn+or+sina.com.cn+or+xinhuanet.com+or+cri.cn+or+163.com+or+cankaoxiaoxi.com+or+cctv.com+or+ifeng.com+or+qq.com+or+takungpao.com+or+people.com.cn+or+southcn.com+or+southcn.com+or+cnr.cn+or+people.com.cn+or+cyol.com+or+bjnews.com.cn+or+gmw.cn+or+dahe.cn+or+xfrb.com.cn+or+cqnews.net+or+lifeweek.com.cn+or+cpd.com.cn+or+haiwainet.cn+or+yidianzixun.com+or+ftchinese.com+or+guancha.cn+or+zhcw.com+or+huanqiu.com+or+ihuawen.com+or+nytimes.com+or+flickr.com+or+quanjing.com+or+vcg.com+or+gettyimages.co.uk+or+paixin.com)+%e6%b2%a1%e6%9c%89&id=7614CFEB0F37109D439273C1DE9DBCF0FD43C1A2&simid=608020935163906742", 
            "hostPageUrl": "http://fo.sina.com.cn/ffksj/2018-01-23/doc-ifyqwiqi4695562.shtml", 
            "thumbnailUrl": "https://tse2.mm.bing.net/th?id=OIP.BtyDJq4koo3mwvDx7RyFhQAAAA&pid=Api", 
            "thumbnail": {
                "width": 300, 
                "height": 400
            }, 
            "contentSize": "16218 B"
        }, 
        {
            "contentUrl": "http://i2.sinaimg.cn/edu/2014/0812/U7638P42DT20140812100127.jpeg", 
            "insightsMetadata": {
                "pagesIncludingCount": 1, 
                "availableSizesCount": 2
            }, 
            "height": 367, 
            "accentColor": "B57316", 
            "hostPageDisplayUrl": "edu.sina.com.cn/zl/traveler/blog/2014-08-12/10071458...", 
            "name": "梵蒂冈：还没有机场大的国家_新浪教育_新浪网", 
            "width": 550, 
            "imageInsightsToken": "ccid_z7b8zNWK*mid_4B4791FCDE9F601E1D5580E6D4F7383755D7FA79*simid_608011185633624442*thid_OIP.z7b8zNWKceC3Khd9rreuGQHaE8", 
            "imageId": "4B4791FCDE9F601E1D5580E6D4F7383755D7FA79", 
            "isFamilyFriendly": true, 
            "datePublished": "2014-08-18T03:54:00.0000000Z", 
            "encodingFormat": "jpeg", 
            "webSearchUrl": "https://www.bing.com/images/search?view=detailv2&FORM=OIIRPO&q=site%3a(thepaper.cn+or+chinadaily.com.cn+or+china.com.cn+or+chinanews.com+or+youth.cn+or+sina.com.cn+or+xinhuanet.com+or+cri.cn+or+163.com+or+cankaoxiaoxi.com+or+cctv.com+or+ifeng.com+or+qq.com+or+takungpao.com+or+people.com.cn+or+southcn.com+or+southcn.com+or+cnr.cn+or+people.com.cn+or+cyol.com+or+bjnews.com.cn+or+gmw.cn+or+dahe.cn+or+xfrb.com.cn+or+cqnews.net+or+lifeweek.com.cn+or+cpd.com.cn+or+haiwainet.cn+or+yidianzixun.com+or+ftchinese.com+or+guancha.cn+or+zhcw.com+or+huanqiu.com+or+ihuawen.com+or+nytimes.com+or+flickr.com+or+quanjing.com+or+vcg.com+or+gettyimages.co.uk+or+paixin.com)+%e6%b2%a1%e6%9c%89&id=4B4791FCDE9F601E1D5580E6D4F7383755D7FA79&simid=608011185633624442", 
            "hostPageUrl": "http://edu.sina.com.cn/zl/traveler/blog/2014-08-12/10071458/1058820324/3f1c50e40102e36t.shtml", 
            "thumbnailUrl": "https://tse4.mm.bing.net/th?id=OIP.z7b8zNWKceC3Khd9rreuGQHaE8&pid=Api", 
            "thumbnail": {
                "width": 474, 
                "height": 316
            }, 
            "contentSize": "65743 B"
        }, 
        {
            "contentUrl": "http://n.sinaimg.cn/fashion/transform/20160321/aX89-fxqnski7806020.jpg", 
            "insightsMetadata": {
                "pagesIncludingCount": 3, 
                "availableSizesCount": 1
            }, 
            "height": 442, 
            "accentColor": "8C5D3F", 
            "hostPageDisplayUrl": "fashion.sina.com.cn/b/sk/2016-03-22/0708/doc...", 
            "name": "没有A4腰别哭 A4脸才是真正的悲哀|A4腰_新浪时尚_新浪网", 
            "width": 500, 
            "imageInsightsToken": "ccid_KnuuCSnX*mid_18E9970C77000A633BBFB0936D1CC5D75E1939F4*simid_607991033628856103*thid_OIP.KnuuCSnX67RSZCSzDLGuoQHaGj", 
            "imageId": "18E9970C77000A633BBFB0936D1CC5D75E1939F4", 
            "isFamilyFriendly": true, 
            "datePublished": "2018-06-12T10:34:00.0000000Z", 
            "encodingFormat": "jpeg", 
            "webSearchUrl": "https://www.bing.com/images/search?view=detailv2&FORM=OIIRPO&q=site%3a(thepaper.cn+or+chinadaily.com.cn+or+china.com.cn+or+chinanews.com+or+youth.cn+or+sina.com.cn+or+xinhuanet.com+or+cri.cn+or+163.com+or+cankaoxiaoxi.com+or+cctv.com+or+ifeng.com+or+qq.com+or+takungpao.com+or+people.com.cn+or+southcn.com+or+southcn.com+or+cnr.cn+or+people.com.cn+or+cyol.com+or+bjnews.com.cn+or+gmw.cn+or+dahe.cn+or+xfrb.com.cn+or+cqnews.net+or+lifeweek.com.cn+or+cpd.com.cn+or+haiwainet.cn+or+yidianzixun.com+or+ftchinese.com+or+guancha.cn+or+zhcw.com+or+huanqiu.com+or+ihuawen.com+or+nytimes.com+or+flickr.com+or+quanjing.com+or+vcg.com+or+gettyimages.co.uk+or+paixin.com)+%e6%b2%a1%e6%9c%89&id=18E9970C77000A633BBFB0936D1CC5D75E1939F4&simid=607991033628856103", 
            "hostPageUrl": "http://fashion.sina.com.cn/b/sk/2016-03-22/0708/doc-ifxqnskh1061164.shtml", 
            "thumbnailUrl": "https://tse2.mm.bing.net/th?id=OIP.KnuuCSnX67RSZCSzDLGuoQHaGj&pid=Api", 
            "thumbnail": {
                "width": 474, 
                "height": 419
            }, 
            "contentSize": "64884 B"
        }, 
        {
            "contentUrl": "http://i0.sinaimg.cn/ent/y/2013-07-30/U9990P28T3D3975604F326DT20130730113039.jpg", 
            "insightsMetadata": {
                "pagesIncludingCount": 7, 
                "availableSizesCount": 4
            }, 
            "height": 550, 
            "accentColor": "A7242F", 
            "hostPageDisplayUrl": "ent.sina.com.cn/y/2013-07-30/11303975604.shtml", 
            "name": "阿悄《没有人》首发 展现真实生活状态|生活|阿悄|单曲_新浪娱乐 ...", 
            "width": 550, 
            "imageInsightsToken": "ccid_0yR44AR0*mid_84464F0FD68CBD59B99D48DE155BF1BD5EEC4454*simid_607999773882582601*thid_OIP.0yR44AR0KSkcFjv2xxH1pQHaHa", 
            "imageId": "84464F0FD68CBD59B99D48DE155BF1BD5EEC4454", 
            "isFamilyFriendly": true, 
            "datePublished": "2013-07-30T03:35:00.0000000Z", 
            "encodingFormat": "jpeg", 
            "webSearchUrl": "https://www.bing.com/images/search?view=detailv2&FORM=OIIRPO&q=site%3a(thepaper.cn+or+chinadaily.com.cn+or+china.com.cn+or+chinanews.com+or+youth.cn+or+sina.com.cn+or+xinhuanet.com+or+cri.cn+or+163.com+or+cankaoxiaoxi.com+or+cctv.com+or+ifeng.com+or+qq.com+or+takungpao.com+or+people.com.cn+or+southcn.com+or+southcn.com+or+cnr.cn+or+people.com.cn+or+cyol.com+or+bjnews.com.cn+or+gmw.cn+or+dahe.cn+or+xfrb.com.cn+or+cqnews.net+or+lifeweek.com.cn+or+cpd.com.cn+or+haiwainet.cn+or+yidianzixun.com+or+ftchinese.com+or+guancha.cn+or+zhcw.com+or+huanqiu.com+or+ihuawen.com+or+nytimes.com+or+flickr.com+or+quanjing.com+or+vcg.com+or+gettyimages.co.uk+or+paixin.com)+%e6%b2%a1%e6%9c%89&id=84464F0FD68CBD59B99D48DE155BF1BD5EEC4454&simid=607999773882582601", 
            "hostPageUrl": "http://ent.sina.com.cn/y/2013-07-30/11303975604.shtml", 
            "thumbnailUrl": "https://tse1.mm.bing.net/th?id=OIP.0yR44AR0KSkcFjv2xxH1pQHaHa&pid=Api", 
            "thumbnail": {
                "width": 474, 
                "height": 474
            }, 
            "contentSize": "71156 B"
        }
    ], 
    "nextOffset": 10, 
    "queryContext": {
        "alterationMethod": "AM_JustChangeIt", 
        "alterationType": "CombinedAlterationsChained", 
        "originalQuery": "site:(thepaper.cn or chinadaily.com.cn or china.com.cn or chinanews.com or youth.cn or sina.com.cn or xinhuanet.com or cri.cn or 163.com or cankaoxiaoxi.com or cctv.com or ifeng.com or qq.com or takungpao.com or people.com.cn or southcn.com or southcn.com or cnr.cn or people.com.cn or cyol.com or bjnews.com.cn or gmw.cn or dahe.cn or xfrb.com.cn or cqnews.net or lifeweek.com.cn or cpd.com.cn or haiwainet.cn or yidianzixun.com or ftchinese.com or guancha.cn or zhcw.com or huanqiu.com or ihuawen.com or nytimes.com or flickr.com or quanjing.com or vcg.com or gettyimages.co.uk or paixin.com) 没有", 
        "alterationOverrideQuery": "+site:(thepaper.cn or chinadaily.com.cn or china.com.cn or chinanews.com or youth.cn or sina.com.cn or xinhuanet.com or cri.cn or 163.com or cankaoxiaoxi.com or cctv.com or ifeng.com or qq.com or takungpao.com or people.com.cn or southcn.com or southcn.com or cnr.cn or people.com.cn or cyol.com or bjnews.com.cn or gmw.cn or dahe.cn or xfrb.com.cn or cqnews.net or lifeweek.com.cn or cpd.com.cn or haiwainet.cn or yidianzixun.com or ftchinese.com or guancha.cn or zhcw.com or huanqiu.com or ihuawen.com or nytimes.com or flickr.com or quanjing.com or vcg.com or gettyimages.co.uk or paixin.com) 没有", 
        "alterationDisplayQuery": "没 有"
    }, 
    "currentOffset": 0, 
    "readLink": "images/search?q=site:(thepaper.cn or chinadaily.com.cn or china.com.cn or chinanews.com or youth.cn or sina.com.cn or xinhuanet.com or cri.cn or 163.com or cankaoxiaoxi.com or cctv.com or ifeng.com or qq.com or takungpao.com or people.com.cn or southcn.com or southcn.com or cnr.cn or people.com.cn or cyol.com or bjnews.com.cn or gmw.cn or dahe.cn or xfrb.com.cn or cqnews.net or lifeweek.com.cn or cpd.com.cn or haiwainet.cn or yidianzixun.com or ftchinese.com or guancha.cn or zhcw.com or huanqiu.com or ihuawen.com or nytimes.com or flickr.com or quanjing.com or vcg.com or gettyimages.co.uk or paixin.com) 没有", 
    "totalEstimatedMatches": 100, 
    "relatedSearches": [
        {
            "text": "没有穿任何衣服的美女", 
            "displayText": "没有穿任何衣服的美女", 
            "thumbnail": {
                "thumbnailUrl": "https://tse1.mm.bing.net/th?q=%e6%b2%a1%e6%9c%89%e7%a9%bf%e4%bb%bb%e4%bd%95%e8%a1%a3%e6%9c%8d%e7%9a%84%e7%be%8e%e5%a5%b3&pid=Api&mkt=zh-CN&adlt=strict&t=1"
            }, 
            "searchLink": "https://api.cognitive.microsoft.com/api/v7/images/search?q=%e6%b2%a1%e6%9c%89%e7%a9%bf%e4%bb%bb%e4%bd%95%e8%a1%a3%e6%9c%8d%e7%9a%84%e7%be%8e%e5%a5%b3", 
            "webSearchUrl": "https://www.bing.com/images/search?q=%e6%b2%a1%e6%9c%89%e7%a9%bf%e4%bb%bb%e4%bd%95%e8%a1%a3%e6%9c%8d%e7%9a%84%e7%be%8e%e5%a5%b3&FORM=IRPATC"
        }, 
        {
            "text": "没有穿内衣", 
            "displayText": "没有穿内衣", 
            "thumbnail": {
                "thumbnailUrl": "https://tse2.mm.bing.net/th?q=%e6%b2%a1%e6%9c%89%e7%a9%bf%e5%86%85%e8%a1%a3&pid=Api&mkt=zh-CN&adlt=strict&t=1"
            }, 
            "searchLink": "https://api.cognitive.microsoft.com/api/v7/images/search?q=%e6%b2%a1%e6%9c%89%e7%a9%bf%e5%86%85%e8%a1%a3", 
            "webSearchUrl": "https://www.bing.com/images/search?q=%e6%b2%a1%e6%9c%89%e7%a9%bf%e5%86%85%e8%a1%a3&FORM=IRPATC"
        }, 
        {
            "text": "美女没有穿衣服", 
            "displayText": "美女没有穿衣服", 
            "thumbnail": {
                "thumbnailUrl": "https://tse1.mm.bing.net/th?q=%e7%be%8e%e5%a5%b3%e6%b2%a1%e6%9c%89%e7%a9%bf%e8%a1%a3%e6%9c%8d&pid=Api&mkt=zh-CN&adlt=strict&t=1"
            }, 
            "searchLink": "https://api.cognitive.microsoft.com/api/v7/images/search?q=%e7%be%8e%e5%a5%b3%e6%b2%a1%e6%9c%89%e7%a9%bf%e8%a1%a3%e6%9c%8d", 
            "webSearchUrl": "https://www.bing.com/images/search?q=%e7%be%8e%e5%a5%b3%e6%b2%a1%e6%9c%89%e7%a9%bf%e8%a1%a3%e6%9c%8d&FORM=IRPATC"
        }, 
        {
            "text": "美女照片没有衣服的", 
            "displayText": "美女照片没有衣服的", 
            "thumbnail": {
                "thumbnailUrl": "https://tse4.mm.bing.net/th?q=%e7%be%8e%e5%a5%b3%e7%85%a7%e7%89%87%e6%b2%a1%e6%9c%89%e8%a1%a3%e6%9c%8d%e7%9a%84&pid=Api&mkt=zh-CN&adlt=strict&t=1"
            }, 
            "searchLink": "https://api.cognitive.microsoft.com/api/v7/images/search?q=%e7%be%8e%e5%a5%b3%e7%85%a7%e7%89%87%e6%b2%a1%e6%9c%89%e8%a1%a3%e6%9c%8d%e7%9a%84", 
            "webSearchUrl": "https://www.bing.com/images/search?q=%e7%be%8e%e5%a5%b3%e7%85%a7%e7%89%87%e6%b2%a1%e6%9c%89%e8%a1%a3%e6%9c%8d%e7%9a%84&FORM=IRPATC"
        }, 
        {
            "text": "美女图片库没有穿衣服", 
            "displayText": "美女图片库没有穿衣服", 
            "thumbnail": {
                "thumbnailUrl": "https://tse3.mm.bing.net/th?q=%e7%be%8e%e5%a5%b3%e5%9b%be%e7%89%87%e5%ba%93%e6%b2%a1%e6%9c%89%e7%a9%bf%e8%a1%a3%e6%9c%8d&pid=Api&mkt=zh-CN&adlt=strict&t=1"
            }, 
            "searchLink": "https://api.cognitive.microsoft.com/api/v7/images/search?q=%e7%be%8e%e5%a5%b3%e5%9b%be%e7%89%87%e5%ba%93%e6%b2%a1%e6%9c%89%e7%a9%bf%e8%a1%a3%e6%9c%8d", 
            "webSearchUrl": "https://www.bing.com/images/search?q=%e7%be%8e%e5%a5%b3%e5%9b%be%e7%89%87%e5%ba%93%e6%b2%a1%e6%9c%89%e7%a9%bf%e8%a1%a3%e6%9c%8d&FORM=IRPATC"
        }, 
        {
            "text": "没有毛的女人光屁屁", 
            "displayText": "没有毛的女人光屁屁", 
            "thumbnail": {
                "thumbnailUrl": "https://tse4.mm.bing.net/th?q=%e6%b2%a1%e6%9c%89%e6%af%9b%e7%9a%84%e5%a5%b3%e4%ba%ba%e5%85%89%e5%b1%81%e5%b1%81&pid=Api&mkt=zh-CN&adlt=strict&t=1"
            }, 
            "searchLink": "https://api.cognitive.microsoft.com/api/v7/images/search?q=%e6%b2%a1%e6%9c%89%e6%af%9b%e7%9a%84%e5%a5%b3%e4%ba%ba%e5%85%89%e5%b1%81%e5%b1%81", 
            "webSearchUrl": "https://www.bing.com/images/search?q=%e6%b2%a1%e6%9c%89%e6%af%9b%e7%9a%84%e5%a5%b3%e4%ba%ba%e5%85%89%e5%b1%81%e5%b1%81&FORM=IRPATC"
        }, 
        {
            "text": "美女图片没有穿衣服裤子", 
            "displayText": "美女图片没有穿衣服裤子", 
            "thumbnail": {
                "thumbnailUrl": "https://tse2.mm.bing.net/th?q=%e7%be%8e%e5%a5%b3%e5%9b%be%e7%89%87%e6%b2%a1%e6%9c%89%e7%a9%bf%e8%a1%a3%e6%9c%8d%e8%a3%a4%e5%ad%90&pid=Api&mkt=zh-CN&adlt=strict&t=1"
            }, 
            "searchLink": "https://api.cognitive.microsoft.com/api/v7/images/search?q=%e7%be%8e%e5%a5%b3%e5%9b%be%e7%89%87%e6%b2%a1%e6%9c%89%e7%a9%bf%e8%a1%a3%e6%9c%8d%e8%a3%a4%e5%ad%90", 
            "webSearchUrl": "https://www.bing.com/images/search?q=%e7%be%8e%e5%a5%b3%e5%9b%be%e7%89%87%e6%b2%a1%e6%9c%89%e7%a9%bf%e8%a1%a3%e6%9c%8d%e8%a3%a4%e5%ad%90&FORM=IRPATC"
        }, 
        {
            "text": "没有鋽妣毛的女人图", 
            "displayText": "没有鋽妣毛的女人图", 
            "thumbnail": {
                "thumbnailUrl": "https://tse1.mm.bing.net/th?q=%e6%b2%a1%e6%9c%89%e9%8b%bd%e5%a6%a3%e6%af%9b%e7%9a%84%e5%a5%b3%e4%ba%ba%e5%9b%be&pid=Api&mkt=zh-CN&adlt=strict&t=1"
            }, 
            "searchLink": "https://api.cognitive.microsoft.com/api/v7/images/search?q=%e6%b2%a1%e6%9c%89%e9%8b%bd%e5%a6%a3%e6%af%9b%e7%9a%84%e5%a5%b3%e4%ba%ba%e5%9b%be", 
            "webSearchUrl": "https://www.bing.com/images/search?q=%e6%b2%a1%e6%9c%89%e9%8b%bd%e5%a6%a3%e6%af%9b%e7%9a%84%e5%a5%b3%e4%ba%ba%e5%9b%be&FORM=IRPATC"
        }, 
        {
            "text": "没有穿胸罩和衣服的美女", 
            "displayText": "没有穿胸罩和衣服的美女", 
            "thumbnail": {
                "thumbnailUrl": "https://tse2.mm.bing.net/th?q=%e6%b2%a1%e6%9c%89%e7%a9%bf%e8%83%b8%e7%bd%a9%e5%92%8c%e8%a1%a3%e6%9c%8d%e7%9a%84%e7%be%8e%e5%a5%b3&pid=Api&mkt=zh-CN&adlt=strict&t=1"
            }, 
            "searchLink": "https://api.cognitive.microsoft.com/api/v7/images/search?q=%e6%b2%a1%e6%9c%89%e7%a9%bf%e8%83%b8%e7%bd%a9%e5%92%8c%e8%a1%a3%e6%9c%8d%e7%9a%84%e7%be%8e%e5%a5%b3", 
            "webSearchUrl": "https://www.bing.com/images/search?q=%e6%b2%a1%e6%9c%89%e7%a9%bf%e8%83%b8%e7%bd%a9%e5%92%8c%e8%a1%a3%e6%9c%8d%e7%9a%84%e7%be%8e%e5%a5%b3&FORM=IRPATC"
        }, 
        {
            "text": "如果没有你 莫文蔚", 
            "displayText": "如果没有你 莫文蔚", 
            "thumbnail": {
                "thumbnailUrl": "https://tse3.mm.bing.net/th?q=%e5%a6%82%e6%9e%9c%e6%b2%a1%e6%9c%89%e4%bd%a0+%e8%8e%ab%e6%96%87%e8%94%9a&pid=Api&mkt=zh-CN&adlt=strict&t=1"
            }, 
            "searchLink": "https://api.cognitive.microsoft.com/api/v7/images/search?q=%e5%a6%82%e6%9e%9c%e6%b2%a1%e6%9c%89%e4%bd%a0+%e8%8e%ab%e6%96%87%e8%94%9a", 
            "webSearchUrl": "https://www.bing.com/images/search?q=%e5%a6%82%e6%9e%9c%e6%b2%a1%e6%9c%89%e4%bd%a0+%e8%8e%ab%e6%96%87%e8%94%9a&FORM=IRPATC"
        }, 
        {
            "text": "美女睡觉没有穿衣服", 
            "displayText": "美女睡觉没有穿衣服", 
            "thumbnail": {
                "thumbnailUrl": "https://tse3.mm.bing.net/th?q=%e7%be%8e%e5%a5%b3%e7%9d%a1%e8%a7%89%e6%b2%a1%e6%9c%89%e7%a9%bf%e8%a1%a3%e6%9c%8d&pid=Api&mkt=zh-CN&adlt=strict&t=1"
            }, 
            "searchLink": "https://api.cognitive.microsoft.com/api/v7/images/search?q=%e7%be%8e%e5%a5%b3%e7%9d%a1%e8%a7%89%e6%b2%a1%e6%9c%89%e7%a9%bf%e8%a1%a3%e6%9c%8d", 
            "webSearchUrl": "https://www.bing.com/images/search?q=%e7%be%8e%e5%a5%b3%e7%9d%a1%e8%a7%89%e6%b2%a1%e6%9c%89%e7%a9%bf%e8%a1%a3%e6%9c%8d&FORM=IRPATC"
        }, 
        {
            "text": "B没有毛的女人图片", 
            "displayText": "B没有毛的女人图片", 
            "thumbnail": {
                "thumbnailUrl": "https://tse2.mm.bing.net/th?q=B%e6%b2%a1%e6%9c%89%e6%af%9b%e7%9a%84%e5%a5%b3%e4%ba%ba%e5%9b%be%e7%89%87&pid=Api&mkt=zh-CN&adlt=strict&t=1"
            }, 
            "searchLink": "https://api.cognitive.microsoft.com/api/v7/images/search?q=B%e6%b2%a1%e6%9c%89%e6%af%9b%e7%9a%84%e5%a5%b3%e4%ba%ba%e5%9b%be%e7%89%87", 
            "webSearchUrl": "https://www.bing.com/images/search?q=B%e6%b2%a1%e6%9c%89%e6%af%9b%e7%9a%84%e5%a5%b3%e4%ba%ba%e5%9b%be%e7%89%87&FORM=IRPATC"
        }, 
        {
            "text": "家有儿女杨紫没内衣", 
            "displayText": "家有儿女杨紫没内衣", 
            "thumbnail": {
                "thumbnailUrl": "https://tse4.mm.bing.net/th?q=%e5%ae%b6%e6%9c%89%e5%84%bf%e5%a5%b3%e6%9d%a8%e7%b4%ab%e6%b2%a1%e5%86%85%e8%a1%a3&pid=Api&mkt=zh-CN&adlt=strict&t=1"
            }, 
            "searchLink": "https://api.cognitive.microsoft.com/api/v7/images/search?q=%e5%ae%b6%e6%9c%89%e5%84%bf%e5%a5%b3%e6%9d%a8%e7%b4%ab%e6%b2%a1%e5%86%85%e8%a1%a3", 
            "webSearchUrl": "https://www.bing.com/images/search?q=%e5%ae%b6%e6%9c%89%e5%84%bf%e5%a5%b3%e6%9d%a8%e7%b4%ab%e6%b2%a1%e5%86%85%e8%a1%a3&FORM=IRPATC"
        }, 
        {
            "text": "没有穿衣服和内衣的美女", 
            "displayText": "没有穿衣服和内衣的美女", 
            "thumbnail": {
                "thumbnailUrl": "https://tse3.mm.bing.net/th?q=%e6%b2%a1%e6%9c%89%e7%a9%bf%e8%a1%a3%e6%9c%8d%e5%92%8c%e5%86%85%e8%a1%a3%e7%9a%84%e7%be%8e%e5%a5%b3&pid=Api&mkt=zh-CN&adlt=strict&t=1"
            }, 
            "searchLink": "https://api.cognitive.microsoft.com/api/v7/images/search?q=%e6%b2%a1%e6%9c%89%e7%a9%bf%e8%a1%a3%e6%9c%8d%e5%92%8c%e5%86%85%e8%a1%a3%e7%9a%84%e7%be%8e%e5%a5%b3", 
            "webSearchUrl": "https://www.bing.com/images/search?q=%e6%b2%a1%e6%9c%89%e7%a9%bf%e8%a1%a3%e6%9c%8d%e5%92%8c%e5%86%85%e8%a1%a3%e7%9a%84%e7%be%8e%e5%a5%b3&FORM=IRPATC"
        }
    ]
}