{
    "instrumentation": {
        "_type": "ResponseInstrumentation"
    }, 
    "_type": "Images", 
    "webSearchUrl": "https://www.bing.com/images/search?q=site:(thepaper.cn or chinadaily.com.cn or china.com.cn or chinanews.com or youth.cn or sina.com.cn or xinhuanet.com or cri.cn or 163.com or cankaoxiaoxi.com or cctv.com or ifeng.com or qq.com or takungpao.com or people.com.cn or southcn.com or southcn.com or cnr.cn or people.com.cn or cyol.com or bjnews.com.cn or gmw.cn or dahe.cn or xfrb.com.cn or cqnews.net or lifeweek.com.cn or cpd.com.cn or haiwainet.cn or yidianzixun.com or ftchinese.com or guancha.cn or zhcw.com or huanqiu.com or ihuawen.com or nytimes.com or flickr.com or quanjing.com or vcg.com or gettyimages.co.uk or paixin.com) 罗斯 说 不能 用枪&FORM=OIIARP", 
    "value": [
        {
            "contentUrl": "https://itea-cdn.qq.com/file/editor/20170620/1.1497973930.5c6bb058a69b1fe2b9554a90a76f811a.jpg", 
            "insightsMetadata": {
                "pagesIncludingCount": 2, 
                "availableSizesCount": 1
            }, 
            "height": 367, 
            "accentColor": "9E652D", 
            "hostPageDisplayUrl": "https://hdl.qq.com/webplat/info/news_version3/21518/29096...", 
            "name": "并肩打通关-《魂斗罗：归来》-腾讯游戏-官方正版手游", 
            "width": 720, 
            "imageInsightsToken": "ccid_PK30lkuu*mid_7B10F1E98039A1854F4D812AFE93DF77935AC32C*simid_608012654546059602*thid_OIP.PK30lkuuSDA4UwHaAXuL2AHaDx", 
            "imageId": "7B10F1E98039A1854F4D812AFE93DF77935AC32C", 
            "isFamilyFriendly": true, 
            "datePublished": "2019-02-11T04:55:00.0000000Z", 
            "encodingFormat": "jpeg", 
            "webSearchUrl": "https://www.bing.com/images/search?view=detailv2&FORM=OIIRPO&q=site%3a(thepaper.cn+or+chinadaily.com.cn+or+china.com.cn+or+chinanews.com+or+youth.cn+or+sina.com.cn+or+xinhuanet.com+or+cri.cn+or+163.com+or+cankaoxiaoxi.com+or+cctv.com+or+ifeng.com+or+qq.com+or+takungpao.com+or+people.com.cn+or+southcn.com+or+southcn.com+or+cnr.cn+or+people.com.cn+or+cyol.com+or+bjnews.com.cn+or+gmw.cn+or+dahe.cn+or+xfrb.com.cn+or+cqnews.net+or+lifeweek.com.cn+or+cpd.com.cn+or+haiwainet.cn+or+yidianzixun.com+or+ftchinese.com+or+guancha.cn+or+zhcw.com+or+huanqiu.com+or+ihuawen.com+or+nytimes.com+or+flickr.com+or+quanjing.com+or+vcg.com+or+gettyimages.co.uk+or+paixin.com)+%e7%bd%97%e6%96%af+%e8%af%b4+%e4%b8%8d%e8%83%bd+%e7%94%a8%e6%9e%aa&id=7B10F1E98039A1854F4D812AFE93DF77935AC32C&simid=608012654546059602", 
            "hostPageUrl": "https://hdl.qq.com/webplat/info/news_version3/21518/29096/29108/29116/m18000/201706/598565.shtml", 
            "thumbnailUrl": "https://tse3.mm.bing.net/th?id=OIP.PK30lkuuSDA4UwHaAXuL2AHaDx&pid=Api", 
            "thumbnail": {
                "width": 474, 
                "height": 241
            }, 
            "contentSize": "275462 B"
        }, 
        {
            "contentUrl": "http://n.sinaimg.cn/sports/transform/269/w650h419/20181129/khw_-hpevhcm2790878.jpg", 
            "insightsMetadata": {
                "pagesIncludingCount": 1, 
                "availableSizesCount": 1
            }, 
            "height": 419, 
            "accentColor": "AE1D3F", 
            "hostPageDisplayUrl": "sports.sina.com.cn/g/seriea/2018-11-29/doc...", 
            "name": "别人开始养老卖情怀的年纪 梅罗还在世界之巅争霸_国际足球 ...", 
            "width": 650, 
            "imageInsightsToken": "ccid_dfcDch5S*mid_9B98ABBC87C73577D0D9F15A0F5DAB5A679D029F*simid_608033957520608379*thid_OIP.dfcDch5SPjS-qcsV5B3bPgHaEx", 
            "imageId": "9B98ABBC87C73577D0D9F15A0F5DAB5A679D029F", 
            "isFamilyFriendly": true, 
            "datePublished": "2018-11-29T06:13:00.0000000Z", 
            "encodingFormat": "jpeg", 
            "webSearchUrl": "https://www.bing.com/images/search?view=detailv2&FORM=OIIRPO&q=site%3a(thepaper.cn+or+chinadaily.com.cn+or+china.com.cn+or+chinanews.com+or+youth.cn+or+sina.com.cn+or+xinhuanet.com+or+cri.cn+or+163.com+or+cankaoxiaoxi.com+or+cctv.com+or+ifeng.com+or+qq.com+or+takungpao.com+or+people.com.cn+or+southcn.com+or+southcn.com+or+cnr.cn+or+people.com.cn+or+cyol.com+or+bjnews.com.cn+or+gmw.cn+or+dahe.cn+or+xfrb.com.cn+or+cqnews.net+or+lifeweek.com.cn+or+cpd.com.cn+or+haiwainet.cn+or+yidianzixun.com+or+ftchinese.com+or+guancha.cn+or+zhcw.com+or+huanqiu.com+or+ihuawen.com+or+nytimes.com+or+flickr.com+or+quanjing.com+or+vcg.com+or+gettyimages.co.uk+or+paixin.com)+%e7%bd%97%e6%96%af+%e8%af%b4+%e4%b8%8d%e8%83%bd+%e7%94%a8%e6%9e%aa&id=9B98ABBC87C73577D0D9F15A0F5DAB5A679D029F&simid=608033957520608379", 
            "hostPageUrl": "http://sports.sina.com.cn/g/seriea/2018-11-29/doc-ihmutuec4699300.shtml", 
            "thumbnailUrl": "https://tse1.mm.bing.net/th?id=OIP.dfcDch5SPjS-qcsV5B3bPgHaEx&pid=Api", 
            "thumbnail": {
                "width": 474, 
                "height": 305
            }, 
            "contentSize": "47270 B"
        }, 
        {
            "contentUrl": "http://n.sinaimg.cn/games/crawl/20160311/xrcQ-fxqhmvc2312360.png", 
            "insightsMetadata": {
                "pagesIncludingCount": 4, 
                "availableSizesCount": 2
            }, 
            "height": 348, 
            "accentColor": "319A99", 
            "hostPageDisplayUrl": "games.sina.com.cn/o/z/hs/2016-03-11/fxqhmve9077964.shtml", 
            "name": "潜力不俗却生不逢时 炉石冷门卡牌盘点--新浪炉石传说专区", 
            "width": 250, 
            "imageInsightsToken": "ccid_6BfA1VNG*mid_A784309CE6A9DC3945ECF65806CA4B150D6DD7D8*simid_608054057954772190*thid_OIP.6BfA1VNGsU1RnrAb!_b5EKAAAAA", 
            "imageId": "A784309CE6A9DC3945ECF65806CA4B150D6DD7D8", 
            "isFamilyFriendly": true, 
            "datePublished": "2016-03-11T05:49:00.0000000Z", 
            "encodingFormat": "png", 
            "webSearchUrl": "https://www.bing.com/images/search?view=detailv2&FORM=OIIRPO&q=site%3a(thepaper.cn+or+chinadaily.com.cn+or+china.com.cn+or+chinanews.com+or+youth.cn+or+sina.com.cn+or+xinhuanet.com+or+cri.cn+or+163.com+or+cankaoxiaoxi.com+or+cctv.com+or+ifeng.com+or+qq.com+or+takungpao.com+or+people.com.cn+or+southcn.com+or+southcn.com+or+cnr.cn+or+people.com.cn+or+cyol.com+or+bjnews.com.cn+or+gmw.cn+or+dahe.cn+or+xfrb.com.cn+or+cqnews.net+or+lifeweek.com.cn+or+cpd.com.cn+or+haiwainet.cn+or+yidianzixun.com+or+ftchinese.com+or+guancha.cn+or+zhcw.com+or+huanqiu.com+or+ihuawen.com+or+nytimes.com+or+flickr.com+or+quanjing.com+or+vcg.com+or+gettyimages.co.uk+or+paixin.com)+%e7%bd%97%e6%96%af+%e8%af%b4+%e4%b8%8d%e8%83%bd+%e7%94%a8%e6%9e%aa&id=A784309CE6A9DC3945ECF65806CA4B150D6DD7D8&simid=608054057954772190", 
            "hostPageUrl": "http://games.sina.com.cn/o/z/hs/2016-03-11/fxqhmve9077964.shtml", 
            "thumbnailUrl": "https://tse3.mm.bing.net/th?id=OIP.6BfA1VNGsU1RnrAb_b5EKAAAAA&pid=Api", 
            "thumbnail": {
                "width": 250, 
                "height": 348
            }, 
            "contentSize": "181173 B"
        }, 
        {
            "contentUrl": "http://n.sinaimg.cn/translate/20170830/8Wl_-fykiuaz1992692.jpg", 
            "insightsMetadata": {
                "pagesIncludingCount": 2, 
                "availableSizesCount": 1
            }, 
            "height": 328, 
            "accentColor": "8F813C", 
            "hostPageDisplayUrl": "games.sina.com.cn/g/g/2017-08-30/fykpuuh9636941.shtml", 
            "name": "《海贼王》877话情报 大妈包抄路飞 佩德洛出手帮助!_八卦趣闻 ...", 
            "width": 584, 
            "imageInsightsToken": "ccid_DsZyGDOF*mid_6FC9F615E43C879E4C9076B7C1D4EB3719D8C599*simid_608006104643668323*thid_OIP.DsZyGDOF7c-uDCck6CxsKQHaEK", 
            "imageId": "6FC9F615E43C879E4C9076B7C1D4EB3719D8C599", 
            "isFamilyFriendly": true, 
            "datePublished": "2017-08-30T08:23:00.0000000Z", 
            "encodingFormat": "jpeg", 
            "webSearchUrl": "https://www.bing.com/images/search?view=detailv2&FORM=OIIRPO&q=site%3a(thepaper.cn+or+chinadaily.com.cn+or+china.com.cn+or+chinanews.com+or+youth.cn+or+sina.com.cn+or+xinhuanet.com+or+cri.cn+or+163.com+or+cankaoxiaoxi.com+or+cctv.com+or+ifeng.com+or+qq.com+or+takungpao.com+or+people.com.cn+or+southcn.com+or+southcn.com+or+cnr.cn+or+people.com.cn+or+cyol.com+or+bjnews.com.cn+or+gmw.cn+or+dahe.cn+or+xfrb.com.cn+or+cqnews.net+or+lifeweek.com.cn+or+cpd.com.cn+or+haiwainet.cn+or+yidianzixun.com+or+ftchinese.com+or+guancha.cn+or+zhcw.com+or+huanqiu.com+or+ihuawen.com+or+nytimes.com+or+flickr.com+or+quanjing.com+or+vcg.com+or+gettyimages.co.uk+or+paixin.com)+%e7%bd%97%e6%96%af+%e8%af%b4+%e4%b8%8d%e8%83%bd+%e7%94%a8%e6%9e%aa&id=6FC9F615E43C879E4C9076B7C1D4EB3719D8C599&simid=608006104643668323", 
            "hostPageUrl": "http://games.sina.com.cn/g/g/2017-08-30/fykpuuh9636941.shtml", 
            "thumbnailUrl": "https://tse1.mm.bing.net/th?id=OIP.DsZyGDOF7c-uDCck6CxsKQHaEK&pid=Api", 
            "thumbnail": {
                "width": 474, 
                "height": 266
            }, 
            "contentSize": "30686 B"
        }, 
        {
            "contentUrl": "http://n.sinaimg.cn/sports/crawl/160/w550h410/20180719/fPA2-hfnsvza7775032.jpg", 
            "insightsMetadata": {
                "pagesIncludingCount": 1, 
                "availableSizesCount": 1
            }, 
            "height": 410, 
            "accentColor": "875C44", 
            "hostPageDisplayUrl": "sports.sina.com.cn/basketball/nba/2018-07-19/doc...", 
            "name": "人物|忠诚巨星再遭背叛 他1句话让全NBA都心疼_NBA_新浪竞技风暴 ...", 
            "width": 550, 
            "imageInsightsToken": "ccid_ZrMhwp7G*mid_62891E575CD52AF1DACAB37B0A8EB76DE1922532*simid_608031217352380212*thid_OIP.ZrMhwp7Go40bqLQ8g68QZQHaFh", 
            "imageId": "62891E575CD52AF1DACAB37B0A8EB76DE1922532", 
            "isFamilyFriendly": true, 
            "datePublished": "2018-07-19T23:17:00.0000000Z", 
            "encodingFormat": "jpeg", 
            "webSearchUrl": "https://www.bing.com/images/search?view=detailv2&FORM=OIIRPO&q=site%3a(thepaper.cn+or+chinadaily.com.cn+or+china.com.cn+or+chinanews.com+or+youth.cn+or+sina.com.cn+or+xinhuanet.com+or+cri.cn+or+163.com+or+cankaoxiaoxi.com+or+cctv.com+or+ifeng.com+or+qq.com+or+takungpao.com+or+people.com.cn+or+southcn.com+or+southcn.com+or+cnr.cn+or+people.com.cn+or+cyol.com+or+bjnews.com.cn+or+gmw.cn+or+dahe.cn+or+xfrb.com.cn+or+cqnews.net+or+lifeweek.com.cn+or+cpd.com.cn+or+haiwainet.cn+or+yidianzixun.com+or+ftchinese.com+or+guancha.cn+or+zhcw.com+or+huanqiu.com+or+ihuawen.com+or+nytimes.com+or+flickr.com+or+quanjing.com+or+vcg.com+or+gettyimages.co.uk+or+paixin.com)+%e7%bd%97%e6%96%af+%e8%af%b4+%e4%b8%8d%e8%83%bd+%e7%94%a8%e6%9e%aa&id=62891E575CD52AF1DACAB37B0A8EB76DE1922532&simid=608031217352380212", 
            "hostPageUrl": "http://sports.sina.com.cn/basketball/nba/2018-07-19/doc-ihfnsvza7584771.shtml", 
            "thumbnailUrl": "https://tse2.mm.bing.net/th?id=OIP.ZrMhwp7Go40bqLQ8g68QZQHaFh&pid=Api", 
            "thumbnail": {
                "width": 474, 
                "height": 353
            }, 
            "contentSize": "40611 B"
        }, 
        {
            "contentUrl": "http://n.sinaimg.cn/97973/transform/20160310/nQbm-fxqhwtu7673720.PNG", 
            "insightsMetadata": {
                "pagesIncludingCount": 2, 
                "availableSizesCount": 1
            }, 
            "height": 309, 
            "accentColor": "397892", 
            "hostPageDisplayUrl": "https://dj.sina.com.cn/article/fxqhmve9046758.shtml", 
            "name": "炉石传说那些生不逢时的炉石趣味卡牌-新浪电竞_电竞赛事_直播 ...", 
            "width": 550, 
            "imageInsightsToken": "ccid_TkBTZU8i*mid_82E70DE20848FEADA0AB29C033E795D3BB352197*simid_608022803529400802*thid_OIP.TkBTZU8iEAlEbYHACA-iQAHaEK", 
            "imageId": "82E70DE20848FEADA0AB29C033E795D3BB352197", 
            "isFamilyFriendly": true, 
            "datePublished": "2018-10-31T13:24:00.0000000Z", 
            "encodingFormat": "png", 
            "webSearchUrl": "https://www.bing.com/images/search?view=detailv2&FORM=OIIRPO&q=site%3a(thepaper.cn+or+chinadaily.com.cn+or+china.com.cn+or+chinanews.com+or+youth.cn+or+sina.com.cn+or+xinhuanet.com+or+cri.cn+or+163.com+or+cankaoxiaoxi.com+or+cctv.com+or+ifeng.com+or+qq.com+or+takungpao.com+or+people.com.cn+or+southcn.com+or+southcn.com+or+cnr.cn+or+people.com.cn+or+cyol.com+or+bjnews.com.cn+or+gmw.cn+or+dahe.cn+or+xfrb.com.cn+or+cqnews.net+or+lifeweek.com.cn+or+cpd.com.cn+or+haiwainet.cn+or+yidianzixun.com+or+ftchinese.com+or+guancha.cn+or+zhcw.com+or+huanqiu.com+or+ihuawen.com+or+nytimes.com+or+flickr.com+or+quanjing.com+or+vcg.com+or+gettyimages.co.uk+or+paixin.com)+%e7%bd%97%e6%96%af+%e8%af%b4+%e4%b8%8d%e8%83%bd+%e7%94%a8%e6%9e%aa&id=82E70DE20848FEADA0AB29C033E795D3BB352197&simid=608022803529400802", 
            "hostPageUrl": "https://dj.sina.com.cn/article/fxqhmve9046758.shtml", 
            "thumbnailUrl": "https://tse4.mm.bing.net/th?id=OIP.TkBTZU8iEAlEbYHACA-iQAHaEK&pid=Api", 
            "thumbnail": {
                "width": 474, 
                "height": 266
            }, 
            "contentSize": "284254 B"
        }, 
        {
            "contentUrl": "http://img1.cache.netease.com/news/2016/7/5/20160705180323df329.jpg", 
            "insightsMetadata": {
                "pagesIncludingCount": 1, 
                "availableSizesCount": 1
            }, 
            "height": 455, 
            "accentColor": "B46D17", 
            "hostPageDisplayUrl": "euro2016.163.com/16/0613/01/BPDE27GB00050ICM.html", 
            "name": "中场新大师!魔笛说第2谁敢第1 这小腿肌肉吓到你_2016欧洲杯_网易 ...", 
            "width": 666, 
            "imageInsightsToken": "ccid_rUdoYIWb*mid_6356FD6D22C71652D425998EEB228DFC0CBD9DE7*simid_608008076069572211*thid_OIP.rUdoYIWb!_vLmQvoZ-wVyfwHaFD", 
            "imageId": "6356FD6D22C71652D425998EEB228DFC0CBD9DE7", 
            "isFamilyFriendly": true, 
            "datePublished": "2016-06-12T20:32:00.0000000Z", 
            "encodingFormat": "jpeg", 
            "webSearchUrl": "https://www.bing.com/images/search?view=detailv2&FORM=OIIRPO&q=site%3a(thepaper.cn+or+chinadaily.com.cn+or+china.com.cn+or+chinanews.com+or+youth.cn+or+sina.com.cn+or+xinhuanet.com+or+cri.cn+or+163.com+or+cankaoxiaoxi.com+or+cctv.com+or+ifeng.com+or+qq.com+or+takungpao.com+or+people.com.cn+or+southcn.com+or+southcn.com+or+cnr.cn+or+people.com.cn+or+cyol.com+or+bjnews.com.cn+or+gmw.cn+or+dahe.cn+or+xfrb.com.cn+or+cqnews.net+or+lifeweek.com.cn+or+cpd.com.cn+or+haiwainet.cn+or+yidianzixun.com+or+ftchinese.com+or+guancha.cn+or+zhcw.com+or+huanqiu.com+or+ihuawen.com+or+nytimes.com+or+flickr.com+or+quanjing.com+or+vcg.com+or+gettyimages.co.uk+or+paixin.com)+%e7%bd%97%e6%96%af+%e8%af%b4+%e4%b8%8d%e8%83%bd+%e7%94%a8%e6%9e%aa&id=6356FD6D22C71652D425998EEB228DFC0CBD9DE7&simid=608008076069572211", 
            "hostPageUrl": "http://euro2016.163.com/16/0613/01/BPDE27GB00050ICM.html", 
            "thumbnailUrl": "https://tse1.mm.bing.net/th?id=OIP.rUdoYIWb_vLmQvoZ-wVyfwHaFD&pid=Api", 
            "thumbnail": {
                "width": 474, 
                "height": 323
            }, 
            "contentSize": "101080 B"
        }, 
        {
            "contentUrl": "http://img1.gtimg.com/gamezone/pics/hv1/210/31/2127/138316290.jpg", 
            "insightsMetadata": {
                "pagesIncludingCount": 1, 
                "availableSizesCount": 1
            }, 
            "height": 400, 
            "accentColor": "9D652E", 
            "hostPageDisplayUrl": "games.qq.com/a/20160910/014901.htm", 
            "name": "2017年大作爆发！玩家最关心的问题盘点_游戏_腾讯网", 
            "width": 600, 
            "imageInsightsToken": "ccid_A4mRuHjw*mid_9AB3979DAD813A4794660A467029DC29239C2C44*simid_608029787081934141*thid_OIP.A4mRuHjw28hEs7xKFDP4HAHaE8", 
            "imageId": "9AB3979DAD813A4794660A467029DC29239C2C44", 
            "isFamilyFriendly": true, 
            "datePublished": "2016-09-10T02:31:00.0000000Z", 
            "encodingFormat": "jpeg", 
            "webSearchUrl": "https://www.bing.com/images/search?view=detailv2&FORM=OIIRPO&q=site%3a(thepaper.cn+or+chinadaily.com.cn+or+china.com.cn+or+chinanews.com+or+youth.cn+or+sina.com.cn+or+xinhuanet.com+or+cri.cn+or+163.com+or+cankaoxiaoxi.com+or+cctv.com+or+ifeng.com+or+qq.com+or+takungpao.com+or+people.com.cn+or+southcn.com+or+southcn.com+or+cnr.cn+or+people.com.cn+or+cyol.com+or+bjnews.com.cn+or+gmw.cn+or+dahe.cn+or+xfrb.com.cn+or+cqnews.net+or+lifeweek.com.cn+or+cpd.com.cn+or+haiwainet.cn+or+yidianzixun.com+or+ftchinese.com+or+guancha.cn+or+zhcw.com+or+huanqiu.com+or+ihuawen.com+or+nytimes.com+or+flickr.com+or+quanjing.com+or+vcg.com+or+gettyimages.co.uk+or+paixin.com)+%e7%bd%97%e6%96%af+%e8%af%b4+%e4%b8%8d%e8%83%bd+%e7%94%a8%e6%9e%aa&id=9AB3979DAD813A4794660A467029DC29239C2C44&simid=608029787081934141", 
            "hostPageUrl": "http://games.qq.com/a/20160910/014901.htm", 
            "thumbnailUrl": "https://tse4.mm.bing.net/th?id=OIP.A4mRuHjw28hEs7xKFDP4HAHaE8&pid=Api", 
            "thumbnail": {
                "width": 474, 
                "height": 316
            }, 
            "contentSize": "17487 B"
        }, 
        {
            "contentUrl": "http://img1.cache.netease.com/catchpic/8/83/83A11393E42332B8FE8F19A85AE58887.jpg", 
            "insightsMetadata": {
                "pagesIncludingCount": 11, 
                "availableSizesCount": 7
            }, 
            "height": 333, 
            "accentColor": "895B42", 
            "hostPageDisplayUrl": "hea.163.com/13/0913/12/98LEBV730016656F.html", 
            "name": "没有犯罪的心理学分析的《电锯惊魂》_网易数码", 
            "width": 500, 
            "imageInsightsToken": "ccid_B2kqDjHh*mid_C5AD510DCE19CE4C4EB63F2E4429874AF1058633*simid_608011615129109305*thid_OIP.B2kqDjHho9r2T7kfYR5s9AHaE7", 
            "imageId": "C5AD510DCE19CE4C4EB63F2E4429874AF1058633", 
            "isFamilyFriendly": true, 
            "datePublished": "2013-09-13T06:21:00.0000000Z", 
            "encodingFormat": "jpeg", 
            "webSearchUrl": "https://www.bing.com/images/search?view=detailv2&FORM=OIIRPO&q=site%3a(thepaper.cn+or+chinadaily.com.cn+or+china.com.cn+or+chinanews.com+or+youth.cn+or+sina.com.cn+or+xinhuanet.com+or+cri.cn+or+163.com+or+cankaoxiaoxi.com+or+cctv.com+or+ifeng.com+or+qq.com+or+takungpao.com+or+people.com.cn+or+southcn.com+or+southcn.com+or+cnr.cn+or+people.com.cn+or+cyol.com+or+bjnews.com.cn+or+gmw.cn+or+dahe.cn+or+xfrb.com.cn+or+cqnews.net+or+lifeweek.com.cn+or+cpd.com.cn+or+haiwainet.cn+or+yidianzixun.com+or+ftchinese.com+or+guancha.cn+or+zhcw.com+or+huanqiu.com+or+ihuawen.com+or+nytimes.com+or+flickr.com+or+quanjing.com+or+vcg.com+or+gettyimages.co.uk+or+paixin.com)+%e7%bd%97%e6%96%af+%e8%af%b4+%e4%b8%8d%e8%83%bd+%e7%94%a8%e6%9e%aa&id=C5AD510DCE19CE4C4EB63F2E4429874AF1058633&simid=608011615129109305", 
            "hostPageUrl": "http://hea.163.com/13/0913/12/98LEBV730016656F.html", 
            "thumbnailUrl": "https://tse1.mm.bing.net/th?id=OIP.B2kqDjHho9r2T7kfYR5s9AHaE7&pid=Api", 
            "thumbnail": {
                "width": 474, 
                "height": 315
            }, 
            "contentSize": "20431 B"
        }, 
        {
            "contentUrl": "http://e0.ifengimg.com/10/2018/1117/0DE0C29DBC21D75B4208B37B43E6E9EAC00440B1_size101_w1920_h1080.jpeg", 
            "insightsMetadata": {
                "pagesIncludingCount": 3, 
                "availableSizesCount": 2
            }, 
            "height": 1080, 
            "accentColor": "5D8645", 
            "hostPageDisplayUrl": "sports.ifeng.com/a/20181117/60164739_0.shtml", 
            "name": "罗斯：现在NBA没人认真防守，因为不能碰任何人_凤凰体育", 
            "width": 1920, 
            "imageInsightsToken": "ccid_ju4w9sj2*mid_D5288F9B6BAF57EFF52025490445618A481774CB*simid_608022404084270764*thid_OIP.ju4w9sj21-poBa1NDLTkogHaEK", 
            "imageId": "D5288F9B6BAF57EFF52025490445618A481774CB", 
            "isFamilyFriendly": true, 
            "datePublished": "2018-11-17T05:50:00.0000000Z", 
            "encodingFormat": "jpeg", 
            "webSearchUrl": "https://www.bing.com/images/search?view=detailv2&FORM=OIIRPO&q=site%3a(thepaper.cn+or+chinadaily.com.cn+or+china.com.cn+or+chinanews.com+or+youth.cn+or+sina.com.cn+or+xinhuanet.com+or+cri.cn+or+163.com+or+cankaoxiaoxi.com+or+cctv.com+or+ifeng.com+or+qq.com+or+takungpao.com+or+people.com.cn+or+southcn.com+or+southcn.com+or+cnr.cn+or+people.com.cn+or+cyol.com+or+bjnews.com.cn+or+gmw.cn+or+dahe.cn+or+xfrb.com.cn+or+cqnews.net+or+lifeweek.com.cn+or+cpd.com.cn+or+haiwainet.cn+or+yidianzixun.com+or+ftchinese.com+or+guancha.cn+or+zhcw.com+or+huanqiu.com+or+ihuawen.com+or+nytimes.com+or+flickr.com+or+quanjing.com+or+vcg.com+or+gettyimages.co.uk+or+paixin.com)+%e7%bd%97%e6%96%af+%e8%af%b4+%e4%b8%8d%e8%83%bd+%e7%94%a8%e6%9e%aa&id=D5288F9B6BAF57EFF52025490445618A481774CB&simid=608022404084270764", 
            "hostPageUrl": "http://sports.ifeng.com/a/20181117/60164739_0.shtml", 
            "thumbnailUrl": "https://tse4.mm.bing.net/th?id=OIP.ju4w9sj21-poBa1NDLTkogHaEK&pid=Api", 
            "thumbnail": {
                "width": 474, 
                "height": 266
            }, 
            "contentSize": "103649 B"
        }
    ], 
    "nextOffset": 45, 
    "queryContext": {
        "alterationMethod": "AM_JustChangeIt", 
        "alterationType": "CombinedAlterationsChained", 
        "originalQuery": "site:(thepaper.cn or chinadaily.com.cn or china.com.cn or chinanews.com or youth.cn or sina.com.cn or xinhuanet.com or cri.cn or 163.com or cankaoxiaoxi.com or cctv.com or ifeng.com or qq.com or takungpao.com or people.com.cn or southcn.com or southcn.com or cnr.cn or people.com.cn or cyol.com or bjnews.com.cn or gmw.cn or dahe.cn or xfrb.com.cn or cqnews.net or lifeweek.com.cn or cpd.com.cn or haiwainet.cn or yidianzixun.com or ftchinese.com or guancha.cn or zhcw.com or huanqiu.com or ihuawen.com or nytimes.com or flickr.com or quanjing.com or vcg.com or gettyimages.co.uk or paixin.com) 罗斯 说 不能 用枪", 
        "alterationOverrideQuery": "+site:(thepaper.cn or chinadaily.com.cn or china.com.cn or chinanews.com or youth.cn or sina.com.cn or xinhuanet.com or cri.cn or 163.com or cankaoxiaoxi.com or cctv.com or ifeng.com or qq.com or takungpao.com or people.com.cn or southcn.com or southcn.com or cnr.cn or people.com.cn or cyol.com or bjnews.com.cn or gmw.cn or dahe.cn or xfrb.com.cn or cqnews.net or lifeweek.com.cn or cpd.com.cn or haiwainet.cn or yidianzixun.com or ftchinese.com or guancha.cn or zhcw.com or huanqiu.com or ihuawen.com or nytimes.com or flickr.com or quanjing.com or vcg.com or gettyimages.co.uk or paixin.com) 罗斯 说 不能 用枪", 
        "alterationDisplayQuery": "罗 斯 说 不能 用枪"
    }, 
    "currentOffset": 0, 
    "readLink": "images/search?q=site:(thepaper.cn or chinadaily.com.cn or china.com.cn or chinanews.com or youth.cn or sina.com.cn or xinhuanet.com or cri.cn or 163.com or cankaoxiaoxi.com or cctv.com or ifeng.com or qq.com or takungpao.com or people.com.cn or southcn.com or southcn.com or cnr.cn or people.com.cn or cyol.com or bjnews.com.cn or gmw.cn or dahe.cn or xfrb.com.cn or cqnews.net or lifeweek.com.cn or cpd.com.cn or haiwainet.cn or yidianzixun.com or ftchinese.com or guancha.cn or zhcw.com or huanqiu.com or ihuawen.com or nytimes.com or flickr.com or quanjing.com or vcg.com or gettyimages.co.uk or paixin.com) 罗斯 说 不能 用枪", 
    "totalEstimatedMatches": 100
}