{
    "instrumentation": {
        "_type": "ResponseInstrumentation"
    }, 
    "_type": "Images", 
    "webSearchUrl": "https://www.bing.com/images/search?q=site:(thepaper.cn or chinadaily.com.cn or china.com.cn or chinanews.com or youth.cn or sina.com.cn or xinhuanet.com or cri.cn or 163.com or cankaoxiaoxi.com or cctv.com or ifeng.com or qq.com or takungpao.com or people.com.cn or southcn.com or southcn.com or cnr.cn or people.com.cn or cyol.com or bjnews.com.cn or gmw.cn or dahe.cn or xfrb.com.cn or cqnews.net or lifeweek.com.cn or cpd.com.cn or haiwainet.cn or yidianzixun.com or ftchinese.com or guancha.cn or zhcw.com or huanqiu.com or ihuawen.com or nytimes.com or flickr.com or quanjing.com or vcg.com or gettyimages.co.uk or paixin.com) 喜欢&FORM=OIIARP", 
    "value": [
        {
            "contentUrl": "http://n.sinaimg.cn/transform/20150402/sRpL-awzuney2140505.jpg", 
            "insightsMetadata": {
                "pagesIncludingCount": 1, 
                "availableSizesCount": 1
            }, 
            "height": 550, 
            "accentColor": "C10A16", 
            "hostPageDisplayUrl": "ent.sina.com.cn/v/m/2015-04-02/doc-ichmifpy5177714.shtml", 
            "name": "《偏偏喜欢你》将播 高颜值民国戏迎春天 |民国戏|梦幻星生园 ...", 
            "width": 550, 
            "imageInsightsToken": "ccid_mhtrfB/A*mid_EEBCB901CAAB0AE063D2DE57FABF0D6597B4A65D*simid_608056269851656965*thid_OIP.mhtrfB!_Aag8KJZuvWKlHvwHaHa", 
            "imageId": "EEBCB901CAAB0AE063D2DE57FABF0D6597B4A65D", 
            "isFamilyFriendly": true, 
            "datePublished": "2015-04-02T01:58:00.0000000Z", 
            "encodingFormat": "jpeg", 
            "webSearchUrl": "https://www.bing.com/images/search?view=detailv2&FORM=OIIRPO&q=site%3a(thepaper.cn+or+chinadaily.com.cn+or+china.com.cn+or+chinanews.com+or+youth.cn+or+sina.com.cn+or+xinhuanet.com+or+cri.cn+or+163.com+or+cankaoxiaoxi.com+or+cctv.com+or+ifeng.com+or+qq.com+or+takungpao.com+or+people.com.cn+or+southcn.com+or+southcn.com+or+cnr.cn+or+people.com.cn+or+cyol.com+or+bjnews.com.cn+or+gmw.cn+or+dahe.cn+or+xfrb.com.cn+or+cqnews.net+or+lifeweek.com.cn+or+cpd.com.cn+or+haiwainet.cn+or+yidianzixun.com+or+ftchinese.com+or+guancha.cn+or+zhcw.com+or+huanqiu.com+or+ihuawen.com+or+nytimes.com+or+flickr.com+or+quanjing.com+or+vcg.com+or+gettyimages.co.uk+or+paixin.com)+%e5%96%9c%e6%ac%a2&id=EEBCB901CAAB0AE063D2DE57FABF0D6597B4A65D&simid=608056269851656965", 
            "hostPageUrl": "http://ent.sina.com.cn/v/m/2015-04-02/doc-ichmifpy5177714.shtml", 
            "thumbnailUrl": "https://tse1.mm.bing.net/th?id=OIP.mhtrfB_Aag8KJZuvWKlHvwHaHa&pid=Api", 
            "thumbnail": {
                "width": 474, 
                "height": 474
            }, 
            "contentSize": "56944 B"
        }, 
        {
            "contentUrl": "http://i0.sinaimg.cn/bb/2015/0128/U2562P20DT20150128073733.png", 
            "insightsMetadata": {
                "pagesIncludingCount": 3, 
                "availableSizesCount": 1
            }, 
            "height": 460, 
            "accentColor": "925112", 
            "hostPageDisplayUrl": "baby.sina.com.cn/health/15/2801/2015-01-28/0940...", 
            "name": "宝宝喜欢“肌肤之亲”_健康_新浪育儿_新浪网", 
            "width": 450, 
            "imageInsightsToken": "ccid_VIeDmkzI*mid_597B58FC0EF456CA19F653407C4D9E8C828DE391*simid_608030023335414107*thid_OIP.VIeDmkzI2aYyORLvBgFuhAHaHk", 
            "imageId": "597B58FC0EF456CA19F653407C4D9E8C828DE391", 
            "isFamilyFriendly": true, 
            "datePublished": "2018-10-16T08:34:00.0000000Z", 
            "encodingFormat": "png", 
            "webSearchUrl": "https://www.bing.com/images/search?view=detailv2&FORM=OIIRPO&q=site%3a(thepaper.cn+or+chinadaily.com.cn+or+china.com.cn+or+chinanews.com+or+youth.cn+or+sina.com.cn+or+xinhuanet.com+or+cri.cn+or+163.com+or+cankaoxiaoxi.com+or+cctv.com+or+ifeng.com+or+qq.com+or+takungpao.com+or+people.com.cn+or+southcn.com+or+southcn.com+or+cnr.cn+or+people.com.cn+or+cyol.com+or+bjnews.com.cn+or+gmw.cn+or+dahe.cn+or+xfrb.com.cn+or+cqnews.net+or+lifeweek.com.cn+or+cpd.com.cn+or+haiwainet.cn+or+yidianzixun.com+or+ftchinese.com+or+guancha.cn+or+zhcw.com+or+huanqiu.com+or+ihuawen.com+or+nytimes.com+or+flickr.com+or+quanjing.com+or+vcg.com+or+gettyimages.co.uk+or+paixin.com)+%e5%96%9c%e6%ac%a2&id=597B58FC0EF456CA19F653407C4D9E8C828DE391&simid=608030023335414107", 
            "hostPageUrl": "http://baby.sina.com.cn/health/15/2801/2015-01-28/0940/0739291079.shtml", 
            "thumbnailUrl": "https://tse3.mm.bing.net/th?id=OIP.VIeDmkzI2aYyORLvBgFuhAHaHk&pid=Api", 
            "thumbnail": {
                "width": 474, 
                "height": 484
            }, 
            "contentSize": "78658 B"
        }, 
        {
            "contentUrl": "http://n.sinaimg.cn/fashion/transform/20170517/-s9n-fyfeutq1537873.jpg", 
            "insightsMetadata": {
                "pagesIncludingCount": 10, 
                "availableSizesCount": 7
            }, 
            "height": 400, 
            "accentColor": "A62F25", 
            "hostPageDisplayUrl": "fashion.sina.com.cn/s/je/2017-05-17/0630/doc...", 
            "name": "《喜欢你》 戴任何珠宝都灵气的周冬雨|喜欢你|周冬雨|金城武 ...", 
            "width": 600, 
            "imageInsightsToken": "ccid_oifAJkTp*mid_0B53AB9E4CFE222AAB25B2A6053ED0505CDD0355*simid_608052881126002380*thid_OIP.oifAJkTpexKa2IeMdIlobAHaE8", 
            "imageId": "0B53AB9E4CFE222AAB25B2A6053ED0505CDD0355", 
            "isFamilyFriendly": true, 
            "datePublished": "2018-11-06T17:06:00.0000000Z", 
            "encodingFormat": "jpeg", 
            "webSearchUrl": "https://www.bing.com/images/search?view=detailv2&FORM=OIIRPO&q=site%3a(thepaper.cn+or+chinadaily.com.cn+or+china.com.cn+or+chinanews.com+or+youth.cn+or+sina.com.cn+or+xinhuanet.com+or+cri.cn+or+163.com+or+cankaoxiaoxi.com+or+cctv.com+or+ifeng.com+or+qq.com+or+takungpao.com+or+people.com.cn+or+southcn.com+or+southcn.com+or+cnr.cn+or+people.com.cn+or+cyol.com+or+bjnews.com.cn+or+gmw.cn+or+dahe.cn+or+xfrb.com.cn+or+cqnews.net+or+lifeweek.com.cn+or+cpd.com.cn+or+haiwainet.cn+or+yidianzixun.com+or+ftchinese.com+or+guancha.cn+or+zhcw.com+or+huanqiu.com+or+ihuawen.com+or+nytimes.com+or+flickr.com+or+quanjing.com+or+vcg.com+or+gettyimages.co.uk+or+paixin.com)+%e5%96%9c%e6%ac%a2&id=0B53AB9E4CFE222AAB25B2A6053ED0505CDD0355&simid=608052881126002380", 
            "hostPageUrl": "http://fashion.sina.com.cn/s/je/2017-05-17/0630/doc-ifyfeivp5777880.shtml", 
            "thumbnailUrl": "https://tse4.mm.bing.net/th?id=OIP.oifAJkTpexKa2IeMdIlobAHaE8&pid=Api", 
            "thumbnail": {
                "width": 474, 
                "height": 316
            }, 
            "contentSize": "42405 B"
        }, 
        {
            "contentUrl": "http://comic.people.com.cn/NMediaFile/2014/0312/MAIN201403121456000539422739605.jpg", 
            "insightsMetadata": {
                "pagesIncludingCount": 61, 
                "availableSizesCount": 30
            }, 
            "height": 1200, 
            "accentColor": "958A36", 
            "hostPageDisplayUrl": "www.chinadaily.com.cn/micro-reading/dzh/2014-03-12...", 
            "name": "你喜欢的萌妹子都在 Cosplay精品作品欣赏- Micro Reading", 
            "width": 800, 
            "imageInsightsToken": "ccid_/3lP9WNx*mid_40CB7F8E5AB29A8FDC2278DEDA7A8666BF86BB26*simid_608044102233886288*thid_OIP.!_3lP9WNxppKZ8mIntZ6mTgHaLH", 
            "imageId": "40CB7F8E5AB29A8FDC2278DEDA7A8666BF86BB26", 
            "isFamilyFriendly": true, 
            "datePublished": "2018-04-22T04:04:00.0000000Z", 
            "encodingFormat": "jpeg", 
            "webSearchUrl": "https://www.bing.com/images/search?view=detailv2&FORM=OIIRPO&q=site%3a(thepaper.cn+or+chinadaily.com.cn+or+china.com.cn+or+chinanews.com+or+youth.cn+or+sina.com.cn+or+xinhuanet.com+or+cri.cn+or+163.com+or+cankaoxiaoxi.com+or+cctv.com+or+ifeng.com+or+qq.com+or+takungpao.com+or+people.com.cn+or+southcn.com+or+southcn.com+or+cnr.cn+or+people.com.cn+or+cyol.com+or+bjnews.com.cn+or+gmw.cn+or+dahe.cn+or+xfrb.com.cn+or+cqnews.net+or+lifeweek.com.cn+or+cpd.com.cn+or+haiwainet.cn+or+yidianzixun.com+or+ftchinese.com+or+guancha.cn+or+zhcw.com+or+huanqiu.com+or+ihuawen.com+or+nytimes.com+or+flickr.com+or+quanjing.com+or+vcg.com+or+gettyimages.co.uk+or+paixin.com)+%e5%96%9c%e6%ac%a2&id=40CB7F8E5AB29A8FDC2278DEDA7A8666BF86BB26&simid=608044102233886288", 
            "hostPageUrl": "http://www.chinadaily.com.cn/micro-reading/dzh/2014-03-12/content_11386883_5.html", 
            "thumbnailUrl": "https://tse1.mm.bing.net/th?id=OIP._3lP9WNxppKZ8mIntZ6mTgHaLH&pid=Api", 
            "thumbnail": {
                "width": 474, 
                "height": 711
            }, 
            "hostPageFavIconUrl": "https://www.bing.com/th?id=AR_6bbc59f7064ed213027d1c4ffbd7baac&pid=Api", 
            "contentSize": "115011 B"
        }, 
        {
            "contentUrl": "http://n.sinaimg.cn/www/transform/20170629/tfSE-fyhneam6071087.jpg", 
            "insightsMetadata": {
                "pagesIncludingCount": 2, 
                "availableSizesCount": 1
            }, 
            "height": 414, 
            "accentColor": "AA8221", 
            "hostPageDisplayUrl": "eladies.sina.com.cn/feel/xinli/2018-01-06/1022/doc...", 
            "name": "如何判断一个人是否真的喜欢你|喜欢你|恋爱|围巾_新浪女性_新浪网", 
            "width": 550, 
            "imageInsightsToken": "ccid_N4HzJLC7*mid_0724421785A6945E39F47A95DC27AAF43D50F0E5*simid_608020273744252538*thid_OIP.N4HzJLC7cFD3gWmb7r4sBAHaFk", 
            "imageId": "0724421785A6945E39F47A95DC27AAF43D50F0E5", 
            "isFamilyFriendly": true, 
            "datePublished": "2018-08-05T00:55:00.0000000Z", 
            "encodingFormat": "jpeg", 
            "webSearchUrl": "https://www.bing.com/images/search?view=detailv2&FORM=OIIRPO&q=site%3a(thepaper.cn+or+chinadaily.com.cn+or+china.com.cn+or+chinanews.com+or+youth.cn+or+sina.com.cn+or+xinhuanet.com+or+cri.cn+or+163.com+or+cankaoxiaoxi.com+or+cctv.com+or+ifeng.com+or+qq.com+or+takungpao.com+or+people.com.cn+or+southcn.com+or+southcn.com+or+cnr.cn+or+people.com.cn+or+cyol.com+or+bjnews.com.cn+or+gmw.cn+or+dahe.cn+or+xfrb.com.cn+or+cqnews.net+or+lifeweek.com.cn+or+cpd.com.cn+or+haiwainet.cn+or+yidianzixun.com+or+ftchinese.com+or+guancha.cn+or+zhcw.com+or+huanqiu.com+or+ihuawen.com+or+nytimes.com+or+flickr.com+or+quanjing.com+or+vcg.com+or+gettyimages.co.uk+or+paixin.com)+%e5%96%9c%e6%ac%a2&id=0724421785A6945E39F47A95DC27AAF43D50F0E5&simid=608020273744252538", 
            "hostPageUrl": "http://eladies.sina.com.cn/feel/xinli/2018-01-06/1022/doc-ifyhrxtp6307998.shtml", 
            "thumbnailUrl": "https://tse1.mm.bing.net/th?id=OIP.N4HzJLC7cFD3gWmb7r4sBAHaFk&pid=Api", 
            "thumbnail": {
                "width": 474, 
                "height": 356
            }, 
            "contentSize": "12864 B"
        }, 
        {
            "contentUrl": "https://y.gtimg.cn/music/photo_new/T002R300x300M000000cFPKx3ZGzks.jpg?max_age=2592000", 
            "insightsMetadata": {
                "pagesIncludingCount": 28, 
                "availableSizesCount": 13
            }, 
            "height": 300, 
            "accentColor": "366995", 
            "hostPageDisplayUrl": "https://y.qq.com/n/yqq/album/000cFPKx3ZGzks.html", 
            "name": "喜欢你 - QQ音乐-千万正版音乐海量无损曲库新歌热歌天天畅听的 ...", 
            "width": 300, 
            "imageInsightsToken": "ccid_IUaeIMw5*mid_121BD423D00ECA3A3706E507BF60FD93620AFC21*simid_608041757193014643*thid_OIP.IUaeIMw5ezzadgdY4bGvBwAAAA", 
            "imageId": "121BD423D00ECA3A3706E507BF60FD93620AFC21", 
            "isFamilyFriendly": true, 
            "datePublished": "2018-01-28T22:19:00.0000000Z", 
            "encodingFormat": "jpeg", 
            "webSearchUrl": "https://www.bing.com/images/search?view=detailv2&FORM=OIIRPO&q=site%3a(thepaper.cn+or+chinadaily.com.cn+or+china.com.cn+or+chinanews.com+or+youth.cn+or+sina.com.cn+or+xinhuanet.com+or+cri.cn+or+163.com+or+cankaoxiaoxi.com+or+cctv.com+or+ifeng.com+or+qq.com+or+takungpao.com+or+people.com.cn+or+southcn.com+or+southcn.com+or+cnr.cn+or+people.com.cn+or+cyol.com+or+bjnews.com.cn+or+gmw.cn+or+dahe.cn+or+xfrb.com.cn+or+cqnews.net+or+lifeweek.com.cn+or+cpd.com.cn+or+haiwainet.cn+or+yidianzixun.com+or+ftchinese.com+or+guancha.cn+or+zhcw.com+or+huanqiu.com+or+ihuawen.com+or+nytimes.com+or+flickr.com+or+quanjing.com+or+vcg.com+or+gettyimages.co.uk+or+paixin.com)+%e5%96%9c%e6%ac%a2&id=121BD423D00ECA3A3706E507BF60FD93620AFC21&simid=608041757193014643", 
            "hostPageUrl": "https://y.qq.com/n/yqq/album/000cFPKx3ZGzks.html", 
            "thumbnailUrl": "https://tse3.mm.bing.net/th?id=OIP.IUaeIMw5ezzadgdY4bGvBwAAAA&pid=Api", 
            "thumbnail": {
                "width": 300, 
                "height": 300
            }, 
            "contentSize": "16378 B"
        }, 
        {
            "contentUrl": "http://i2.sinaimg.cn/bb/2014/0716/U300P20DT20140716133217.jpg", 
            "insightsMetadata": {
                "pagesIncludingCount": 2, 
                "availableSizesCount": 1
            }, 
            "height": 450, 
            "accentColor": "B34A18", 
            "hostPageDisplayUrl": "baby.sina.com.cn/edu/14/1607/2014-07-16/1332274619.shtml", 
            "name": "绘本推荐－《我喜欢我的小毯子》_教育_新浪育儿_新浪网", 
            "width": 450, 
            "imageInsightsToken": "ccid_uNdVjHVc*mid_83A971C6DE1680115D4259DE979E31ABD2AB1B0C*simid_607985982772151655*thid_OIP.uNdVjHVc9102pcpm83fkTAHaHa", 
            "imageId": "83A971C6DE1680115D4259DE979E31ABD2AB1B0C", 
            "isFamilyFriendly": true, 
            "datePublished": "2018-10-11T09:58:00.0000000Z", 
            "encodingFormat": "jpeg", 
            "webSearchUrl": "https://www.bing.com/images/search?view=detailv2&FORM=OIIRPO&q=site%3a(thepaper.cn+or+chinadaily.com.cn+or+china.com.cn+or+chinanews.com+or+youth.cn+or+sina.com.cn+or+xinhuanet.com+or+cri.cn+or+163.com+or+cankaoxiaoxi.com+or+cctv.com+or+ifeng.com+or+qq.com+or+takungpao.com+or+people.com.cn+or+southcn.com+or+southcn.com+or+cnr.cn+or+people.com.cn+or+cyol.com+or+bjnews.com.cn+or+gmw.cn+or+dahe.cn+or+xfrb.com.cn+or+cqnews.net+or+lifeweek.com.cn+or+cpd.com.cn+or+haiwainet.cn+or+yidianzixun.com+or+ftchinese.com+or+guancha.cn+or+zhcw.com+or+huanqiu.com+or+ihuawen.com+or+nytimes.com+or+flickr.com+or+quanjing.com+or+vcg.com+or+gettyimages.co.uk+or+paixin.com)+%e5%96%9c%e6%ac%a2&id=83A971C6DE1680115D4259DE979E31ABD2AB1B0C&simid=607985982772151655", 
            "hostPageUrl": "http://baby.sina.com.cn/edu/14/1607/2014-07-16/1332274619.shtml", 
            "thumbnailUrl": "https://tse4.mm.bing.net/th?id=OIP.uNdVjHVc9102pcpm83fkTAHaHa&pid=Api", 
            "thumbnail": {
                "width": 474, 
                "height": 474
            }, 
            "contentSize": "39792 B"
        }, 
        {
            "contentUrl": "http://img4.cache.netease.com/lady/2015/8/5/201508051814538f762_550.jpg", 
            "insightsMetadata": {
                "pagesIncludingCount": 37, 
                "availableSizesCount": 12
            }, 
            "height": 550, 
            "accentColor": "C5BE06", 
            "hostPageDisplayUrl": "lady.163.com/15/0805/18/B09A5NQS00264OFI.html", 
            "name": "我不喜欢这世界 我只喜欢你_网易女人", 
            "width": 550, 
            "imageInsightsToken": "ccid_pIXkL1Jj*mid_9AB3B1BB24EE0C2C9975FC72783F2575EB486E76*simid_608038527384096678*thid_OIP.pIXkL1JjOQP3UfLb!_7qxfwHaHa", 
            "imageId": "9AB3B1BB24EE0C2C9975FC72783F2575EB486E76", 
            "isFamilyFriendly": true, 
            "datePublished": "2015-08-06T03:46:00.0000000Z", 
            "encodingFormat": "jpeg", 
            "webSearchUrl": "https://www.bing.com/images/search?view=detailv2&FORM=OIIRPO&q=site%3a(thepaper.cn+or+chinadaily.com.cn+or+china.com.cn+or+chinanews.com+or+youth.cn+or+sina.com.cn+or+xinhuanet.com+or+cri.cn+or+163.com+or+cankaoxiaoxi.com+or+cctv.com+or+ifeng.com+or+qq.com+or+takungpao.com+or+people.com.cn+or+southcn.com+or+southcn.com+or+cnr.cn+or+people.com.cn+or+cyol.com+or+bjnews.com.cn+or+gmw.cn+or+dahe.cn+or+xfrb.com.cn+or+cqnews.net+or+lifeweek.com.cn+or+cpd.com.cn+or+haiwainet.cn+or+yidianzixun.com+or+ftchinese.com+or+guancha.cn+or+zhcw.com+or+huanqiu.com+or+ihuawen.com+or+nytimes.com+or+flickr.com+or+quanjing.com+or+vcg.com+or+gettyimages.co.uk+or+paixin.com)+%e5%96%9c%e6%ac%a2&id=9AB3B1BB24EE0C2C9975FC72783F2575EB486E76&simid=608038527384096678", 
            "hostPageUrl": "http://lady.163.com/15/0805/18/B09A5NQS00264OFI.html", 
            "thumbnailUrl": "https://tse2.mm.bing.net/th?id=OIP.pIXkL1JjOQP3UfLb_7qxfwHaHa&pid=Api", 
            "thumbnail": {
                "width": 474, 
                "height": 474
            }, 
            "contentSize": "43518 B"
        }, 
        {
            "contentUrl": "http://img3.cache.netease.com/ent/2014/12/5/20141205120335c45cf_550.jpg", 
            "insightsMetadata": {
                "pagesIncludingCount": 24, 
                "availableSizesCount": 14
            }, 
            "height": 393, 
            "accentColor": "B11A28", 
            "hostPageDisplayUrl": "ent.163.com/14/1205/12/ACMVF95F00031GVS.html", 
            "name": "《偏偏喜欢你》首曝片花 热血青春正能量_网易娱乐", 
            "width": 550, 
            "imageInsightsToken": "ccid_avGFKhZE*mid_F00F33DDCC983994E511FA1A996F4F804D9D52B9*simid_608022687571444331*thid_OIP.avGFKhZEWy492szDdTZxGAHaFS", 
            "imageId": "F00F33DDCC983994E511FA1A996F4F804D9D52B9", 
            "isFamilyFriendly": true, 
            "datePublished": "2014-12-05T04:37:00.0000000Z", 
            "encodingFormat": "jpeg", 
            "webSearchUrl": "https://www.bing.com/images/search?view=detailv2&FORM=OIIRPO&q=site%3a(thepaper.cn+or+chinadaily.com.cn+or+china.com.cn+or+chinanews.com+or+youth.cn+or+sina.com.cn+or+xinhuanet.com+or+cri.cn+or+163.com+or+cankaoxiaoxi.com+or+cctv.com+or+ifeng.com+or+qq.com+or+takungpao.com+or+people.com.cn+or+southcn.com+or+southcn.com+or+cnr.cn+or+people.com.cn+or+cyol.com+or+bjnews.com.cn+or+gmw.cn+or+dahe.cn+or+xfrb.com.cn+or+cqnews.net+or+lifeweek.com.cn+or+cpd.com.cn+or+haiwainet.cn+or+yidianzixun.com+or+ftchinese.com+or+guancha.cn+or+zhcw.com+or+huanqiu.com+or+ihuawen.com+or+nytimes.com+or+flickr.com+or+quanjing.com+or+vcg.com+or+gettyimages.co.uk+or+paixin.com)+%e5%96%9c%e6%ac%a2&id=F00F33DDCC983994E511FA1A996F4F804D9D52B9&simid=608022687571444331", 
            "hostPageUrl": "http://ent.163.com/14/1205/12/ACMVF95F00031GVS.html", 
            "thumbnailUrl": "https://tse1.mm.bing.net/th?id=OIP.avGFKhZEWy492szDdTZxGAHaFS&pid=Api", 
            "thumbnail": {
                "width": 474, 
                "height": 338
            }, 
            "contentSize": "46501 B"
        }, 
        {
            "contentUrl": "http://img1.gtimg.com/kid/pics/hv1/4/207/734/47781139.jpg", 
            "insightsMetadata": {
                "pagesIncludingCount": 24, 
                "availableSizesCount": 11
            }, 
            "height": 550, 
            "accentColor": "A42927", 
            "hostPageDisplayUrl": "kid.qq.com/a/20120928/000025.htm", 
            "name": "(小考满分作文)我喜欢夏天_腾讯儿童_腾讯网", 
            "width": 550, 
            "imageInsightsToken": "ccid_5YYQs2jx*mid_4F3423992D5AD8E3892A9DD2880B65056124E1F6*simid_608018409739716554*thid_OIP.5YYQs2jxggwM1eZhi8AuvAHaHa", 
            "imageId": "4F3423992D5AD8E3892A9DD2880B65056124E1F6", 
            "isFamilyFriendly": true, 
            "datePublished": "2018-09-01T13:30:00.0000000Z", 
            "encodingFormat": "jpeg", 
            "webSearchUrl": "https://www.bing.com/images/search?view=detailv2&FORM=OIIRPO&q=site%3a(thepaper.cn+or+chinadaily.com.cn+or+china.com.cn+or+chinanews.com+or+youth.cn+or+sina.com.cn+or+xinhuanet.com+or+cri.cn+or+163.com+or+cankaoxiaoxi.com+or+cctv.com+or+ifeng.com+or+qq.com+or+takungpao.com+or+people.com.cn+or+southcn.com+or+southcn.com+or+cnr.cn+or+people.com.cn+or+cyol.com+or+bjnews.com.cn+or+gmw.cn+or+dahe.cn+or+xfrb.com.cn+or+cqnews.net+or+lifeweek.com.cn+or+cpd.com.cn+or+haiwainet.cn+or+yidianzixun.com+or+ftchinese.com+or+guancha.cn+or+zhcw.com+or+huanqiu.com+or+ihuawen.com+or+nytimes.com+or+flickr.com+or+quanjing.com+or+vcg.com+or+gettyimages.co.uk+or+paixin.com)+%e5%96%9c%e6%ac%a2&id=4F3423992D5AD8E3892A9DD2880B65056124E1F6&simid=608018409739716554", 
            "hostPageUrl": "http://kid.qq.com/a/20120928/000025.htm", 
            "thumbnailUrl": "https://tse4.mm.bing.net/th?id=OIP.5YYQs2jxggwM1eZhi8AuvAHaHa&pid=Api", 
            "thumbnail": {
                "width": 474, 
                "height": 474
            }, 
            "contentSize": "43925 B"
        }
    ], 
    "nextOffset": 10, 
    "queryContext": {
        "alterationMethod": "AM_JustChangeIt", 
        "alterationType": "CombinedAlterationsChained", 
        "originalQuery": "site:(thepaper.cn or chinadaily.com.cn or china.com.cn or chinanews.com or youth.cn or sina.com.cn or xinhuanet.com or cri.cn or 163.com or cankaoxiaoxi.com or cctv.com or ifeng.com or qq.com or takungpao.com or people.com.cn or southcn.com or southcn.com or cnr.cn or people.com.cn or cyol.com or bjnews.com.cn or gmw.cn or dahe.cn or xfrb.com.cn or cqnews.net or lifeweek.com.cn or cpd.com.cn or haiwainet.cn or yidianzixun.com or ftchinese.com or guancha.cn or zhcw.com or huanqiu.com or ihuawen.com or nytimes.com or flickr.com or quanjing.com or vcg.com or gettyimages.co.uk or paixin.com) 喜欢", 
        "alterationOverrideQuery": "+site:(thepaper.cn or chinadaily.com.cn or china.com.cn or chinanews.com or youth.cn or sina.com.cn or xinhuanet.com or cri.cn or 163.com or cankaoxiaoxi.com or cctv.com or ifeng.com or qq.com or takungpao.com or people.com.cn or southcn.com or southcn.com or cnr.cn or people.com.cn or cyol.com or bjnews.com.cn or gmw.cn or dahe.cn or xfrb.com.cn or cqnews.net or lifeweek.com.cn or cpd.com.cn or haiwainet.cn or yidianzixun.com or ftchinese.com or guancha.cn or zhcw.com or huanqiu.com or ihuawen.com or nytimes.com or flickr.com or quanjing.com or vcg.com or gettyimages.co.uk or paixin.com) 喜欢", 
        "alterationDisplayQuery": "喜欢"
    }, 
    "currentOffset": 0, 
    "readLink": "images/search?q=site:(thepaper.cn or chinadaily.com.cn or china.com.cn or chinanews.com or youth.cn or sina.com.cn or xinhuanet.com or cri.cn or 163.com or cankaoxiaoxi.com or cctv.com or ifeng.com or qq.com or takungpao.com or people.com.cn or southcn.com or southcn.com or cnr.cn or people.com.cn or cyol.com or bjnews.com.cn or gmw.cn or dahe.cn or xfrb.com.cn or cqnews.net or lifeweek.com.cn or cpd.com.cn or haiwainet.cn or yidianzixun.com or ftchinese.com or guancha.cn or zhcw.com or huanqiu.com or ihuawen.com or nytimes.com or flickr.com or quanjing.com or vcg.com or gettyimages.co.uk or paixin.com) 喜欢", 
    "totalEstimatedMatches": 100, 
    "relatedSearches": [
        {
            "text": "我喜欢你", 
            "displayText": "我喜欢你", 
            "thumbnail": {
                "thumbnailUrl": "https://tse4.mm.bing.net/th?q=%e6%88%91%e5%96%9c%e6%ac%a2%e4%bd%a0&pid=Api&mkt=zh-CN&adlt=strict&t=1"
            }, 
            "searchLink": "https://api.cognitive.microsoft.com/api/v7/images/search?q=%e6%88%91%e5%96%9c%e6%ac%a2%e4%bd%a0", 
            "webSearchUrl": "https://www.bing.com/images/search?q=%e6%88%91%e5%96%9c%e6%ac%a2%e4%bd%a0&FORM=IRPATC"
        }, 
        {
            "text": "喜欢表情", 
            "displayText": "喜欢表情", 
            "thumbnail": {
                "thumbnailUrl": "https://tse2.mm.bing.net/th?q=%e5%96%9c%e6%ac%a2%e8%a1%a8%e6%83%85&pid=Api&mkt=zh-CN&adlt=strict&t=1"
            }, 
            "searchLink": "https://api.cognitive.microsoft.com/api/v7/images/search?q=%e5%96%9c%e6%ac%a2%e8%a1%a8%e6%83%85", 
            "webSearchUrl": "https://www.bing.com/images/search?q=%e5%96%9c%e6%ac%a2%e8%a1%a8%e6%83%85&FORM=IRPATC"
        }, 
        {
            "text": "儿童喜欢的图片", 
            "displayText": "儿童喜欢的图片", 
            "thumbnail": {
                "thumbnailUrl": "https://tse4.mm.bing.net/th?q=%e5%84%bf%e7%ab%a5%e5%96%9c%e6%ac%a2%e7%9a%84%e5%9b%be%e7%89%87&pid=Api&mkt=zh-CN&adlt=strict&t=1"
            }, 
            "searchLink": "https://api.cognitive.microsoft.com/api/v7/images/search?q=%e5%84%bf%e7%ab%a5%e5%96%9c%e6%ac%a2%e7%9a%84%e5%9b%be%e7%89%87", 
            "webSearchUrl": "https://www.bing.com/images/search?q=%e5%84%bf%e7%ab%a5%e5%96%9c%e6%ac%a2%e7%9a%84%e5%9b%be%e7%89%87&FORM=IRPATC"
        }, 
        {
            "text": "狠狠撸我喜欢", 
            "displayText": "狠狠撸我喜欢", 
            "thumbnail": {
                "thumbnailUrl": "https://tse2.mm.bing.net/th?q=%e7%8b%a0%e7%8b%a0%e6%92%b8%e6%88%91%e5%96%9c%e6%ac%a2&pid=Api&mkt=zh-CN&adlt=strict&t=1"
            }, 
            "searchLink": "https://api.cognitive.microsoft.com/api/v7/images/search?q=%e7%8b%a0%e7%8b%a0%e6%92%b8%e6%88%91%e5%96%9c%e6%ac%a2", 
            "webSearchUrl": "https://www.bing.com/images/search?q=%e7%8b%a0%e7%8b%a0%e6%92%b8%e6%88%91%e5%96%9c%e6%ac%a2&FORM=IRPATC"
        }, 
        {
            "text": "喜欢被捆绑的美女", 
            "displayText": "喜欢被捆绑的美女", 
            "thumbnail": {
                "thumbnailUrl": "https://tse2.mm.bing.net/th?q=%e5%96%9c%e6%ac%a2%e8%a2%ab%e6%8d%86%e7%bb%91%e7%9a%84%e7%be%8e%e5%a5%b3&pid=Api&mkt=zh-CN&adlt=strict&t=1"
            }, 
            "searchLink": "https://api.cognitive.microsoft.com/api/v7/images/search?q=%e5%96%9c%e6%ac%a2%e8%a2%ab%e6%8d%86%e7%bb%91%e7%9a%84%e7%be%8e%e5%a5%b3", 
            "webSearchUrl": "https://www.bing.com/images/search?q=%e5%96%9c%e6%ac%a2%e8%a2%ab%e6%8d%86%e7%bb%91%e7%9a%84%e7%be%8e%e5%a5%b3&FORM=IRPATC"
        }, 
        {
            "text": "魏晨喜欢郑爽", 
            "displayText": "魏晨喜欢郑爽", 
            "thumbnail": {
                "thumbnailUrl": "https://tse4.mm.bing.net/th?q=%e9%ad%8f%e6%99%a8%e5%96%9c%e6%ac%a2%e9%83%91%e7%88%bd&pid=Api&mkt=zh-CN&adlt=strict&t=1"
            }, 
            "searchLink": "https://api.cognitive.microsoft.com/api/v7/images/search?q=%e9%ad%8f%e6%99%a8%e5%96%9c%e6%ac%a2%e9%83%91%e7%88%bd", 
            "webSearchUrl": "https://www.bing.com/images/search?q=%e9%ad%8f%e6%99%a8%e5%96%9c%e6%ac%a2%e9%83%91%e7%88%bd&FORM=IRPATC"
        }, 
        {
            "text": "林更新喜欢刘诗诗", 
            "displayText": "林更新喜欢刘诗诗", 
            "thumbnail": {
                "thumbnailUrl": "https://tse2.mm.bing.net/th?q=%e6%9e%97%e6%9b%b4%e6%96%b0%e5%96%9c%e6%ac%a2%e5%88%98%e8%af%97%e8%af%97&pid=Api&mkt=zh-CN&adlt=strict&t=1"
            }, 
            "searchLink": "https://api.cognitive.microsoft.com/api/v7/images/search?q=%e6%9e%97%e6%9b%b4%e6%96%b0%e5%96%9c%e6%ac%a2%e5%88%98%e8%af%97%e8%af%97", 
            "webSearchUrl": "https://www.bing.com/images/search?q=%e6%9e%97%e6%9b%b4%e6%96%b0%e5%96%9c%e6%ac%a2%e5%88%98%e8%af%97%e8%af%97&FORM=IRPATC"
        }, 
        {
            "text": "喜欢真人幼幼", 
            "displayText": "喜欢真人幼幼", 
            "thumbnail": {
                "thumbnailUrl": "https://tse4.mm.bing.net/th?q=%e5%96%9c%e6%ac%a2%e7%9c%9f%e4%ba%ba%e5%b9%bc%e5%b9%bc&pid=Api&mkt=zh-CN&adlt=strict&t=1"
            }, 
            "searchLink": "https://api.cognitive.microsoft.com/api/v7/images/search?q=%e5%96%9c%e6%ac%a2%e7%9c%9f%e4%ba%ba%e5%b9%bc%e5%b9%bc", 
            "webSearchUrl": "https://www.bing.com/images/search?q=%e5%96%9c%e6%ac%a2%e7%9c%9f%e4%ba%ba%e5%b9%bc%e5%b9%bc&FORM=IRPATC"
        }, 
        {
            "text": "世勋喜欢鹿晗", 
            "displayText": "世勋喜欢鹿晗", 
            "thumbnail": {
                "thumbnailUrl": "https://tse2.mm.bing.net/th?q=%e4%b8%96%e5%8b%8b%e5%96%9c%e6%ac%a2%e9%b9%bf%e6%99%97&pid=Api&mkt=zh-CN&adlt=strict&t=1"
            }, 
            "searchLink": "https://api.cognitive.microsoft.com/api/v7/images/search?q=%e4%b8%96%e5%8b%8b%e5%96%9c%e6%ac%a2%e9%b9%bf%e6%99%97", 
            "webSearchUrl": "https://www.bing.com/images/search?q=%e4%b8%96%e5%8b%8b%e5%96%9c%e6%ac%a2%e9%b9%bf%e6%99%97&FORM=IRPATC"
        }, 
        {
            "text": "喜欢就是喜欢", 
            "displayText": "喜欢就是喜欢", 
            "thumbnail": {
                "thumbnailUrl": "https://tse3.mm.bing.net/th?q=%e5%96%9c%e6%ac%a2%e5%b0%b1%e6%98%af%e5%96%9c%e6%ac%a2&pid=Api&mkt=zh-CN&adlt=strict&t=1"
            }, 
            "searchLink": "https://api.cognitive.microsoft.com/api/v7/images/search?q=%e5%96%9c%e6%ac%a2%e5%b0%b1%e6%98%af%e5%96%9c%e6%ac%a2", 
            "webSearchUrl": "https://www.bing.com/images/search?q=%e5%96%9c%e6%ac%a2%e5%b0%b1%e6%98%af%e5%96%9c%e6%ac%a2&FORM=IRPATC"
        }, 
        {
            "text": "袁姗姗喜欢陈晓", 
            "displayText": "袁姗姗喜欢陈晓", 
            "thumbnail": {
                "thumbnailUrl": "https://tse1.mm.bing.net/th?q=%e8%a2%81%e5%a7%97%e5%a7%97%e5%96%9c%e6%ac%a2%e9%99%88%e6%99%93&pid=Api&mkt=zh-CN&adlt=strict&t=1"
            }, 
            "searchLink": "https://api.cognitive.microsoft.com/api/v7/images/search?q=%e8%a2%81%e5%a7%97%e5%a7%97%e5%96%9c%e6%ac%a2%e9%99%88%e6%99%93", 
            "webSearchUrl": "https://www.bing.com/images/search?q=%e8%a2%81%e5%a7%97%e5%a7%97%e5%96%9c%e6%ac%a2%e9%99%88%e6%99%93&FORM=IRPATC"
        }, 
        {
            "text": "狠狠撸 撸你喜欢", 
            "displayText": "狠狠撸 撸你喜欢", 
            "thumbnail": {
                "thumbnailUrl": "https://tse1.mm.bing.net/th?q=%e7%8b%a0%e7%8b%a0%e6%92%b8+%e6%92%b8%e4%bd%a0%e5%96%9c%e6%ac%a2&pid=Api&mkt=zh-CN&adlt=strict&t=1"
            }, 
            "searchLink": "https://api.cognitive.microsoft.com/api/v7/images/search?q=%e7%8b%a0%e7%8b%a0%e6%92%b8+%e6%92%b8%e4%bd%a0%e5%96%9c%e6%ac%a2", 
            "webSearchUrl": "https://www.bing.com/images/search?q=%e7%8b%a0%e7%8b%a0%e6%92%b8+%e6%92%b8%e4%bd%a0%e5%96%9c%e6%ac%a2&FORM=IRPATC"
        }, 
        {
            "text": "我喜欢的风格美", 
            "displayText": "我喜欢的风格美", 
            "thumbnail": {
                "thumbnailUrl": "https://tse4.mm.bing.net/th?q=%e6%88%91%e5%96%9c%e6%ac%a2%e7%9a%84%e9%a3%8e%e6%a0%bc%e7%be%8e&pid=Api&mkt=zh-CN&adlt=strict&t=1"
            }, 
            "searchLink": "https://api.cognitive.microsoft.com/api/v7/images/search?q=%e6%88%91%e5%96%9c%e6%ac%a2%e7%9a%84%e9%a3%8e%e6%a0%bc%e7%be%8e", 
            "webSearchUrl": "https://www.bing.com/images/search?q=%e6%88%91%e5%96%9c%e6%ac%a2%e7%9a%84%e9%a3%8e%e6%a0%bc%e7%be%8e&FORM=IRPATC"
        }, 
        {
            "text": "守护甜心几斗喜欢谁", 
            "displayText": "守护甜心几斗喜欢谁", 
            "thumbnail": {
                "thumbnailUrl": "https://tse4.mm.bing.net/th?q=%e5%ae%88%e6%8a%a4%e7%94%9c%e5%bf%83%e5%87%a0%e6%96%97%e5%96%9c%e6%ac%a2%e8%b0%81&pid=Api&mkt=zh-CN&adlt=strict&t=1"
            }, 
            "searchLink": "https://api.cognitive.microsoft.com/api/v7/images/search?q=%e5%ae%88%e6%8a%a4%e7%94%9c%e5%bf%83%e5%87%a0%e6%96%97%e5%96%9c%e6%ac%a2%e8%b0%81", 
            "webSearchUrl": "https://www.bing.com/images/search?q=%e5%ae%88%e6%8a%a4%e7%94%9c%e5%bf%83%e5%87%a0%e6%96%97%e5%96%9c%e6%ac%a2%e8%b0%81&FORM=IRPATC"
        }
    ]
}