{
    "instrumentation": {
        "_type": "ResponseInstrumentation"
    }, 
    "_type": "Images", 
    "webSearchUrl": "https://www.bing.com/images/search?q=site:(thepaper.cn or chinadaily.com.cn or china.com.cn or chinanews.com or youth.cn or sina.com.cn or xinhuanet.com or cri.cn or 163.com or cankaoxiaoxi.com or cctv.com or ifeng.com or qq.com or takungpao.com or people.com.cn or southcn.com or southcn.com or cnr.cn or people.com.cn or cyol.com or bjnews.com.cn or gmw.cn or dahe.cn or xfrb.com.cn or cqnews.net or lifeweek.com.cn or cpd.com.cn or haiwainet.cn or yidianzixun.com or ftchinese.com or guancha.cn or zhcw.com or huanqiu.com or ihuawen.com or nytimes.com or flickr.com or quanjing.com or vcg.com or gettyimages.co.uk or paixin.com) 是因为 机会&FORM=OIIARP", 
    "value": [
        {
            "contentUrl": "http://img1.cache.netease.com/lady/2014/3/20/201403202357282b703.jpg", 
            "insightsMetadata": {
                "pagesIncludingCount": 2, 
                "availableSizesCount": 1
            }, 
            "height": 369, 
            "accentColor": "926639", 
            "hostPageDisplayUrl": "lady.163.com/14/0320/23/9NQNQS1B00264NDR.html", 
            "name": "因为你是女的_网易女人", 
            "width": 362, 
            "imageInsightsToken": "ccid_qXOKNy8U*mid_6D7E788DF6E0E26324A9D0847ED9DAD9CCC6C481*simid_608050445923845868*thid_OIP.qXOKNy8UZ9vI2X8Kwn0vwgAAAA", 
            "imageId": "6D7E788DF6E0E26324A9D0847ED9DAD9CCC6C481", 
            "isFamilyFriendly": true, 
            "datePublished": "2014-03-20T16:04:00.0000000Z", 
            "encodingFormat": "jpeg", 
            "webSearchUrl": "https://www.bing.com/images/search?view=detailv2&FORM=OIIRPO&q=site%3a(thepaper.cn+or+chinadaily.com.cn+or+china.com.cn+or+chinanews.com+or+youth.cn+or+sina.com.cn+or+xinhuanet.com+or+cri.cn+or+163.com+or+cankaoxiaoxi.com+or+cctv.com+or+ifeng.com+or+qq.com+or+takungpao.com+or+people.com.cn+or+southcn.com+or+southcn.com+or+cnr.cn+or+people.com.cn+or+cyol.com+or+bjnews.com.cn+or+gmw.cn+or+dahe.cn+or+xfrb.com.cn+or+cqnews.net+or+lifeweek.com.cn+or+cpd.com.cn+or+haiwainet.cn+or+yidianzixun.com+or+ftchinese.com+or+guancha.cn+or+zhcw.com+or+huanqiu.com+or+ihuawen.com+or+nytimes.com+or+flickr.com+or+quanjing.com+or+vcg.com+or+gettyimages.co.uk+or+paixin.com)+%e6%98%af%e5%9b%a0%e4%b8%ba+%e6%9c%ba%e4%bc%9a&id=6D7E788DF6E0E26324A9D0847ED9DAD9CCC6C481&simid=608050445923845868", 
            "hostPageUrl": "http://lady.163.com/14/0320/23/9NQNQS1B00264NDR.html", 
            "thumbnailUrl": "https://tse4.mm.bing.net/th?id=OIP.qXOKNy8UZ9vI2X8Kwn0vwgAAAA&pid=Api", 
            "thumbnail": {
                "width": 362, 
                "height": 369
            }, 
            "contentSize": "26736 B"
        }, 
        {
            "contentUrl": "http://i0.sinaimg.cn/dy/slidenews/2_img/2015_21/792_1503504_132254.jpg", 
            "insightsMetadata": {
                "pagesIncludingCount": 2, 
                "availableSizesCount": 3
            }, 
            "height": 648, 
            "accentColor": "304168", 
            "hostPageDisplayUrl": "sports.sina.com.cn/cba/2016-02-02/doc-ifxnzanm3998397.shtml", 
            "name": "王非盼有机会掌北京球队 没去看首钢是因为…_CBA_新浪竞技风暴 ...", 
            "width": 948, 
            "imageInsightsToken": "ccid_vNQ+ocy+*mid_8C4F6BFB99AB46209ECC88216F5C9F1D01F95ECA*simid_608015313130686256*thid_OIP.vNQ-ocy-sD3UY0KcuvCVPwHaFE", 
            "imageId": "8C4F6BFB99AB46209ECC88216F5C9F1D01F95ECA", 
            "isFamilyFriendly": true, 
            "datePublished": "2016-02-02T03:04:00.0000000Z", 
            "encodingFormat": "jpeg", 
            "webSearchUrl": "https://www.bing.com/images/search?view=detailv2&FORM=OIIRPO&q=site%3a(thepaper.cn+or+chinadaily.com.cn+or+china.com.cn+or+chinanews.com+or+youth.cn+or+sina.com.cn+or+xinhuanet.com+or+cri.cn+or+163.com+or+cankaoxiaoxi.com+or+cctv.com+or+ifeng.com+or+qq.com+or+takungpao.com+or+people.com.cn+or+southcn.com+or+southcn.com+or+cnr.cn+or+people.com.cn+or+cyol.com+or+bjnews.com.cn+or+gmw.cn+or+dahe.cn+or+xfrb.com.cn+or+cqnews.net+or+lifeweek.com.cn+or+cpd.com.cn+or+haiwainet.cn+or+yidianzixun.com+or+ftchinese.com+or+guancha.cn+or+zhcw.com+or+huanqiu.com+or+ihuawen.com+or+nytimes.com+or+flickr.com+or+quanjing.com+or+vcg.com+or+gettyimages.co.uk+or+paixin.com)+%e6%98%af%e5%9b%a0%e4%b8%ba+%e6%9c%ba%e4%bc%9a&id=8C4F6BFB99AB46209ECC88216F5C9F1D01F95ECA&simid=608015313130686256", 
            "hostPageUrl": "http://sports.sina.com.cn/cba/2016-02-02/doc-ifxnzanm3998397.shtml", 
            "thumbnailUrl": "https://tse4.mm.bing.net/th?id=OIP.vNQ-ocy-sD3UY0KcuvCVPwHaFE&pid=Api", 
            "thumbnail": {
                "width": 474, 
                "height": 324
            }, 
            "contentSize": "114639 B"
        }, 
        {
            "contentUrl": "http://zqb.cyol.com/images/2013-02/26/11/res04_attpic_brief.jpg", 
            "insightsMetadata": {
                "pagesIncludingCount": 1, 
                "availableSizesCount": 1
            }, 
            "height": 551, 
            "accentColor": "666666", 
            "hostPageDisplayUrl": "zqb.cyol.com/html/2013-02/26/nw.D110000zgqnb_20130226_2...", 
            "name": "机会来临时你挂几挡-中国青年报", 
            "width": 400, 
            "imageInsightsToken": "ccid_LViYT+k6*mid_A56292F2E8E2920B1650341ADC8BE7EE26A65845*simid_608036444316565714*thid_OIP.LViYT-k6znT1UgxHTaGOagHaKM", 
            "imageId": "A56292F2E8E2920B1650341ADC8BE7EE26A65845", 
            "isFamilyFriendly": true, 
            "datePublished": "2018-08-10T14:04:00.0000000Z", 
            "encodingFormat": "jpeg", 
            "webSearchUrl": "https://www.bing.com/images/search?view=detailv2&FORM=OIIRPO&q=site%3a(thepaper.cn+or+chinadaily.com.cn+or+china.com.cn+or+chinanews.com+or+youth.cn+or+sina.com.cn+or+xinhuanet.com+or+cri.cn+or+163.com+or+cankaoxiaoxi.com+or+cctv.com+or+ifeng.com+or+qq.com+or+takungpao.com+or+people.com.cn+or+southcn.com+or+southcn.com+or+cnr.cn+or+people.com.cn+or+cyol.com+or+bjnews.com.cn+or+gmw.cn+or+dahe.cn+or+xfrb.com.cn+or+cqnews.net+or+lifeweek.com.cn+or+cpd.com.cn+or+haiwainet.cn+or+yidianzixun.com+or+ftchinese.com+or+guancha.cn+or+zhcw.com+or+huanqiu.com+or+ihuawen.com+or+nytimes.com+or+flickr.com+or+quanjing.com+or+vcg.com+or+gettyimages.co.uk+or+paixin.com)+%e6%98%af%e5%9b%a0%e4%b8%ba+%e6%9c%ba%e4%bc%9a&id=A56292F2E8E2920B1650341ADC8BE7EE26A65845&simid=608036444316565714", 
            "hostPageUrl": "http://zqb.cyol.com/html/2013-02/26/nw.D110000zgqnb_20130226_2-11.htm", 
            "thumbnailUrl": "https://tse4.mm.bing.net/th?id=OIP.LViYT-k6znT1UgxHTaGOagHaKM&pid=Api", 
            "thumbnail": {
                "width": 474, 
                "height": 652
            }, 
            "contentSize": "28665 B"
        }, 
        {
            "contentUrl": "http://p0.ifengimg.com/pmop/2017/0811/2AA2CDC5D0C9E9C069C777E8AFED52CEE06BEA8C_size17_w640_h360.jpeg", 
            "insightsMetadata": {
                "pagesIncludingCount": 1, 
                "availableSizesCount": 1
            }, 
            "height": 360, 
            "accentColor": "335098", 
            "hostPageDisplayUrl": "sports.ifeng.com/a/20170812/51616227_0.shtml", 
            "name": "穷人版波神已是最强上限 周琦对火箭影响不出这5点_凤凰体育", 
            "width": 640, 
            "imageInsightsToken": "ccid_PltueLiE*mid_4EAB2586DF72D307754860AD0051601F81CC5C1C*simid_608019801298962671*thid_OIP.PltueLiEvemCiX3qZ4Os!_wHaEK", 
            "imageId": "4EAB2586DF72D307754860AD0051601F81CC5C1C", 
            "isFamilyFriendly": false, 
            "datePublished": "2017-08-11T17:25:00.0000000Z", 
            "encodingFormat": "jpeg", 
            "webSearchUrl": "https://www.bing.com/images/search?view=detailv2&FORM=OIIRPO&q=site%3a(thepaper.cn+or+chinadaily.com.cn+or+china.com.cn+or+chinanews.com+or+youth.cn+or+sina.com.cn+or+xinhuanet.com+or+cri.cn+or+163.com+or+cankaoxiaoxi.com+or+cctv.com+or+ifeng.com+or+qq.com+or+takungpao.com+or+people.com.cn+or+southcn.com+or+southcn.com+or+cnr.cn+or+people.com.cn+or+cyol.com+or+bjnews.com.cn+or+gmw.cn+or+dahe.cn+or+xfrb.com.cn+or+cqnews.net+or+lifeweek.com.cn+or+cpd.com.cn+or+haiwainet.cn+or+yidianzixun.com+or+ftchinese.com+or+guancha.cn+or+zhcw.com+or+huanqiu.com+or+ihuawen.com+or+nytimes.com+or+flickr.com+or+quanjing.com+or+vcg.com+or+gettyimages.co.uk+or+paixin.com)+%e6%98%af%e5%9b%a0%e4%b8%ba+%e6%9c%ba%e4%bc%9a&id=4EAB2586DF72D307754860AD0051601F81CC5C1C&simid=608019801298962671", 
            "hostPageUrl": "http://sports.ifeng.com/a/20170812/51616227_0.shtml", 
            "thumbnailUrl": "https://tse4.explicit.bing.net/th?id=OIP.PltueLiEvemCiX3qZ4Os_wHaEK&pid=Api", 
            "thumbnail": {
                "width": 474, 
                "height": 266
            }, 
            "contentSize": "18296 B"
        }, 
        {
            "contentUrl": "http://n.sinaimg.cn/games/crawl/20171124/0VPZ-fypathz5520375.jpg", 
            "insightsMetadata": {
                "pagesIncludingCount": 1, 
                "availableSizesCount": 1
            }, 
            "height": 317, 
            "accentColor": "5D3B90", 
            "hostPageDisplayUrl": "games.sina.com.cn/o/n/2017-11-24/fypatmw5845376.shtml", 
            "name": "小虎调侃替补打野：不是因为五五开你怎么有机会进RNG_网络游戏 ...", 
            "width": 500, 
            "imageInsightsToken": "ccid_phyG+i8K*mid_DCC74E514E4D6F5057B07E0F421FA184A0F63E6E*simid_607988637036381240*thid_OIP.phyG-i8Kc1fcIyKeC656jgHaEs", 
            "imageId": "DCC74E514E4D6F5057B07E0F421FA184A0F63E6E", 
            "isFamilyFriendly": true, 
            "datePublished": "2017-11-24T07:22:00.0000000Z", 
            "encodingFormat": "jpeg", 
            "webSearchUrl": "https://www.bing.com/images/search?view=detailv2&FORM=OIIRPO&q=site%3a(thepaper.cn+or+chinadaily.com.cn+or+china.com.cn+or+chinanews.com+or+youth.cn+or+sina.com.cn+or+xinhuanet.com+or+cri.cn+or+163.com+or+cankaoxiaoxi.com+or+cctv.com+or+ifeng.com+or+qq.com+or+takungpao.com+or+people.com.cn+or+southcn.com+or+southcn.com+or+cnr.cn+or+people.com.cn+or+cyol.com+or+bjnews.com.cn+or+gmw.cn+or+dahe.cn+or+xfrb.com.cn+or+cqnews.net+or+lifeweek.com.cn+or+cpd.com.cn+or+haiwainet.cn+or+yidianzixun.com+or+ftchinese.com+or+guancha.cn+or+zhcw.com+or+huanqiu.com+or+ihuawen.com+or+nytimes.com+or+flickr.com+or+quanjing.com+or+vcg.com+or+gettyimages.co.uk+or+paixin.com)+%e6%98%af%e5%9b%a0%e4%b8%ba+%e6%9c%ba%e4%bc%9a&id=DCC74E514E4D6F5057B07E0F421FA184A0F63E6E&simid=607988637036381240", 
            "hostPageUrl": "http://games.sina.com.cn/o/n/2017-11-24/fypatmw5845376.shtml", 
            "thumbnailUrl": "https://tse1.mm.bing.net/th?id=OIP.phyG-i8Kc1fcIyKeC656jgHaEs&pid=Api", 
            "thumbnail": {
                "width": 474, 
                "height": 300
            }, 
            "contentSize": "22905 B"
        }, 
        {
            "contentUrl": "http://d.ifengimg.com/q75/img1.ugc.ifeng.com/newugc/20161129/image/20/201_0h6jJ1l004e_watermark0h6jJ1l004e.jpg", 
            "insightsMetadata": {
                "pagesIncludingCount": 1, 
                "availableSizesCount": 1
            }, 
            "height": 1133, 
            "accentColor": "B99712", 
            "hostPageDisplayUrl": "fashion.ifeng.com/a/20161130/40187003_6.shtml", 
            "name": "江疏影 杨幂冬天露腿的秘密都在这_凤凰时尚", 
            "width": 1024, 
            "imageInsightsToken": "ccid_wS6hr7t+*mid_5D7503799011C0D630D1EEF6333BA281983EC1A1*simid_608006817614924225*thid_OIP.wS6hr7t-Ii0gSYZIV3wVfQHaIM", 
            "imageId": "5D7503799011C0D630D1EEF6333BA281983EC1A1", 
            "isFamilyFriendly": true, 
            "datePublished": "2016-11-30T15:52:00.0000000Z", 
            "encodingFormat": "jpeg", 
            "webSearchUrl": "https://www.bing.com/images/search?view=detailv2&FORM=OIIRPO&q=site%3a(thepaper.cn+or+chinadaily.com.cn+or+china.com.cn+or+chinanews.com+or+youth.cn+or+sina.com.cn+or+xinhuanet.com+or+cri.cn+or+163.com+or+cankaoxiaoxi.com+or+cctv.com+or+ifeng.com+or+qq.com+or+takungpao.com+or+people.com.cn+or+southcn.com+or+southcn.com+or+cnr.cn+or+people.com.cn+or+cyol.com+or+bjnews.com.cn+or+gmw.cn+or+dahe.cn+or+xfrb.com.cn+or+cqnews.net+or+lifeweek.com.cn+or+cpd.com.cn+or+haiwainet.cn+or+yidianzixun.com+or+ftchinese.com+or+guancha.cn+or+zhcw.com+or+huanqiu.com+or+ihuawen.com+or+nytimes.com+or+flickr.com+or+quanjing.com+or+vcg.com+or+gettyimages.co.uk+or+paixin.com)+%e6%98%af%e5%9b%a0%e4%b8%ba+%e6%9c%ba%e4%bc%9a&id=5D7503799011C0D630D1EEF6333BA281983EC1A1&simid=608006817614924225", 
            "hostPageUrl": "http://fashion.ifeng.com/a/20161130/40187003_6.shtml", 
            "thumbnailUrl": "https://tse1.mm.bing.net/th?id=OIP.wS6hr7t-Ii0gSYZIV3wVfQHaIM&pid=Api", 
            "thumbnail": {
                "width": 474, 
                "height": 524
            }, 
            "contentSize": "128013 B"
        }, 
        {
            "contentUrl": "http://y0.ifengimg.com/a/2014_39/c48ba1540293ec0.jpg", 
            "insightsMetadata": {
                "pagesIncludingCount": 4, 
                "availableSizesCount": 2
            }, 
            "height": 360, 
            "accentColor": "0857C3", 
            "hostPageDisplayUrl": "finance.ifeng.com/a/20140924/13141628_0.shtml", 
            "name": "马云：中国贸易结构太烂了 给了阿里机会_凤凰财经", 
            "width": 640, 
            "imageInsightsToken": "ccid_hJXw07Bu*mid_5B813A815463FB6EB8BE6BD6B1750D6CDC427E68*simid_608056136714356148*thid_OIP.hJXw07BuJ8SBVZcxPvUtdwHaEK", 
            "imageId": "5B813A815463FB6EB8BE6BD6B1750D6CDC427E68", 
            "isFamilyFriendly": true, 
            "datePublished": "2018-11-05T17:43:00.0000000Z", 
            "encodingFormat": "jpeg", 
            "webSearchUrl": "https://www.bing.com/images/search?view=detailv2&FORM=OIIRPO&q=site%3a(thepaper.cn+or+chinadaily.com.cn+or+china.com.cn+or+chinanews.com+or+youth.cn+or+sina.com.cn+or+xinhuanet.com+or+cri.cn+or+163.com+or+cankaoxiaoxi.com+or+cctv.com+or+ifeng.com+or+qq.com+or+takungpao.com+or+people.com.cn+or+southcn.com+or+southcn.com+or+cnr.cn+or+people.com.cn+or+cyol.com+or+bjnews.com.cn+or+gmw.cn+or+dahe.cn+or+xfrb.com.cn+or+cqnews.net+or+lifeweek.com.cn+or+cpd.com.cn+or+haiwainet.cn+or+yidianzixun.com+or+ftchinese.com+or+guancha.cn+or+zhcw.com+or+huanqiu.com+or+ihuawen.com+or+nytimes.com+or+flickr.com+or+quanjing.com+or+vcg.com+or+gettyimages.co.uk+or+paixin.com)+%e6%98%af%e5%9b%a0%e4%b8%ba+%e6%9c%ba%e4%bc%9a&id=5B813A815463FB6EB8BE6BD6B1750D6CDC427E68&simid=608056136714356148", 
            "hostPageUrl": "http://finance.ifeng.com/a/20140924/13141628_0.shtml", 
            "thumbnailUrl": "https://tse3.mm.bing.net/th?id=OIP.hJXw07BuJ8SBVZcxPvUtdwHaEK&pid=Api", 
            "thumbnail": {
                "width": 474, 
                "height": 266
            }, 
            "contentSize": "46875 B"
        }, 
        {
            "contentUrl": "http://img1.gtimg.com/comic/pics/hv1/153/38/2059/133896318.jpg", 
            "insightsMetadata": {
                "pagesIncludingCount": 2, 
                "availableSizesCount": 1
            }, 
            "height": 281, 
            "accentColor": "383E67", 
            "hostPageDisplayUrl": "comic.qq.com/a/20160426/040044.htm", 
            "name": "街头采访日本人对白人素子的看法：并不是很care！_动漫_腾讯网", 
            "width": 500, 
            "imageInsightsToken": "ccid_WQwR9lg1*mid_B7CAC44154607112FE793CEEB159C2F7ED193987*simid_607992708668654762*thid_OIP.WQwR9lg1DMAkUr66Zt4y4AHaEK", 
            "imageId": "B7CAC44154607112FE793CEEB159C2F7ED193987", 
            "isFamilyFriendly": true, 
            "datePublished": "2016-04-26T06:58:00.0000000Z", 
            "encodingFormat": "jpeg", 
            "webSearchUrl": "https://www.bing.com/images/search?view=detailv2&FORM=OIIRPO&q=site%3a(thepaper.cn+or+chinadaily.com.cn+or+china.com.cn+or+chinanews.com+or+youth.cn+or+sina.com.cn+or+xinhuanet.com+or+cri.cn+or+163.com+or+cankaoxiaoxi.com+or+cctv.com+or+ifeng.com+or+qq.com+or+takungpao.com+or+people.com.cn+or+southcn.com+or+southcn.com+or+cnr.cn+or+people.com.cn+or+cyol.com+or+bjnews.com.cn+or+gmw.cn+or+dahe.cn+or+xfrb.com.cn+or+cqnews.net+or+lifeweek.com.cn+or+cpd.com.cn+or+haiwainet.cn+or+yidianzixun.com+or+ftchinese.com+or+guancha.cn+or+zhcw.com+or+huanqiu.com+or+ihuawen.com+or+nytimes.com+or+flickr.com+or+quanjing.com+or+vcg.com+or+gettyimages.co.uk+or+paixin.com)+%e6%98%af%e5%9b%a0%e4%b8%ba+%e6%9c%ba%e4%bc%9a&id=B7CAC44154607112FE793CEEB159C2F7ED193987&simid=607992708668654762", 
            "hostPageUrl": "http://comic.qq.com/a/20160426/040044.htm", 
            "thumbnailUrl": "https://tse2.mm.bing.net/th?id=OIP.WQwR9lg1DMAkUr66Zt4y4AHaEK&pid=Api", 
            "thumbnail": {
                "width": 474, 
                "height": 266
            }, 
            "contentSize": "30883 B"
        }, 
        {
            "contentUrl": "http://tpic.home.news.cn/xhForum/xhdisk003/M00/14/E3/wKhJClVS1EQEAAAAAAAAAAAAAAA205.jpg", 
            "insightsMetadata": {
                "pagesIncludingCount": 52, 
                "availableSizesCount": 25
            }, 
            "height": 600, 
            "accentColor": "7E4863", 
            "hostPageDisplayUrl": "blog.sina.com.cn/s/blog_dc93c5090102vluy.html", 
            "name": "千万别把人生的顺序搞反了_稳定性肥料工程技术研究中心_新浪博客", 
            "width": 600, 
            "imageInsightsToken": "ccid_s7kZUfYX*mid_05ACCD71E3D8F9B43D34C7670140CB6428E7F9E5*simid_607988271963505817*thid_OIP.s7kZUfYX8pnwErsiY88uaAEsEs", 
            "imageId": "05ACCD71E3D8F9B43D34C7670140CB6428E7F9E5", 
            "isFamilyFriendly": true, 
            "datePublished": "2015-05-14T12:00:00.0000000Z", 
            "encodingFormat": "jpeg", 
            "webSearchUrl": "https://www.bing.com/images/search?view=detailv2&FORM=OIIRPO&q=site%3a(thepaper.cn+or+chinadaily.com.cn+or+china.com.cn+or+chinanews.com+or+youth.cn+or+sina.com.cn+or+xinhuanet.com+or+cri.cn+or+163.com+or+cankaoxiaoxi.com+or+cctv.com+or+ifeng.com+or+qq.com+or+takungpao.com+or+people.com.cn+or+southcn.com+or+southcn.com+or+cnr.cn+or+people.com.cn+or+cyol.com+or+bjnews.com.cn+or+gmw.cn+or+dahe.cn+or+xfrb.com.cn+or+cqnews.net+or+lifeweek.com.cn+or+cpd.com.cn+or+haiwainet.cn+or+yidianzixun.com+or+ftchinese.com+or+guancha.cn+or+zhcw.com+or+huanqiu.com+or+ihuawen.com+or+nytimes.com+or+flickr.com+or+quanjing.com+or+vcg.com+or+gettyimages.co.uk+or+paixin.com)+%e6%98%af%e5%9b%a0%e4%b8%ba+%e6%9c%ba%e4%bc%9a&id=05ACCD71E3D8F9B43D34C7670140CB6428E7F9E5&simid=607988271963505817", 
            "hostPageUrl": "http://blog.sina.com.cn/s/blog_dc93c5090102vluy.html", 
            "thumbnailUrl": "https://tse2.mm.bing.net/th?id=OIP.s7kZUfYX8pnwErsiY88uaAEsEs&pid=Api", 
            "thumbnail": {
                "width": 300, 
                "height": 300
            }, 
            "contentSize": "57273 B"
        }, 
        {
            "contentUrl": "http://p2.ifengimg.com/cmpp/2016/09/20/05/eed25130-9a31-4183-b837-40da3ab9a7dd_size139_w400_h600.jpg", 
            "insightsMetadata": {
                "pagesIncludingCount": 1, 
                "availableSizesCount": 1
            }, 
            "height": 600, 
            "accentColor": "9E552D", 
            "hostPageDisplayUrl": "ent.ifeng.com/a/20160920/42686916_0.shtml", 
            "name": "如果上天再给她一次机会朱茵仍会选择现在的生活_娱乐频道_凤凰网", 
            "width": 400, 
            "imageInsightsToken": "ccid_8PASUB9a*mid_2568B61AEF8A3D6AA625FB612B34D12E903AD7D2*simid_608018959482358818*thid_OIP.8PASUB9aYShAyqAKr4OubwHaLH", 
            "imageId": "2568B61AEF8A3D6AA625FB612B34D12E903AD7D2", 
            "isFamilyFriendly": true, 
            "datePublished": "2019-02-06T13:08:00.0000000Z", 
            "encodingFormat": "jpeg", 
            "webSearchUrl": "https://www.bing.com/images/search?view=detailv2&FORM=OIIRPO&q=site%3a(thepaper.cn+or+chinadaily.com.cn+or+china.com.cn+or+chinanews.com+or+youth.cn+or+sina.com.cn+or+xinhuanet.com+or+cri.cn+or+163.com+or+cankaoxiaoxi.com+or+cctv.com+or+ifeng.com+or+qq.com+or+takungpao.com+or+people.com.cn+or+southcn.com+or+southcn.com+or+cnr.cn+or+people.com.cn+or+cyol.com+or+bjnews.com.cn+or+gmw.cn+or+dahe.cn+or+xfrb.com.cn+or+cqnews.net+or+lifeweek.com.cn+or+cpd.com.cn+or+haiwainet.cn+or+yidianzixun.com+or+ftchinese.com+or+guancha.cn+or+zhcw.com+or+huanqiu.com+or+ihuawen.com+or+nytimes.com+or+flickr.com+or+quanjing.com+or+vcg.com+or+gettyimages.co.uk+or+paixin.com)+%e6%98%af%e5%9b%a0%e4%b8%ba+%e6%9c%ba%e4%bc%9a&id=2568B61AEF8A3D6AA625FB612B34D12E903AD7D2&simid=608018959482358818", 
            "hostPageUrl": "http://ent.ifeng.com/a/20160920/42686916_0.shtml", 
            "thumbnailUrl": "https://tse3.mm.bing.net/th?id=OIP.8PASUB9aYShAyqAKr4OubwHaLH&pid=Api", 
            "thumbnail": {
                "width": 400, 
                "height": 600
            }, 
            "contentSize": "142459 B"
        }
    ], 
    "nextOffset": 11, 
    "queryContext": {
        "alterationMethod": "AM_JustChangeIt", 
        "alterationType": "CombinedAlterationsChained", 
        "originalQuery": "site:(thepaper.cn or chinadaily.com.cn or china.com.cn or chinanews.com or youth.cn or sina.com.cn or xinhuanet.com or cri.cn or 163.com or cankaoxiaoxi.com or cctv.com or ifeng.com or qq.com or takungpao.com or people.com.cn or southcn.com or southcn.com or cnr.cn or people.com.cn or cyol.com or bjnews.com.cn or gmw.cn or dahe.cn or xfrb.com.cn or cqnews.net or lifeweek.com.cn or cpd.com.cn or haiwainet.cn or yidianzixun.com or ftchinese.com or guancha.cn or zhcw.com or huanqiu.com or ihuawen.com or nytimes.com or flickr.com or quanjing.com or vcg.com or gettyimages.co.uk or paixin.com) 是因为 机会", 
        "alterationOverrideQuery": "+site:(thepaper.cn or chinadaily.com.cn or china.com.cn or chinanews.com or youth.cn or sina.com.cn or xinhuanet.com or cri.cn or 163.com or cankaoxiaoxi.com or cctv.com or ifeng.com or qq.com or takungpao.com or people.com.cn or southcn.com or southcn.com or cnr.cn or people.com.cn or cyol.com or bjnews.com.cn or gmw.cn or dahe.cn or xfrb.com.cn or cqnews.net or lifeweek.com.cn or cpd.com.cn or haiwainet.cn or yidianzixun.com or ftchinese.com or guancha.cn or zhcw.com or huanqiu.com or ihuawen.com or nytimes.com or flickr.com or quanjing.com or vcg.com or gettyimages.co.uk or paixin.com) 是因为 机会", 
        "alterationDisplayQuery": "是因为 机会"
    }, 
    "currentOffset": 0, 
    "readLink": "images/search?q=site:(thepaper.cn or chinadaily.com.cn or china.com.cn or chinanews.com or youth.cn or sina.com.cn or xinhuanet.com or cri.cn or 163.com or cankaoxiaoxi.com or cctv.com or ifeng.com or qq.com or takungpao.com or people.com.cn or southcn.com or southcn.com or cnr.cn or people.com.cn or cyol.com or bjnews.com.cn or gmw.cn or dahe.cn or xfrb.com.cn or cqnews.net or lifeweek.com.cn or cpd.com.cn or haiwainet.cn or yidianzixun.com or ftchinese.com or guancha.cn or zhcw.com or huanqiu.com or ihuawen.com or nytimes.com or flickr.com or quanjing.com or vcg.com or gettyimages.co.uk or paixin.com) 是因为 机会", 
    "totalEstimatedMatches": 100
}