{
    "instrumentation": {
        "_type": "ResponseInstrumentation"
    }, 
    "_type": "Images", 
    "webSearchUrl": "https://www.bing.com/images/search?q=site:(thepaper.cn or chinadaily.com.cn or china.com.cn or chinanews.com or youth.cn or sina.com.cn or xinhuanet.com or cri.cn or 163.com or cankaoxiaoxi.com or cctv.com or ifeng.com or qq.com or takungpao.com or people.com.cn or southcn.com or southcn.com or cnr.cn or people.com.cn or cyol.com or bjnews.com.cn or gmw.cn or dahe.cn or xfrb.com.cn or cqnews.net or lifeweek.com.cn or cpd.com.cn or haiwainet.cn or yidianzixun.com or ftchinese.com or guancha.cn or zhcw.com or huanqiu.com or ihuawen.com or nytimes.com or flickr.com or quanjing.com or vcg.com or gettyimages.co.uk or paixin.com) 杰克 带 家 赢得 政府 世界&FORM=OIIARP", 
    "value": [
        {
            "contentUrl": "http://himg2.huanqiu.com/saronscms/uploadfile/2015/0423/20150423012255711.jpg", 
            "insightsMetadata": {
                "pagesIncludingCount": 4, 
                "availableSizesCount": 1
            }, 
            "height": 601, 
            "accentColor": "336A1F", 
            "hostPageDisplayUrl": "go.huanqiu.com/html/2015/picture_0423/2218_3.html", 
            "name": "最受明星欢迎奢华度假胜地环球旅行_环球网", 
            "width": 962, 
            "imageInsightsToken": "ccid_QiPFgJir*mid_1830407A9AD7122DB23996EE8F6CD1CFBAF77711*simid_607991798128051172*thid_OIP.QiPFgJiroc-z0aS-Z6XLowHaEo", 
            "imageId": "1830407A9AD7122DB23996EE8F6CD1CFBAF77711", 
            "isFamilyFriendly": true, 
            "datePublished": "2018-10-08T11:35:00.0000000Z", 
            "encodingFormat": "jpeg", 
            "webSearchUrl": "https://www.bing.com/images/search?view=detailv2&FORM=OIIRPO&q=site%3a(thepaper.cn+or+chinadaily.com.cn+or+china.com.cn+or+chinanews.com+or+youth.cn+or+sina.com.cn+or+xinhuanet.com+or+cri.cn+or+163.com+or+cankaoxiaoxi.com+or+cctv.com+or+ifeng.com+or+qq.com+or+takungpao.com+or+people.com.cn+or+southcn.com+or+southcn.com+or+cnr.cn+or+people.com.cn+or+cyol.com+or+bjnews.com.cn+or+gmw.cn+or+dahe.cn+or+xfrb.com.cn+or+cqnews.net+or+lifeweek.com.cn+or+cpd.com.cn+or+haiwainet.cn+or+yidianzixun.com+or+ftchinese.com+or+guancha.cn+or+zhcw.com+or+huanqiu.com+or+ihuawen.com+or+nytimes.com+or+flickr.com+or+quanjing.com+or+vcg.com+or+gettyimages.co.uk+or+paixin.com)+%e6%9d%b0%e5%85%8b+%e5%b8%a6+%e5%ae%b6+%e8%b5%a2%e5%be%97+%e6%94%bf%e5%ba%9c+%e4%b8%96%e7%95%8c&id=1830407A9AD7122DB23996EE8F6CD1CFBAF77711&simid=607991798128051172", 
            "hostPageUrl": "http://go.huanqiu.com/html/2015/picture_0423/2218_3.html", 
            "thumbnailUrl": "https://tse2.mm.bing.net/th?id=OIP.QiPFgJiroc-z0aS-Z6XLowHaEo&pid=Api", 
            "thumbnail": {
                "width": 474, 
                "height": 296
            }, 
            "contentSize": "259127 B"
        }, 
        {
            "contentUrl": "http://images.china.cn/attachement/jpg/site1000/20091209/00016c42b10c0c898ad914.jpg", 
            "insightsMetadata": {
                "pagesIncludingCount": 1, 
                "availableSizesCount": 1
            }, 
            "height": 281, 
            "accentColor": "2C699F", 
            "hostPageDisplayUrl": "lianghui.china.com.cn/v/movie/2009-12/09/content_19035890...", 
            "name": "2012影评：只有中国才能拯救世界？_视频中国_中国网", 
            "width": 500, 
            "imageInsightsToken": "ccid_i+COdPav*mid_70862CE6F4A6FF0206A8A686E003609E8CC087D3*simid_608021072607053453*thid_OIP.i-COdPavWosxgCe06hQCtQHaEK", 
            "imageId": "70862CE6F4A6FF0206A8A686E003609E8CC087D3", 
            "isFamilyFriendly": true, 
            "datePublished": "2018-03-06T15:22:00.0000000Z", 
            "encodingFormat": "jpeg", 
            "webSearchUrl": "https://www.bing.com/images/search?view=detailv2&FORM=OIIRPO&q=site%3a(thepaper.cn+or+chinadaily.com.cn+or+china.com.cn+or+chinanews.com+or+youth.cn+or+sina.com.cn+or+xinhuanet.com+or+cri.cn+or+163.com+or+cankaoxiaoxi.com+or+cctv.com+or+ifeng.com+or+qq.com+or+takungpao.com+or+people.com.cn+or+southcn.com+or+southcn.com+or+cnr.cn+or+people.com.cn+or+cyol.com+or+bjnews.com.cn+or+gmw.cn+or+dahe.cn+or+xfrb.com.cn+or+cqnews.net+or+lifeweek.com.cn+or+cpd.com.cn+or+haiwainet.cn+or+yidianzixun.com+or+ftchinese.com+or+guancha.cn+or+zhcw.com+or+huanqiu.com+or+ihuawen.com+or+nytimes.com+or+flickr.com+or+quanjing.com+or+vcg.com+or+gettyimages.co.uk+or+paixin.com)+%e6%9d%b0%e5%85%8b+%e5%b8%a6+%e5%ae%b6+%e8%b5%a2%e5%be%97+%e6%94%bf%e5%ba%9c+%e4%b8%96%e7%95%8c&id=70862CE6F4A6FF0206A8A686E003609E8CC087D3&simid=608021072607053453", 
            "hostPageUrl": "http://lianghui.china.com.cn/v/movie/2009-12/09/content_19035890_2.htm", 
            "thumbnailUrl": "https://tse4.mm.bing.net/th?id=OIP.i-COdPavWosxgCe06hQCtQHaEK&pid=Api", 
            "thumbnail": {
                "width": 474, 
                "height": 266
            }, 
            "contentSize": "39773 B"
        }, 
        {
            "contentUrl": "http://p1.img.cctvpic.com/photoworkspace/contentimg/2017/05/05/2017050513491292046.jpg", 
            "insightsMetadata": {
                "pagesIncludingCount": 2, 
                "availableSizesCount": 2
            }, 
            "height": 361, 
            "accentColor": "26130E", 
            "hostPageDisplayUrl": "jingji.cctv.com/2017/05/05/ARTIdZpwI8YyoOjlYzQfDGFG170505...", 
            "name": "央视大片探秘：万里丝路的前世今生，每一帧都震撼灵魂！_经济 ...", 
            "width": 641, 
            "imageInsightsToken": "ccid_J/I7Cwmj*mid_B339074F08E46EE0A40F3D0D62D20911C23FA402*simid_608031182975469715*thid_OIP.J!_I7CwmjPVd5ekfCCqTqVwHaEK", 
            "imageId": "B339074F08E46EE0A40F3D0D62D20911C23FA402", 
            "isFamilyFriendly": true, 
            "datePublished": "2018-11-12T14:42:00.0000000Z", 
            "encodingFormat": "jpeg", 
            "webSearchUrl": "https://www.bing.com/images/search?view=detailv2&FORM=OIIRPO&q=site%3a(thepaper.cn+or+chinadaily.com.cn+or+china.com.cn+or+chinanews.com+or+youth.cn+or+sina.com.cn+or+xinhuanet.com+or+cri.cn+or+163.com+or+cankaoxiaoxi.com+or+cctv.com+or+ifeng.com+or+qq.com+or+takungpao.com+or+people.com.cn+or+southcn.com+or+southcn.com+or+cnr.cn+or+people.com.cn+or+cyol.com+or+bjnews.com.cn+or+gmw.cn+or+dahe.cn+or+xfrb.com.cn+or+cqnews.net+or+lifeweek.com.cn+or+cpd.com.cn+or+haiwainet.cn+or+yidianzixun.com+or+ftchinese.com+or+guancha.cn+or+zhcw.com+or+huanqiu.com+or+ihuawen.com+or+nytimes.com+or+flickr.com+or+quanjing.com+or+vcg.com+or+gettyimages.co.uk+or+paixin.com)+%e6%9d%b0%e5%85%8b+%e5%b8%a6+%e5%ae%b6+%e8%b5%a2%e5%be%97+%e6%94%bf%e5%ba%9c+%e4%b8%96%e7%95%8c&id=B339074F08E46EE0A40F3D0D62D20911C23FA402&simid=608031182975469715", 
            "hostPageUrl": "http://jingji.cctv.com/2017/05/05/ARTIdZpwI8YyoOjlYzQfDGFG170505.shtml", 
            "thumbnailUrl": "https://tse4.mm.bing.net/th?id=OIP.J_I7CwmjPVd5ekfCCqTqVwHaEK&pid=Api", 
            "thumbnail": {
                "width": 474, 
                "height": 266
            }, 
            "hostPageFavIconUrl": "https://www.bing.com/th?id=AR_4aa5c1b8878445d77f30a51c2fa14e7b&pid=Api", 
            "contentSize": "19966 B"
        }, 
        {
            "contentUrl": "http://china.chinadaily.com.cn/img/attachement/gif/site1/20170506/d8cb8a1501341a7802620e.gif", 
            "insightsMetadata": {
                "pagesIncludingCount": 6, 
                "availableSizesCount": 1
            }, 
            "height": 360, 
            "proxyContentUrl": "https://tse4.mm.bing.net/th?id=OGC.4218624bfb31edbd493fc3f7dda5a4a5&pid=Api&rurl=http%3a%2f%2fchina.chinadaily.com.cn%2fimg%2fattachement%2fgif%2fsite1%2f20170506%2fd8cb8a1501341a7802620e.gif&ehk=%2f1M2PIhrqDkrZcIF809eCQ", 
            "hostPageDisplayUrl": "https://china.chinadaily.com.cn/2017-05/06/content...", 
            "name": "央视大片探秘：万里丝路的前世今生 每一帧都震撼灵魂 - 中国 ...", 
            "width": 640, 
            "imageInsightsToken": "ccid_QhhiS/sx*mid_80A09FF85D819C7CCE59DC0DA6C850B7BFF1C1DC*simid_608055501055986527*thid_OIP.QhhiS!_sx7b1JP8P33aWkpQHaEK", 
            "imageId": "80A09FF85D819C7CCE59DC0DA6C850B7BFF1C1DC", 
            "isFamilyFriendly": true, 
            "datePublished": "2018-10-25T05:53:00.0000000Z", 
            "encodingFormat": "animatedgif", 
            "webSearchUrl": "https://www.bing.com/images/search?view=detailv2&FORM=OIIRPO&q=site%3a(thepaper.cn+or+chinadaily.com.cn+or+china.com.cn+or+chinanews.com+or+youth.cn+or+sina.com.cn+or+xinhuanet.com+or+cri.cn+or+163.com+or+cankaoxiaoxi.com+or+cctv.com+or+ifeng.com+or+qq.com+or+takungpao.com+or+people.com.cn+or+southcn.com+or+southcn.com+or+cnr.cn+or+people.com.cn+or+cyol.com+or+bjnews.com.cn+or+gmw.cn+or+dahe.cn+or+xfrb.com.cn+or+cqnews.net+or+lifeweek.com.cn+or+cpd.com.cn+or+haiwainet.cn+or+yidianzixun.com+or+ftchinese.com+or+guancha.cn+or+zhcw.com+or+huanqiu.com+or+ihuawen.com+or+nytimes.com+or+flickr.com+or+quanjing.com+or+vcg.com+or+gettyimages.co.uk+or+paixin.com)+%e6%9d%b0%e5%85%8b+%e5%b8%a6+%e5%ae%b6+%e8%b5%a2%e5%be%97+%e6%94%bf%e5%ba%9c+%e4%b8%96%e7%95%8c&id=80A09FF85D819C7CCE59DC0DA6C850B7BFF1C1DC&simid=608055501055986527", 
            "hostPageUrl": "https://china.chinadaily.com.cn/2017-05/06/content_29232966.htm", 
            "accentColor": "B53416", 
            "thumbnailUrl": "https://tse3.mm.bing.net/th?id=OIP.QhhiS_sx7b1JP8P33aWkpQHaEK&pid=Api", 
            "thumbnail": {
                "width": 474, 
                "height": 266
            }, 
            "hostPageFavIconUrl": "https://www.bing.com/th?id=AR_6bbc59f7064ed213027d1c4ffbd7baac&pid=Api", 
            "contentSize": "1437527 B"
        }, 
        {
            "contentUrl": "http://sh.sinaimg.cn/2012/1115/U3487P18DT20121115112736.jpg", 
            "insightsMetadata": {
                "pagesIncludingCount": 1, 
                "availableSizesCount": 1
            }, 
            "height": 367, 
            "accentColor": "90773B", 
            "hostPageDisplayUrl": "sh.sina.com.cn/food/msjx/2012-11-15/113020766.html", 
            "name": "上海秋季食品展开幕 高雄物产馆人气旺_美食精选_新浪上海", 
            "width": 550, 
            "imageInsightsToken": "ccid_BtnIsQks*mid_55C4227A019DFAD6B2007514E07B90B7BC5CE4F4*simid_608012078994164741*thid_OIP.BtnIsQksHC9uamzirHS8uAHaE8", 
            "imageId": "55C4227A019DFAD6B2007514E07B90B7BC5CE4F4", 
            "isFamilyFriendly": true, 
            "datePublished": "2018-10-25T22:20:00.0000000Z", 
            "encodingFormat": "jpeg", 
            "webSearchUrl": "https://www.bing.com/images/search?view=detailv2&FORM=OIIRPO&q=site%3a(thepaper.cn+or+chinadaily.com.cn+or+china.com.cn+or+chinanews.com+or+youth.cn+or+sina.com.cn+or+xinhuanet.com+or+cri.cn+or+163.com+or+cankaoxiaoxi.com+or+cctv.com+or+ifeng.com+or+qq.com+or+takungpao.com+or+people.com.cn+or+southcn.com+or+southcn.com+or+cnr.cn+or+people.com.cn+or+cyol.com+or+bjnews.com.cn+or+gmw.cn+or+dahe.cn+or+xfrb.com.cn+or+cqnews.net+or+lifeweek.com.cn+or+cpd.com.cn+or+haiwainet.cn+or+yidianzixun.com+or+ftchinese.com+or+guancha.cn+or+zhcw.com+or+huanqiu.com+or+ihuawen.com+or+nytimes.com+or+flickr.com+or+quanjing.com+or+vcg.com+or+gettyimages.co.uk+or+paixin.com)+%e6%9d%b0%e5%85%8b+%e5%b8%a6+%e5%ae%b6+%e8%b5%a2%e5%be%97+%e6%94%bf%e5%ba%9c+%e4%b8%96%e7%95%8c&id=55C4227A019DFAD6B2007514E07B90B7BC5CE4F4&simid=608012078994164741", 
            "hostPageUrl": "http://sh.sina.com.cn/food/msjx/2012-11-15/113020766.html", 
            "thumbnailUrl": "https://tse1.mm.bing.net/th?id=OIP.BtnIsQksHC9uamzirHS8uAHaE8&pid=Api", 
            "thumbnail": {
                "width": 474, 
                "height": 316
            }, 
            "contentSize": "43456 B"
        }, 
        {
            "contentUrl": "http://p2.cri.cn/M00/D1/21/CqgNOlkNuh-AB9ZnAAAAAAAAAAA772.640x360.620x349.gif", 
            "insightsMetadata": {
                "pagesIncludingCount": 1, 
                "availableSizesCount": 1
            }, 
            "height": 349, 
            "accentColor": "B33B18", 
            "hostPageDisplayUrl": "news.cri.cn/20170506/9e61d025-715f-877b-31ca-7eb2c849d406...", 
            "name": "央视大片探秘:万里丝路的前世今生 每一帧都震撼灵魂-国际在线", 
            "width": 620, 
            "imageInsightsToken": "ccid_spwDNhci*mid_F7E4844077D2FF7B561D00ACC697B0B0CF3502CC*simid_608031706967117090*thid_OIP.spwDNhciFpjlOUjmEhpAkwHaEK", 
            "imageId": "F7E4844077D2FF7B561D00ACC697B0B0CF3502CC", 
            "isFamilyFriendly": true, 
            "datePublished": "2018-08-25T17:13:00.0000000Z", 
            "encodingFormat": "gif", 
            "webSearchUrl": "https://www.bing.com/images/search?view=detailv2&FORM=OIIRPO&q=site%3a(thepaper.cn+or+chinadaily.com.cn+or+china.com.cn+or+chinanews.com+or+youth.cn+or+sina.com.cn+or+xinhuanet.com+or+cri.cn+or+163.com+or+cankaoxiaoxi.com+or+cctv.com+or+ifeng.com+or+qq.com+or+takungpao.com+or+people.com.cn+or+southcn.com+or+southcn.com+or+cnr.cn+or+people.com.cn+or+cyol.com+or+bjnews.com.cn+or+gmw.cn+or+dahe.cn+or+xfrb.com.cn+or+cqnews.net+or+lifeweek.com.cn+or+cpd.com.cn+or+haiwainet.cn+or+yidianzixun.com+or+ftchinese.com+or+guancha.cn+or+zhcw.com+or+huanqiu.com+or+ihuawen.com+or+nytimes.com+or+flickr.com+or+quanjing.com+or+vcg.com+or+gettyimages.co.uk+or+paixin.com)+%e6%9d%b0%e5%85%8b+%e5%b8%a6+%e5%ae%b6+%e8%b5%a2%e5%be%97+%e6%94%bf%e5%ba%9c+%e4%b8%96%e7%95%8c&id=F7E4844077D2FF7B561D00ACC697B0B0CF3502CC&simid=608031706967117090", 
            "hostPageUrl": "http://news.cri.cn/20170506/9e61d025-715f-877b-31ca-7eb2c849d406.html", 
            "thumbnailUrl": "https://tse1.mm.bing.net/th?id=OIP.spwDNhciFpjlOUjmEhpAkwHaEK&pid=Api", 
            "thumbnail": {
                "width": 474, 
                "height": 266
            }, 
            "hostPageFavIconUrl": "https://www.bing.com/th?id=AR_43a8e6729fb4544de63cbf9540fe59af&pid=Api", 
            "contentSize": "157126 B"
        }, 
        {
            "contentUrl": "http://upload.lifeweek.com.cn/2013/1009/1381308541140.jpg", 
            "insightsMetadata": {
                "pagesIncludingCount": 1, 
                "availableSizesCount": 1
            }, 
            "height": 811, 
            "accentColor": "666467", 
            "hostPageDisplayUrl": "www.lifeweek.com.cn/2013/1011/42738.shtml", 
            "name": "将胜利带给欧洲的人_三联生活周刊", 
            "width": 600, 
            "imageInsightsToken": "ccid_0Xbx5YRS*mid_9DF16467BF56288DFD13DA1B3EEF4CD0464A6807*simid_608043453685237210*thid_OIP.0Xbx5YRSh5zB4rSR5UJCXgHaKA", 
            "imageId": "9DF16467BF56288DFD13DA1B3EEF4CD0464A6807", 
            "isFamilyFriendly": true, 
            "datePublished": "2013-10-11T04:17:00.0000000Z", 
            "encodingFormat": "jpeg", 
            "webSearchUrl": "https://www.bing.com/images/search?view=detailv2&FORM=OIIRPO&q=site%3a(thepaper.cn+or+chinadaily.com.cn+or+china.com.cn+or+chinanews.com+or+youth.cn+or+sina.com.cn+or+xinhuanet.com+or+cri.cn+or+163.com+or+cankaoxiaoxi.com+or+cctv.com+or+ifeng.com+or+qq.com+or+takungpao.com+or+people.com.cn+or+southcn.com+or+southcn.com+or+cnr.cn+or+people.com.cn+or+cyol.com+or+bjnews.com.cn+or+gmw.cn+or+dahe.cn+or+xfrb.com.cn+or+cqnews.net+or+lifeweek.com.cn+or+cpd.com.cn+or+haiwainet.cn+or+yidianzixun.com+or+ftchinese.com+or+guancha.cn+or+zhcw.com+or+huanqiu.com+or+ihuawen.com+or+nytimes.com+or+flickr.com+or+quanjing.com+or+vcg.com+or+gettyimages.co.uk+or+paixin.com)+%e6%9d%b0%e5%85%8b+%e5%b8%a6+%e5%ae%b6+%e8%b5%a2%e5%be%97+%e6%94%bf%e5%ba%9c+%e4%b8%96%e7%95%8c&id=9DF16467BF56288DFD13DA1B3EEF4CD0464A6807&simid=608043453685237210", 
            "hostPageUrl": "http://www.lifeweek.com.cn/2013/1011/42738.shtml", 
            "thumbnailUrl": "https://tse1.mm.bing.net/th?id=OIP.0Xbx5YRSh5zB4rSR5UJCXgHaKA&pid=Api", 
            "thumbnail": {
                "width": 474, 
                "height": 640
            }, 
            "contentSize": "285241 B"
        }, 
        {
            "contentUrl": "http://henan.people.com.cn/NMediaFile/2017/1226/LOCAL201712261104402392508511618.jpg", 
            "insightsMetadata": {
                "pagesIncludingCount": 1, 
                "availableSizesCount": 1
            }, 
            "height": 90, 
            "accentColor": "C1650A", 
            "hostPageDisplayUrl": "henan.people.com.cn", 
            "name": "河南频道--人民网_网上的人民日报", 
            "width": 310, 
            "imageInsightsToken": "ccid_lvPxike3*mid_2D442BBC3ED0E0E7A514A17FE55C0E1BA27B1B38*simid_608053847488921802*thid_OIP.lvPxike3Dat-!_8GFKQQ2yAAAAA", 
            "imageId": "2D442BBC3ED0E0E7A514A17FE55C0E1BA27B1B38", 
            "isFamilyFriendly": true, 
            "datePublished": "2018-11-06T08:52:00.0000000Z", 
            "encodingFormat": "jpeg", 
            "webSearchUrl": "https://www.bing.com/images/search?view=detailv2&FORM=OIIRPO&q=site%3a(thepaper.cn+or+chinadaily.com.cn+or+china.com.cn+or+chinanews.com+or+youth.cn+or+sina.com.cn+or+xinhuanet.com+or+cri.cn+or+163.com+or+cankaoxiaoxi.com+or+cctv.com+or+ifeng.com+or+qq.com+or+takungpao.com+or+people.com.cn+or+southcn.com+or+southcn.com+or+cnr.cn+or+people.com.cn+or+cyol.com+or+bjnews.com.cn+or+gmw.cn+or+dahe.cn+or+xfrb.com.cn+or+cqnews.net+or+lifeweek.com.cn+or+cpd.com.cn+or+haiwainet.cn+or+yidianzixun.com+or+ftchinese.com+or+guancha.cn+or+zhcw.com+or+huanqiu.com+or+ihuawen.com+or+nytimes.com+or+flickr.com+or+quanjing.com+or+vcg.com+or+gettyimages.co.uk+or+paixin.com)+%e6%9d%b0%e5%85%8b+%e5%b8%a6+%e5%ae%b6+%e8%b5%a2%e5%be%97+%e6%94%bf%e5%ba%9c+%e4%b8%96%e7%95%8c&id=2D442BBC3ED0E0E7A514A17FE55C0E1BA27B1B38&simid=608053847488921802", 
            "hostPageUrl": "http://henan.people.com.cn/", 
            "thumbnailUrl": "https://tse4.mm.bing.net/th?id=OIP.lvPxike3Dat-_8GFKQQ2yAAAAA&pid=Api", 
            "thumbnail": {
                "width": 310, 
                "height": 90
            }, 
            "contentSize": "40166 B"
        }, 
        {
            "contentUrl": "http://images.takungpao.com/2017/0505/20170505011113473.png", 
            "insightsMetadata": {
                "pagesIncludingCount": 2, 
                "availableSizesCount": 2
            }, 
            "height": 309, 
            "accentColor": "856C46", 
            "hostPageDisplayUrl": "news.takungpao.com/mainland/topnews/2017-05/3447578.html", 
            "name": "央视大片探秘：万里丝路的前世今生，每一帧都震撼灵魂！_大公 ...", 
            "width": 567, 
            "imageInsightsToken": "ccid_Vf4bjN0a*mid_7132C1ABAA3EEE1CB607A28287CDE6732363A931*simid_608009506303905094*thid_OIP.Vf4bjN0aVz2jLRJVd7hs8wHaEC", 
            "imageId": "7132C1ABAA3EEE1CB607A28287CDE6732363A931", 
            "isFamilyFriendly": true, 
            "datePublished": "2017-05-05T05:33:00.0000000Z", 
            "encodingFormat": "png", 
            "webSearchUrl": "https://www.bing.com/images/search?view=detailv2&FORM=OIIRPO&q=site%3a(thepaper.cn+or+chinadaily.com.cn+or+china.com.cn+or+chinanews.com+or+youth.cn+or+sina.com.cn+or+xinhuanet.com+or+cri.cn+or+163.com+or+cankaoxiaoxi.com+or+cctv.com+or+ifeng.com+or+qq.com+or+takungpao.com+or+people.com.cn+or+southcn.com+or+southcn.com+or+cnr.cn+or+people.com.cn+or+cyol.com+or+bjnews.com.cn+or+gmw.cn+or+dahe.cn+or+xfrb.com.cn+or+cqnews.net+or+lifeweek.com.cn+or+cpd.com.cn+or+haiwainet.cn+or+yidianzixun.com+or+ftchinese.com+or+guancha.cn+or+zhcw.com+or+huanqiu.com+or+ihuawen.com+or+nytimes.com+or+flickr.com+or+quanjing.com+or+vcg.com+or+gettyimages.co.uk+or+paixin.com)+%e6%9d%b0%e5%85%8b+%e5%b8%a6+%e5%ae%b6+%e8%b5%a2%e5%be%97+%e6%94%bf%e5%ba%9c+%e4%b8%96%e7%95%8c&id=7132C1ABAA3EEE1CB607A28287CDE6732363A931&simid=608009506303905094", 
            "hostPageUrl": "http://news.takungpao.com/mainland/topnews/2017-05/3447578.html", 
            "thumbnailUrl": "https://tse4.mm.bing.net/th?id=OIP.Vf4bjN0aVz2jLRJVd7hs8wHaEC&pid=Api", 
            "thumbnail": {
                "width": 474, 
                "height": 258
            }, 
            "contentSize": "293993 B"
        }, 
        {
            "contentUrl": "http://i2.sinaimg.cn/hs/2013/0225/U9394P1212DT20130225103947.jpg", 
            "insightsMetadata": {
                "pagesIncludingCount": 2, 
                "availableSizesCount": 1
            }, 
            "height": 409, 
            "accentColor": "B41E17", 
            "hostPageDisplayUrl": "leshan.jiaju.sina.com.cn/news/2013-02-25/1048583344.shtml", 
            "name": "新中源陶瓷——中国建陶航母_新浪家居", 
            "width": 550, 
            "imageInsightsToken": "ccid_R8O4wlSR*mid_26F90C730679A8B649FD657E755F7FD68A628628*simid_608004292186081804*thid_OIP.R8O4wlSR68BodRjMKXGlsQHaFg", 
            "imageId": "26F90C730679A8B649FD657E755F7FD68A628628", 
            "isFamilyFriendly": true, 
            "datePublished": "2013-03-27T19:20:00.0000000Z", 
            "encodingFormat": "jpeg", 
            "webSearchUrl": "https://www.bing.com/images/search?view=detailv2&FORM=OIIRPO&q=site%3a(thepaper.cn+or+chinadaily.com.cn+or+china.com.cn+or+chinanews.com+or+youth.cn+or+sina.com.cn+or+xinhuanet.com+or+cri.cn+or+163.com+or+cankaoxiaoxi.com+or+cctv.com+or+ifeng.com+or+qq.com+or+takungpao.com+or+people.com.cn+or+southcn.com+or+southcn.com+or+cnr.cn+or+people.com.cn+or+cyol.com+or+bjnews.com.cn+or+gmw.cn+or+dahe.cn+or+xfrb.com.cn+or+cqnews.net+or+lifeweek.com.cn+or+cpd.com.cn+or+haiwainet.cn+or+yidianzixun.com+or+ftchinese.com+or+guancha.cn+or+zhcw.com+or+huanqiu.com+or+ihuawen.com+or+nytimes.com+or+flickr.com+or+quanjing.com+or+vcg.com+or+gettyimages.co.uk+or+paixin.com)+%e6%9d%b0%e5%85%8b+%e5%b8%a6+%e5%ae%b6+%e8%b5%a2%e5%be%97+%e6%94%bf%e5%ba%9c+%e4%b8%96%e7%95%8c&id=26F90C730679A8B649FD657E755F7FD68A628628&simid=608004292186081804", 
            "hostPageUrl": "http://leshan.jiaju.sina.com.cn/news/2013-02-25/1048583344.shtml", 
            "thumbnailUrl": "https://tse2.mm.bing.net/th?id=OIP.R8O4wlSR68BodRjMKXGlsQHaFg&pid=Api", 
            "thumbnail": {
                "width": 474, 
                "height": 352
            }, 
            "contentSize": "27939 B"
        }
    ], 
    "nextOffset": 23, 
    "queryContext": {
        "alterationMethod": "AM_JustChangeIt", 
        "alterationType": "CombinedAlterations", 
        "originalQuery": "site:(thepaper.cn or chinadaily.com.cn or china.com.cn or chinanews.com or youth.cn or sina.com.cn or xinhuanet.com or cri.cn or 163.com or cankaoxiaoxi.com or cctv.com or ifeng.com or qq.com or takungpao.com or people.com.cn or southcn.com or southcn.com or cnr.cn or people.com.cn or cyol.com or bjnews.com.cn or gmw.cn or dahe.cn or xfrb.com.cn or cqnews.net or lifeweek.com.cn or cpd.com.cn or haiwainet.cn or yidianzixun.com or ftchinese.com or guancha.cn or zhcw.com or huanqiu.com or ihuawen.com or nytimes.com or flickr.com or quanjing.com or vcg.com or gettyimages.co.uk or paixin.com) 杰克 带 家 赢得 政府 世界", 
        "alterationOverrideQuery": "+site:(thepaper.cn or chinadaily.com.cn or china.com.cn or chinanews.com or youth.cn or sina.com.cn or xinhuanet.com or cri.cn or 163.com or cankaoxiaoxi.com or cctv.com or ifeng.com or qq.com or takungpao.com or people.com.cn or southcn.com or southcn.com or cnr.cn or people.com.cn or cyol.com or bjnews.com.cn or gmw.cn or dahe.cn or xfrb.com.cn or cqnews.net or lifeweek.com.cn or cpd.com.cn or haiwainet.cn or yidianzixun.com or ftchinese.com or guancha.cn or zhcw.com or huanqiu.com or ihuawen.com or nytimes.com or flickr.com or quanjing.com or vcg.com or gettyimages.co.uk or paixin.com) 杰克 带 家 赢得 政府 世界", 
        "alterationDisplayQuery": "杰克 带 家 赢得 政府 世界"
    }, 
    "currentOffset": 0, 
    "readLink": "images/search?q=site:(thepaper.cn or chinadaily.com.cn or china.com.cn or chinanews.com or youth.cn or sina.com.cn or xinhuanet.com or cri.cn or 163.com or cankaoxiaoxi.com or cctv.com or ifeng.com or qq.com or takungpao.com or people.com.cn or southcn.com or southcn.com or cnr.cn or people.com.cn or cyol.com or bjnews.com.cn or gmw.cn or dahe.cn or xfrb.com.cn or cqnews.net or lifeweek.com.cn or cpd.com.cn or haiwainet.cn or yidianzixun.com or ftchinese.com or guancha.cn or zhcw.com or huanqiu.com or ihuawen.com or nytimes.com or flickr.com or quanjing.com or vcg.com or gettyimages.co.uk or paixin.com) 杰克 带 家 赢得 政府 世界", 
    "totalEstimatedMatches": 23
}