{
    "instrumentation": {
        "_type": "ResponseInstrumentation"
    }, 
    "_type": "Images", 
    "webSearchUrl": "https://www.bing.com/images/search?q=site:(thepaper.cn or chinadaily.com.cn or china.com.cn or chinanews.com or youth.cn or sina.com.cn or xinhuanet.com or cri.cn or 163.com or cankaoxiaoxi.com or cctv.com or ifeng.com or qq.com or takungpao.com or people.com.cn or southcn.com or southcn.com or cnr.cn or people.com.cn or cyol.com or bjnews.com.cn or gmw.cn or dahe.cn or xfrb.com.cn or cqnews.net or lifeweek.com.cn or cpd.com.cn or haiwainet.cn or yidianzixun.com or ftchinese.com or guancha.cn or zhcw.com or huanqiu.com or ihuawen.com or nytimes.com or flickr.com or quanjing.com or vcg.com or gettyimages.co.uk or paixin.com) 一位 美国 提到 新 故事&FORM=OIIARP", 
    "value": [
        {
            "contentUrl": "http://p2.pstatp.com/large/8904/3198042089", 
            "insightsMetadata": {
                "pagesIncludingCount": 2, 
                "availableSizesCount": 1
            }, 
            "height": 586, 
            "accentColor": "08345D", 
            "hostPageDisplayUrl": "youxi.youth.cn/2015/1029/2543205_3.shtml", 
            "name": "第128位Lol新英雄俄洛伊大猜想，定位是中单AP英雄？（3）_网游 ...", 
            "width": 354, 
            "imageInsightsToken": "ccid_VHwQ2EmM*mid_0F91835359575A0A39EFF1D113CD2E9CE4E36DF7*simid_608024800651969991*thid_OIP.VHwQ2EmMRErmdaj4R!_0vEQAAAA", 
            "imageId": "0F91835359575A0A39EFF1D113CD2E9CE4E36DF7", 
            "isFamilyFriendly": true, 
            "datePublished": "2018-10-15T20:02:00.0000000Z", 
            "encodingFormat": "jpeg", 
            "webSearchUrl": "https://www.bing.com/images/search?view=detailv2&FORM=OIIRPO&q=site%3a(thepaper.cn+or+chinadaily.com.cn+or+china.com.cn+or+chinanews.com+or+youth.cn+or+sina.com.cn+or+xinhuanet.com+or+cri.cn+or+163.com+or+cankaoxiaoxi.com+or+cctv.com+or+ifeng.com+or+qq.com+or+takungpao.com+or+people.com.cn+or+southcn.com+or+southcn.com+or+cnr.cn+or+people.com.cn+or+cyol.com+or+bjnews.com.cn+or+gmw.cn+or+dahe.cn+or+xfrb.com.cn+or+cqnews.net+or+lifeweek.com.cn+or+cpd.com.cn+or+haiwainet.cn+or+yidianzixun.com+or+ftchinese.com+or+guancha.cn+or+zhcw.com+or+huanqiu.com+or+ihuawen.com+or+nytimes.com+or+flickr.com+or+quanjing.com+or+vcg.com+or+gettyimages.co.uk+or+paixin.com)+%e4%b8%80%e4%bd%8d+%e7%be%8e%e5%9b%bd+%e6%8f%90%e5%88%b0+%e6%96%b0+%e6%95%85%e4%ba%8b&id=0F91835359575A0A39EFF1D113CD2E9CE4E36DF7&simid=608024800651969991", 
            "hostPageUrl": "http://youxi.youth.cn/2015/1029/2543205_3.shtml", 
            "thumbnailUrl": "https://tse2.mm.bing.net/th?id=OIP.VHwQ2EmMRErmdaj4R_0vEQAAAA&pid=Api", 
            "thumbnail": {
                "width": 354, 
                "height": 586
            }, 
            "contentSize": "44943 B"
        }, 
        {
            "contentUrl": "http://shanxiji.sinaimg.cn/2014/0118/U10370P1335DT20140118162026.jpg", 
            "insightsMetadata": {
                "pagesIncludingCount": 14, 
                "availableSizesCount": 7
            }, 
            "height": 594, 
            "accentColor": "666666", 
            "hostPageDisplayUrl": "shanxi.sina.com.cn/changzhi/photo/2014-01-18/16227012.html", 
            "name": "宋美龄满意自己身材：穿旗袍迷倒英国军官_新浪长治", 
            "width": 450, 
            "imageInsightsToken": "ccid_vm/jQljX*mid_155F07E195A09CD631745459D4E185B0D2B42480*simid_608028674695955441*thid_OIP.vm!_jQljX5rOtEiFqrbMWLgAAAA", 
            "imageId": "155F07E195A09CD631745459D4E185B0D2B42480", 
            "isFamilyFriendly": true, 
            "datePublished": "2014-01-19T10:23:00.0000000Z", 
            "encodingFormat": "jpeg", 
            "webSearchUrl": "https://www.bing.com/images/search?view=detailv2&FORM=OIIRPO&q=site%3a(thepaper.cn+or+chinadaily.com.cn+or+china.com.cn+or+chinanews.com+or+youth.cn+or+sina.com.cn+or+xinhuanet.com+or+cri.cn+or+163.com+or+cankaoxiaoxi.com+or+cctv.com+or+ifeng.com+or+qq.com+or+takungpao.com+or+people.com.cn+or+southcn.com+or+southcn.com+or+cnr.cn+or+people.com.cn+or+cyol.com+or+bjnews.com.cn+or+gmw.cn+or+dahe.cn+or+xfrb.com.cn+or+cqnews.net+or+lifeweek.com.cn+or+cpd.com.cn+or+haiwainet.cn+or+yidianzixun.com+or+ftchinese.com+or+guancha.cn+or+zhcw.com+or+huanqiu.com+or+ihuawen.com+or+nytimes.com+or+flickr.com+or+quanjing.com+or+vcg.com+or+gettyimages.co.uk+or+paixin.com)+%e4%b8%80%e4%bd%8d+%e7%be%8e%e5%9b%bd+%e6%8f%90%e5%88%b0+%e6%96%b0+%e6%95%85%e4%ba%8b&id=155F07E195A09CD631745459D4E185B0D2B42480&simid=608028674695955441", 
            "hostPageUrl": "http://shanxi.sina.com.cn/changzhi/photo/2014-01-18/16227012.html", 
            "thumbnailUrl": "https://tse2.mm.bing.net/th?id=OIP.vm_jQljX5rOtEiFqrbMWLgAAAA&pid=Api", 
            "thumbnail": {
                "width": 450, 
                "height": 594
            }, 
            "contentSize": "43638 B"
        }, 
        {
            "contentUrl": "http://upload.art.ifeng.com/2017/0313/thumb_700_325_1489373062411.jpg", 
            "insightsMetadata": {
                "pagesIncludingCount": 1, 
                "availableSizesCount": 1
            }, 
            "height": 325, 
            "accentColor": "AB7B20", 
            "hostPageDisplayUrl": "art.ifeng.com/2017/0316/3275341.shtml", 
            "name": "光绘涂鸦 | 这次朱利安·奥培的作品当你的“画布”_DIY_有盐_凤凰 ...", 
            "width": 700, 
            "imageInsightsToken": "ccid_/i4yebkd*mid_500D30D04323EB4B38E66F6B43A63521C7BB5AD9*simid_607996664339892924*thid_OIP.!_i4yebkdZD08sVMJoqiY!_AHaDc", 
            "imageId": "500D30D04323EB4B38E66F6B43A63521C7BB5AD9", 
            "isFamilyFriendly": true, 
            "datePublished": "2018-11-08T03:06:00.0000000Z", 
            "encodingFormat": "jpeg", 
            "webSearchUrl": "https://www.bing.com/images/search?view=detailv2&FORM=OIIRPO&q=site%3a(thepaper.cn+or+chinadaily.com.cn+or+china.com.cn+or+chinanews.com+or+youth.cn+or+sina.com.cn+or+xinhuanet.com+or+cri.cn+or+163.com+or+cankaoxiaoxi.com+or+cctv.com+or+ifeng.com+or+qq.com+or+takungpao.com+or+people.com.cn+or+southcn.com+or+southcn.com+or+cnr.cn+or+people.com.cn+or+cyol.com+or+bjnews.com.cn+or+gmw.cn+or+dahe.cn+or+xfrb.com.cn+or+cqnews.net+or+lifeweek.com.cn+or+cpd.com.cn+or+haiwainet.cn+or+yidianzixun.com+or+ftchinese.com+or+guancha.cn+or+zhcw.com+or+huanqiu.com+or+ihuawen.com+or+nytimes.com+or+flickr.com+or+quanjing.com+or+vcg.com+or+gettyimages.co.uk+or+paixin.com)+%e4%b8%80%e4%bd%8d+%e7%be%8e%e5%9b%bd+%e6%8f%90%e5%88%b0+%e6%96%b0+%e6%95%85%e4%ba%8b&id=500D30D04323EB4B38E66F6B43A63521C7BB5AD9&simid=607996664339892924", 
            "hostPageUrl": "http://art.ifeng.com/2017/0316/3275341.shtml", 
            "thumbnailUrl": "https://tse4.mm.bing.net/th?id=OIP._i4yebkdZD08sVMJoqiY_AHaDc&pid=Api", 
            "thumbnail": {
                "width": 474, 
                "height": 220
            }, 
            "contentSize": "53428 B"
        }, 
        {
            "contentUrl": "http://www.chinanews.com/2015/0818/20158188415.jpg", 
            "insightsMetadata": {
                "pagesIncludingCount": 1, 
                "availableSizesCount": 1
            }, 
            "height": 346, 
            "accentColor": "BB8B01", 
            "hostPageDisplayUrl": "www.chinanews.com/gj/2015/08-18/7473454.shtml", 
            "name": "动物变身“警探”助破案 猴子鹦鹉谁更厉害？(图)-中新网", 
            "width": 500, 
            "imageInsightsToken": "ccid_oefsPOsQ*mid_8A91472C88B8C0A0D5D5CDDA7FEC77B9F34DE189*simid_607987610553615934*thid_OIP.oefsPOsQw6W6toNQTQTZzQHaFI", 
            "imageId": "8A91472C88B8C0A0D5D5CDDA7FEC77B9F34DE189", 
            "isFamilyFriendly": true, 
            "datePublished": "2015-08-18T12:00:00.0000000Z", 
            "encodingFormat": "jpeg", 
            "webSearchUrl": "https://www.bing.com/images/search?view=detailv2&FORM=OIIRPO&q=site%3a(thepaper.cn+or+chinadaily.com.cn+or+china.com.cn+or+chinanews.com+or+youth.cn+or+sina.com.cn+or+xinhuanet.com+or+cri.cn+or+163.com+or+cankaoxiaoxi.com+or+cctv.com+or+ifeng.com+or+qq.com+or+takungpao.com+or+people.com.cn+or+southcn.com+or+southcn.com+or+cnr.cn+or+people.com.cn+or+cyol.com+or+bjnews.com.cn+or+gmw.cn+or+dahe.cn+or+xfrb.com.cn+or+cqnews.net+or+lifeweek.com.cn+or+cpd.com.cn+or+haiwainet.cn+or+yidianzixun.com+or+ftchinese.com+or+guancha.cn+or+zhcw.com+or+huanqiu.com+or+ihuawen.com+or+nytimes.com+or+flickr.com+or+quanjing.com+or+vcg.com+or+gettyimages.co.uk+or+paixin.com)+%e4%b8%80%e4%bd%8d+%e7%be%8e%e5%9b%bd+%e6%8f%90%e5%88%b0+%e6%96%b0+%e6%95%85%e4%ba%8b&id=8A91472C88B8C0A0D5D5CDDA7FEC77B9F34DE189&simid=607987610553615934", 
            "hostPageUrl": "http://www.chinanews.com/gj/2015/08-18/7473454.shtml", 
            "thumbnailUrl": "https://tse1.mm.bing.net/th?id=OIP.oefsPOsQw6W6toNQTQTZzQHaFI&pid=Api", 
            "thumbnail": {
                "width": 474, 
                "height": 328
            }, 
            "contentSize": "73784 B"
        }, 
        {
            "contentUrl": "http://images.china.cn/attachement/jpg/site1000/20170710/001aa0bce2741acda1420e.jpg", 
            "insightsMetadata": {
                "pagesIncludingCount": 57, 
                "availableSizesCount": 44
            }, 
            "height": 326, 
            "accentColor": "197AB2", 
            "hostPageDisplayUrl": "news.china.com.cn/world/2017-07/10/content_41187752.htm", 
            "name": "俄总统秘书：美媒关于\"普特会\"细节的推断很荒谬_新闻中心_中国网", 
            "width": 575, 
            "imageInsightsToken": "ccid_KR4H4/a3*mid_72412C0ABBE9163E384DF4251CAE0F79D799AA8D*simid_608053125936844146*thid_OIP.KR4H4!_a39okoYEwZPdtnNgFMC8", 
            "imageId": "72412C0ABBE9163E384DF4251CAE0F79D799AA8D", 
            "isFamilyFriendly": true, 
            "datePublished": "2017-07-10T11:06:00.0000000Z", 
            "encodingFormat": "jpeg", 
            "webSearchUrl": "https://www.bing.com/images/search?view=detailv2&FORM=OIIRPO&q=site%3a(thepaper.cn+or+chinadaily.com.cn+or+china.com.cn+or+chinanews.com+or+youth.cn+or+sina.com.cn+or+xinhuanet.com+or+cri.cn+or+163.com+or+cankaoxiaoxi.com+or+cctv.com+or+ifeng.com+or+qq.com+or+takungpao.com+or+people.com.cn+or+southcn.com+or+southcn.com+or+cnr.cn+or+people.com.cn+or+cyol.com+or+bjnews.com.cn+or+gmw.cn+or+dahe.cn+or+xfrb.com.cn+or+cqnews.net+or+lifeweek.com.cn+or+cpd.com.cn+or+haiwainet.cn+or+yidianzixun.com+or+ftchinese.com+or+guancha.cn+or+zhcw.com+or+huanqiu.com+or+ihuawen.com+or+nytimes.com+or+flickr.com+or+quanjing.com+or+vcg.com+or+gettyimages.co.uk+or+paixin.com)+%e4%b8%80%e4%bd%8d+%e7%be%8e%e5%9b%bd+%e6%8f%90%e5%88%b0+%e6%96%b0+%e6%95%85%e4%ba%8b&id=72412C0ABBE9163E384DF4251CAE0F79D799AA8D&simid=608053125936844146", 
            "hostPageUrl": "http://news.china.com.cn/world/2017-07/10/content_41187752.htm", 
            "thumbnailUrl": "https://tse3.mm.bing.net/th?id=OIP.KR4H4_a39okoYEwZPdtnNgFMC8&pid=Api", 
            "thumbnail": {
                "width": 474, 
                "height": 268
            }, 
            "contentSize": "30663 B"
        }, 
        {
            "contentUrl": "http://image.thepaper.cn/www/image/4/973/324.gif", 
            "insightsMetadata": {
                "pagesIncludingCount": 1, 
                "availableSizesCount": 1
            }, 
            "height": 225, 
            "proxyContentUrl": "https://tse1.mm.bing.net/th?id=OGC.d0f3321b40c54273fb407d2c918c9f48&pid=Api&rurl=http%3a%2f%2fimage.thepaper.cn%2fwww%2fimage%2f4%2f973%2f324.gif&ehk=fB1nx%2f8S8w4M7dgZpwvriw", 
            "hostPageDisplayUrl": "www.thepaper.cn/newsDetail_forward_1482737", 
            "name": "TING闻｜还记得蓝可儿神秘死亡的酒店吗，有人要租99年_有戏_澎湃 ...", 
            "width": 400, 
            "imageInsightsToken": "ccid_0PMyG0DF*mid_54ADED9CD7964CCD2F9368AF7EAB6F8D597D9028*simid_608014149183537349*thid_OIP.0PMyG0DFQnP7QH0skYyfSAEsCo", 
            "imageId": "54ADED9CD7964CCD2F9368AF7EAB6F8D597D9028", 
            "isFamilyFriendly": true, 
            "datePublished": "2016-06-14T09:29:00.0000000Z", 
            "encodingFormat": "animatedgif", 
            "webSearchUrl": "https://www.bing.com/images/search?view=detailv2&FORM=OIIRPO&q=site%3a(thepaper.cn+or+chinadaily.com.cn+or+china.com.cn+or+chinanews.com+or+youth.cn+or+sina.com.cn+or+xinhuanet.com+or+cri.cn+or+163.com+or+cankaoxiaoxi.com+or+cctv.com+or+ifeng.com+or+qq.com+or+takungpao.com+or+people.com.cn+or+southcn.com+or+southcn.com+or+cnr.cn+or+people.com.cn+or+cyol.com+or+bjnews.com.cn+or+gmw.cn+or+dahe.cn+or+xfrb.com.cn+or+cqnews.net+or+lifeweek.com.cn+or+cpd.com.cn+or+haiwainet.cn+or+yidianzixun.com+or+ftchinese.com+or+guancha.cn+or+zhcw.com+or+huanqiu.com+or+ihuawen.com+or+nytimes.com+or+flickr.com+or+quanjing.com+or+vcg.com+or+gettyimages.co.uk+or+paixin.com)+%e4%b8%80%e4%bd%8d+%e7%be%8e%e5%9b%bd+%e6%8f%90%e5%88%b0+%e6%96%b0+%e6%95%85%e4%ba%8b&id=54ADED9CD7964CCD2F9368AF7EAB6F8D597D9028&simid=608014149183537349", 
            "hostPageUrl": "http://www.thepaper.cn/newsDetail_forward_1482737", 
            "accentColor": "9C632F", 
            "thumbnailUrl": "https://tse1.mm.bing.net/th?id=OIP.0PMyG0DFQnP7QH0skYyfSAEsCo&pid=Api", 
            "thumbnail": {
                "width": 333, 
                "height": 187
            }, 
            "contentSize": "933477 B"
        }, 
        {
            "contentUrl": "http://img1.cache.netease.com/catchpic/2/26/2632EB87865B17BABC9D2647CFC79EF0.jpg", 
            "insightsMetadata": {
                "pagesIncludingCount": 40, 
                "availableSizesCount": 9
            }, 
            "height": 312, 
            "accentColor": "762F29", 
            "hostPageDisplayUrl": "news.163.com/12/0901/13/8AAOSMEM00014JB6_all.html", 
            "name": "红墙内的“公主”：第一代领导人的漂亮孙女们[2012-09-01]_网易新闻", 
            "width": 450, 
            "imageInsightsToken": "ccid_XsQPfyWr*mid_46952E7DC9C805A7F0289F7484E5046983571687*simid_608029662536860105*thid_OIP.XsQPfyWrEYYbENyxASyHaAAAAA", 
            "imageId": "46952E7DC9C805A7F0289F7484E5046983571687", 
            "isFamilyFriendly": true, 
            "datePublished": "2019-03-01T21:16:00.0000000Z", 
            "encodingFormat": "jpeg", 
            "webSearchUrl": "https://www.bing.com/images/search?view=detailv2&FORM=OIIRPO&q=site%3a(thepaper.cn+or+chinadaily.com.cn+or+china.com.cn+or+chinanews.com+or+youth.cn+or+sina.com.cn+or+xinhuanet.com+or+cri.cn+or+163.com+or+cankaoxiaoxi.com+or+cctv.com+or+ifeng.com+or+qq.com+or+takungpao.com+or+people.com.cn+or+southcn.com+or+southcn.com+or+cnr.cn+or+people.com.cn+or+cyol.com+or+bjnews.com.cn+or+gmw.cn+or+dahe.cn+or+xfrb.com.cn+or+cqnews.net+or+lifeweek.com.cn+or+cpd.com.cn+or+haiwainet.cn+or+yidianzixun.com+or+ftchinese.com+or+guancha.cn+or+zhcw.com+or+huanqiu.com+or+ihuawen.com+or+nytimes.com+or+flickr.com+or+quanjing.com+or+vcg.com+or+gettyimages.co.uk+or+paixin.com)+%e4%b8%80%e4%bd%8d+%e7%be%8e%e5%9b%bd+%e6%8f%90%e5%88%b0+%e6%96%b0+%e6%95%85%e4%ba%8b&id=46952E7DC9C805A7F0289F7484E5046983571687&simid=608029662536860105", 
            "hostPageUrl": "http://news.163.com/12/0901/13/8AAOSMEM00014JB6_all.html", 
            "thumbnailUrl": "https://tse1.mm.bing.net/th?id=OIP.XsQPfyWrEYYbENyxASyHaAAAAA&pid=Api", 
            "thumbnail": {
                "width": 450, 
                "height": 312
            }, 
            "contentSize": "40006 B"
        }, 
        {
            "contentUrl": "http://n.sinaimg.cn/games/transform/20170627/riFU-fyhneam3583714.png", 
            "insightsMetadata": {
                "pagesIncludingCount": 1, 
                "availableSizesCount": 1
            }, 
            "height": 366, 
            "accentColor": "167AB5", 
            "hostPageDisplayUrl": "https://dj.sina.com.cn/article/fyhmtcf2937732.shtml", 
            "name": "OMG五周年暨夏季openday线下活动圆满落幕！-新浪电竞_电竞赛事 ...", 
            "width": 550, 
            "imageInsightsToken": "ccid_19OaJvH4*mid_2202563F6C92ECC363C483B427ADD0B9F324B5D3*simid_608023396210969694*thid_OIP.19OaJvH43aUJiOgXLF0u5QHaE7", 
            "imageId": "2202563F6C92ECC363C483B427ADD0B9F324B5D3", 
            "isFamilyFriendly": true, 
            "datePublished": "2019-02-02T14:45:00.0000000Z", 
            "encodingFormat": "png", 
            "webSearchUrl": "https://www.bing.com/images/search?view=detailv2&FORM=OIIRPO&q=site%3a(thepaper.cn+or+chinadaily.com.cn+or+china.com.cn+or+chinanews.com+or+youth.cn+or+sina.com.cn+or+xinhuanet.com+or+cri.cn+or+163.com+or+cankaoxiaoxi.com+or+cctv.com+or+ifeng.com+or+qq.com+or+takungpao.com+or+people.com.cn+or+southcn.com+or+southcn.com+or+cnr.cn+or+people.com.cn+or+cyol.com+or+bjnews.com.cn+or+gmw.cn+or+dahe.cn+or+xfrb.com.cn+or+cqnews.net+or+lifeweek.com.cn+or+cpd.com.cn+or+haiwainet.cn+or+yidianzixun.com+or+ftchinese.com+or+guancha.cn+or+zhcw.com+or+huanqiu.com+or+ihuawen.com+or+nytimes.com+or+flickr.com+or+quanjing.com+or+vcg.com+or+gettyimages.co.uk+or+paixin.com)+%e4%b8%80%e4%bd%8d+%e7%be%8e%e5%9b%bd+%e6%8f%90%e5%88%b0+%e6%96%b0+%e6%95%85%e4%ba%8b&id=2202563F6C92ECC363C483B427ADD0B9F324B5D3&simid=608023396210969694", 
            "hostPageUrl": "https://dj.sina.com.cn/article/fyhmtcf2937732.shtml", 
            "thumbnailUrl": "https://tse3.mm.bing.net/th?id=OIP.19OaJvH43aUJiOgXLF0u5QHaE7&pid=Api", 
            "thumbnail": {
                "width": 474, 
                "height": 315
            }, 
            "contentSize": "272037 B"
        }, 
        {
            "contentUrl": "http://www.chinanews.com/hr/2015/05-18/U357P4T8D7283279F107DT20150518112152.png", 
            "insightsMetadata": {
                "pagesIncludingCount": 5, 
                "availableSizesCount": 2
            }, 
            "height": 275, 
            "accentColor": "0890C3", 
            "hostPageDisplayUrl": "www.chinadaily.com.cn/hqpl/zggc/2015-05-18/content...", 
            "name": "美华裔女孩拍摄地铁上令人讨厌的行为走红网络- Micro Reading", 
            "width": 500, 
            "imageInsightsToken": "ccid_+D4X/n4Y*mid_0DCFEE81B6E9803BDADC16875B4E7F9B6F8C61BB*simid_608041684185713514*thid_OIP.-D4X!_n4YbrM8GSBC8MWDqQHaEE", 
            "imageId": "0DCFEE81B6E9803BDADC16875B4E7F9B6F8C61BB", 
            "isFamilyFriendly": true, 
            "datePublished": "2015-05-18T03:53:00.0000000Z", 
            "encodingFormat": "png", 
            "webSearchUrl": "https://www.bing.com/images/search?view=detailv2&FORM=OIIRPO&q=site%3a(thepaper.cn+or+chinadaily.com.cn+or+china.com.cn+or+chinanews.com+or+youth.cn+or+sina.com.cn+or+xinhuanet.com+or+cri.cn+or+163.com+or+cankaoxiaoxi.com+or+cctv.com+or+ifeng.com+or+qq.com+or+takungpao.com+or+people.com.cn+or+southcn.com+or+southcn.com+or+cnr.cn+or+people.com.cn+or+cyol.com+or+bjnews.com.cn+or+gmw.cn+or+dahe.cn+or+xfrb.com.cn+or+cqnews.net+or+lifeweek.com.cn+or+cpd.com.cn+or+haiwainet.cn+or+yidianzixun.com+or+ftchinese.com+or+guancha.cn+or+zhcw.com+or+huanqiu.com+or+ihuawen.com+or+nytimes.com+or+flickr.com+or+quanjing.com+or+vcg.com+or+gettyimages.co.uk+or+paixin.com)+%e4%b8%80%e4%bd%8d+%e7%be%8e%e5%9b%bd+%e6%8f%90%e5%88%b0+%e6%96%b0+%e6%95%85%e4%ba%8b&id=0DCFEE81B6E9803BDADC16875B4E7F9B6F8C61BB&simid=608041684185713514", 
            "hostPageUrl": "http://www.chinadaily.com.cn/hqpl/zggc/2015-05-18/content_13710592.html", 
            "thumbnailUrl": "https://tse1.mm.bing.net/th?id=OIP.-D4X_n4YbrM8GSBC8MWDqQHaEE&pid=Api", 
            "thumbnail": {
                "width": 474, 
                "height": 260
            }, 
            "hostPageFavIconUrl": "https://www.bing.com/th?id=AR_6bbc59f7064ed213027d1c4ffbd7baac&pid=Api", 
            "contentSize": "319059 B"
        }, 
        {
            "contentUrl": "http://img1.cache.netease.com/catchpic/a_/AD/AD6BA63E9FE024F33C9F8CE7FFB25B4D.jpg", 
            "insightsMetadata": {
                "pagesIncludingCount": 18, 
                "availableSizesCount": 5
            }, 
            "height": 485, 
            "accentColor": "7D100C", 
            "hostPageDisplayUrl": "news.163.com/12/0829/07/8A2CQ72N00014JB6_all.html", 
            "name": "红墙内的\"公主\"：第一代领导人的漂亮孙女们_网易新闻", 
            "width": 450, 
            "imageInsightsToken": "ccid_ixBgSVyV*mid_486BCF5B8A10F1BE0100CA90A11E79E85554D589*simid_608036311163799830*thid_OIP.ixBgSVyVNzhu6eWRAjZjLAAAAA", 
            "imageId": "486BCF5B8A10F1BE0100CA90A11E79E85554D589", 
            "isFamilyFriendly": false, 
            "datePublished": "2012-08-28T23:22:00.0000000Z", 
            "encodingFormat": "jpeg", 
            "webSearchUrl": "https://www.bing.com/images/search?view=detailv2&FORM=OIIRPO&q=site%3a(thepaper.cn+or+chinadaily.com.cn+or+china.com.cn+or+chinanews.com+or+youth.cn+or+sina.com.cn+or+xinhuanet.com+or+cri.cn+or+163.com+or+cankaoxiaoxi.com+or+cctv.com+or+ifeng.com+or+qq.com+or+takungpao.com+or+people.com.cn+or+southcn.com+or+southcn.com+or+cnr.cn+or+people.com.cn+or+cyol.com+or+bjnews.com.cn+or+gmw.cn+or+dahe.cn+or+xfrb.com.cn+or+cqnews.net+or+lifeweek.com.cn+or+cpd.com.cn+or+haiwainet.cn+or+yidianzixun.com+or+ftchinese.com+or+guancha.cn+or+zhcw.com+or+huanqiu.com+or+ihuawen.com+or+nytimes.com+or+flickr.com+or+quanjing.com+or+vcg.com+or+gettyimages.co.uk+or+paixin.com)+%e4%b8%80%e4%bd%8d+%e7%be%8e%e5%9b%bd+%e6%8f%90%e5%88%b0+%e6%96%b0+%e6%95%85%e4%ba%8b&id=486BCF5B8A10F1BE0100CA90A11E79E85554D589&simid=608036311163799830", 
            "hostPageUrl": "http://news.163.com/12/0829/07/8A2CQ72N00014JB6_all.html", 
            "thumbnailUrl": "https://tse4.explicit.bing.net/th?id=OIP.ixBgSVyVNzhu6eWRAjZjLAAAAA&pid=Api", 
            "thumbnail": {
                "width": 450, 
                "height": 485
            }, 
            "contentSize": "31256 B"
        }
    ], 
    "nextOffset": 10, 
    "queryContext": {
        "alterationMethod": "AM_JustChangeIt", 
        "alterationType": "CombinedAlterations", 
        "originalQuery": "site:(thepaper.cn or chinadaily.com.cn or china.com.cn or chinanews.com or youth.cn or sina.com.cn or xinhuanet.com or cri.cn or 163.com or cankaoxiaoxi.com or cctv.com or ifeng.com or qq.com or takungpao.com or people.com.cn or southcn.com or southcn.com or cnr.cn or people.com.cn or cyol.com or bjnews.com.cn or gmw.cn or dahe.cn or xfrb.com.cn or cqnews.net or lifeweek.com.cn or cpd.com.cn or haiwainet.cn or yidianzixun.com or ftchinese.com or guancha.cn or zhcw.com or huanqiu.com or ihuawen.com or nytimes.com or flickr.com or quanjing.com or vcg.com or gettyimages.co.uk or paixin.com) 一位 美国 提到 新 故事", 
        "alterationOverrideQuery": "+site:(thepaper.cn or chinadaily.com.cn or china.com.cn or chinanews.com or youth.cn or sina.com.cn or xinhuanet.com or cri.cn or 163.com or cankaoxiaoxi.com or cctv.com or ifeng.com or qq.com or takungpao.com or people.com.cn or southcn.com or southcn.com or cnr.cn or people.com.cn or cyol.com or bjnews.com.cn or gmw.cn or dahe.cn or xfrb.com.cn or cqnews.net or lifeweek.com.cn or cpd.com.cn or haiwainet.cn or yidianzixun.com or ftchinese.com or guancha.cn or zhcw.com or huanqiu.com or ihuawen.com or nytimes.com or flickr.com or quanjing.com or vcg.com or gettyimages.co.uk or paixin.com) 一位 美国 提到 新 故事", 
        "alterationDisplayQuery": "一 位 美国 提到 新 故事"
    }, 
    "currentOffset": 0, 
    "readLink": "images/search?q=site:(thepaper.cn or chinadaily.com.cn or china.com.cn or chinanews.com or youth.cn or sina.com.cn or xinhuanet.com or cri.cn or 163.com or cankaoxiaoxi.com or cctv.com or ifeng.com or qq.com or takungpao.com or people.com.cn or southcn.com or southcn.com or cnr.cn or people.com.cn or cyol.com or bjnews.com.cn or gmw.cn or dahe.cn or xfrb.com.cn or cqnews.net or lifeweek.com.cn or cpd.com.cn or haiwainet.cn or yidianzixun.com or ftchinese.com or guancha.cn or zhcw.com or huanqiu.com or ihuawen.com or nytimes.com or flickr.com or quanjing.com or vcg.com or gettyimages.co.uk or paixin.com) 一位 美国 提到 新 故事", 
    "totalEstimatedMatches": 100, 
    "relatedSearches": [
        {
            "text": "工藤新一", 
            "displayText": "工藤新一", 
            "thumbnail": {
                "thumbnailUrl": "https://tse2.mm.bing.net/th?q=%e5%b7%a5%e8%97%a4%e6%96%b0%e4%b8%80&pid=Api&mkt=zh-CN&adlt=strict&t=1"
            }, 
            "searchLink": "https://api.cognitive.microsoft.com/api/v7/images/search?q=%e5%b7%a5%e8%97%a4%e6%96%b0%e4%b8%80", 
            "webSearchUrl": "https://www.bing.com/images/search?q=%e5%b7%a5%e8%97%a4%e6%96%b0%e4%b8%80&FORM=IRPATC"
        }, 
        {
            "text": "新一和小兰", 
            "displayText": "新一和小兰", 
            "thumbnail": {
                "thumbnailUrl": "https://tse2.mm.bing.net/th?q=%e6%96%b0%e4%b8%80%e5%92%8c%e5%b0%8f%e5%85%b0&pid=Api&mkt=zh-CN&adlt=strict&t=1"
            }, 
            "searchLink": "https://api.cognitive.microsoft.com/api/v7/images/search?q=%e6%96%b0%e4%b8%80%e5%92%8c%e5%b0%8f%e5%85%b0", 
            "webSearchUrl": "https://www.bing.com/images/search?q=%e6%96%b0%e4%b8%80%e5%92%8c%e5%b0%8f%e5%85%b0&FORM=IRPATC"
        }, 
        {
            "text": "工藤新一暴帅图片", 
            "displayText": "工藤新一暴帅图片", 
            "thumbnail": {
                "thumbnailUrl": "https://tse2.mm.bing.net/th?q=%e5%b7%a5%e8%97%a4%e6%96%b0%e4%b8%80%e6%9a%b4%e5%b8%85%e5%9b%be%e7%89%87&pid=Api&mkt=zh-CN&adlt=strict&t=1"
            }, 
            "searchLink": "https://api.cognitive.microsoft.com/api/v7/images/search?q=%e5%b7%a5%e8%97%a4%e6%96%b0%e4%b8%80%e6%9a%b4%e5%b8%85%e5%9b%be%e7%89%87", 
            "webSearchUrl": "https://www.bing.com/images/search?q=%e5%b7%a5%e8%97%a4%e6%96%b0%e4%b8%80%e6%9a%b4%e5%b8%85%e5%9b%be%e7%89%87&FORM=IRPATC"
        }, 
        {
            "text": "工藤新一和毛利兰", 
            "displayText": "工藤新一和毛利兰", 
            "thumbnail": {
                "thumbnailUrl": "https://tse2.mm.bing.net/th?q=%e5%b7%a5%e8%97%a4%e6%96%b0%e4%b8%80%e5%92%8c%e6%af%9b%e5%88%a9%e5%85%b0&pid=Api&mkt=zh-CN&adlt=strict&t=1"
            }, 
            "searchLink": "https://api.cognitive.microsoft.com/api/v7/images/search?q=%e5%b7%a5%e8%97%a4%e6%96%b0%e4%b8%80%e5%92%8c%e6%af%9b%e5%88%a9%e5%85%b0", 
            "webSearchUrl": "https://www.bing.com/images/search?q=%e5%b7%a5%e8%97%a4%e6%96%b0%e4%b8%80%e5%92%8c%e6%af%9b%e5%88%a9%e5%85%b0&FORM=IRPATC"
        }, 
        {
            "text": "新一代iphone6真机曝光", 
            "displayText": "新一代iphone6真机曝光", 
            "thumbnail": {
                "thumbnailUrl": "https://tse2.mm.bing.net/th?q=%e6%96%b0%e4%b8%80%e4%bb%a3iphone6%e7%9c%9f%e6%9c%ba%e6%9b%9d%e5%85%89&pid=Api&mkt=zh-CN&adlt=strict&t=1"
            }, 
            "searchLink": "https://api.cognitive.microsoft.com/api/v7/images/search?q=%e6%96%b0%e4%b8%80%e4%bb%a3iphone6%e7%9c%9f%e6%9c%ba%e6%9b%9d%e5%85%89", 
            "webSearchUrl": "https://www.bing.com/images/search?q=%e6%96%b0%e4%b8%80%e4%bb%a3iphone6%e7%9c%9f%e6%9c%ba%e6%9b%9d%e5%85%89&FORM=IRPATC"
        }, 
        {
            "text": "新概念英语第一册", 
            "displayText": "新概念英语第一册", 
            "thumbnail": {
                "thumbnailUrl": "https://tse2.mm.bing.net/th?q=%e6%96%b0%e6%a6%82%e5%bf%b5%e8%8b%b1%e8%af%ad%e7%ac%ac%e4%b8%80%e5%86%8c&pid=Api&mkt=zh-CN&adlt=strict&t=1"
            }, 
            "searchLink": "https://api.cognitive.microsoft.com/api/v7/images/search?q=%e6%96%b0%e6%a6%82%e5%bf%b5%e8%8b%b1%e8%af%ad%e7%ac%ac%e4%b8%80%e5%86%8c", 
            "webSearchUrl": "https://www.bing.com/images/search?q=%e6%96%b0%e6%a6%82%e5%bf%b5%e8%8b%b1%e8%af%ad%e7%ac%ac%e4%b8%80%e5%86%8c&FORM=IRPATC"
        }, 
        {
            "text": "新本一道", 
            "displayText": "新本一道", 
            "thumbnail": {
                "thumbnailUrl": "https://tse2.mm.bing.net/th?q=%e6%96%b0%e6%9c%ac%e4%b8%80%e9%81%93&pid=Api&mkt=zh-CN&adlt=strict&t=1"
            }, 
            "searchLink": "https://api.cognitive.microsoft.com/api/v7/images/search?q=%e6%96%b0%e6%9c%ac%e4%b8%80%e9%81%93", 
            "webSearchUrl": "https://www.bing.com/images/search?q=%e6%96%b0%e6%9c%ac%e4%b8%80%e9%81%93&FORM=IRPATC"
        }, 
        {
            "text": "名侦探柯南工藤新一", 
            "displayText": "名侦探柯南工藤新一", 
            "thumbnail": {
                "thumbnailUrl": "https://tse3.mm.bing.net/th?q=%e5%90%8d%e4%be%a6%e6%8e%a2%e6%9f%af%e5%8d%97%e5%b7%a5%e8%97%a4%e6%96%b0%e4%b8%80&pid=Api&mkt=zh-CN&adlt=strict&t=1"
            }, 
            "searchLink": "https://api.cognitive.microsoft.com/api/v7/images/search?q=%e5%90%8d%e4%be%a6%e6%8e%a2%e6%9f%af%e5%8d%97%e5%b7%a5%e8%97%a4%e6%96%b0%e4%b8%80", 
            "webSearchUrl": "https://www.bing.com/images/search?q=%e5%90%8d%e4%be%a6%e6%8e%a2%e6%9f%af%e5%8d%97%e5%b7%a5%e8%97%a4%e6%96%b0%e4%b8%80&FORM=IRPATC"
        }, 
        {
            "text": "柯南新一", 
            "displayText": "柯南新一", 
            "thumbnail": {
                "thumbnailUrl": "https://tse1.mm.bing.net/th?q=%e6%9f%af%e5%8d%97%e6%96%b0%e4%b8%80&pid=Api&mkt=zh-CN&adlt=strict&t=1"
            }, 
            "searchLink": "https://api.cognitive.microsoft.com/api/v7/images/search?q=%e6%9f%af%e5%8d%97%e6%96%b0%e4%b8%80", 
            "webSearchUrl": "https://www.bing.com/images/search?q=%e6%9f%af%e5%8d%97%e6%96%b0%e4%b8%80&FORM=IRPATC"
        }, 
        {
            "text": "新一代宅男女神", 
            "displayText": "新一代宅男女神", 
            "thumbnail": {
                "thumbnailUrl": "https://tse3.mm.bing.net/th?q=%e6%96%b0%e4%b8%80%e4%bb%a3%e5%ae%85%e7%94%b7%e5%a5%b3%e7%a5%9e&pid=Api&mkt=zh-CN&adlt=strict&t=1"
            }, 
            "searchLink": "https://api.cognitive.microsoft.com/api/v7/images/search?q=%e6%96%b0%e4%b8%80%e4%bb%a3%e5%ae%85%e7%94%b7%e5%a5%b3%e7%a5%9e", 
            "webSearchUrl": "https://www.bing.com/images/search?q=%e6%96%b0%e4%b8%80%e4%bb%a3%e5%ae%85%e7%94%b7%e5%a5%b3%e7%a5%9e&FORM=IRPATC"
        }, 
        {
            "text": "工藤新一vs怪盗基德", 
            "displayText": "工藤新一vs怪盗基德", 
            "thumbnail": {
                "thumbnailUrl": "https://tse1.mm.bing.net/th?q=%e5%b7%a5%e8%97%a4%e6%96%b0%e4%b8%80vs%e6%80%aa%e7%9b%97%e5%9f%ba%e5%be%b7&pid=Api&mkt=zh-CN&adlt=strict&t=1"
            }, 
            "searchLink": "https://api.cognitive.microsoft.com/api/v7/images/search?q=%e5%b7%a5%e8%97%a4%e6%96%b0%e4%b8%80vs%e6%80%aa%e7%9b%97%e5%9f%ba%e5%be%b7", 
            "webSearchUrl": "https://www.bing.com/images/search?q=%e5%b7%a5%e8%97%a4%e6%96%b0%e4%b8%80vs%e6%80%aa%e7%9b%97%e5%9f%ba%e5%be%b7&FORM=IRPATC"
        }, 
        {
            "text": "新一代富婆玄机图", 
            "displayText": "新一代富婆玄机图", 
            "thumbnail": {
                "thumbnailUrl": "https://tse2.mm.bing.net/th?q=%e6%96%b0%e4%b8%80%e4%bb%a3%e5%af%8c%e5%a9%86%e7%8e%84%e6%9c%ba%e5%9b%be&pid=Api&mkt=zh-CN&adlt=strict&t=1"
            }, 
            "searchLink": "https://api.cognitive.microsoft.com/api/v7/images/search?q=%e6%96%b0%e4%b8%80%e4%bb%a3%e5%af%8c%e5%a9%86%e7%8e%84%e6%9c%ba%e5%9b%be", 
            "webSearchUrl": "https://www.bing.com/images/search?q=%e6%96%b0%e4%b8%80%e4%bb%a3%e5%af%8c%e5%a9%86%e7%8e%84%e6%9c%ba%e5%9b%be&FORM=IRPATC"
        }, 
        {
            "text": "日本 新一代女神", 
            "displayText": "日本 新一代女神", 
            "thumbnail": {
                "thumbnailUrl": "https://tse4.mm.bing.net/th?q=%e6%97%a5%e6%9c%ac+%e6%96%b0%e4%b8%80%e4%bb%a3%e5%a5%b3%e7%a5%9e&pid=Api&mkt=zh-CN&adlt=strict&t=1"
            }, 
            "searchLink": "https://api.cognitive.microsoft.com/api/v7/images/search?q=%e6%97%a5%e6%9c%ac+%e6%96%b0%e4%b8%80%e4%bb%a3%e5%a5%b3%e7%a5%9e", 
            "webSearchUrl": "https://www.bing.com/images/search?q=%e6%97%a5%e6%9c%ac+%e6%96%b0%e4%b8%80%e4%bb%a3%e5%a5%b3%e7%a5%9e&FORM=IRPATC"
        }, 
        {
            "text": "工藤新一吻怪盗基德", 
            "displayText": "工藤新一吻怪盗基德", 
            "thumbnail": {
                "thumbnailUrl": "https://tse1.mm.bing.net/th?q=%e5%b7%a5%e8%97%a4%e6%96%b0%e4%b8%80%e5%90%bb%e6%80%aa%e7%9b%97%e5%9f%ba%e5%be%b7&pid=Api&mkt=zh-CN&adlt=strict&t=1"
            }, 
            "searchLink": "https://api.cognitive.microsoft.com/api/v7/images/search?q=%e5%b7%a5%e8%97%a4%e6%96%b0%e4%b8%80%e5%90%bb%e6%80%aa%e7%9b%97%e5%9f%ba%e5%be%b7", 
            "webSearchUrl": "https://www.bing.com/images/search?q=%e5%b7%a5%e8%97%a4%e6%96%b0%e4%b8%80%e5%90%bb%e6%80%aa%e7%9b%97%e5%9f%ba%e5%be%b7&FORM=IRPATC"
        }, 
        {
            "text": "黑崎一护新卍解", 
            "displayText": "黑崎一护新卍解", 
            "thumbnail": {
                "thumbnailUrl": "https://tse2.mm.bing.net/th?q=%e9%bb%91%e5%b4%8e%e4%b8%80%e6%8a%a4%e6%96%b0%e5%8d%8d%e8%a7%a3&pid=Api&mkt=zh-CN&adlt=strict&t=1"
            }, 
            "searchLink": "https://api.cognitive.microsoft.com/api/v7/images/search?q=%e9%bb%91%e5%b4%8e%e4%b8%80%e6%8a%a4%e6%96%b0%e5%8d%8d%e8%a7%a3", 
            "webSearchUrl": "https://www.bing.com/images/search?q=%e9%bb%91%e5%b4%8e%e4%b8%80%e6%8a%a4%e6%96%b0%e5%8d%8d%e8%a7%a3&FORM=IRPATC"
        }
    ]
}