{
    "instrumentation": {
        "_type": "ResponseInstrumentation"
    }, 
    "_type": "Images", 
    "webSearchUrl": "https://www.bing.com/images/search?q=site:(thepaper.cn or chinadaily.com.cn or china.com.cn or chinanews.com or youth.cn or sina.com.cn or xinhuanet.com or cri.cn or 163.com or cankaoxiaoxi.com or cctv.com or ifeng.com or qq.com or takungpao.com or people.com.cn or southcn.com or southcn.com or cnr.cn or people.com.cn or cyol.com or bjnews.com.cn or gmw.cn or dahe.cn or xfrb.com.cn or cqnews.net or lifeweek.com.cn or cpd.com.cn or haiwainet.cn or yidianzixun.com or ftchinese.com or guancha.cn or zhcw.com or huanqiu.com or ihuawen.com or nytimes.com or flickr.com or quanjing.com or vcg.com or gettyimages.co.uk or paixin.com) 罗斯 说 杰克 一个 喜欢 美国&FORM=OIIARP", 
    "value": [
        {
            "contentUrl": "http://www.people.com.cn/mediafile/pic/20160318/59/15209466225061312019.jpg", 
            "insightsMetadata": {
                "pagesIncludingCount": 3, 
                "availableSizesCount": 2
            }, 
            "height": 495, 
            "accentColor": "C0150C", 
            "hostPageDisplayUrl": "cnews.chinadaily.com.cn/2016-03/18/content_23949403.htm", 
            "name": "休杰克曼新片《飞鹰艾迪》今映 运动明星齐推荐 - 国内新闻 ...", 
            "width": 334, 
            "imageInsightsToken": "ccid_FZYkeQ5m*mid_1FC5D9296645BD3BED3360656BED4376185B10B3*simid_608019827062408839*thid_OIP.FZYkeQ5m9cUqpvFTgGLX8QAAAA", 
            "imageId": "1FC5D9296645BD3BED3360656BED4376185B10B3", 
            "isFamilyFriendly": true, 
            "datePublished": "2016-03-18T08:27:00.0000000Z", 
            "encodingFormat": "jpeg", 
            "webSearchUrl": "https://www.bing.com/images/search?view=detailv2&FORM=OIIRPO&q=site%3a(thepaper.cn+or+chinadaily.com.cn+or+china.com.cn+or+chinanews.com+or+youth.cn+or+sina.com.cn+or+xinhuanet.com+or+cri.cn+or+163.com+or+cankaoxiaoxi.com+or+cctv.com+or+ifeng.com+or+qq.com+or+takungpao.com+or+people.com.cn+or+southcn.com+or+southcn.com+or+cnr.cn+or+people.com.cn+or+cyol.com+or+bjnews.com.cn+or+gmw.cn+or+dahe.cn+or+xfrb.com.cn+or+cqnews.net+or+lifeweek.com.cn+or+cpd.com.cn+or+haiwainet.cn+or+yidianzixun.com+or+ftchinese.com+or+guancha.cn+or+zhcw.com+or+huanqiu.com+or+ihuawen.com+or+nytimes.com+or+flickr.com+or+quanjing.com+or+vcg.com+or+gettyimages.co.uk+or+paixin.com)+%e7%bd%97%e6%96%af+%e8%af%b4+%e6%9d%b0%e5%85%8b+%e4%b8%80%e4%b8%aa+%e5%96%9c%e6%ac%a2+%e7%be%8e%e5%9b%bd&id=1FC5D9296645BD3BED3360656BED4376185B10B3&simid=608019827062408839", 
            "hostPageUrl": "http://cnews.chinadaily.com.cn/2016-03/18/content_23949403.htm", 
            "thumbnailUrl": "https://tse4.mm.bing.net/th?id=OIP.FZYkeQ5m9cUqpvFTgGLX8QAAAA&pid=Api", 
            "thumbnail": {
                "width": 334, 
                "height": 495
            }, 
            "hostPageFavIconUrl": "https://www.bing.com/th?id=AR_6bbc59f7064ed213027d1c4ffbd7baac&pid=Api", 
            "contentSize": "19877 B"
        }, 
        {
            "contentUrl": "http://himg2.huanqiu.com/attachment2010/2014/0313/20140313012259665.jpg", 
            "insightsMetadata": {
                "pagesIncludingCount": 7, 
                "availableSizesCount": 2
            }, 
            "height": 361, 
            "accentColor": "7B431A", 
            "hostPageDisplayUrl": "go.huanqiu.com/europe/2014-03/4901774_2.html", 
            "name": "感受法式文化 巴黎十大文学历史之地_旅游_环球网", 
            "width": 550, 
            "imageInsightsToken": "ccid_h1wSwYu0*mid_7279FD7E40409F8C060A119EED130A49C4784F1D*simid_608005838368737660*thid_OIP.h1wSwYu0G2FdP-N4dOXK8gHaE3", 
            "imageId": "7279FD7E40409F8C060A119EED130A49C4784F1D", 
            "isFamilyFriendly": true, 
            "datePublished": "2018-09-22T00:34:00.0000000Z", 
            "encodingFormat": "jpeg", 
            "webSearchUrl": "https://www.bing.com/images/search?view=detailv2&FORM=OIIRPO&q=site%3a(thepaper.cn+or+chinadaily.com.cn+or+china.com.cn+or+chinanews.com+or+youth.cn+or+sina.com.cn+or+xinhuanet.com+or+cri.cn+or+163.com+or+cankaoxiaoxi.com+or+cctv.com+or+ifeng.com+or+qq.com+or+takungpao.com+or+people.com.cn+or+southcn.com+or+southcn.com+or+cnr.cn+or+people.com.cn+or+cyol.com+or+bjnews.com.cn+or+gmw.cn+or+dahe.cn+or+xfrb.com.cn+or+cqnews.net+or+lifeweek.com.cn+or+cpd.com.cn+or+haiwainet.cn+or+yidianzixun.com+or+ftchinese.com+or+guancha.cn+or+zhcw.com+or+huanqiu.com+or+ihuawen.com+or+nytimes.com+or+flickr.com+or+quanjing.com+or+vcg.com+or+gettyimages.co.uk+or+paixin.com)+%e7%bd%97%e6%96%af+%e8%af%b4+%e6%9d%b0%e5%85%8b+%e4%b8%80%e4%b8%aa+%e5%96%9c%e6%ac%a2+%e7%be%8e%e5%9b%bd&id=7279FD7E40409F8C060A119EED130A49C4784F1D&simid=608005838368737660", 
            "hostPageUrl": "http://go.huanqiu.com/europe/2014-03/4901774_2.html", 
            "thumbnailUrl": "https://tse1.mm.bing.net/th?id=OIP.h1wSwYu0G2FdP-N4dOXK8gHaE3&pid=Api", 
            "thumbnail": {
                "width": 474, 
                "height": 311
            }, 
            "contentSize": "91924 B"
        }, 
        {
            "contentUrl": "http://img1.gtimg.com/hb/pics/hv1/68/133/1545/100497608.jpg", 
            "insightsMetadata": {
                "pagesIncludingCount": 7, 
                "availableSizesCount": 2
            }, 
            "height": 361, 
            "accentColor": "7A451C", 
            "hostPageDisplayUrl": "hb.qq.com/a/20140317/016470_all.htm", 
            "name": "感受法式文化 巴黎十大文学历史之地_大楚网_腾讯网", 
            "width": 550, 
            "imageInsightsToken": "ccid_h1hD2fQ/*mid_9DC6D6674017CB2023F144E610C9F5A6F7F88595*simid_608013565084173921*thid_OIP.h1hD2fQ!_oBkkO4Ky3hil5wHaE3", 
            "imageId": "9DC6D6674017CB2023F144E610C9F5A6F7F88595", 
            "isFamilyFriendly": true, 
            "datePublished": "2014-03-17T07:21:00.0000000Z", 
            "encodingFormat": "jpeg", 
            "webSearchUrl": "https://www.bing.com/images/search?view=detailv2&FORM=OIIRPO&q=site%3a(thepaper.cn+or+chinadaily.com.cn+or+china.com.cn+or+chinanews.com+or+youth.cn+or+sina.com.cn+or+xinhuanet.com+or+cri.cn+or+163.com+or+cankaoxiaoxi.com+or+cctv.com+or+ifeng.com+or+qq.com+or+takungpao.com+or+people.com.cn+or+southcn.com+or+southcn.com+or+cnr.cn+or+people.com.cn+or+cyol.com+or+bjnews.com.cn+or+gmw.cn+or+dahe.cn+or+xfrb.com.cn+or+cqnews.net+or+lifeweek.com.cn+or+cpd.com.cn+or+haiwainet.cn+or+yidianzixun.com+or+ftchinese.com+or+guancha.cn+or+zhcw.com+or+huanqiu.com+or+ihuawen.com+or+nytimes.com+or+flickr.com+or+quanjing.com+or+vcg.com+or+gettyimages.co.uk+or+paixin.com)+%e7%bd%97%e6%96%af+%e8%af%b4+%e6%9d%b0%e5%85%8b+%e4%b8%80%e4%b8%aa+%e5%96%9c%e6%ac%a2+%e7%be%8e%e5%9b%bd&id=9DC6D6674017CB2023F144E610C9F5A6F7F88595&simid=608013565084173921", 
            "hostPageUrl": "http://hb.qq.com/a/20140317/016470_all.htm", 
            "thumbnailUrl": "https://tse3.mm.bing.net/th?id=OIP.h1hD2fQ_oBkkO4Ky3hil5wHaE3&pid=Api", 
            "thumbnail": {
                "width": 474, 
                "height": 311
            }, 
            "contentSize": "44660 B"
        }, 
        {
            "contentUrl": "http://img1.gtimg.com/cd/pics/hv1/55/122/574/37355515.jpg", 
            "insightsMetadata": {
                "pagesIncludingCount": 1, 
                "availableSizesCount": 1
            }, 
            "height": 292, 
            "accentColor": "9A7131", 
            "hostPageDisplayUrl": "cd.qq.com/a/20100714/003711.htm", 
            "name": "十大好莱坞明星最爱沙滩（组图）_新闻滚动_大成网_腾讯网", 
            "width": 437, 
            "imageInsightsToken": "ccid_lBpM9Ofh*mid_E8642FC9CB8C7864159C420976FD0B0A50806E7B*simid_607999271367935388*thid_OIP.lBpM9OfhhCPkqzwuV5fCngAAAA", 
            "imageId": "E8642FC9CB8C7864159C420976FD0B0A50806E7B", 
            "isFamilyFriendly": true, 
            "datePublished": "2019-02-19T15:37:00.0000000Z", 
            "encodingFormat": "jpeg", 
            "webSearchUrl": "https://www.bing.com/images/search?view=detailv2&FORM=OIIRPO&q=site%3a(thepaper.cn+or+chinadaily.com.cn+or+china.com.cn+or+chinanews.com+or+youth.cn+or+sina.com.cn+or+xinhuanet.com+or+cri.cn+or+163.com+or+cankaoxiaoxi.com+or+cctv.com+or+ifeng.com+or+qq.com+or+takungpao.com+or+people.com.cn+or+southcn.com+or+southcn.com+or+cnr.cn+or+people.com.cn+or+cyol.com+or+bjnews.com.cn+or+gmw.cn+or+dahe.cn+or+xfrb.com.cn+or+cqnews.net+or+lifeweek.com.cn+or+cpd.com.cn+or+haiwainet.cn+or+yidianzixun.com+or+ftchinese.com+or+guancha.cn+or+zhcw.com+or+huanqiu.com+or+ihuawen.com+or+nytimes.com+or+flickr.com+or+quanjing.com+or+vcg.com+or+gettyimages.co.uk+or+paixin.com)+%e7%bd%97%e6%96%af+%e8%af%b4+%e6%9d%b0%e5%85%8b+%e4%b8%80%e4%b8%aa+%e5%96%9c%e6%ac%a2+%e7%be%8e%e5%9b%bd&id=E8642FC9CB8C7864159C420976FD0B0A50806E7B&simid=607999271367935388", 
            "hostPageUrl": "http://cd.qq.com/a/20100714/003711.htm", 
            "thumbnailUrl": "https://tse2.mm.bing.net/th?id=OIP.lBpM9OfhhCPkqzwuV5fCngAAAA&pid=Api", 
            "thumbnail": {
                "width": 437, 
                "height": 292
            }, 
            "contentSize": "27279 B"
        }, 
        {
            "contentUrl": "http://i3.sinaimg.cn/ty/2013/0617/U364P6DT20130617104916.jpg", 
            "insightsMetadata": {
                "pagesIncludingCount": 2, 
                "availableSizesCount": 1
            }, 
            "height": 600, 
            "accentColor": "663B29", 
            "hostPageDisplayUrl": "sports.sina.com.cn/golf/2013-06-17/10496624078.shtml", 
            "name": "罗斯：孩提时的梦想终实现 用冠军献给喜欢的人_综合体育_新浪 ...", 
            "width": 399, 
            "imageInsightsToken": "ccid_Gn+ZyPAD*mid_F3AE35C505ABCD784E2D3582EBDB02538C57829A*simid_608002015845617438*thid_OIP.Gn-ZyPADsItmKzAx3gTBAgHaLI", 
            "imageId": "F3AE35C505ABCD784E2D3582EBDB02538C57829A", 
            "isFamilyFriendly": true, 
            "datePublished": "2013-06-17T02:57:00.0000000Z", 
            "encodingFormat": "jpeg", 
            "webSearchUrl": "https://www.bing.com/images/search?view=detailv2&FORM=OIIRPO&q=site%3a(thepaper.cn+or+chinadaily.com.cn+or+china.com.cn+or+chinanews.com+or+youth.cn+or+sina.com.cn+or+xinhuanet.com+or+cri.cn+or+163.com+or+cankaoxiaoxi.com+or+cctv.com+or+ifeng.com+or+qq.com+or+takungpao.com+or+people.com.cn+or+southcn.com+or+southcn.com+or+cnr.cn+or+people.com.cn+or+cyol.com+or+bjnews.com.cn+or+gmw.cn+or+dahe.cn+or+xfrb.com.cn+or+cqnews.net+or+lifeweek.com.cn+or+cpd.com.cn+or+haiwainet.cn+or+yidianzixun.com+or+ftchinese.com+or+guancha.cn+or+zhcw.com+or+huanqiu.com+or+ihuawen.com+or+nytimes.com+or+flickr.com+or+quanjing.com+or+vcg.com+or+gettyimages.co.uk+or+paixin.com)+%e7%bd%97%e6%96%af+%e8%af%b4+%e6%9d%b0%e5%85%8b+%e4%b8%80%e4%b8%aa+%e5%96%9c%e6%ac%a2+%e7%be%8e%e5%9b%bd&id=F3AE35C505ABCD784E2D3582EBDB02538C57829A&simid=608002015845617438", 
            "hostPageUrl": "http://sports.sina.com.cn/golf/2013-06-17/10496624078.shtml", 
            "thumbnailUrl": "https://tse2.mm.bing.net/th?id=OIP.Gn-ZyPADsItmKzAx3gTBAgHaLI&pid=Api", 
            "thumbnail": {
                "width": 474, 
                "height": 712
            }, 
            "contentSize": "33111 B"
        }, 
        {
            "contentUrl": "http://p0.ifengimg.com/pmop/2017/0528/68E127855FFCC642645EC1180D28569034125671_size509_w506_h253.gif", 
            "insightsMetadata": {
                "pagesIncludingCount": 2, 
                "availableSizesCount": 1
            }, 
            "height": 253, 
            "proxyContentUrl": "https://tse2.mm.bing.net/th?id=OGC.90c90b7e223ca56881ee4da8b5c14d64&pid=Api&rurl=http%3a%2f%2fp0.ifengimg.com%2fpmop%2f2017%2f0528%2f68E127855FFCC642645EC1180D28569034125671_size509_w506_h253.gif&ehk=Yq2HJmUg4u8mbMGayO%2fnZQ", 
            "hostPageDisplayUrl": "news.ifeng.com/a/20170528/51176877_0.shtml", 
            "name": "加勒比海盗5 | 因为他，我差点抛弃了德普_凤凰资讯", 
            "width": 506, 
            "imageInsightsToken": "ccid_kMkLfiI8*mid_93D1BBFADFBDE7EE16574667545B488F2AC751F2*simid_608009325912130151*thid_OIP.kMkLfiI8pWiB7k2otcFNZAHaDt", 
            "imageId": "93D1BBFADFBDE7EE16574667545B488F2AC751F2", 
            "isFamilyFriendly": true, 
            "datePublished": "2017-05-28T02:04:00.0000000Z", 
            "encodingFormat": "animatedgif", 
            "webSearchUrl": "https://www.bing.com/images/search?view=detailv2&FORM=OIIRPO&q=site%3a(thepaper.cn+or+chinadaily.com.cn+or+china.com.cn+or+chinanews.com+or+youth.cn+or+sina.com.cn+or+xinhuanet.com+or+cri.cn+or+163.com+or+cankaoxiaoxi.com+or+cctv.com+or+ifeng.com+or+qq.com+or+takungpao.com+or+people.com.cn+or+southcn.com+or+southcn.com+or+cnr.cn+or+people.com.cn+or+cyol.com+or+bjnews.com.cn+or+gmw.cn+or+dahe.cn+or+xfrb.com.cn+or+cqnews.net+or+lifeweek.com.cn+or+cpd.com.cn+or+haiwainet.cn+or+yidianzixun.com+or+ftchinese.com+or+guancha.cn+or+zhcw.com+or+huanqiu.com+or+ihuawen.com+or+nytimes.com+or+flickr.com+or+quanjing.com+or+vcg.com+or+gettyimages.co.uk+or+paixin.com)+%e7%bd%97%e6%96%af+%e8%af%b4+%e6%9d%b0%e5%85%8b+%e4%b8%80%e4%b8%aa+%e5%96%9c%e6%ac%a2+%e7%be%8e%e5%9b%bd&id=93D1BBFADFBDE7EE16574667545B488F2AC751F2&simid=608009325912130151", 
            "hostPageUrl": "http://news.ifeng.com/a/20170528/51176877_0.shtml", 
            "accentColor": "150F08", 
            "thumbnailUrl": "https://tse4.mm.bing.net/th?id=OIP.kMkLfiI8pWiB7k2otcFNZAHaDt&pid=Api", 
            "thumbnail": {
                "width": 474, 
                "height": 237
            }, 
            "contentSize": "521565 B"
        }, 
        {
            "contentUrl": "http://photos.state.gov/libraries/amgov/3234/week_2/05152012_AP111012013079_jpg_300.jpg", 
            "insightsMetadata": {
                "pagesIncludingCount": 3, 
                "availableSizesCount": 1
            }, 
            "height": 237, 
            "accentColor": "A83023", 
            "hostPageDisplayUrl": "blog.sina.com.cn/s/blog_67f297b00102e1b5.html", 
            "name": "第一夫人借助美国奥运队鼓励孩子们参加体育活动_美国驻华大 ...", 
            "width": 300, 
            "imageInsightsToken": "ccid_HC2QDs8H*mid_2794AF9917D46D5D8B6C9B3DE6CA08CBA7E85070*simid_608041959072729965*thid_OIP.HC2QDs8HVJEltxPg3CW2!_gAAAA", 
            "imageId": "2794AF9917D46D5D8B6C9B3DE6CA08CBA7E85070", 
            "isFamilyFriendly": true, 
            "datePublished": "2012-05-17T12:00:00.0000000Z", 
            "encodingFormat": "jpeg", 
            "webSearchUrl": "https://www.bing.com/images/search?view=detailv2&FORM=OIIRPO&q=site%3a(thepaper.cn+or+chinadaily.com.cn+or+china.com.cn+or+chinanews.com+or+youth.cn+or+sina.com.cn+or+xinhuanet.com+or+cri.cn+or+163.com+or+cankaoxiaoxi.com+or+cctv.com+or+ifeng.com+or+qq.com+or+takungpao.com+or+people.com.cn+or+southcn.com+or+southcn.com+or+cnr.cn+or+people.com.cn+or+cyol.com+or+bjnews.com.cn+or+gmw.cn+or+dahe.cn+or+xfrb.com.cn+or+cqnews.net+or+lifeweek.com.cn+or+cpd.com.cn+or+haiwainet.cn+or+yidianzixun.com+or+ftchinese.com+or+guancha.cn+or+zhcw.com+or+huanqiu.com+or+ihuawen.com+or+nytimes.com+or+flickr.com+or+quanjing.com+or+vcg.com+or+gettyimages.co.uk+or+paixin.com)+%e7%bd%97%e6%96%af+%e8%af%b4+%e6%9d%b0%e5%85%8b+%e4%b8%80%e4%b8%aa+%e5%96%9c%e6%ac%a2+%e7%be%8e%e5%9b%bd&id=2794AF9917D46D5D8B6C9B3DE6CA08CBA7E85070&simid=608041959072729965", 
            "hostPageUrl": "http://blog.sina.com.cn/s/blog_67f297b00102e1b5.html", 
            "thumbnailUrl": "https://tse1.mm.bing.net/th?id=OIP.HC2QDs8HVJEltxPg3CW2_gAAAA&pid=Api", 
            "thumbnail": {
                "width": 300, 
                "height": 237
            }, 
            "contentSize": "25725 B"
        }, 
        {
            "contentUrl": "http://n.sinaimg.cn/finance/transform/20160923/ypDq-fxwevmc5238514.jpg", 
            "insightsMetadata": {
                "pagesIncludingCount": 2, 
                "availableSizesCount": 1
            }, 
            "height": 304, 
            "accentColor": "666666", 
            "hostPageDisplayUrl": "finance.sina.com.cn/360desktop/stock/usstock/c/2016-09-23...", 
            "name": "格林斯潘警告债券牛市不可能永久持续 格罗斯则建议做多_美股 ...", 
            "width": 550, 
            "imageInsightsToken": "ccid_taPVXTxP*mid_D9409167C4D03B2322C492988B3A6D9AC63D6B4A*simid_608012499942313689*thid_OIP.taPVXTxPhQMe5zVPfFJZoAHaEF", 
            "imageId": "D9409167C4D03B2322C492988B3A6D9AC63D6B4A", 
            "isFamilyFriendly": true, 
            "datePublished": "2018-03-04T03:50:00.0000000Z", 
            "encodingFormat": "jpeg", 
            "webSearchUrl": "https://www.bing.com/images/search?view=detailv2&FORM=OIIRPO&q=site%3a(thepaper.cn+or+chinadaily.com.cn+or+china.com.cn+or+chinanews.com+or+youth.cn+or+sina.com.cn+or+xinhuanet.com+or+cri.cn+or+163.com+or+cankaoxiaoxi.com+or+cctv.com+or+ifeng.com+or+qq.com+or+takungpao.com+or+people.com.cn+or+southcn.com+or+southcn.com+or+cnr.cn+or+people.com.cn+or+cyol.com+or+bjnews.com.cn+or+gmw.cn+or+dahe.cn+or+xfrb.com.cn+or+cqnews.net+or+lifeweek.com.cn+or+cpd.com.cn+or+haiwainet.cn+or+yidianzixun.com+or+ftchinese.com+or+guancha.cn+or+zhcw.com+or+huanqiu.com+or+ihuawen.com+or+nytimes.com+or+flickr.com+or+quanjing.com+or+vcg.com+or+gettyimages.co.uk+or+paixin.com)+%e7%bd%97%e6%96%af+%e8%af%b4+%e6%9d%b0%e5%85%8b+%e4%b8%80%e4%b8%aa+%e5%96%9c%e6%ac%a2+%e7%be%8e%e5%9b%bd&id=D9409167C4D03B2322C492988B3A6D9AC63D6B4A&simid=608012499942313689", 
            "hostPageUrl": "http://finance.sina.com.cn/360desktop/stock/usstock/c/2016-09-23/doc-ifxwevmf2005671.shtml", 
            "thumbnailUrl": "https://tse4.mm.bing.net/th?id=OIP.taPVXTxPhQMe5zVPfFJZoAHaEF&pid=Api", 
            "thumbnail": {
                "width": 474, 
                "height": 261
            }, 
            "contentSize": "19180 B"
        }, 
        {
            "contentUrl": "http://p2.cri.cn/M00/0C/D6/CqgNOlUvU7iAE73-AAAAAAAAAAA802.980x797.640x521.jpg", 
            "insightsMetadata": {
                "pagesIncludingCount": 8, 
                "availableSizesCount": 6
            }, 
            "height": 521, 
            "accentColor": "965A35", 
            "hostPageDisplayUrl": "news.cri.cn/2015-4-16/3d37ef8b-c44c-452a-acae...", 
            "name": "富二代网上晒奢华春假生活照 享受同时不忘赚钱-国际在线", 
            "width": 640, 
            "imageInsightsToken": "ccid_dB2+bTcg*mid_497894D5DBCFFF33556B5877225FADAB75873F57*simid_608006783266393099*thid_OIP.dB2-bTcg83S-tzIGa8oSogHaGB", 
            "imageId": "497894D5DBCFFF33556B5877225FADAB75873F57", 
            "isFamilyFriendly": true, 
            "datePublished": "2018-11-03T20:08:00.0000000Z", 
            "encodingFormat": "jpeg", 
            "webSearchUrl": "https://www.bing.com/images/search?view=detailv2&FORM=OIIRPO&q=site%3a(thepaper.cn+or+chinadaily.com.cn+or+china.com.cn+or+chinanews.com+or+youth.cn+or+sina.com.cn+or+xinhuanet.com+or+cri.cn+or+163.com+or+cankaoxiaoxi.com+or+cctv.com+or+ifeng.com+or+qq.com+or+takungpao.com+or+people.com.cn+or+southcn.com+or+southcn.com+or+cnr.cn+or+people.com.cn+or+cyol.com+or+bjnews.com.cn+or+gmw.cn+or+dahe.cn+or+xfrb.com.cn+or+cqnews.net+or+lifeweek.com.cn+or+cpd.com.cn+or+haiwainet.cn+or+yidianzixun.com+or+ftchinese.com+or+guancha.cn+or+zhcw.com+or+huanqiu.com+or+ihuawen.com+or+nytimes.com+or+flickr.com+or+quanjing.com+or+vcg.com+or+gettyimages.co.uk+or+paixin.com)+%e7%bd%97%e6%96%af+%e8%af%b4+%e6%9d%b0%e5%85%8b+%e4%b8%80%e4%b8%aa+%e5%96%9c%e6%ac%a2+%e7%be%8e%e5%9b%bd&id=497894D5DBCFFF33556B5877225FADAB75873F57&simid=608006783266393099", 
            "hostPageUrl": "http://news.cri.cn/2015-4-16/3d37ef8b-c44c-452a-acae-a47c006894cb.html", 
            "thumbnailUrl": "https://tse2.mm.bing.net/th?id=OIP.dB2-bTcg83S-tzIGa8oSogHaGB&pid=Api", 
            "thumbnail": {
                "width": 474, 
                "height": 385
            }, 
            "hostPageFavIconUrl": "https://www.bing.com/th?id=AR_43a8e6729fb4544de63cbf9540fe59af&pid=Api", 
            "contentSize": "107750 B"
        }, 
        {
            "contentUrl": "http://a1.huanqiu.cn/images/b657787319a7b357cd247dd817bab063.jpg", 
            "insightsMetadata": {
                "pagesIncludingCount": 9, 
                "availableSizesCount": 5
            }, 
            "height": 347, 
            "accentColor": "702428", 
            "hostPageDisplayUrl": "w.huanqiu.com/r/MV8wXzEwNzgzNDQyXzEyNTlfMTQ5NjYyNzM0MA==", 
            "name": "外国网友：喜欢中国 因为不用担心街头犯罪或暴力", 
            "width": 500, 
            "imageInsightsToken": "ccid_tld4cxmn*mid_3092E1113EAEB2EE2EF0A24BF3AEFA59528120DD*simid_608008531349605158*thid_OIP.tld4cxmns1fNJH3YF7qwYwHaFI", 
            "imageId": "3092E1113EAEB2EE2EF0A24BF3AEFA59528120DD", 
            "isFamilyFriendly": true, 
            "datePublished": "2018-10-12T23:47:00.0000000Z", 
            "encodingFormat": "jpeg", 
            "webSearchUrl": "https://www.bing.com/images/search?view=detailv2&FORM=OIIRPO&q=site%3a(thepaper.cn+or+chinadaily.com.cn+or+china.com.cn+or+chinanews.com+or+youth.cn+or+sina.com.cn+or+xinhuanet.com+or+cri.cn+or+163.com+or+cankaoxiaoxi.com+or+cctv.com+or+ifeng.com+or+qq.com+or+takungpao.com+or+people.com.cn+or+southcn.com+or+southcn.com+or+cnr.cn+or+people.com.cn+or+cyol.com+or+bjnews.com.cn+or+gmw.cn+or+dahe.cn+or+xfrb.com.cn+or+cqnews.net+or+lifeweek.com.cn+or+cpd.com.cn+or+haiwainet.cn+or+yidianzixun.com+or+ftchinese.com+or+guancha.cn+or+zhcw.com+or+huanqiu.com+or+ihuawen.com+or+nytimes.com+or+flickr.com+or+quanjing.com+or+vcg.com+or+gettyimages.co.uk+or+paixin.com)+%e7%bd%97%e6%96%af+%e8%af%b4+%e6%9d%b0%e5%85%8b+%e4%b8%80%e4%b8%aa+%e5%96%9c%e6%ac%a2+%e7%be%8e%e5%9b%bd&id=3092E1113EAEB2EE2EF0A24BF3AEFA59528120DD&simid=608008531349605158", 
            "hostPageUrl": "http://w.huanqiu.com/r/MV8wXzEwNzgzNDQyXzEyNTlfMTQ5NjYyNzM0MA==", 
            "thumbnailUrl": "https://tse4.mm.bing.net/th?id=OIP.tld4cxmns1fNJH3YF7qwYwHaFI&pid=Api", 
            "thumbnail": {
                "width": 474, 
                "height": 328
            }, 
            "contentSize": "28934 B"
        }
    ], 
    "nextOffset": 45, 
    "queryContext": {
        "alterationMethod": "AM_JustChangeIt", 
        "alterationType": "CombinedAlterations", 
        "originalQuery": "site:(thepaper.cn or chinadaily.com.cn or china.com.cn or chinanews.com or youth.cn or sina.com.cn or xinhuanet.com or cri.cn or 163.com or cankaoxiaoxi.com or cctv.com or ifeng.com or qq.com or takungpao.com or people.com.cn or southcn.com or southcn.com or cnr.cn or people.com.cn or cyol.com or bjnews.com.cn or gmw.cn or dahe.cn or xfrb.com.cn or cqnews.net or lifeweek.com.cn or cpd.com.cn or haiwainet.cn or yidianzixun.com or ftchinese.com or guancha.cn or zhcw.com or huanqiu.com or ihuawen.com or nytimes.com or flickr.com or quanjing.com or vcg.com or gettyimages.co.uk or paixin.com) 罗斯 说 杰克 一个 喜欢 美国", 
        "alterationOverrideQuery": "+site:(thepaper.cn or chinadaily.com.cn or china.com.cn or chinanews.com or youth.cn or sina.com.cn or xinhuanet.com or cri.cn or 163.com or cankaoxiaoxi.com or cctv.com or ifeng.com or qq.com or takungpao.com or people.com.cn or southcn.com or southcn.com or cnr.cn or people.com.cn or cyol.com or bjnews.com.cn or gmw.cn or dahe.cn or xfrb.com.cn or cqnews.net or lifeweek.com.cn or cpd.com.cn or haiwainet.cn or yidianzixun.com or ftchinese.com or guancha.cn or zhcw.com or huanqiu.com or ihuawen.com or nytimes.com or flickr.com or quanjing.com or vcg.com or gettyimages.co.uk or paixin.com) 罗斯 说 杰克 一个 喜欢 美国", 
        "alterationDisplayQuery": "罗 斯 说 杰克 一个 喜欢 美国"
    }, 
    "currentOffset": 0, 
    "readLink": "images/search?q=site:(thepaper.cn or chinadaily.com.cn or china.com.cn or chinanews.com or youth.cn or sina.com.cn or xinhuanet.com or cri.cn or 163.com or cankaoxiaoxi.com or cctv.com or ifeng.com or qq.com or takungpao.com or people.com.cn or southcn.com or southcn.com or cnr.cn or people.com.cn or cyol.com or bjnews.com.cn or gmw.cn or dahe.cn or xfrb.com.cn or cqnews.net or lifeweek.com.cn or cpd.com.cn or haiwainet.cn or yidianzixun.com or ftchinese.com or guancha.cn or zhcw.com or huanqiu.com or ihuawen.com or nytimes.com or flickr.com or quanjing.com or vcg.com or gettyimages.co.uk or paixin.com) 罗斯 说 杰克 一个 喜欢 美国", 
    "totalEstimatedMatches": 100
}