{
    "instrumentation": {
        "_type": "ResponseInstrumentation"
    }, 
    "_type": "Images", 
    "webSearchUrl": "https://www.bing.com/images/search?q=site:(thepaper.cn or chinadaily.com.cn or china.com.cn or chinanews.com or youth.cn or sina.com.cn or xinhuanet.com or cri.cn or 163.com or cankaoxiaoxi.com or cctv.com or ifeng.com or qq.com or takungpao.com or people.com.cn or southcn.com or southcn.com or cnr.cn or people.com.cn or cyol.com or bjnews.com.cn or gmw.cn or dahe.cn or xfrb.com.cn or cqnews.net or lifeweek.com.cn or cpd.com.cn or haiwainet.cn or yidianzixun.com or ftchinese.com or guancha.cn or zhcw.com or huanqiu.com or ihuawen.com or nytimes.com or flickr.com or quanjing.com or vcg.com or gettyimages.co.uk or paixin.com) 每个&FORM=OIIARP", 
    "value": [
        {
            "contentUrl": "http://mat1.gtimg.com/fashion/ruliu/746/daoyu.png", 
            "insightsMetadata": {
                "pagesIncludingCount": 1, 
                "availableSizesCount": 1
            }, 
            "height": 431, 
            "accentColor": "875E44", 
            "hostPageDisplayUrl": "fashion.qq.com/original/ruliu/r746.html", 
            "name": "每个女孩都应该有条小项链_腾讯时尚", 
            "width": 545, 
            "imageInsightsToken": "ccid_q2hjTg2i*mid_CB1DD2CBA0599A8DC430415C8519C149818542CF*simid_608039785838743027*thid_OIP.q2hjTg2icYqbNq8mn4nUUQHaF2", 
            "imageId": "CB1DD2CBA0599A8DC430415C8519C149818542CF", 
            "isFamilyFriendly": true, 
            "datePublished": "2017-04-05T01:47:00.0000000Z", 
            "encodingFormat": "png", 
            "webSearchUrl": "https://www.bing.com/images/search?view=detailv2&FORM=OIIRPO&q=site%3a(thepaper.cn+or+chinadaily.com.cn+or+china.com.cn+or+chinanews.com+or+youth.cn+or+sina.com.cn+or+xinhuanet.com+or+cri.cn+or+163.com+or+cankaoxiaoxi.com+or+cctv.com+or+ifeng.com+or+qq.com+or+takungpao.com+or+people.com.cn+or+southcn.com+or+southcn.com+or+cnr.cn+or+people.com.cn+or+cyol.com+or+bjnews.com.cn+or+gmw.cn+or+dahe.cn+or+xfrb.com.cn+or+cqnews.net+or+lifeweek.com.cn+or+cpd.com.cn+or+haiwainet.cn+or+yidianzixun.com+or+ftchinese.com+or+guancha.cn+or+zhcw.com+or+huanqiu.com+or+ihuawen.com+or+nytimes.com+or+flickr.com+or+quanjing.com+or+vcg.com+or+gettyimages.co.uk+or+paixin.com)+%e6%af%8f%e4%b8%aa&id=CB1DD2CBA0599A8DC430415C8519C149818542CF&simid=608039785838743027", 
            "hostPageUrl": "http://fashion.qq.com/original/ruliu/r746.html", 
            "thumbnailUrl": "https://tse3.mm.bing.net/th?id=OIP.q2hjTg2icYqbNq8mn4nUUQHaF2&pid=Api", 
            "thumbnail": {
                "width": 474, 
                "height": 374
            }, 
            "contentSize": "270510 B"
        }, 
        {
            "contentUrl": "http://k.sinaimg.cn/n/sports/transform/20160923/JDJz-fxwevmf2026232.jpg/w5708f5.jpg", 
            "insightsMetadata": {
                "pagesIncludingCount": 6, 
                "availableSizesCount": 3
            }, 
            "height": 362, 
            "accentColor": "2A62A1", 
            "hostPageDisplayUrl": "sports.sina.com.cn/run/2016-09-23/doc-ifxwevmc5260909.shtml", 
            "name": "每个跑者都会犯的5个错误 过多纠结于配速为大忌_跑步频道_新浪 ...", 
            "width": 570, 
            "imageInsightsToken": "ccid_bxQonixc*mid_49B519A836AE92E8681E27DFE5016E090B22E16A*simid_608053078710157875*thid_OIP.bxQonixch86yWVzX7xniNgHaEt", 
            "imageId": "49B519A836AE92E8681E27DFE5016E090B22E16A", 
            "isFamilyFriendly": true, 
            "datePublished": "2018-02-11T01:52:00.0000000Z", 
            "encodingFormat": "jpeg", 
            "webSearchUrl": "https://www.bing.com/images/search?view=detailv2&FORM=OIIRPO&q=site%3a(thepaper.cn+or+chinadaily.com.cn+or+china.com.cn+or+chinanews.com+or+youth.cn+or+sina.com.cn+or+xinhuanet.com+or+cri.cn+or+163.com+or+cankaoxiaoxi.com+or+cctv.com+or+ifeng.com+or+qq.com+or+takungpao.com+or+people.com.cn+or+southcn.com+or+southcn.com+or+cnr.cn+or+people.com.cn+or+cyol.com+or+bjnews.com.cn+or+gmw.cn+or+dahe.cn+or+xfrb.com.cn+or+cqnews.net+or+lifeweek.com.cn+or+cpd.com.cn+or+haiwainet.cn+or+yidianzixun.com+or+ftchinese.com+or+guancha.cn+or+zhcw.com+or+huanqiu.com+or+ihuawen.com+or+nytimes.com+or+flickr.com+or+quanjing.com+or+vcg.com+or+gettyimages.co.uk+or+paixin.com)+%e6%af%8f%e4%b8%aa&id=49B519A836AE92E8681E27DFE5016E090B22E16A&simid=608053078710157875", 
            "hostPageUrl": "http://sports.sina.com.cn/run/2016-09-23/doc-ifxwevmc5260909.shtml", 
            "thumbnailUrl": "https://tse4.mm.bing.net/th?id=OIP.bxQonixch86yWVzX7xniNgHaEt&pid=Api", 
            "thumbnail": {
                "width": 474, 
                "height": 301
            }, 
            "contentSize": "48422 B"
        }, 
        {
            "contentUrl": "http://n.sinaimg.cn/fo/transform/20170723/G4df-fyiiahy7636081.jpg", 
            "insightsMetadata": {
                "pagesIncludingCount": 3, 
                "availableSizesCount": 2
            }, 
            "height": 414, 
            "accentColor": "365995", 
            "hostPageDisplayUrl": "fo.sina.com.cn/2017-07-24/doc-ifyihrmf3227688.shtml", 
            "name": "每个人在世间都有使命_新浪佛学_新浪网", 
            "width": 550, 
            "imageInsightsToken": "ccid_Gj3UTpJP*mid_A61E8AF6EFE699001B53B532D80892C915964900*simid_607987030749545816*thid_OIP.Gj3UTpJPjX-3PrBQmXpwJwHaFk", 
            "imageId": "A61E8AF6EFE699001B53B532D80892C915964900", 
            "isFamilyFriendly": true, 
            "datePublished": "2017-07-24T01:09:00.0000000Z", 
            "encodingFormat": "jpeg", 
            "webSearchUrl": "https://www.bing.com/images/search?view=detailv2&FORM=OIIRPO&q=site%3a(thepaper.cn+or+chinadaily.com.cn+or+china.com.cn+or+chinanews.com+or+youth.cn+or+sina.com.cn+or+xinhuanet.com+or+cri.cn+or+163.com+or+cankaoxiaoxi.com+or+cctv.com+or+ifeng.com+or+qq.com+or+takungpao.com+or+people.com.cn+or+southcn.com+or+southcn.com+or+cnr.cn+or+people.com.cn+or+cyol.com+or+bjnews.com.cn+or+gmw.cn+or+dahe.cn+or+xfrb.com.cn+or+cqnews.net+or+lifeweek.com.cn+or+cpd.com.cn+or+haiwainet.cn+or+yidianzixun.com+or+ftchinese.com+or+guancha.cn+or+zhcw.com+or+huanqiu.com+or+ihuawen.com+or+nytimes.com+or+flickr.com+or+quanjing.com+or+vcg.com+or+gettyimages.co.uk+or+paixin.com)+%e6%af%8f%e4%b8%aa&id=A61E8AF6EFE699001B53B532D80892C915964900&simid=607987030749545816", 
            "hostPageUrl": "http://fo.sina.com.cn/2017-07-24/doc-ifyihrmf3227688.shtml", 
            "thumbnailUrl": "https://tse4.mm.bing.net/th?id=OIP.Gj3UTpJPjX-3PrBQmXpwJwHaFk&pid=Api", 
            "thumbnail": {
                "width": 474, 
                "height": 356
            }, 
            "contentSize": "78942 B"
        }, 
        {
            "contentUrl": "https://y.gtimg.cn/music/photo_new/T002R300x300M000001T7NwZ24AzeL.jpg?max_age=2592000", 
            "insightsMetadata": {
                "pagesIncludingCount": 1, 
                "availableSizesCount": 1
            }, 
            "height": 300, 
            "accentColor": "71605A", 
            "hostPageDisplayUrl": "https://y.qq.com/n/yqq/album/001T7NwZ24AzeL.html", 
            "name": "每个人都在变 EP - QQ音乐-千万正版音乐海量无损曲库新歌热歌 ...", 
            "width": 300, 
            "imageInsightsToken": "ccid_hs1WhLjc*mid_821414E3FC2406AF2D9F63590DF38B914B66E3A4*simid_608012701788865509*thid_OIP.hs1WhLjcI-Dfebdmibc2oAD6D6", 
            "imageId": "821414E3FC2406AF2D9F63590DF38B914B66E3A4", 
            "isFamilyFriendly": true, 
            "datePublished": "2018-02-05T20:50:00.0000000Z", 
            "encodingFormat": "jpeg", 
            "webSearchUrl": "https://www.bing.com/images/search?view=detailv2&FORM=OIIRPO&q=site%3a(thepaper.cn+or+chinadaily.com.cn+or+china.com.cn+or+chinanews.com+or+youth.cn+or+sina.com.cn+or+xinhuanet.com+or+cri.cn+or+163.com+or+cankaoxiaoxi.com+or+cctv.com+or+ifeng.com+or+qq.com+or+takungpao.com+or+people.com.cn+or+southcn.com+or+southcn.com+or+cnr.cn+or+people.com.cn+or+cyol.com+or+bjnews.com.cn+or+gmw.cn+or+dahe.cn+or+xfrb.com.cn+or+cqnews.net+or+lifeweek.com.cn+or+cpd.com.cn+or+haiwainet.cn+or+yidianzixun.com+or+ftchinese.com+or+guancha.cn+or+zhcw.com+or+huanqiu.com+or+ihuawen.com+or+nytimes.com+or+flickr.com+or+quanjing.com+or+vcg.com+or+gettyimages.co.uk+or+paixin.com)+%e6%af%8f%e4%b8%aa&id=821414E3FC2406AF2D9F63590DF38B914B66E3A4&simid=608012701788865509", 
            "hostPageUrl": "https://y.qq.com/n/yqq/album/001T7NwZ24AzeL.html", 
            "thumbnailUrl": "https://tse1.mm.bing.net/th?id=OIP.hs1WhLjcI-Dfebdmibc2oAD6D6&pid=Api", 
            "thumbnail": {
                "width": 300, 
                "height": 300
            }, 
            "contentSize": "13997 B"
        }, 
        {
            "contentUrl": "http://img4.cache.netease.com/photo/0010/2015-08-05/600x450_B0911O8L5TRT0010.jpg", 
            "insightsMetadata": {
                "pagesIncludingCount": 56, 
                "availableSizesCount": 27
            }, 
            "height": 450, 
            "accentColor": "9C582F", 
            "hostPageDisplayUrl": "ningbo.news.163.com/15/0806/11/B0B50DGE03430T5N_8.html", 
            "name": "每个妹子都该拥有一个美观又实用的梳妆台 - 网易宁波", 
            "width": 303, 
            "imageInsightsToken": "ccid_jIY2gQh5*mid_9DB206456D23EBD49A67D5243B0C319C08D6495E*simid_608009278680468400*thid_OIP.jIY2gQh5XCC7DwrPuQ6qjgAAAA", 
            "imageId": "9DB206456D23EBD49A67D5243B0C319C08D6495E", 
            "isFamilyFriendly": true, 
            "datePublished": "2017-09-30T17:39:00.0000000Z", 
            "encodingFormat": "jpeg", 
            "webSearchUrl": "https://www.bing.com/images/search?view=detailv2&FORM=OIIRPO&q=site%3a(thepaper.cn+or+chinadaily.com.cn+or+china.com.cn+or+chinanews.com+or+youth.cn+or+sina.com.cn+or+xinhuanet.com+or+cri.cn+or+163.com+or+cankaoxiaoxi.com+or+cctv.com+or+ifeng.com+or+qq.com+or+takungpao.com+or+people.com.cn+or+southcn.com+or+southcn.com+or+cnr.cn+or+people.com.cn+or+cyol.com+or+bjnews.com.cn+or+gmw.cn+or+dahe.cn+or+xfrb.com.cn+or+cqnews.net+or+lifeweek.com.cn+or+cpd.com.cn+or+haiwainet.cn+or+yidianzixun.com+or+ftchinese.com+or+guancha.cn+or+zhcw.com+or+huanqiu.com+or+ihuawen.com+or+nytimes.com+or+flickr.com+or+quanjing.com+or+vcg.com+or+gettyimages.co.uk+or+paixin.com)+%e6%af%8f%e4%b8%aa&id=9DB206456D23EBD49A67D5243B0C319C08D6495E&simid=608009278680468400", 
            "hostPageUrl": "http://ningbo.news.163.com/15/0806/11/B0B50DGE03430T5N_8.html", 
            "thumbnailUrl": "https://tse2.mm.bing.net/th?id=OIP.jIY2gQh5XCC7DwrPuQ6qjgAAAA&pid=Api", 
            "thumbnail": {
                "width": 303, 
                "height": 450
            }, 
            "contentSize": "128427 B"
        }, 
        {
            "contentUrl": "http://puui.qpic.cn/vcover_vt_pic/0/cs45wi98hhyp0ce1499866280/0", 
            "insightsMetadata": {
                "pagesIncludingCount": 1, 
                "availableSizesCount": 1
            }, 
            "height": 1080, 
            "accentColor": "182228", 
            "hostPageDisplayUrl": "v.qq.com/detail/c/cs45wi98hhyp0ce.html", 
            "name": "每个人心中都有一个孙悟空-MV-腾讯视频", 
            "width": 770, 
            "imageInsightsToken": "ccid_k4e9PL52*mid_E591FF9920D843EA67F4044A4077CFD01348C3BD*simid_608054358590817905*thid_OIP.k4e9PL52MEwpxC3sCufIoAHaKY", 
            "imageId": "E591FF9920D843EA67F4044A4077CFD01348C3BD", 
            "isFamilyFriendly": true, 
            "datePublished": "2019-02-06T17:04:00.0000000Z", 
            "encodingFormat": "jpeg", 
            "webSearchUrl": "https://www.bing.com/images/search?view=detailv2&FORM=OIIRPO&q=site%3a(thepaper.cn+or+chinadaily.com.cn+or+china.com.cn+or+chinanews.com+or+youth.cn+or+sina.com.cn+or+xinhuanet.com+or+cri.cn+or+163.com+or+cankaoxiaoxi.com+or+cctv.com+or+ifeng.com+or+qq.com+or+takungpao.com+or+people.com.cn+or+southcn.com+or+southcn.com+or+cnr.cn+or+people.com.cn+or+cyol.com+or+bjnews.com.cn+or+gmw.cn+or+dahe.cn+or+xfrb.com.cn+or+cqnews.net+or+lifeweek.com.cn+or+cpd.com.cn+or+haiwainet.cn+or+yidianzixun.com+or+ftchinese.com+or+guancha.cn+or+zhcw.com+or+huanqiu.com+or+ihuawen.com+or+nytimes.com+or+flickr.com+or+quanjing.com+or+vcg.com+or+gettyimages.co.uk+or+paixin.com)+%e6%af%8f%e4%b8%aa&id=E591FF9920D843EA67F4044A4077CFD01348C3BD&simid=608054358590817905", 
            "hostPageUrl": "http://v.qq.com/detail/c/cs45wi98hhyp0ce.html", 
            "thumbnailUrl": "https://tse3.mm.bing.net/th?id=OIP.k4e9PL52MEwpxC3sCufIoAHaKY&pid=Api", 
            "thumbnail": {
                "width": 474, 
                "height": 664
            }, 
            "contentSize": "234100 B"
        }, 
        {
            "contentUrl": "http://mat1.gtimg.com/fashion/ruliu/946/1.png", 
            "insightsMetadata": {
                "pagesIncludingCount": 1, 
                "availableSizesCount": 1
            }, 
            "height": 431, 
            "accentColor": "B63115", 
            "hostPageDisplayUrl": "fashion.qq.com/original/ruliu/r946.html", 
            "name": "每个男孩最不愿意活成父亲的样子_腾讯时尚", 
            "width": 545, 
            "imageInsightsToken": "ccid_M3h7QoI3*mid_5FF624F93A261DADBADF0E96E325EC1134D87397*simid_608010541396001904*thid_OIP.M3h7QoI3BZwFsCXQfqSTngHaF2", 
            "imageId": "5FF624F93A261DADBADF0E96E325EC1134D87397", 
            "isFamilyFriendly": true, 
            "datePublished": "2017-06-16T02:41:00.0000000Z", 
            "encodingFormat": "png", 
            "webSearchUrl": "https://www.bing.com/images/search?view=detailv2&FORM=OIIRPO&q=site%3a(thepaper.cn+or+chinadaily.com.cn+or+china.com.cn+or+chinanews.com+or+youth.cn+or+sina.com.cn+or+xinhuanet.com+or+cri.cn+or+163.com+or+cankaoxiaoxi.com+or+cctv.com+or+ifeng.com+or+qq.com+or+takungpao.com+or+people.com.cn+or+southcn.com+or+southcn.com+or+cnr.cn+or+people.com.cn+or+cyol.com+or+bjnews.com.cn+or+gmw.cn+or+dahe.cn+or+xfrb.com.cn+or+cqnews.net+or+lifeweek.com.cn+or+cpd.com.cn+or+haiwainet.cn+or+yidianzixun.com+or+ftchinese.com+or+guancha.cn+or+zhcw.com+or+huanqiu.com+or+ihuawen.com+or+nytimes.com+or+flickr.com+or+quanjing.com+or+vcg.com+or+gettyimages.co.uk+or+paixin.com)+%e6%af%8f%e4%b8%aa&id=5FF624F93A261DADBADF0E96E325EC1134D87397&simid=608010541396001904", 
            "hostPageUrl": "http://fashion.qq.com/original/ruliu/r946.html", 
            "thumbnailUrl": "https://tse2.mm.bing.net/th?id=OIP.M3h7QoI3BZwFsCXQfqSTngHaF2&pid=Api", 
            "thumbnail": {
                "width": 474, 
                "height": 374
            }, 
            "contentSize": "386046 B"
        }, 
        {
            "contentUrl": "http://i1.sinaimg.cn/IT/2010/1209/U2727P2DT20101209094522.jpg", 
            "insightsMetadata": {
                "pagesIncludingCount": 54, 
                "availableSizesCount": 26
            }, 
            "height": 450, 
            "accentColor": "9F622C", 
            "hostPageDisplayUrl": "tech.sina.com.cn/geo/space/news/2010-12-09/0953576.shtml", 
            "name": "301 Moved Permanently", 
            "width": 541, 
            "imageInsightsToken": "ccid_UuWocFDb*mid_C2D792D4063FE43265C275976D3AFE9F53407A20*simid_608040112255733705*thid_OIP.v87WDVYRbQjfE2oozlpqRgHaGK", 
            "imageId": "C2D792D4063FE43265C275976D3AFE9F53407A20", 
            "isFamilyFriendly": true, 
            "datePublished": "2010-12-09T02:17:00.0000000Z", 
            "encodingFormat": "jpeg", 
            "webSearchUrl": "https://www.bing.com/images/search?view=detailv2&FORM=OIIRPO&q=site%3a(thepaper.cn+or+chinadaily.com.cn+or+china.com.cn+or+chinanews.com+or+youth.cn+or+sina.com.cn+or+xinhuanet.com+or+cri.cn+or+163.com+or+cankaoxiaoxi.com+or+cctv.com+or+ifeng.com+or+qq.com+or+takungpao.com+or+people.com.cn+or+southcn.com+or+southcn.com+or+cnr.cn+or+people.com.cn+or+cyol.com+or+bjnews.com.cn+or+gmw.cn+or+dahe.cn+or+xfrb.com.cn+or+cqnews.net+or+lifeweek.com.cn+or+cpd.com.cn+or+haiwainet.cn+or+yidianzixun.com+or+ftchinese.com+or+guancha.cn+or+zhcw.com+or+huanqiu.com+or+ihuawen.com+or+nytimes.com+or+flickr.com+or+quanjing.com+or+vcg.com+or+gettyimages.co.uk+or+paixin.com)+%e6%af%8f%e4%b8%aa&id=C2D792D4063FE43265C275976D3AFE9F53407A20&simid=608040112255733705", 
            "hostPageUrl": "http://tech.sina.com.cn/geo/space/news/2010-12-09/0953576.shtml", 
            "thumbnailUrl": "https://tse3.mm.bing.net/th?id=OIP.v87WDVYRbQjfE2oozlpqRgHaGK&pid=Api", 
            "thumbnail": {
                "width": 474, 
                "height": 394
            }, 
            "contentSize": "29728 B"
        }, 
        {
            "contentUrl": "http://img5.cache.netease.com/photo/0010/2015-08-05/600x450_B0911KFO5TRT0010.jpg", 
            "insightsMetadata": {
                "pagesIncludingCount": 32, 
                "availableSizesCount": 21
            }, 
            "height": 450, 
            "accentColor": "936B38", 
            "hostPageDisplayUrl": "ningbo.news.163.com/15/0806/11/B0B50DGE03430T5N_7.html", 
            "name": "每个妹子都该拥有一个美观又实用的梳妆台 - 网易宁波", 
            "width": 313, 
            "imageInsightsToken": "ccid_n71YTAQs*mid_70EBB1398841E00B38639277B0B22CE3E4EC1813*simid_608050295585049207*thid_OIP.n71YTAQs-0dKWBIO0RUiMgAAAA", 
            "imageId": "70EBB1398841E00B38639277B0B22CE3E4EC1813", 
            "isFamilyFriendly": true, 
            "datePublished": "2018-03-04T07:18:00.0000000Z", 
            "encodingFormat": "jpeg", 
            "webSearchUrl": "https://www.bing.com/images/search?view=detailv2&FORM=OIIRPO&q=site%3a(thepaper.cn+or+chinadaily.com.cn+or+china.com.cn+or+chinanews.com+or+youth.cn+or+sina.com.cn+or+xinhuanet.com+or+cri.cn+or+163.com+or+cankaoxiaoxi.com+or+cctv.com+or+ifeng.com+or+qq.com+or+takungpao.com+or+people.com.cn+or+southcn.com+or+southcn.com+or+cnr.cn+or+people.com.cn+or+cyol.com+or+bjnews.com.cn+or+gmw.cn+or+dahe.cn+or+xfrb.com.cn+or+cqnews.net+or+lifeweek.com.cn+or+cpd.com.cn+or+haiwainet.cn+or+yidianzixun.com+or+ftchinese.com+or+guancha.cn+or+zhcw.com+or+huanqiu.com+or+ihuawen.com+or+nytimes.com+or+flickr.com+or+quanjing.com+or+vcg.com+or+gettyimages.co.uk+or+paixin.com)+%e6%af%8f%e4%b8%aa&id=70EBB1398841E00B38639277B0B22CE3E4EC1813&simid=608050295585049207", 
            "hostPageUrl": "http://ningbo.news.163.com/15/0806/11/B0B50DGE03430T5N_7.html", 
            "thumbnailUrl": "https://tse2.mm.bing.net/th?id=OIP.n71YTAQs-0dKWBIO0RUiMgAAAA&pid=Api", 
            "thumbnail": {
                "width": 313, 
                "height": 450
            }, 
            "contentSize": "111823 B"
        }, 
        {
            "contentUrl": "http://n.sinaimg.cn/tech/transform/20160622/c7XB-fxtfrrf0831712.jpg", 
            "insightsMetadata": {
                "pagesIncludingCount": 4, 
                "availableSizesCount": 4
            }, 
            "height": 354, 
            "accentColor": "647259", 
            "hostPageDisplayUrl": "tech.sina.com.cn/d/i/2016-06-22/doc-ifxtfrrc4104892.shtml", 
            "name": "每个人心中都住着一个精神变态：适度的精神变态有好处|精神 ...", 
            "width": 630, 
            "imageInsightsToken": "ccid_xw0+KUBj*mid_16D2835E6E210207116726B37F1FAF39FCAD97C1*simid_608022253778110939*thid_OIP.xw0-KUBjmPUULT6nxGC4cwHaEK", 
            "imageId": "16D2835E6E210207116726B37F1FAF39FCAD97C1", 
            "isFamilyFriendly": true, 
            "datePublished": "2016-06-22T02:24:00.0000000Z", 
            "encodingFormat": "jpeg", 
            "webSearchUrl": "https://www.bing.com/images/search?view=detailv2&FORM=OIIRPO&q=site%3a(thepaper.cn+or+chinadaily.com.cn+or+china.com.cn+or+chinanews.com+or+youth.cn+or+sina.com.cn+or+xinhuanet.com+or+cri.cn+or+163.com+or+cankaoxiaoxi.com+or+cctv.com+or+ifeng.com+or+qq.com+or+takungpao.com+or+people.com.cn+or+southcn.com+or+southcn.com+or+cnr.cn+or+people.com.cn+or+cyol.com+or+bjnews.com.cn+or+gmw.cn+or+dahe.cn+or+xfrb.com.cn+or+cqnews.net+or+lifeweek.com.cn+or+cpd.com.cn+or+haiwainet.cn+or+yidianzixun.com+or+ftchinese.com+or+guancha.cn+or+zhcw.com+or+huanqiu.com+or+ihuawen.com+or+nytimes.com+or+flickr.com+or+quanjing.com+or+vcg.com+or+gettyimages.co.uk+or+paixin.com)+%e6%af%8f%e4%b8%aa&id=16D2835E6E210207116726B37F1FAF39FCAD97C1&simid=608022253778110939", 
            "hostPageUrl": "http://tech.sina.com.cn/d/i/2016-06-22/doc-ifxtfrrc4104892.shtml", 
            "thumbnailUrl": "https://tse3.mm.bing.net/th?id=OIP.xw0-KUBjmPUULT6nxGC4cwHaEK&pid=Api", 
            "thumbnail": {
                "width": 474, 
                "height": 266
            }, 
            "contentSize": "16140 B"
        }
    ], 
    "nextOffset": 10, 
    "queryContext": {
        "alterationMethod": "AM_JustChangeIt", 
        "alterationType": "CombinedAlterationsChained", 
        "originalQuery": "site:(thepaper.cn or chinadaily.com.cn or china.com.cn or chinanews.com or youth.cn or sina.com.cn or xinhuanet.com or cri.cn or 163.com or cankaoxiaoxi.com or cctv.com or ifeng.com or qq.com or takungpao.com or people.com.cn or southcn.com or southcn.com or cnr.cn or people.com.cn or cyol.com or bjnews.com.cn or gmw.cn or dahe.cn or xfrb.com.cn or cqnews.net or lifeweek.com.cn or cpd.com.cn or haiwainet.cn or yidianzixun.com or ftchinese.com or guancha.cn or zhcw.com or huanqiu.com or ihuawen.com or nytimes.com or flickr.com or quanjing.com or vcg.com or gettyimages.co.uk or paixin.com) 每个", 
        "alterationOverrideQuery": "+site:(thepaper.cn or chinadaily.com.cn or china.com.cn or chinanews.com or youth.cn or sina.com.cn or xinhuanet.com or cri.cn or 163.com or cankaoxiaoxi.com or cctv.com or ifeng.com or qq.com or takungpao.com or people.com.cn or southcn.com or southcn.com or cnr.cn or people.com.cn or cyol.com or bjnews.com.cn or gmw.cn or dahe.cn or xfrb.com.cn or cqnews.net or lifeweek.com.cn or cpd.com.cn or haiwainet.cn or yidianzixun.com or ftchinese.com or guancha.cn or zhcw.com or huanqiu.com or ihuawen.com or nytimes.com or flickr.com or quanjing.com or vcg.com or gettyimages.co.uk or paixin.com) 每个", 
        "alterationDisplayQuery": "每个"
    }, 
    "currentOffset": 0, 
    "readLink": "images/search?q=site:(thepaper.cn or chinadaily.com.cn or china.com.cn or chinanews.com or youth.cn or sina.com.cn or xinhuanet.com or cri.cn or 163.com or cankaoxiaoxi.com or cctv.com or ifeng.com or qq.com or takungpao.com or people.com.cn or southcn.com or southcn.com or cnr.cn or people.com.cn or cyol.com or bjnews.com.cn or gmw.cn or dahe.cn or xfrb.com.cn or cqnews.net or lifeweek.com.cn or cpd.com.cn or haiwainet.cn or yidianzixun.com or ftchinese.com or guancha.cn or zhcw.com or huanqiu.com or ihuawen.com or nytimes.com or flickr.com or quanjing.com or vcg.com or gettyimages.co.uk or paixin.com) 每个", 
    "totalEstimatedMatches": 100, 
    "relatedSearches": [
        {
            "text": "Exo每个人的图片", 
            "displayText": "Exo每个人的图片", 
            "thumbnail": {
                "thumbnailUrl": "https://tse1.mm.bing.net/th?q=Exo%e6%af%8f%e4%b8%aa%e4%ba%ba%e7%9a%84%e5%9b%be%e7%89%87&pid=Api&mkt=zh-CN&adlt=strict&t=1"
            }, 
            "searchLink": "https://api.cognitive.microsoft.com/api/v7/images/search?q=Exo%e6%af%8f%e4%b8%aa%e4%ba%ba%e7%9a%84%e5%9b%be%e7%89%87", 
            "webSearchUrl": "https://www.bing.com/images/search?q=Exo%e6%af%8f%e4%b8%aa%e4%ba%ba%e7%9a%84%e5%9b%be%e7%89%87&FORM=IRPATC"
        }, 
        {
            "text": "每个国家国旗", 
            "displayText": "每个国家国旗", 
            "thumbnail": {
                "thumbnailUrl": "https://tse1.mm.bing.net/th?q=%e6%af%8f%e4%b8%aa%e5%9b%bd%e5%ae%b6%e5%9b%bd%e6%97%97&pid=Api&mkt=zh-CN&adlt=strict&t=1"
            }, 
            "searchLink": "https://api.cognitive.microsoft.com/api/v7/images/search?q=%e6%af%8f%e4%b8%aa%e5%9b%bd%e5%ae%b6%e5%9b%bd%e6%97%97", 
            "webSearchUrl": "https://www.bing.com/images/search?q=%e6%af%8f%e4%b8%aa%e5%9b%bd%e5%ae%b6%e5%9b%bd%e6%97%97&FORM=IRPATC"
        }, 
        {
            "text": "每个人都是一个半圆", 
            "displayText": "每个人都是一个半圆", 
            "thumbnail": {
                "thumbnailUrl": "https://tse4.mm.bing.net/th?q=%e6%af%8f%e4%b8%aa%e4%ba%ba%e9%83%bd%e6%98%af%e4%b8%80%e4%b8%aa%e5%8d%8a%e5%9c%86&pid=Api&mkt=zh-CN&adlt=strict&t=1"
            }, 
            "searchLink": "https://api.cognitive.microsoft.com/api/v7/images/search?q=%e6%af%8f%e4%b8%aa%e4%ba%ba%e9%83%bd%e6%98%af%e4%b8%80%e4%b8%aa%e5%8d%8a%e5%9c%86", 
            "webSearchUrl": "https://www.bing.com/images/search?q=%e6%af%8f%e4%b8%aa%e4%ba%ba%e9%83%bd%e6%98%af%e4%b8%80%e4%b8%aa%e5%8d%8a%e5%9c%86&FORM=IRPATC"
        }, 
        {
            "text": "全球每个人都被监视", 
            "displayText": "全球每个人都被监视", 
            "thumbnail": {
                "thumbnailUrl": "https://tse2.mm.bing.net/th?q=%e5%85%a8%e7%90%83%e6%af%8f%e4%b8%aa%e4%ba%ba%e9%83%bd%e8%a2%ab%e7%9b%91%e8%a7%86&pid=Api&mkt=zh-CN&adlt=strict&t=1"
            }, 
            "searchLink": "https://api.cognitive.microsoft.com/api/v7/images/search?q=%e5%85%a8%e7%90%83%e6%af%8f%e4%b8%aa%e4%ba%ba%e9%83%bd%e8%a2%ab%e7%9b%91%e8%a7%86", 
            "webSearchUrl": "https://www.bing.com/images/search?q=%e5%85%a8%e7%90%83%e6%af%8f%e4%b8%aa%e4%ba%ba%e9%83%bd%e8%a2%ab%e7%9b%91%e8%a7%86&FORM=IRPATC"
        }, 
        {
            "text": "怀孕每个月胎儿图", 
            "displayText": "怀孕每个月胎儿图", 
            "thumbnail": {
                "thumbnailUrl": "https://tse4.mm.bing.net/th?q=%e6%80%80%e5%ad%95%e6%af%8f%e4%b8%aa%e6%9c%88%e8%83%8e%e5%84%bf%e5%9b%be&pid=Api&mkt=zh-CN&adlt=strict&t=1"
            }, 
            "searchLink": "https://api.cognitive.microsoft.com/api/v7/images/search?q=%e6%80%80%e5%ad%95%e6%af%8f%e4%b8%aa%e6%9c%88%e8%83%8e%e5%84%bf%e5%9b%be", 
            "webSearchUrl": "https://www.bing.com/images/search?q=%e6%80%80%e5%ad%95%e6%af%8f%e4%b8%aa%e6%9c%88%e8%83%8e%e5%84%bf%e5%9b%be&FORM=IRPATC"
        }, 
        {
            "text": "Exo每个人的外号", 
            "displayText": "Exo每个人的外号", 
            "thumbnail": {
                "thumbnailUrl": "https://tse1.mm.bing.net/th?q=Exo%e6%af%8f%e4%b8%aa%e4%ba%ba%e7%9a%84%e5%a4%96%e5%8f%b7&pid=Api&mkt=zh-CN&adlt=strict&t=1"
            }, 
            "searchLink": "https://api.cognitive.microsoft.com/api/v7/images/search?q=Exo%e6%af%8f%e4%b8%aa%e4%ba%ba%e7%9a%84%e5%a4%96%e5%8f%b7", 
            "webSearchUrl": "https://www.bing.com/images/search?q=Exo%e6%af%8f%e4%b8%aa%e4%ba%ba%e7%9a%84%e5%a4%96%e5%8f%b7&FORM=IRPATC"
        }, 
        {
            "text": "每个人心中都有一个羽泉", 
            "displayText": "每个人心中都有一个羽泉", 
            "thumbnail": {
                "thumbnailUrl": "https://tse4.mm.bing.net/th?q=%e6%af%8f%e4%b8%aa%e4%ba%ba%e5%bf%83%e4%b8%ad%e9%83%bd%e6%9c%89%e4%b8%80%e4%b8%aa%e7%be%bd%e6%b3%89&pid=Api&mkt=zh-CN&adlt=strict&t=1"
            }, 
            "searchLink": "https://api.cognitive.microsoft.com/api/v7/images/search?q=%e6%af%8f%e4%b8%aa%e4%ba%ba%e5%bf%83%e4%b8%ad%e9%83%bd%e6%9c%89%e4%b8%80%e4%b8%aa%e7%be%bd%e6%b3%89", 
            "webSearchUrl": "https://www.bing.com/images/search?q=%e6%af%8f%e4%b8%aa%e4%ba%ba%e5%bf%83%e4%b8%ad%e9%83%bd%e6%9c%89%e4%b8%80%e4%b8%aa%e7%be%bd%e6%b3%89&FORM=IRPATC"
        }, 
        {
            "text": "Exo每个人的标志", 
            "displayText": "Exo每个人的标志", 
            "thumbnail": {
                "thumbnailUrl": "https://tse4.mm.bing.net/th?q=Exo%e6%af%8f%e4%b8%aa%e4%ba%ba%e7%9a%84%e6%a0%87%e5%bf%97&pid=Api&mkt=zh-CN&adlt=strict&t=1"
            }, 
            "searchLink": "https://api.cognitive.microsoft.com/api/v7/images/search?q=Exo%e6%af%8f%e4%b8%aa%e4%ba%ba%e7%9a%84%e6%a0%87%e5%bf%97", 
            "webSearchUrl": "https://www.bing.com/images/search?q=Exo%e6%af%8f%e4%b8%aa%e4%ba%ba%e7%9a%84%e6%a0%87%e5%bf%97&FORM=IRPATC"
        }, 
        {
            "text": "Exo每个人的logo", 
            "displayText": "Exo每个人的logo", 
            "thumbnail": {
                "thumbnailUrl": "https://tse1.mm.bing.net/th?q=Exo%e6%af%8f%e4%b8%aa%e4%ba%ba%e7%9a%84logo&pid=Api&mkt=zh-CN&adlt=strict&t=1"
            }, 
            "searchLink": "https://api.cognitive.microsoft.com/api/v7/images/search?q=Exo%e6%af%8f%e4%b8%aa%e4%ba%ba%e7%9a%84logo", 
            "webSearchUrl": "https://www.bing.com/images/search?q=Exo%e6%af%8f%e4%b8%aa%e4%ba%ba%e7%9a%84logo&FORM=IRPATC"
        }, 
        {
            "text": "每个人都有秘密", 
            "displayText": "每个人都有秘密", 
            "thumbnail": {
                "thumbnailUrl": "https://tse4.mm.bing.net/th?q=%e6%af%8f%e4%b8%aa%e4%ba%ba%e9%83%bd%e6%9c%89%e7%a7%98%e5%af%86&pid=Api&mkt=zh-CN&adlt=strict&t=1"
            }, 
            "searchLink": "https://api.cognitive.microsoft.com/api/v7/images/search?q=%e6%af%8f%e4%b8%aa%e4%ba%ba%e9%83%bd%e6%9c%89%e7%a7%98%e5%af%86", 
            "webSearchUrl": "https://www.bing.com/images/search?q=%e6%af%8f%e4%b8%aa%e4%ba%ba%e9%83%bd%e6%9c%89%e7%a7%98%e5%af%86&FORM=IRPATC"
        }, 
        {
            "text": "关于每个民族的节日与风俗", 
            "displayText": "关于每个民族的节日与风俗", 
            "thumbnail": {
                "thumbnailUrl": "https://tse1.mm.bing.net/th?q=%e5%85%b3%e4%ba%8e%e6%af%8f%e4%b8%aa%e6%b0%91%e6%97%8f%e7%9a%84%e8%8a%82%e6%97%a5%e4%b8%8e%e9%a3%8e%e4%bf%97&pid=Api&mkt=zh-CN&adlt=strict&t=1"
            }, 
            "searchLink": "https://api.cognitive.microsoft.com/api/v7/images/search?q=%e5%85%b3%e4%ba%8e%e6%af%8f%e4%b8%aa%e6%b0%91%e6%97%8f%e7%9a%84%e8%8a%82%e6%97%a5%e4%b8%8e%e9%a3%8e%e4%bf%97", 
            "webSearchUrl": "https://www.bing.com/images/search?q=%e5%85%b3%e4%ba%8e%e6%af%8f%e4%b8%aa%e6%b0%91%e6%97%8f%e7%9a%84%e8%8a%82%e6%97%a5%e4%b8%8e%e9%a3%8e%e4%bf%97&FORM=IRPATC"
        }, 
        {
            "text": "拜托 不要每个人都一样", 
            "displayText": "拜托 不要每个人都一样", 
            "thumbnail": {
                "thumbnailUrl": "https://tse4.mm.bing.net/th?q=%e6%8b%9c%e6%89%98+%e4%b8%8d%e8%a6%81%e6%af%8f%e4%b8%aa%e4%ba%ba%e9%83%bd%e4%b8%80%e6%a0%b7&pid=Api&mkt=zh-CN&adlt=strict&t=1"
            }, 
            "searchLink": "https://api.cognitive.microsoft.com/api/v7/images/search?q=%e6%8b%9c%e6%89%98+%e4%b8%8d%e8%a6%81%e6%af%8f%e4%b8%aa%e4%ba%ba%e9%83%bd%e4%b8%80%e6%a0%b7", 
            "webSearchUrl": "https://www.bing.com/images/search?q=%e6%8b%9c%e6%89%98+%e4%b8%8d%e8%a6%81%e6%af%8f%e4%b8%aa%e4%ba%ba%e9%83%bd%e4%b8%80%e6%a0%b7&FORM=IRPATC"
        }, 
        {
            "text": "每个人羽绒服半成品", 
            "displayText": "每个人羽绒服半成品", 
            "thumbnail": {
                "thumbnailUrl": "https://tse1.mm.bing.net/th?q=%e6%af%8f%e4%b8%aa%e4%ba%ba%e7%be%bd%e7%bb%92%e6%9c%8d%e5%8d%8a%e6%88%90%e5%93%81&pid=Api&mkt=zh-CN&adlt=strict&t=1"
            }, 
            "searchLink": "https://api.cognitive.microsoft.com/api/v7/images/search?q=%e6%af%8f%e4%b8%aa%e4%ba%ba%e7%be%bd%e7%bb%92%e6%9c%8d%e5%8d%8a%e6%88%90%e5%93%81", 
            "webSearchUrl": "https://www.bing.com/images/search?q=%e6%af%8f%e4%b8%aa%e4%ba%ba%e7%be%bd%e7%bb%92%e6%9c%8d%e5%8d%8a%e6%88%90%e5%93%81&FORM=IRPATC"
        }, 
        {
            "text": "每个月胎儿", 
            "displayText": "每个月胎儿", 
            "thumbnail": {
                "thumbnailUrl": "https://tse3.mm.bing.net/th?q=%e6%af%8f%e4%b8%aa%e6%9c%88%e8%83%8e%e5%84%bf&pid=Api&mkt=zh-CN&adlt=strict&t=1"
            }, 
            "searchLink": "https://api.cognitive.microsoft.com/api/v7/images/search?q=%e6%af%8f%e4%b8%aa%e6%9c%88%e8%83%8e%e5%84%bf", 
            "webSearchUrl": "https://www.bing.com/images/search?q=%e6%af%8f%e4%b8%aa%e6%9c%88%e8%83%8e%e5%84%bf&FORM=IRPATC"
        }, 
        {
            "text": "每个姓氏的婚纱", 
            "displayText": "每个姓氏的婚纱", 
            "thumbnail": {
                "thumbnailUrl": "https://tse3.mm.bing.net/th?q=%e6%af%8f%e4%b8%aa%e5%a7%93%e6%b0%8f%e7%9a%84%e5%a9%9a%e7%ba%b1&pid=Api&mkt=zh-CN&adlt=strict&t=1"
            }, 
            "searchLink": "https://api.cognitive.microsoft.com/api/v7/images/search?q=%e6%af%8f%e4%b8%aa%e5%a7%93%e6%b0%8f%e7%9a%84%e5%a9%9a%e7%ba%b1", 
            "webSearchUrl": "https://www.bing.com/images/search?q=%e6%af%8f%e4%b8%aa%e5%a7%93%e6%b0%8f%e7%9a%84%e5%a9%9a%e7%ba%b1&FORM=IRPATC"
        }
    ]
}