{
    "instrumentation": {
        "_type": "ResponseInstrumentation"
    }, 
    "_type": "Images", 
    "webSearchUrl": "https://www.bing.com/images/search?q=site:(thepaper.cn or chinadaily.com.cn or china.com.cn or chinanews.com or youth.cn or sina.com.cn or xinhuanet.com or cri.cn or 163.com or cankaoxiaoxi.com or cctv.com or ifeng.com or qq.com or takungpao.com or people.com.cn or southcn.com or southcn.com or cnr.cn or people.com.cn or cyol.com or bjnews.com.cn or gmw.cn or dahe.cn or xfrb.com.cn or cqnews.net or lifeweek.com.cn or cpd.com.cn or haiwainet.cn or yidianzixun.com or ftchinese.com or guancha.cn or zhcw.com or huanqiu.com or ihuawen.com or nytimes.com or flickr.com or quanjing.com or vcg.com or gettyimages.co.uk or paixin.com) 钱 没有&FORM=OIIARP", 
    "value": [
        {
            "contentUrl": "http://img1.gtimg.com/astro/pics/hv1/245/3/1444/93897110.jpg", 
            "insightsMetadata": {
                "pagesIncludingCount": 6, 
                "availableSizesCount": 2
            }, 
            "height": 400, 
            "accentColor": "A42731", 
            "hostPageDisplayUrl": "astro.fashion.qq.com/a/20150504/016924.htm?pgv_ref...", 
            "name": "12星座谁能成有钱人_星座_腾讯网", 
            "width": 338, 
            "imageInsightsToken": "ccid_MK/wM0B0*mid_D45A77DA4BA43ABB30AEC9FE36F13A92CB3373D6*simid_607998438158762778*thid_OIP.MK!_wM0B0A73YezUmYGCCmwHaIw", 
            "imageId": "D45A77DA4BA43ABB30AEC9FE36F13A92CB3373D6", 
            "isFamilyFriendly": true, 
            "datePublished": "2018-10-26T07:39:00.0000000Z", 
            "encodingFormat": "jpeg", 
            "webSearchUrl": "https://www.bing.com/images/search?view=detailv2&FORM=OIIRPO&q=site%3a(thepaper.cn+or+chinadaily.com.cn+or+china.com.cn+or+chinanews.com+or+youth.cn+or+sina.com.cn+or+xinhuanet.com+or+cri.cn+or+163.com+or+cankaoxiaoxi.com+or+cctv.com+or+ifeng.com+or+qq.com+or+takungpao.com+or+people.com.cn+or+southcn.com+or+southcn.com+or+cnr.cn+or+people.com.cn+or+cyol.com+or+bjnews.com.cn+or+gmw.cn+or+dahe.cn+or+xfrb.com.cn+or+cqnews.net+or+lifeweek.com.cn+or+cpd.com.cn+or+haiwainet.cn+or+yidianzixun.com+or+ftchinese.com+or+guancha.cn+or+zhcw.com+or+huanqiu.com+or+ihuawen.com+or+nytimes.com+or+flickr.com+or+quanjing.com+or+vcg.com+or+gettyimages.co.uk+or+paixin.com)+%e9%92%b1+%e6%b2%a1%e6%9c%89&id=D45A77DA4BA43ABB30AEC9FE36F13A92CB3373D6&simid=607998438158762778", 
            "hostPageUrl": "http://astro.fashion.qq.com/a/20150504/016924.htm?pgv_ref=aio2015&ptlang=2052", 
            "thumbnailUrl": "https://tse4.mm.bing.net/th?id=OIP.MK_wM0B0A73YezUmYGCCmwHaIw&pid=Api", 
            "thumbnail": {
                "width": 338, 
                "height": 400
            }, 
            "contentSize": "25061 B"
        }, 
        {
            "contentUrl": "http://i3.sinaimg.cn/ent/x/2009-01-21/ae86fd4b783495dbaee7a93735e35aaa.jpg", 
            "insightsMetadata": {
                "pagesIncludingCount": 4, 
                "availableSizesCount": 2
            }, 
            "height": 811, 
            "accentColor": "C49D07", 
            "hostPageDisplayUrl": "ent.sina.com.cn/x/2009-01-21/13412352256.shtml", 
            "name": "有钱没钱回家过年_羊城晚报数字报刊_影音娱乐_新浪网", 
            "width": 550, 
            "imageInsightsToken": "ccid_uzaSmJUo*mid_A8832CA0DC823291BE7FBA1B882F050D13D8C9C0*simid_607988615571308696*thid_OIP.uzaSmJUogf5BE8MlE3nN6gHaK6", 
            "imageId": "A8832CA0DC823291BE7FBA1B882F050D13D8C9C0", 
            "isFamilyFriendly": true, 
            "datePublished": "2009-01-21T12:00:00.0000000Z", 
            "encodingFormat": "jpeg", 
            "webSearchUrl": "https://www.bing.com/images/search?view=detailv2&FORM=OIIRPO&q=site%3a(thepaper.cn+or+chinadaily.com.cn+or+china.com.cn+or+chinanews.com+or+youth.cn+or+sina.com.cn+or+xinhuanet.com+or+cri.cn+or+163.com+or+cankaoxiaoxi.com+or+cctv.com+or+ifeng.com+or+qq.com+or+takungpao.com+or+people.com.cn+or+southcn.com+or+southcn.com+or+cnr.cn+or+people.com.cn+or+cyol.com+or+bjnews.com.cn+or+gmw.cn+or+dahe.cn+or+xfrb.com.cn+or+cqnews.net+or+lifeweek.com.cn+or+cpd.com.cn+or+haiwainet.cn+or+yidianzixun.com+or+ftchinese.com+or+guancha.cn+or+zhcw.com+or+huanqiu.com+or+ihuawen.com+or+nytimes.com+or+flickr.com+or+quanjing.com+or+vcg.com+or+gettyimages.co.uk+or+paixin.com)+%e9%92%b1+%e6%b2%a1%e6%9c%89&id=A8832CA0DC823291BE7FBA1B882F050D13D8C9C0&simid=607988615571308696", 
            "hostPageUrl": "http://ent.sina.com.cn/x/2009-01-21/13412352256.shtml", 
            "thumbnailUrl": "https://tse2.mm.bing.net/th?id=OIP.uzaSmJUogf5BE8MlE3nN6gHaK6&pid=Api", 
            "thumbnail": {
                "width": 474, 
                "height": 698
            }, 
            "contentSize": "443216 B"
        }, 
        {
            "contentUrl": "http://img1.gtimg.com/cd/pics/hv1/18/140/1258/81837168.jpg", 
            "insightsMetadata": {
                "pagesIncludingCount": 5, 
                "availableSizesCount": 1
            }, 
            "height": 421, 
            "accentColor": "BC1D10", 
            "hostPageDisplayUrl": "cd.qq.com/a/20130201/000216.htm", 
            "name": "有钱没钱回家过年 好好过年“好好”花钱_大成网_腾讯网", 
            "width": 500, 
            "imageInsightsToken": "ccid_2QiKZsKX*mid_D805B9A3F6EF5163C373149F51B436CB383861BB*simid_608045566800102987*thid_OIP.2QiKZsKX77NMskoC4kjKcwHaGP", 
            "imageId": "D805B9A3F6EF5163C373149F51B436CB383861BB", 
            "isFamilyFriendly": true, 
            "datePublished": "2018-11-07T19:49:00.0000000Z", 
            "encodingFormat": "jpeg", 
            "webSearchUrl": "https://www.bing.com/images/search?view=detailv2&FORM=OIIRPO&q=site%3a(thepaper.cn+or+chinadaily.com.cn+or+china.com.cn+or+chinanews.com+or+youth.cn+or+sina.com.cn+or+xinhuanet.com+or+cri.cn+or+163.com+or+cankaoxiaoxi.com+or+cctv.com+or+ifeng.com+or+qq.com+or+takungpao.com+or+people.com.cn+or+southcn.com+or+southcn.com+or+cnr.cn+or+people.com.cn+or+cyol.com+or+bjnews.com.cn+or+gmw.cn+or+dahe.cn+or+xfrb.com.cn+or+cqnews.net+or+lifeweek.com.cn+or+cpd.com.cn+or+haiwainet.cn+or+yidianzixun.com+or+ftchinese.com+or+guancha.cn+or+zhcw.com+or+huanqiu.com+or+ihuawen.com+or+nytimes.com+or+flickr.com+or+quanjing.com+or+vcg.com+or+gettyimages.co.uk+or+paixin.com)+%e9%92%b1+%e6%b2%a1%e6%9c%89&id=D805B9A3F6EF5163C373149F51B436CB383861BB&simid=608045566800102987", 
            "hostPageUrl": "http://cd.qq.com/a/20130201/000216.htm", 
            "thumbnailUrl": "https://tse3.mm.bing.net/th?id=OIP.2QiKZsKX77NMskoC4kjKcwHaGP&pid=Api", 
            "thumbnail": {
                "width": 474, 
                "height": 399
            }, 
            "contentSize": "57773 B"
        }, 
        {
            "contentUrl": "http://p3.ifengimg.com/cmpp/2017/02/03/11/1169e1dd-5198-4490-a2f4-2a0a435da04d_size11_w499_h276.jpeg-contentimage", 
            "insightsMetadata": {
                "pagesIncludingCount": 6, 
                "availableSizesCount": 3
            }, 
            "height": 276, 
            "accentColor": "9F912C", 
            "hostPageDisplayUrl": "news.ifeng.com/a/20170203/50644640_0.shtml", 
            "name": "马云：我对钱没有兴趣 撒贝宁：......._凤凰资讯", 
            "width": 499, 
            "imageInsightsToken": "ccid_xnIO6h42*mid_8533BAB22188A6272153B033239B48BEF70B9916*simid_608055831768662484*thid_OIP.xnIO6h42ledc9XTz08fugwHaEG", 
            "imageId": "8533BAB22188A6272153B033239B48BEF70B9916", 
            "isFamilyFriendly": true, 
            "datePublished": "2017-02-03T03:21:00.0000000Z", 
            "encodingFormat": "jpeg", 
            "webSearchUrl": "https://www.bing.com/images/search?view=detailv2&FORM=OIIRPO&q=site%3a(thepaper.cn+or+chinadaily.com.cn+or+china.com.cn+or+chinanews.com+or+youth.cn+or+sina.com.cn+or+xinhuanet.com+or+cri.cn+or+163.com+or+cankaoxiaoxi.com+or+cctv.com+or+ifeng.com+or+qq.com+or+takungpao.com+or+people.com.cn+or+southcn.com+or+southcn.com+or+cnr.cn+or+people.com.cn+or+cyol.com+or+bjnews.com.cn+or+gmw.cn+or+dahe.cn+or+xfrb.com.cn+or+cqnews.net+or+lifeweek.com.cn+or+cpd.com.cn+or+haiwainet.cn+or+yidianzixun.com+or+ftchinese.com+or+guancha.cn+or+zhcw.com+or+huanqiu.com+or+ihuawen.com+or+nytimes.com+or+flickr.com+or+quanjing.com+or+vcg.com+or+gettyimages.co.uk+or+paixin.com)+%e9%92%b1+%e6%b2%a1%e6%9c%89&id=8533BAB22188A6272153B033239B48BEF70B9916&simid=608055831768662484", 
            "hostPageUrl": "http://news.ifeng.com/a/20170203/50644640_0.shtml", 
            "thumbnailUrl": "https://tse2.mm.bing.net/th?id=OIP.xnIO6h42ledc9XTz08fugwHaEG&pid=Api", 
            "thumbnail": {
                "width": 474, 
                "height": 262
            }, 
            "contentSize": "11853 B"
        }, 
        {
            "contentUrl": "http://p0.ifengimg.com/cmpp/2017/02/03/11/b5a0a1ab-ebc6-4e69-a5e4-ff52c321a644_size12_w497_h281.jpeg-contentimage", 
            "insightsMetadata": {
                "pagesIncludingCount": 3, 
                "availableSizesCount": 1
            }, 
            "height": 281, 
            "accentColor": "9C8D2F", 
            "hostPageDisplayUrl": "news.ifeng.com/a/20170203/50644640_0.shtml", 
            "name": "马云：我对钱没有兴趣 撒贝宁：......._凤凰资讯", 
            "width": 497, 
            "imageInsightsToken": "ccid_/6g+vG+j*mid_8533BAB22188A6272153DF28AB77C2E792BF1CA4*simid_608007977294496944*thid_OIP.!_6g-vG-jY5NQekZEUY4TqwHaEL", 
            "imageId": "8533BAB22188A6272153DF28AB77C2E792BF1CA4", 
            "isFamilyFriendly": true, 
            "datePublished": "2017-02-03T03:21:00.0000000Z", 
            "encodingFormat": "jpeg", 
            "webSearchUrl": "https://www.bing.com/images/search?view=detailv2&FORM=OIIRPO&q=site%3a(thepaper.cn+or+chinadaily.com.cn+or+china.com.cn+or+chinanews.com+or+youth.cn+or+sina.com.cn+or+xinhuanet.com+or+cri.cn+or+163.com+or+cankaoxiaoxi.com+or+cctv.com+or+ifeng.com+or+qq.com+or+takungpao.com+or+people.com.cn+or+southcn.com+or+southcn.com+or+cnr.cn+or+people.com.cn+or+cyol.com+or+bjnews.com.cn+or+gmw.cn+or+dahe.cn+or+xfrb.com.cn+or+cqnews.net+or+lifeweek.com.cn+or+cpd.com.cn+or+haiwainet.cn+or+yidianzixun.com+or+ftchinese.com+or+guancha.cn+or+zhcw.com+or+huanqiu.com+or+ihuawen.com+or+nytimes.com+or+flickr.com+or+quanjing.com+or+vcg.com+or+gettyimages.co.uk+or+paixin.com)+%e9%92%b1+%e6%b2%a1%e6%9c%89&id=8533BAB22188A6272153DF28AB77C2E792BF1CA4&simid=608007977294496944", 
            "hostPageUrl": "http://news.ifeng.com/a/20170203/50644640_0.shtml", 
            "thumbnailUrl": "https://tse4.mm.bing.net/th?id=OIP._6g-vG-jY5NQekZEUY4TqwHaEL&pid=Api", 
            "thumbnail": {
                "width": 474, 
                "height": 267
            }, 
            "contentSize": "12346 B"
        }, 
        {
            "contentUrl": "http://img.bimg.126.net/photo/_nfFAsjvYgXe1b2_9ydmAg==/4539909899366983229.jpg", 
            "insightsMetadata": {
                "pagesIncludingCount": 163, 
                "availableSizesCount": 56
            }, 
            "height": 319, 
            "accentColor": "6A462B", 
            "hostPageDisplayUrl": "lily6688520.blog.163.com/blog/static/7967574200992982241794", 
            "name": "没有钱你会爱我吗 - 云水禅心 纳兰的日志 - 网易博客", 
            "width": 319, 
            "imageInsightsToken": "ccid_S3ZtN4X/*mid_9B7BEC62F2CD1C558ABF824446857B782225931A*simid_608035529484797940*thid_OIP.S3ZtN4X!_mkjK4!_CKx-EqaAHaHa", 
            "imageId": "9B7BEC62F2CD1C558ABF824446857B782225931A", 
            "isFamilyFriendly": true, 
            "datePublished": "2013-07-10T16:30:00.0000000Z", 
            "encodingFormat": "jpeg", 
            "webSearchUrl": "https://www.bing.com/images/search?view=detailv2&FORM=OIIRPO&q=site%3a(thepaper.cn+or+chinadaily.com.cn+or+china.com.cn+or+chinanews.com+or+youth.cn+or+sina.com.cn+or+xinhuanet.com+or+cri.cn+or+163.com+or+cankaoxiaoxi.com+or+cctv.com+or+ifeng.com+or+qq.com+or+takungpao.com+or+people.com.cn+or+southcn.com+or+southcn.com+or+cnr.cn+or+people.com.cn+or+cyol.com+or+bjnews.com.cn+or+gmw.cn+or+dahe.cn+or+xfrb.com.cn+or+cqnews.net+or+lifeweek.com.cn+or+cpd.com.cn+or+haiwainet.cn+or+yidianzixun.com+or+ftchinese.com+or+guancha.cn+or+zhcw.com+or+huanqiu.com+or+ihuawen.com+or+nytimes.com+or+flickr.com+or+quanjing.com+or+vcg.com+or+gettyimages.co.uk+or+paixin.com)+%e9%92%b1+%e6%b2%a1%e6%9c%89&id=9B7BEC62F2CD1C558ABF824446857B782225931A&simid=608035529484797940", 
            "hostPageUrl": "http://lily6688520.blog.163.com/blog/static/7967574200992982241794", 
            "thumbnailUrl": "https://tse1.mm.bing.net/th?id=OIP.S3ZtN4X_mkjK4_CKx-EqaAHaHa&pid=Api", 
            "thumbnail": {
                "width": 474, 
                "height": 474
            }, 
            "contentSize": "34246 B"
        }, 
        {
            "contentUrl": "http://www.people.com.cn/mediafile/pic/20150305/73/8992386015827777277.jpg", 
            "insightsMetadata": {
                "pagesIncludingCount": 4, 
                "availableSizesCount": 2
            }, 
            "height": 500, 
            "accentColor": "266DA5", 
            "hostPageDisplayUrl": "hlj.people.com.cn/n/2015/0305/c220036-24074393.html", 
            "name": "刘嘉玲自称\"没有钱\"：希望尽量努力做收藏(图)--黑龙江频道--人民网", 
            "width": 332, 
            "imageInsightsToken": "ccid_gz8xfa1T*mid_957A260B52F7DC3F8A51042151533188DB38ADDA*simid_608001766763858528*thid_OIP.gz8xfa1THV8jxMptajaSFQAAAA", 
            "imageId": "957A260B52F7DC3F8A51042151533188DB38ADDA", 
            "isFamilyFriendly": true, 
            "datePublished": "2018-09-25T18:38:00.0000000Z", 
            "encodingFormat": "jpeg", 
            "webSearchUrl": "https://www.bing.com/images/search?view=detailv2&FORM=OIIRPO&q=site%3a(thepaper.cn+or+chinadaily.com.cn+or+china.com.cn+or+chinanews.com+or+youth.cn+or+sina.com.cn+or+xinhuanet.com+or+cri.cn+or+163.com+or+cankaoxiaoxi.com+or+cctv.com+or+ifeng.com+or+qq.com+or+takungpao.com+or+people.com.cn+or+southcn.com+or+southcn.com+or+cnr.cn+or+people.com.cn+or+cyol.com+or+bjnews.com.cn+or+gmw.cn+or+dahe.cn+or+xfrb.com.cn+or+cqnews.net+or+lifeweek.com.cn+or+cpd.com.cn+or+haiwainet.cn+or+yidianzixun.com+or+ftchinese.com+or+guancha.cn+or+zhcw.com+or+huanqiu.com+or+ihuawen.com+or+nytimes.com+or+flickr.com+or+quanjing.com+or+vcg.com+or+gettyimages.co.uk+or+paixin.com)+%e9%92%b1+%e6%b2%a1%e6%9c%89&id=957A260B52F7DC3F8A51042151533188DB38ADDA&simid=608001766763858528", 
            "hostPageUrl": "http://hlj.people.com.cn/n/2015/0305/c220036-24074393.html", 
            "thumbnailUrl": "https://tse1.mm.bing.net/th?id=OIP.gz8xfa1THV8jxMptajaSFQAAAA&pid=Api", 
            "thumbnail": {
                "width": 332, 
                "height": 500
            }, 
            "contentSize": "71861 B"
        }, 
        {
            "contentUrl": "http://puui.qpic.cn/qqvideo_ori/0/o01239pu7sz_496_280/0", 
            "insightsMetadata": {
                "pagesIncludingCount": 1, 
                "availableSizesCount": 1
            }, 
            "height": 280, 
            "accentColor": "886E44", 
            "hostPageDisplayUrl": "v.qq.com/x/search/?q=有钱男子汉没钱汉子难&stag...", 
            "name": "有钱男子汉没钱汉子难-腾讯视频全网搜", 
            "width": 496, 
            "imageInsightsToken": "ccid_yzfNLShp*mid_011772010CE88BE633757514D21C37838B0930B7*simid_607996801794641225*thid_OIP.yzfNLShptJMmrCD9GC9-nwHaEL", 
            "imageId": "011772010CE88BE633757514D21C37838B0930B7", 
            "isFamilyFriendly": true, 
            "datePublished": "2017-10-22T09:13:00.0000000Z", 
            "encodingFormat": "jpeg", 
            "webSearchUrl": "https://www.bing.com/images/search?view=detailv2&FORM=OIIRPO&q=site%3a(thepaper.cn+or+chinadaily.com.cn+or+china.com.cn+or+chinanews.com+or+youth.cn+or+sina.com.cn+or+xinhuanet.com+or+cri.cn+or+163.com+or+cankaoxiaoxi.com+or+cctv.com+or+ifeng.com+or+qq.com+or+takungpao.com+or+people.com.cn+or+southcn.com+or+southcn.com+or+cnr.cn+or+people.com.cn+or+cyol.com+or+bjnews.com.cn+or+gmw.cn+or+dahe.cn+or+xfrb.com.cn+or+cqnews.net+or+lifeweek.com.cn+or+cpd.com.cn+or+haiwainet.cn+or+yidianzixun.com+or+ftchinese.com+or+guancha.cn+or+zhcw.com+or+huanqiu.com+or+ihuawen.com+or+nytimes.com+or+flickr.com+or+quanjing.com+or+vcg.com+or+gettyimages.co.uk+or+paixin.com)+%e9%92%b1+%e6%b2%a1%e6%9c%89&id=011772010CE88BE633757514D21C37838B0930B7&simid=607996801794641225", 
            "hostPageUrl": "http://v.qq.com/x/search/?q=%E6%9C%89%E9%92%B1%E7%94%B7%E5%AD%90%E6%B1%89%E6%B2%A1%E9%92%B1%E6%B1%89%E5%AD%90%E9%9A%BE&stag=txt.playpage.vppdesc", 
            "thumbnailUrl": "https://tse2.mm.bing.net/th?id=OIP.yzfNLShptJMmrCD9GC9-nwHaEL&pid=Api", 
            "thumbnail": {
                "width": 474, 
                "height": 267
            }, 
            "contentSize": "21579 B"
        }, 
        {
            "contentUrl": "http://mat1.gtimg.com/fashion/ruliu/472/sanjiaotu.png", 
            "insightsMetadata": {
                "pagesIncludingCount": 1, 
                "availableSizesCount": 1
            }, 
            "height": 431, 
            "accentColor": "140F30", 
            "hostPageDisplayUrl": "fashion.qq.com/original/ruliu/r472.html", 
            "name": "有钱难买我愿意，没有攻略的购表攻略_腾讯时尚", 
            "width": 545, 
            "imageInsightsToken": "ccid_viIIWiNN*mid_21F648FAFEA6010058F1612278038822E67B7FD5*simid_608040829508061649*thid_OIP.viIIWiNN58OJo1tcLQeLZgHaF2", 
            "imageId": "21F648FAFEA6010058F1612278038822E67B7FD5", 
            "isFamilyFriendly": true, 
            "datePublished": "2016-03-10T00:05:00.0000000Z", 
            "encodingFormat": "png", 
            "webSearchUrl": "https://www.bing.com/images/search?view=detailv2&FORM=OIIRPO&q=site%3a(thepaper.cn+or+chinadaily.com.cn+or+china.com.cn+or+chinanews.com+or+youth.cn+or+sina.com.cn+or+xinhuanet.com+or+cri.cn+or+163.com+or+cankaoxiaoxi.com+or+cctv.com+or+ifeng.com+or+qq.com+or+takungpao.com+or+people.com.cn+or+southcn.com+or+southcn.com+or+cnr.cn+or+people.com.cn+or+cyol.com+or+bjnews.com.cn+or+gmw.cn+or+dahe.cn+or+xfrb.com.cn+or+cqnews.net+or+lifeweek.com.cn+or+cpd.com.cn+or+haiwainet.cn+or+yidianzixun.com+or+ftchinese.com+or+guancha.cn+or+zhcw.com+or+huanqiu.com+or+ihuawen.com+or+nytimes.com+or+flickr.com+or+quanjing.com+or+vcg.com+or+gettyimages.co.uk+or+paixin.com)+%e9%92%b1+%e6%b2%a1%e6%9c%89&id=21F648FAFEA6010058F1612278038822E67B7FD5&simid=608040829508061649", 
            "hostPageUrl": "http://fashion.qq.com/original/ruliu/r472.html", 
            "thumbnailUrl": "https://tse1.mm.bing.net/th?id=OIP.viIIWiNN58OJo1tcLQeLZgHaF2&pid=Api", 
            "thumbnail": {
                "width": 474, 
                "height": 374
            }, 
            "contentSize": "441410 B"
        }, 
        {
            "contentUrl": "http://news.xinhuanet.com/talking/product/cegaige2016v04/images/person.png", 
            "insightsMetadata": {
                "pagesIncludingCount": 1, 
                "availableSizesCount": 1
            }, 
            "height": 300, 
            "accentColor": "425C89", 
            "hostPageDisplayUrl": "news.xinhuanet.com/talking/product/cegaige2016v04/index.html", 
            "name": "没有“长钱”去不了杠杆？听姚余栋怎么说-新华网", 
            "width": 300, 
            "imageInsightsToken": "ccid_7BJsRHkI*mid_91FF6DC92AD4EFE8F894EBE1901E113CB6E72DB3*simid_608023933075522951*thid_OIP.7BJsRHkIJMcK-auROaReCgAAAA", 
            "imageId": "91FF6DC92AD4EFE8F894EBE1901E113CB6E72DB3", 
            "isFamilyFriendly": true, 
            "datePublished": "2018-03-26T04:07:00.0000000Z", 
            "encodingFormat": "png", 
            "webSearchUrl": "https://www.bing.com/images/search?view=detailv2&FORM=OIIRPO&q=site%3a(thepaper.cn+or+chinadaily.com.cn+or+china.com.cn+or+chinanews.com+or+youth.cn+or+sina.com.cn+or+xinhuanet.com+or+cri.cn+or+163.com+or+cankaoxiaoxi.com+or+cctv.com+or+ifeng.com+or+qq.com+or+takungpao.com+or+people.com.cn+or+southcn.com+or+southcn.com+or+cnr.cn+or+people.com.cn+or+cyol.com+or+bjnews.com.cn+or+gmw.cn+or+dahe.cn+or+xfrb.com.cn+or+cqnews.net+or+lifeweek.com.cn+or+cpd.com.cn+or+haiwainet.cn+or+yidianzixun.com+or+ftchinese.com+or+guancha.cn+or+zhcw.com+or+huanqiu.com+or+ihuawen.com+or+nytimes.com+or+flickr.com+or+quanjing.com+or+vcg.com+or+gettyimages.co.uk+or+paixin.com)+%e9%92%b1+%e6%b2%a1%e6%9c%89&id=91FF6DC92AD4EFE8F894EBE1901E113CB6E72DB3&simid=608023933075522951", 
            "hostPageUrl": "http://news.xinhuanet.com/talking/product/cegaige2016v04/index.html", 
            "thumbnailUrl": "https://tse2.mm.bing.net/th?id=OIP.7BJsRHkIJMcK-auROaReCgAAAA&pid=Api", 
            "thumbnail": {
                "width": 300, 
                "height": 300
            }, 
            "hostPageFavIconUrl": "https://www.bing.com/th?id=AR_6034f89765965526777239fbb6bac707&pid=Api", 
            "contentSize": "111878 B"
        }
    ], 
    "nextOffset": 10, 
    "queryContext": {
        "alterationMethod": "AM_JustChangeIt", 
        "alterationType": "CombinedAlterationsChained", 
        "originalQuery": "site:(thepaper.cn or chinadaily.com.cn or china.com.cn or chinanews.com or youth.cn or sina.com.cn or xinhuanet.com or cri.cn or 163.com or cankaoxiaoxi.com or cctv.com or ifeng.com or qq.com or takungpao.com or people.com.cn or southcn.com or southcn.com or cnr.cn or people.com.cn or cyol.com or bjnews.com.cn or gmw.cn or dahe.cn or xfrb.com.cn or cqnews.net or lifeweek.com.cn or cpd.com.cn or haiwainet.cn or yidianzixun.com or ftchinese.com or guancha.cn or zhcw.com or huanqiu.com or ihuawen.com or nytimes.com or flickr.com or quanjing.com or vcg.com or gettyimages.co.uk or paixin.com) 钱 没有", 
        "alterationOverrideQuery": "+site:(thepaper.cn or chinadaily.com.cn or china.com.cn or chinanews.com or youth.cn or sina.com.cn or xinhuanet.com or cri.cn or 163.com or cankaoxiaoxi.com or cctv.com or ifeng.com or qq.com or takungpao.com or people.com.cn or southcn.com or southcn.com or cnr.cn or people.com.cn or cyol.com or bjnews.com.cn or gmw.cn or dahe.cn or xfrb.com.cn or cqnews.net or lifeweek.com.cn or cpd.com.cn or haiwainet.cn or yidianzixun.com or ftchinese.com or guancha.cn or zhcw.com or huanqiu.com or ihuawen.com or nytimes.com or flickr.com or quanjing.com or vcg.com or gettyimages.co.uk or paixin.com) 钱 没有", 
        "alterationDisplayQuery": "钱 没 有"
    }, 
    "currentOffset": 0, 
    "readLink": "images/search?q=site:(thepaper.cn or chinadaily.com.cn or china.com.cn or chinanews.com or youth.cn or sina.com.cn or xinhuanet.com or cri.cn or 163.com or cankaoxiaoxi.com or cctv.com or ifeng.com or qq.com or takungpao.com or people.com.cn or southcn.com or southcn.com or cnr.cn or people.com.cn or cyol.com or bjnews.com.cn or gmw.cn or dahe.cn or xfrb.com.cn or cqnews.net or lifeweek.com.cn or cpd.com.cn or haiwainet.cn or yidianzixun.com or ftchinese.com or guancha.cn or zhcw.com or huanqiu.com or ihuawen.com or nytimes.com or flickr.com or quanjing.com or vcg.com or gettyimages.co.uk or paixin.com) 钱 没有", 
    "totalEstimatedMatches": 100, 
    "relatedSearches": [
        {
            "text": "没有穿任何衣服的美女", 
            "displayText": "没有穿任何衣服的美女", 
            "thumbnail": {
                "thumbnailUrl": "https://tse1.mm.bing.net/th?q=%e6%b2%a1%e6%9c%89%e7%a9%bf%e4%bb%bb%e4%bd%95%e8%a1%a3%e6%9c%8d%e7%9a%84%e7%be%8e%e5%a5%b3&pid=Api&mkt=zh-CN&adlt=strict&t=1"
            }, 
            "searchLink": "https://api.cognitive.microsoft.com/api/v7/images/search?q=%e6%b2%a1%e6%9c%89%e7%a9%bf%e4%bb%bb%e4%bd%95%e8%a1%a3%e6%9c%8d%e7%9a%84%e7%be%8e%e5%a5%b3", 
            "webSearchUrl": "https://www.bing.com/images/search?q=%e6%b2%a1%e6%9c%89%e7%a9%bf%e4%bb%bb%e4%bd%95%e8%a1%a3%e6%9c%8d%e7%9a%84%e7%be%8e%e5%a5%b3&FORM=IRPATC"
        }, 
        {
            "text": "没有穿内衣", 
            "displayText": "没有穿内衣", 
            "thumbnail": {
                "thumbnailUrl": "https://tse2.mm.bing.net/th?q=%e6%b2%a1%e6%9c%89%e7%a9%bf%e5%86%85%e8%a1%a3&pid=Api&mkt=zh-CN&adlt=strict&t=1"
            }, 
            "searchLink": "https://api.cognitive.microsoft.com/api/v7/images/search?q=%e6%b2%a1%e6%9c%89%e7%a9%bf%e5%86%85%e8%a1%a3", 
            "webSearchUrl": "https://www.bing.com/images/search?q=%e6%b2%a1%e6%9c%89%e7%a9%bf%e5%86%85%e8%a1%a3&FORM=IRPATC"
        }, 
        {
            "text": "美女没有穿衣服", 
            "displayText": "美女没有穿衣服", 
            "thumbnail": {
                "thumbnailUrl": "https://tse1.mm.bing.net/th?q=%e7%be%8e%e5%a5%b3%e6%b2%a1%e6%9c%89%e7%a9%bf%e8%a1%a3%e6%9c%8d&pid=Api&mkt=zh-CN&adlt=strict&t=1"
            }, 
            "searchLink": "https://api.cognitive.microsoft.com/api/v7/images/search?q=%e7%be%8e%e5%a5%b3%e6%b2%a1%e6%9c%89%e7%a9%bf%e8%a1%a3%e6%9c%8d", 
            "webSearchUrl": "https://www.bing.com/images/search?q=%e7%be%8e%e5%a5%b3%e6%b2%a1%e6%9c%89%e7%a9%bf%e8%a1%a3%e6%9c%8d&FORM=IRPATC"
        }, 
        {
            "text": "美女照片没有衣服的", 
            "displayText": "美女照片没有衣服的", 
            "thumbnail": {
                "thumbnailUrl": "https://tse4.mm.bing.net/th?q=%e7%be%8e%e5%a5%b3%e7%85%a7%e7%89%87%e6%b2%a1%e6%9c%89%e8%a1%a3%e6%9c%8d%e7%9a%84&pid=Api&mkt=zh-CN&adlt=strict&t=1"
            }, 
            "searchLink": "https://api.cognitive.microsoft.com/api/v7/images/search?q=%e7%be%8e%e5%a5%b3%e7%85%a7%e7%89%87%e6%b2%a1%e6%9c%89%e8%a1%a3%e6%9c%8d%e7%9a%84", 
            "webSearchUrl": "https://www.bing.com/images/search?q=%e7%be%8e%e5%a5%b3%e7%85%a7%e7%89%87%e6%b2%a1%e6%9c%89%e8%a1%a3%e6%9c%8d%e7%9a%84&FORM=IRPATC"
        }, 
        {
            "text": "美女图片库没有穿衣服", 
            "displayText": "美女图片库没有穿衣服", 
            "thumbnail": {
                "thumbnailUrl": "https://tse3.mm.bing.net/th?q=%e7%be%8e%e5%a5%b3%e5%9b%be%e7%89%87%e5%ba%93%e6%b2%a1%e6%9c%89%e7%a9%bf%e8%a1%a3%e6%9c%8d&pid=Api&mkt=zh-CN&adlt=strict&t=1"
            }, 
            "searchLink": "https://api.cognitive.microsoft.com/api/v7/images/search?q=%e7%be%8e%e5%a5%b3%e5%9b%be%e7%89%87%e5%ba%93%e6%b2%a1%e6%9c%89%e7%a9%bf%e8%a1%a3%e6%9c%8d", 
            "webSearchUrl": "https://www.bing.com/images/search?q=%e7%be%8e%e5%a5%b3%e5%9b%be%e7%89%87%e5%ba%93%e6%b2%a1%e6%9c%89%e7%a9%bf%e8%a1%a3%e6%9c%8d&FORM=IRPATC"
        }, 
        {
            "text": "没有毛的女人光屁屁", 
            "displayText": "没有毛的女人光屁屁", 
            "thumbnail": {
                "thumbnailUrl": "https://tse4.mm.bing.net/th?q=%e6%b2%a1%e6%9c%89%e6%af%9b%e7%9a%84%e5%a5%b3%e4%ba%ba%e5%85%89%e5%b1%81%e5%b1%81&pid=Api&mkt=zh-CN&adlt=strict&t=1"
            }, 
            "searchLink": "https://api.cognitive.microsoft.com/api/v7/images/search?q=%e6%b2%a1%e6%9c%89%e6%af%9b%e7%9a%84%e5%a5%b3%e4%ba%ba%e5%85%89%e5%b1%81%e5%b1%81", 
            "webSearchUrl": "https://www.bing.com/images/search?q=%e6%b2%a1%e6%9c%89%e6%af%9b%e7%9a%84%e5%a5%b3%e4%ba%ba%e5%85%89%e5%b1%81%e5%b1%81&FORM=IRPATC"
        }, 
        {
            "text": "美女图片没有穿衣服裤子", 
            "displayText": "美女图片没有穿衣服裤子", 
            "thumbnail": {
                "thumbnailUrl": "https://tse2.mm.bing.net/th?q=%e7%be%8e%e5%a5%b3%e5%9b%be%e7%89%87%e6%b2%a1%e6%9c%89%e7%a9%bf%e8%a1%a3%e6%9c%8d%e8%a3%a4%e5%ad%90&pid=Api&mkt=zh-CN&adlt=strict&t=1"
            }, 
            "searchLink": "https://api.cognitive.microsoft.com/api/v7/images/search?q=%e7%be%8e%e5%a5%b3%e5%9b%be%e7%89%87%e6%b2%a1%e6%9c%89%e7%a9%bf%e8%a1%a3%e6%9c%8d%e8%a3%a4%e5%ad%90", 
            "webSearchUrl": "https://www.bing.com/images/search?q=%e7%be%8e%e5%a5%b3%e5%9b%be%e7%89%87%e6%b2%a1%e6%9c%89%e7%a9%bf%e8%a1%a3%e6%9c%8d%e8%a3%a4%e5%ad%90&FORM=IRPATC"
        }, 
        {
            "text": "没有鋽妣毛的女人图", 
            "displayText": "没有鋽妣毛的女人图", 
            "thumbnail": {
                "thumbnailUrl": "https://tse1.mm.bing.net/th?q=%e6%b2%a1%e6%9c%89%e9%8b%bd%e5%a6%a3%e6%af%9b%e7%9a%84%e5%a5%b3%e4%ba%ba%e5%9b%be&pid=Api&mkt=zh-CN&adlt=strict&t=1"
            }, 
            "searchLink": "https://api.cognitive.microsoft.com/api/v7/images/search?q=%e6%b2%a1%e6%9c%89%e9%8b%bd%e5%a6%a3%e6%af%9b%e7%9a%84%e5%a5%b3%e4%ba%ba%e5%9b%be", 
            "webSearchUrl": "https://www.bing.com/images/search?q=%e6%b2%a1%e6%9c%89%e9%8b%bd%e5%a6%a3%e6%af%9b%e7%9a%84%e5%a5%b3%e4%ba%ba%e5%9b%be&FORM=IRPATC"
        }, 
        {
            "text": "没有穿胸罩和衣服的美女", 
            "displayText": "没有穿胸罩和衣服的美女", 
            "thumbnail": {
                "thumbnailUrl": "https://tse2.mm.bing.net/th?q=%e6%b2%a1%e6%9c%89%e7%a9%bf%e8%83%b8%e7%bd%a9%e5%92%8c%e8%a1%a3%e6%9c%8d%e7%9a%84%e7%be%8e%e5%a5%b3&pid=Api&mkt=zh-CN&adlt=strict&t=1"
            }, 
            "searchLink": "https://api.cognitive.microsoft.com/api/v7/images/search?q=%e6%b2%a1%e6%9c%89%e7%a9%bf%e8%83%b8%e7%bd%a9%e5%92%8c%e8%a1%a3%e6%9c%8d%e7%9a%84%e7%be%8e%e5%a5%b3", 
            "webSearchUrl": "https://www.bing.com/images/search?q=%e6%b2%a1%e6%9c%89%e7%a9%bf%e8%83%b8%e7%bd%a9%e5%92%8c%e8%a1%a3%e6%9c%8d%e7%9a%84%e7%be%8e%e5%a5%b3&FORM=IRPATC"
        }, 
        {
            "text": "如果没有你 莫文蔚", 
            "displayText": "如果没有你 莫文蔚", 
            "thumbnail": {
                "thumbnailUrl": "https://tse3.mm.bing.net/th?q=%e5%a6%82%e6%9e%9c%e6%b2%a1%e6%9c%89%e4%bd%a0+%e8%8e%ab%e6%96%87%e8%94%9a&pid=Api&mkt=zh-CN&adlt=strict&t=1"
            }, 
            "searchLink": "https://api.cognitive.microsoft.com/api/v7/images/search?q=%e5%a6%82%e6%9e%9c%e6%b2%a1%e6%9c%89%e4%bd%a0+%e8%8e%ab%e6%96%87%e8%94%9a", 
            "webSearchUrl": "https://www.bing.com/images/search?q=%e5%a6%82%e6%9e%9c%e6%b2%a1%e6%9c%89%e4%bd%a0+%e8%8e%ab%e6%96%87%e8%94%9a&FORM=IRPATC"
        }, 
        {
            "text": "美女睡觉没有穿衣服", 
            "displayText": "美女睡觉没有穿衣服", 
            "thumbnail": {
                "thumbnailUrl": "https://tse3.mm.bing.net/th?q=%e7%be%8e%e5%a5%b3%e7%9d%a1%e8%a7%89%e6%b2%a1%e6%9c%89%e7%a9%bf%e8%a1%a3%e6%9c%8d&pid=Api&mkt=zh-CN&adlt=strict&t=1"
            }, 
            "searchLink": "https://api.cognitive.microsoft.com/api/v7/images/search?q=%e7%be%8e%e5%a5%b3%e7%9d%a1%e8%a7%89%e6%b2%a1%e6%9c%89%e7%a9%bf%e8%a1%a3%e6%9c%8d", 
            "webSearchUrl": "https://www.bing.com/images/search?q=%e7%be%8e%e5%a5%b3%e7%9d%a1%e8%a7%89%e6%b2%a1%e6%9c%89%e7%a9%bf%e8%a1%a3%e6%9c%8d&FORM=IRPATC"
        }, 
        {
            "text": "B没有毛的女人图片", 
            "displayText": "B没有毛的女人图片", 
            "thumbnail": {
                "thumbnailUrl": "https://tse2.mm.bing.net/th?q=B%e6%b2%a1%e6%9c%89%e6%af%9b%e7%9a%84%e5%a5%b3%e4%ba%ba%e5%9b%be%e7%89%87&pid=Api&mkt=zh-CN&adlt=strict&t=1"
            }, 
            "searchLink": "https://api.cognitive.microsoft.com/api/v7/images/search?q=B%e6%b2%a1%e6%9c%89%e6%af%9b%e7%9a%84%e5%a5%b3%e4%ba%ba%e5%9b%be%e7%89%87", 
            "webSearchUrl": "https://www.bing.com/images/search?q=B%e6%b2%a1%e6%9c%89%e6%af%9b%e7%9a%84%e5%a5%b3%e4%ba%ba%e5%9b%be%e7%89%87&FORM=IRPATC"
        }, 
        {
            "text": "家有儿女杨紫没内衣", 
            "displayText": "家有儿女杨紫没内衣", 
            "thumbnail": {
                "thumbnailUrl": "https://tse4.mm.bing.net/th?q=%e5%ae%b6%e6%9c%89%e5%84%bf%e5%a5%b3%e6%9d%a8%e7%b4%ab%e6%b2%a1%e5%86%85%e8%a1%a3&pid=Api&mkt=zh-CN&adlt=strict&t=1"
            }, 
            "searchLink": "https://api.cognitive.microsoft.com/api/v7/images/search?q=%e5%ae%b6%e6%9c%89%e5%84%bf%e5%a5%b3%e6%9d%a8%e7%b4%ab%e6%b2%a1%e5%86%85%e8%a1%a3", 
            "webSearchUrl": "https://www.bing.com/images/search?q=%e5%ae%b6%e6%9c%89%e5%84%bf%e5%a5%b3%e6%9d%a8%e7%b4%ab%e6%b2%a1%e5%86%85%e8%a1%a3&FORM=IRPATC"
        }, 
        {
            "text": "没有穿衣服和内衣的美女", 
            "displayText": "没有穿衣服和内衣的美女", 
            "thumbnail": {
                "thumbnailUrl": "https://tse3.mm.bing.net/th?q=%e6%b2%a1%e6%9c%89%e7%a9%bf%e8%a1%a3%e6%9c%8d%e5%92%8c%e5%86%85%e8%a1%a3%e7%9a%84%e7%be%8e%e5%a5%b3&pid=Api&mkt=zh-CN&adlt=strict&t=1"
            }, 
            "searchLink": "https://api.cognitive.microsoft.com/api/v7/images/search?q=%e6%b2%a1%e6%9c%89%e7%a9%bf%e8%a1%a3%e6%9c%8d%e5%92%8c%e5%86%85%e8%a1%a3%e7%9a%84%e7%be%8e%e5%a5%b3", 
            "webSearchUrl": "https://www.bing.com/images/search?q=%e6%b2%a1%e6%9c%89%e7%a9%bf%e8%a1%a3%e6%9c%8d%e5%92%8c%e5%86%85%e8%a1%a3%e7%9a%84%e7%be%8e%e5%a5%b3&FORM=IRPATC"
        }
    ]
}