{
    "instrumentation": {
        "_type": "ResponseInstrumentation"
    }, 
    "_type": "Images", 
    "webSearchUrl": "https://www.bing.com/images/search?q=site:(thepaper.cn or chinadaily.com.cn or china.com.cn or chinanews.com or youth.cn or sina.com.cn or xinhuanet.com or cri.cn or 163.com or cankaoxiaoxi.com or cctv.com or ifeng.com or qq.com or takungpao.com or people.com.cn or southcn.com or southcn.com or cnr.cn or people.com.cn or cyol.com or bjnews.com.cn or gmw.cn or dahe.cn or xfrb.com.cn or cqnews.net or lifeweek.com.cn or cpd.com.cn or haiwainet.cn or yidianzixun.com or ftchinese.com or guancha.cn or zhcw.com or huanqiu.com or ihuawen.com or nytimes.com or flickr.com or quanjing.com or vcg.com or gettyimages.co.uk or paixin.com) 一件 事 可能&FORM=OIIARP", 
    "value": [
        {
            "contentUrl": "http://i0.sinaimg.cn/dy/c/p/2013-12-04/1386132850_qe0oDL.jpg", 
            "insightsMetadata": {
                "pagesIncludingCount": 1, 
                "availableSizesCount": 1
            }, 
            "height": 358, 
            "accentColor": "B01B29", 
            "hostPageDisplayUrl": "news.sina.com.cn/c/p/2013-12-04/124428884264.shtml", 
            "name": "刑事鉴识专家称一生做一件事：使不可能变可能|李昌钰|专家 ...", 
            "width": 540, 
            "imageInsightsToken": "ccid_6kv4s6el*mid_2F17EF844111866D4A60A54B557A071EDF4E87A4*simid_608041121544669221*thid_OIP.6kv4s6elvxZLt8ttBQYzDwHaE6", 
            "imageId": "2F17EF844111866D4A60A54B557A071EDF4E87A4", 
            "isFamilyFriendly": true, 
            "datePublished": "2013-12-04T04:59:00.0000000Z", 
            "encodingFormat": "jpeg", 
            "webSearchUrl": "https://www.bing.com/images/search?view=detailv2&FORM=OIIRPO&q=site%3a(thepaper.cn+or+chinadaily.com.cn+or+china.com.cn+or+chinanews.com+or+youth.cn+or+sina.com.cn+or+xinhuanet.com+or+cri.cn+or+163.com+or+cankaoxiaoxi.com+or+cctv.com+or+ifeng.com+or+qq.com+or+takungpao.com+or+people.com.cn+or+southcn.com+or+southcn.com+or+cnr.cn+or+people.com.cn+or+cyol.com+or+bjnews.com.cn+or+gmw.cn+or+dahe.cn+or+xfrb.com.cn+or+cqnews.net+or+lifeweek.com.cn+or+cpd.com.cn+or+haiwainet.cn+or+yidianzixun.com+or+ftchinese.com+or+guancha.cn+or+zhcw.com+or+huanqiu.com+or+ihuawen.com+or+nytimes.com+or+flickr.com+or+quanjing.com+or+vcg.com+or+gettyimages.co.uk+or+paixin.com)+%e4%b8%80%e4%bb%b6+%e4%ba%8b+%e5%8f%af%e8%83%bd&id=2F17EF844111866D4A60A54B557A071EDF4E87A4&simid=608041121544669221", 
            "hostPageUrl": "http://news.sina.com.cn/c/p/2013-12-04/124428884264.shtml", 
            "thumbnailUrl": "https://tse3.mm.bing.net/th?id=OIP.6kv4s6elvxZLt8ttBQYzDwHaE6&pid=Api", 
            "thumbnail": {
                "width": 474, 
                "height": 314
            }, 
            "contentSize": "19975 B"
        }, 
        {
            "contentUrl": "http://www.xinhuanet.com/book/2017-02/13/129469494_14864277140231n.jpg", 
            "insightsMetadata": {
                "pagesIncludingCount": 3, 
                "availableSizesCount": 2
            }, 
            "height": 525, 
            "accentColor": "3E668D", 
            "hostPageDisplayUrl": "www.xinhuanet.com/book/2017-02/13/c_129469494.htm", 
            "name": "艾力励志新书《人生的84000种可能》：励志是一件正经事-新华网", 
            "width": 350, 
            "imageInsightsToken": "ccid_m7IKhuA7*mid_A4AA26121544959EE5CFC5C8F15665DFABD4CA63*simid_608048337097002481*thid_OIP.m7IKhuA7!_nUiJDC!_kQOFdAAAAA", 
            "imageId": "A4AA26121544959EE5CFC5C8F15665DFABD4CA63", 
            "isFamilyFriendly": true, 
            "datePublished": "2017-02-13T12:00:00.0000000Z", 
            "encodingFormat": "jpeg", 
            "webSearchUrl": "https://www.bing.com/images/search?view=detailv2&FORM=OIIRPO&q=site%3a(thepaper.cn+or+chinadaily.com.cn+or+china.com.cn+or+chinanews.com+or+youth.cn+or+sina.com.cn+or+xinhuanet.com+or+cri.cn+or+163.com+or+cankaoxiaoxi.com+or+cctv.com+or+ifeng.com+or+qq.com+or+takungpao.com+or+people.com.cn+or+southcn.com+or+southcn.com+or+cnr.cn+or+people.com.cn+or+cyol.com+or+bjnews.com.cn+or+gmw.cn+or+dahe.cn+or+xfrb.com.cn+or+cqnews.net+or+lifeweek.com.cn+or+cpd.com.cn+or+haiwainet.cn+or+yidianzixun.com+or+ftchinese.com+or+guancha.cn+or+zhcw.com+or+huanqiu.com+or+ihuawen.com+or+nytimes.com+or+flickr.com+or+quanjing.com+or+vcg.com+or+gettyimages.co.uk+or+paixin.com)+%e4%b8%80%e4%bb%b6+%e4%ba%8b+%e5%8f%af%e8%83%bd&id=A4AA26121544959EE5CFC5C8F15665DFABD4CA63&simid=608048337097002481", 
            "hostPageUrl": "http://www.xinhuanet.com/book/2017-02/13/c_129469494.htm", 
            "thumbnailUrl": "https://tse3.mm.bing.net/th?id=OIP.m7IKhuA7_nUiJDC_kQOFdAAAAA&pid=Api", 
            "thumbnail": {
                "width": 350, 
                "height": 525
            }, 
            "hostPageFavIconUrl": "https://www.bing.com/th?id=AR_6034f89765965526777239fbb6bac707&pid=Api", 
            "contentSize": "26887 B"
        }, 
        {
            "contentUrl": "http://d.ifengimg.com/w740_q/s3.ifengimg.com/2017/04/20/33647f14fb82743512ea1819906c6f7f.jpg", 
            "insightsMetadata": {
                "pagesIncludingCount": 19, 
                "availableSizesCount": 14
            }, 
            "height": 431, 
            "accentColor": "659110", 
            "hostPageDisplayUrl": "hz.house.ifeng.com/pic/2017_04/20/38881211_0.shtml", 
            "name": "回家的第一件事可能会致癌 这东西家家都有！ ——凤凰网房产", 
            "width": 740, 
            "imageInsightsToken": "ccid_6KXfgKZr*mid_3C78908167E33D077FFD282558447199E3C0FDF7*simid_608052284135965941*thid_OIP.6KXfgKZrCu2C18Y7VbOhWwHaEU", 
            "imageId": "3C78908167E33D077FFD282558447199E3C0FDF7", 
            "isFamilyFriendly": true, 
            "datePublished": "2018-04-15T00:30:00.0000000Z", 
            "encodingFormat": "jpeg", 
            "webSearchUrl": "https://www.bing.com/images/search?view=detailv2&FORM=OIIRPO&q=site%3a(thepaper.cn+or+chinadaily.com.cn+or+china.com.cn+or+chinanews.com+or+youth.cn+or+sina.com.cn+or+xinhuanet.com+or+cri.cn+or+163.com+or+cankaoxiaoxi.com+or+cctv.com+or+ifeng.com+or+qq.com+or+takungpao.com+or+people.com.cn+or+southcn.com+or+southcn.com+or+cnr.cn+or+people.com.cn+or+cyol.com+or+bjnews.com.cn+or+gmw.cn+or+dahe.cn+or+xfrb.com.cn+or+cqnews.net+or+lifeweek.com.cn+or+cpd.com.cn+or+haiwainet.cn+or+yidianzixun.com+or+ftchinese.com+or+guancha.cn+or+zhcw.com+or+huanqiu.com+or+ihuawen.com+or+nytimes.com+or+flickr.com+or+quanjing.com+or+vcg.com+or+gettyimages.co.uk+or+paixin.com)+%e4%b8%80%e4%bb%b6+%e4%ba%8b+%e5%8f%af%e8%83%bd&id=3C78908167E33D077FFD282558447199E3C0FDF7&simid=608052284135965941", 
            "hostPageUrl": "http://hz.house.ifeng.com/pic/2017_04/20/38881211_0.shtml", 
            "thumbnailUrl": "https://tse4.mm.bing.net/th?id=OIP.6KXfgKZrCu2C18Y7VbOhWwHaEU&pid=Api", 
            "thumbnail": {
                "width": 474, 
                "height": 276
            }, 
            "contentSize": "18554 B"
        }, 
        {
            "contentUrl": "http://www.people.com.cn/mediafile/pic/20170207/38/8128604387481259674.jpg", 
            "insightsMetadata": {
                "pagesIncludingCount": 3, 
                "availableSizesCount": 2
            }, 
            "height": 476, 
            "accentColor": "A76124", 
            "hostPageDisplayUrl": "culture.people.com.cn/n1/2017/0207/c22219-29061985.html", 
            "name": "艾力励志新书《人生的84000种可能》：励志是一件正经事--文化 ...", 
            "width": 350, 
            "imageInsightsToken": "ccid_+BRHFFND*mid_BA9FBAD6AA063663EF63D4F0579B23465A25EF48*simid_607994147476800589*thid_OIP.-BRHFFND-HL1sev7oUun9gAAAA", 
            "imageId": "BA9FBAD6AA063663EF63D4F0579B23465A25EF48", 
            "isFamilyFriendly": true, 
            "datePublished": "2017-02-06T23:46:00.0000000Z", 
            "encodingFormat": "jpeg", 
            "webSearchUrl": "https://www.bing.com/images/search?view=detailv2&FORM=OIIRPO&q=site%3a(thepaper.cn+or+chinadaily.com.cn+or+china.com.cn+or+chinanews.com+or+youth.cn+or+sina.com.cn+or+xinhuanet.com+or+cri.cn+or+163.com+or+cankaoxiaoxi.com+or+cctv.com+or+ifeng.com+or+qq.com+or+takungpao.com+or+people.com.cn+or+southcn.com+or+southcn.com+or+cnr.cn+or+people.com.cn+or+cyol.com+or+bjnews.com.cn+or+gmw.cn+or+dahe.cn+or+xfrb.com.cn+or+cqnews.net+or+lifeweek.com.cn+or+cpd.com.cn+or+haiwainet.cn+or+yidianzixun.com+or+ftchinese.com+or+guancha.cn+or+zhcw.com+or+huanqiu.com+or+ihuawen.com+or+nytimes.com+or+flickr.com+or+quanjing.com+or+vcg.com+or+gettyimages.co.uk+or+paixin.com)+%e4%b8%80%e4%bb%b6+%e4%ba%8b+%e5%8f%af%e8%83%bd&id=BA9FBAD6AA063663EF63D4F0579B23465A25EF48&simid=607994147476800589", 
            "hostPageUrl": "http://culture.people.com.cn/n1/2017/0207/c22219-29061985.html", 
            "thumbnailUrl": "https://tse2.mm.bing.net/th?id=OIP.-BRHFFND-HL1sev7oUun9gAAAA&pid=Api", 
            "thumbnail": {
                "width": 350, 
                "height": 476
            }, 
            "contentSize": "24117 B"
        }, 
        {
            "contentUrl": "http://i2.sinaimg.cn/IT/2014/0810/U8693P2DT20140810083659.jpg", 
            "insightsMetadata": {
                "pagesIncludingCount": 3, 
                "availableSizesCount": 2
            }, 
            "height": 372, 
            "accentColor": "663C30", 
            "hostPageDisplayUrl": "tech.sina.com.cn/d/2014-08-10/08389545297.shtml", 
            "name": "关于大麻你不知道的22件事：可能有抗癌效果|大麻|大麻素|毒品 ...", 
            "width": 560, 
            "imageInsightsToken": "ccid_bYWtA0i0*mid_E1FDF1B578FA4352CFF33D74CD78BBC3102FFAB6*simid_608003471849949220*thid_OIP.bYWtA0i0LIv!_-XgoVzOwzAHaE6", 
            "imageId": "E1FDF1B578FA4352CFF33D74CD78BBC3102FFAB6", 
            "isFamilyFriendly": true, 
            "datePublished": "2014-08-10T12:00:00.0000000Z", 
            "encodingFormat": "jpeg", 
            "webSearchUrl": "https://www.bing.com/images/search?view=detailv2&FORM=OIIRPO&q=site%3a(thepaper.cn+or+chinadaily.com.cn+or+china.com.cn+or+chinanews.com+or+youth.cn+or+sina.com.cn+or+xinhuanet.com+or+cri.cn+or+163.com+or+cankaoxiaoxi.com+or+cctv.com+or+ifeng.com+or+qq.com+or+takungpao.com+or+people.com.cn+or+southcn.com+or+southcn.com+or+cnr.cn+or+people.com.cn+or+cyol.com+or+bjnews.com.cn+or+gmw.cn+or+dahe.cn+or+xfrb.com.cn+or+cqnews.net+or+lifeweek.com.cn+or+cpd.com.cn+or+haiwainet.cn+or+yidianzixun.com+or+ftchinese.com+or+guancha.cn+or+zhcw.com+or+huanqiu.com+or+ihuawen.com+or+nytimes.com+or+flickr.com+or+quanjing.com+or+vcg.com+or+gettyimages.co.uk+or+paixin.com)+%e4%b8%80%e4%bb%b6+%e4%ba%8b+%e5%8f%af%e8%83%bd&id=E1FDF1B578FA4352CFF33D74CD78BBC3102FFAB6&simid=608003471849949220", 
            "hostPageUrl": "http://tech.sina.com.cn/d/2014-08-10/08389545297.shtml", 
            "thumbnailUrl": "https://tse3.mm.bing.net/th?id=OIP.bYWtA0i0LIv_-XgoVzOwzAHaE6&pid=Api", 
            "thumbnail": {
                "width": 474, 
                "height": 314
            }, 
            "contentSize": "20285 B"
        }, 
        {
            "contentUrl": "http://n.sinaimg.cn/finance/transform/92/w550h342/20180518/-Ue7-haturfs3732073.png", 
            "insightsMetadata": {
                "pagesIncludingCount": 1, 
                "availableSizesCount": 1
            }, 
            "height": 342, 
            "accentColor": "6AA922", 
            "hostPageDisplayUrl": "finance.sina.com.cn/stock/usstock/c/2018-05-18/doc...", 
            "name": "基金经理：美联储反复强调一件事 美债投资人很受伤|美联储 ...", 
            "width": 550, 
            "imageInsightsToken": "ccid_NF0K1ak4*mid_5EE3F0C09ED7B6FB5BCA6318E1F7D18D04D0D272*simid_607992863277188531*thid_OIP.NF0K1ak445zsQxPPMiLY9gHaEm", 
            "imageId": "5EE3F0C09ED7B6FB5BCA6318E1F7D18D04D0D272", 
            "isFamilyFriendly": true, 
            "datePublished": "2018-05-18T15:08:00.0000000Z", 
            "encodingFormat": "png", 
            "webSearchUrl": "https://www.bing.com/images/search?view=detailv2&FORM=OIIRPO&q=site%3a(thepaper.cn+or+chinadaily.com.cn+or+china.com.cn+or+chinanews.com+or+youth.cn+or+sina.com.cn+or+xinhuanet.com+or+cri.cn+or+163.com+or+cankaoxiaoxi.com+or+cctv.com+or+ifeng.com+or+qq.com+or+takungpao.com+or+people.com.cn+or+southcn.com+or+southcn.com+or+cnr.cn+or+people.com.cn+or+cyol.com+or+bjnews.com.cn+or+gmw.cn+or+dahe.cn+or+xfrb.com.cn+or+cqnews.net+or+lifeweek.com.cn+or+cpd.com.cn+or+haiwainet.cn+or+yidianzixun.com+or+ftchinese.com+or+guancha.cn+or+zhcw.com+or+huanqiu.com+or+ihuawen.com+or+nytimes.com+or+flickr.com+or+quanjing.com+or+vcg.com+or+gettyimages.co.uk+or+paixin.com)+%e4%b8%80%e4%bb%b6+%e4%ba%8b+%e5%8f%af%e8%83%bd&id=5EE3F0C09ED7B6FB5BCA6318E1F7D18D04D0D272&simid=607992863277188531", 
            "hostPageUrl": "http://finance.sina.com.cn/stock/usstock/c/2018-05-18/doc-ihaturfs3733874.shtml", 
            "thumbnailUrl": "https://tse2.mm.bing.net/th?id=OIP.NF0K1ak445zsQxPPMiLY9gHaEm&pid=Api", 
            "thumbnail": {
                "width": 474, 
                "height": 294
            }, 
            "contentSize": "214676 B"
        }, 
        {
            "contentUrl": "https://n.sinaimg.cn/finance/crawl/766/w1000h2166/20181223/T032-hqqzpku8208114.jpg", 
            "insightsMetadata": {
                "pagesIncludingCount": 3, 
                "availableSizesCount": 1
            }, 
            "height": 2166, 
            "accentColor": "2A64A1", 
            "hostPageDisplayUrl": "https://finance.sina.com.cn/stock/usstock/c/2018-12-23...", 
            "name": "戏精微信：腾讯与小视频领域的第十四次\"亲密接触\"|腾讯_新浪 ...", 
            "width": 1000, 
            "imageInsightsToken": "ccid_cs9Klf2T*mid_BAF017FF108BAF44F7CA0E0EEFF09ABE38A0D196*simid_608010790503252849*thid_OIP.cs9Klf2TcUeG4ffmGciOrAHaQC", 
            "imageId": "BAF017FF108BAF44F7CA0E0EEFF09ABE38A0D196", 
            "isFamilyFriendly": true, 
            "datePublished": "2018-12-23T22:50:00.0000000Z", 
            "encodingFormat": "jpeg", 
            "webSearchUrl": "https://www.bing.com/images/search?view=detailv2&FORM=OIIRPO&q=site%3a(thepaper.cn+or+chinadaily.com.cn+or+china.com.cn+or+chinanews.com+or+youth.cn+or+sina.com.cn+or+xinhuanet.com+or+cri.cn+or+163.com+or+cankaoxiaoxi.com+or+cctv.com+or+ifeng.com+or+qq.com+or+takungpao.com+or+people.com.cn+or+southcn.com+or+southcn.com+or+cnr.cn+or+people.com.cn+or+cyol.com+or+bjnews.com.cn+or+gmw.cn+or+dahe.cn+or+xfrb.com.cn+or+cqnews.net+or+lifeweek.com.cn+or+cpd.com.cn+or+haiwainet.cn+or+yidianzixun.com+or+ftchinese.com+or+guancha.cn+or+zhcw.com+or+huanqiu.com+or+ihuawen.com+or+nytimes.com+or+flickr.com+or+quanjing.com+or+vcg.com+or+gettyimages.co.uk+or+paixin.com)+%e4%b8%80%e4%bb%b6+%e4%ba%8b+%e5%8f%af%e8%83%bd&id=BAF017FF108BAF44F7CA0E0EEFF09ABE38A0D196&simid=608010790503252849", 
            "hostPageUrl": "https://finance.sina.com.cn/stock/usstock/c/2018-12-23/doc-ihmutuee2007496.shtml", 
            "thumbnailUrl": "https://tse2.mm.bing.net/th?id=OIP.cs9Klf2TcUeG4ffmGciOrAHaQC&pid=Api", 
            "thumbnail": {
                "width": 474, 
                "height": 1026
            }, 
            "contentSize": "248449 B"
        }, 
        {
            "contentUrl": "http://p2.ifengimg.com/a/2018_21/ed1de29d58beab8_size35_w550_h275.jpg", 
            "insightsMetadata": {
                "pagesIncludingCount": 1, 
                "availableSizesCount": 1
            }, 
            "height": 275, 
            "accentColor": "1B6744", 
            "hostPageDisplayUrl": "home.ifeng.com/a/20180522/44999399_0.shtml", 
            "name": "迪信梁志成：十年时间，可能只能做好一件事_凤凰家居", 
            "width": 550, 
            "imageInsightsToken": "ccid_W0H2sp+7*mid_5D320E3FC499BE685513EFCD09026F3A4A3BC0DD*simid_608011993094684749*thid_OIP.W0H2sp-7pGIpSDt-LLqVJgHaDt", 
            "imageId": "5D320E3FC499BE685513EFCD09026F3A4A3BC0DD", 
            "isFamilyFriendly": true, 
            "datePublished": "2018-05-22T15:02:00.0000000Z", 
            "encodingFormat": "jpeg", 
            "webSearchUrl": "https://www.bing.com/images/search?view=detailv2&FORM=OIIRPO&q=site%3a(thepaper.cn+or+chinadaily.com.cn+or+china.com.cn+or+chinanews.com+or+youth.cn+or+sina.com.cn+or+xinhuanet.com+or+cri.cn+or+163.com+or+cankaoxiaoxi.com+or+cctv.com+or+ifeng.com+or+qq.com+or+takungpao.com+or+people.com.cn+or+southcn.com+or+southcn.com+or+cnr.cn+or+people.com.cn+or+cyol.com+or+bjnews.com.cn+or+gmw.cn+or+dahe.cn+or+xfrb.com.cn+or+cqnews.net+or+lifeweek.com.cn+or+cpd.com.cn+or+haiwainet.cn+or+yidianzixun.com+or+ftchinese.com+or+guancha.cn+or+zhcw.com+or+huanqiu.com+or+ihuawen.com+or+nytimes.com+or+flickr.com+or+quanjing.com+or+vcg.com+or+gettyimages.co.uk+or+paixin.com)+%e4%b8%80%e4%bb%b6+%e4%ba%8b+%e5%8f%af%e8%83%bd&id=5D320E3FC499BE685513EFCD09026F3A4A3BC0DD&simid=608011993094684749", 
            "hostPageUrl": "http://home.ifeng.com/a/20180522/44999399_0.shtml", 
            "thumbnailUrl": "https://tse2.mm.bing.net/th?id=OIP.W0H2sp-7pGIpSDt-LLqVJgHaDt&pid=Api", 
            "thumbnail": {
                "width": 474, 
                "height": 237
            }, 
            "contentSize": "36099 B"
        }, 
        {
            "contentUrl": "http://image.thepaper.cn/www/image/6/265/25.jpg", 
            "insightsMetadata": {
                "pagesIncludingCount": 1, 
                "availableSizesCount": 1
            }, 
            "height": 298, 
            "accentColor": "7F7A4C", 
            "hostPageDisplayUrl": "www.thepaper.cn/newsDetail_forward_1829144", 
            "name": "儿科医生教你一招，瞬间止住婴儿哭泣_亲子学堂_澎湃新闻-The Paper", 
            "width": 600, 
            "imageInsightsToken": "ccid_VnVrJ9jL*mid_05154A2B5EEF1D0E03190404D416BD9B16108568*simid_607994890513813050*thid_OIP.VnVrJ9jLDAM9suE-3Hi2ZgHaDr", 
            "imageId": "05154A2B5EEF1D0E03190404D416BD9B16108568", 
            "isFamilyFriendly": true, 
            "datePublished": "2019-01-10T05:33:00.0000000Z", 
            "encodingFormat": "jpeg", 
            "webSearchUrl": "https://www.bing.com/images/search?view=detailv2&FORM=OIIRPO&q=site%3a(thepaper.cn+or+chinadaily.com.cn+or+china.com.cn+or+chinanews.com+or+youth.cn+or+sina.com.cn+or+xinhuanet.com+or+cri.cn+or+163.com+or+cankaoxiaoxi.com+or+cctv.com+or+ifeng.com+or+qq.com+or+takungpao.com+or+people.com.cn+or+southcn.com+or+southcn.com+or+cnr.cn+or+people.com.cn+or+cyol.com+or+bjnews.com.cn+or+gmw.cn+or+dahe.cn+or+xfrb.com.cn+or+cqnews.net+or+lifeweek.com.cn+or+cpd.com.cn+or+haiwainet.cn+or+yidianzixun.com+or+ftchinese.com+or+guancha.cn+or+zhcw.com+or+huanqiu.com+or+ihuawen.com+or+nytimes.com+or+flickr.com+or+quanjing.com+or+vcg.com+or+gettyimages.co.uk+or+paixin.com)+%e4%b8%80%e4%bb%b6+%e4%ba%8b+%e5%8f%af%e8%83%bd&id=05154A2B5EEF1D0E03190404D416BD9B16108568&simid=607994890513813050", 
            "hostPageUrl": "http://www.thepaper.cn/newsDetail_forward_1829144", 
            "thumbnailUrl": "https://tse3.mm.bing.net/th?id=OIP.VnVrJ9jLDAM9suE-3Hi2ZgHaDr&pid=Api", 
            "thumbnail": {
                "width": 474, 
                "height": 235
            }, 
            "contentSize": "23115 B"
        }, 
        {
            "contentUrl": "http://img3.cache.netease.com/lady/2014/12/3/201412032308455c3ff.jpg", 
            "insightsMetadata": {
                "pagesIncludingCount": 5, 
                "availableSizesCount": 3
            }, 
            "height": 367, 
            "accentColor": "305B9B", 
            "hostPageDisplayUrl": "lady.163.com/14/1203/23/ACIVI9AG002626HO.html", 
            "name": "网恋不要做的8件事_网易女人", 
            "width": 550, 
            "imageInsightsToken": "ccid_Vh0nwLav*mid_7EF2FC165CDB477926CA332AF902A74C8174FB16*simid_608034713452609913*thid_OIP.Vh0nwLavdkLCrISllKqrOQEyDM", 
            "imageId": "7EF2FC165CDB477926CA332AF902A74C8174FB16", 
            "isFamilyFriendly": true, 
            "datePublished": "2014-12-04T00:20:00.0000000Z", 
            "encodingFormat": "jpeg", 
            "webSearchUrl": "https://www.bing.com/images/search?view=detailv2&FORM=OIIRPO&q=site%3a(thepaper.cn+or+chinadaily.com.cn+or+china.com.cn+or+chinanews.com+or+youth.cn+or+sina.com.cn+or+xinhuanet.com+or+cri.cn+or+163.com+or+cankaoxiaoxi.com+or+cctv.com+or+ifeng.com+or+qq.com+or+takungpao.com+or+people.com.cn+or+southcn.com+or+southcn.com+or+cnr.cn+or+people.com.cn+or+cyol.com+or+bjnews.com.cn+or+gmw.cn+or+dahe.cn+or+xfrb.com.cn+or+cqnews.net+or+lifeweek.com.cn+or+cpd.com.cn+or+haiwainet.cn+or+yidianzixun.com+or+ftchinese.com+or+guancha.cn+or+zhcw.com+or+huanqiu.com+or+ihuawen.com+or+nytimes.com+or+flickr.com+or+quanjing.com+or+vcg.com+or+gettyimages.co.uk+or+paixin.com)+%e4%b8%80%e4%bb%b6+%e4%ba%8b+%e5%8f%af%e8%83%bd&id=7EF2FC165CDB477926CA332AF902A74C8174FB16&simid=608034713452609913", 
            "hostPageUrl": "http://lady.163.com/14/1203/23/ACIVI9AG002626HO.html", 
            "thumbnailUrl": "https://tse4.mm.bing.net/th?id=OIP.Vh0nwLavdkLCrISllKqrOQEyDM&pid=Api", 
            "thumbnail": {
                "width": 474, 
                "height": 316
            }, 
            "contentSize": "32227 B"
        }
    ], 
    "nextOffset": 12, 
    "queryContext": {
        "alterationMethod": "AM_JustChangeIt", 
        "alterationType": "CombinedAlterationsChained", 
        "originalQuery": "site:(thepaper.cn or chinadaily.com.cn or china.com.cn or chinanews.com or youth.cn or sina.com.cn or xinhuanet.com or cri.cn or 163.com or cankaoxiaoxi.com or cctv.com or ifeng.com or qq.com or takungpao.com or people.com.cn or southcn.com or southcn.com or cnr.cn or people.com.cn or cyol.com or bjnews.com.cn or gmw.cn or dahe.cn or xfrb.com.cn or cqnews.net or lifeweek.com.cn or cpd.com.cn or haiwainet.cn or yidianzixun.com or ftchinese.com or guancha.cn or zhcw.com or huanqiu.com or ihuawen.com or nytimes.com or flickr.com or quanjing.com or vcg.com or gettyimages.co.uk or paixin.com) 一件 事 可能", 
        "alterationOverrideQuery": "+site:(thepaper.cn or chinadaily.com.cn or china.com.cn or chinanews.com or youth.cn or sina.com.cn or xinhuanet.com or cri.cn or 163.com or cankaoxiaoxi.com or cctv.com or ifeng.com or qq.com or takungpao.com or people.com.cn or southcn.com or southcn.com or cnr.cn or people.com.cn or cyol.com or bjnews.com.cn or gmw.cn or dahe.cn or xfrb.com.cn or cqnews.net or lifeweek.com.cn or cpd.com.cn or haiwainet.cn or yidianzixun.com or ftchinese.com or guancha.cn or zhcw.com or huanqiu.com or ihuawen.com or nytimes.com or flickr.com or quanjing.com or vcg.com or gettyimages.co.uk or paixin.com) 一件 事 可能", 
        "alterationDisplayQuery": "一 件 事 可能"
    }, 
    "currentOffset": 0, 
    "readLink": "images/search?q=site:(thepaper.cn or chinadaily.com.cn or china.com.cn or chinanews.com or youth.cn or sina.com.cn or xinhuanet.com or cri.cn or 163.com or cankaoxiaoxi.com or cctv.com or ifeng.com or qq.com or takungpao.com or people.com.cn or southcn.com or southcn.com or cnr.cn or people.com.cn or cyol.com or bjnews.com.cn or gmw.cn or dahe.cn or xfrb.com.cn or cqnews.net or lifeweek.com.cn or cpd.com.cn or haiwainet.cn or yidianzixun.com or ftchinese.com or guancha.cn or zhcw.com or huanqiu.com or ihuawen.com or nytimes.com or flickr.com or quanjing.com or vcg.com or gettyimages.co.uk or paixin.com) 一件 事 可能", 
    "totalEstimatedMatches": 100, 
    "relatedSearches": [
        {
            "text": "一件难忘的事", 
            "displayText": "一件难忘的事", 
            "thumbnail": {
                "thumbnailUrl": "https://tse2.mm.bing.net/th?q=%e4%b8%80%e4%bb%b6%e9%9a%be%e5%bf%98%e7%9a%84%e4%ba%8b&pid=Api&mkt=zh-CN&adlt=strict&t=1"
            }, 
            "searchLink": "https://api.cognitive.microsoft.com/api/v7/images/search?q=%e4%b8%80%e4%bb%b6%e9%9a%be%e5%bf%98%e7%9a%84%e4%ba%8b", 
            "webSearchUrl": "https://www.bing.com/images/search?q=%e4%b8%80%e4%bb%b6%e9%9a%be%e5%bf%98%e7%9a%84%e4%ba%8b&FORM=IRPATC"
        }, 
        {
            "text": "一件有趣的事作文", 
            "displayText": "一件有趣的事作文", 
            "thumbnail": {
                "thumbnailUrl": "https://tse1.mm.bing.net/th?q=%e4%b8%80%e4%bb%b6%e6%9c%89%e8%b6%a3%e7%9a%84%e4%ba%8b%e4%bd%9c%e6%96%87&pid=Api&mkt=zh-CN&adlt=strict&t=1"
            }, 
            "searchLink": "https://api.cognitive.microsoft.com/api/v7/images/search?q=%e4%b8%80%e4%bb%b6%e6%9c%89%e8%b6%a3%e7%9a%84%e4%ba%8b%e4%bd%9c%e6%96%87", 
            "webSearchUrl": "https://www.bing.com/images/search?q=%e4%b8%80%e4%bb%b6%e6%9c%89%e8%b6%a3%e7%9a%84%e4%ba%8b%e4%bd%9c%e6%96%87&FORM=IRPATC"
        }, 
        {
            "text": "如果有一件事是重要的", 
            "displayText": "如果有一件事是重要的", 
            "thumbnail": {
                "thumbnailUrl": "https://tse4.mm.bing.net/th?q=%e5%a6%82%e6%9e%9c%e6%9c%89%e4%b8%80%e4%bb%b6%e4%ba%8b%e6%98%af%e9%87%8d%e8%a6%81%e7%9a%84&pid=Api&mkt=zh-CN&adlt=strict&t=1"
            }, 
            "searchLink": "https://api.cognitive.microsoft.com/api/v7/images/search?q=%e5%a6%82%e6%9e%9c%e6%9c%89%e4%b8%80%e4%bb%b6%e4%ba%8b%e6%98%af%e9%87%8d%e8%a6%81%e7%9a%84", 
            "webSearchUrl": "https://www.bing.com/images/search?q=%e5%a6%82%e6%9e%9c%e6%9c%89%e4%b8%80%e4%bb%b6%e4%ba%8b%e6%98%af%e9%87%8d%e8%a6%81%e7%9a%84&FORM=IRPATC"
        }, 
        {
            "text": "作文令我感动的一件事", 
            "displayText": "作文令我感动的一件事", 
            "thumbnail": {
                "thumbnailUrl": "https://tse1.mm.bing.net/th?q=%e4%bd%9c%e6%96%87%e4%bb%a4%e6%88%91%e6%84%9f%e5%8a%a8%e7%9a%84%e4%b8%80%e4%bb%b6%e4%ba%8b&pid=Api&mkt=zh-CN&adlt=strict&t=1"
            }, 
            "searchLink": "https://api.cognitive.microsoft.com/api/v7/images/search?q=%e4%bd%9c%e6%96%87%e4%bb%a4%e6%88%91%e6%84%9f%e5%8a%a8%e7%9a%84%e4%b8%80%e4%bb%b6%e4%ba%8b", 
            "webSearchUrl": "https://www.bing.com/images/search?q=%e4%bd%9c%e6%96%87%e4%bb%a4%e6%88%91%e6%84%9f%e5%8a%a8%e7%9a%84%e4%b8%80%e4%bb%b6%e4%ba%8b&FORM=IRPATC"
        }, 
        {
            "text": "一件有趣的事手抄报", 
            "displayText": "一件有趣的事手抄报", 
            "thumbnail": {
                "thumbnailUrl": "https://tse2.mm.bing.net/th?q=%e4%b8%80%e4%bb%b6%e6%9c%89%e8%b6%a3%e7%9a%84%e4%ba%8b%e6%89%8b%e6%8a%84%e6%8a%a5&pid=Api&mkt=zh-CN&adlt=strict&t=1"
            }, 
            "searchLink": "https://api.cognitive.microsoft.com/api/v7/images/search?q=%e4%b8%80%e4%bb%b6%e6%9c%89%e8%b6%a3%e7%9a%84%e4%ba%8b%e6%89%8b%e6%8a%84%e6%8a%a5", 
            "webSearchUrl": "https://www.bing.com/images/search?q=%e4%b8%80%e4%bb%b6%e6%9c%89%e8%b6%a3%e7%9a%84%e4%ba%8b%e6%89%8b%e6%8a%84%e6%8a%a5&FORM=IRPATC"
        }, 
        {
            "text": "为妈妈做一件事的手抄报", 
            "displayText": "为妈妈做一件事的手抄报", 
            "thumbnail": {
                "thumbnailUrl": "https://tse2.mm.bing.net/th?q=%e4%b8%ba%e5%a6%88%e5%a6%88%e5%81%9a%e4%b8%80%e4%bb%b6%e4%ba%8b%e7%9a%84%e6%89%8b%e6%8a%84%e6%8a%a5&pid=Api&mkt=zh-CN&adlt=strict&t=1"
            }, 
            "searchLink": "https://api.cognitive.microsoft.com/api/v7/images/search?q=%e4%b8%ba%e5%a6%88%e5%a6%88%e5%81%9a%e4%b8%80%e4%bb%b6%e4%ba%8b%e7%9a%84%e6%89%8b%e6%8a%84%e6%8a%a5", 
            "webSearchUrl": "https://www.bing.com/images/search?q=%e4%b8%ba%e5%a6%88%e5%a6%88%e5%81%9a%e4%b8%80%e4%bb%b6%e4%ba%8b%e7%9a%84%e6%89%8b%e6%8a%84%e6%8a%a5&FORM=IRPATC"
        }, 
        {
            "text": "开心的一件事", 
            "displayText": "开心的一件事", 
            "thumbnail": {
                "thumbnailUrl": "https://tse1.mm.bing.net/th?q=%e5%bc%80%e5%bf%83%e7%9a%84%e4%b8%80%e4%bb%b6%e4%ba%8b&pid=Api&mkt=zh-CN&adlt=strict&t=1"
            }, 
            "searchLink": "https://api.cognitive.microsoft.com/api/v7/images/search?q=%e5%bc%80%e5%bf%83%e7%9a%84%e4%b8%80%e4%bb%b6%e4%ba%8b", 
            "webSearchUrl": "https://www.bing.com/images/search?q=%e5%bc%80%e5%bf%83%e7%9a%84%e4%b8%80%e4%bb%b6%e4%ba%8b&FORM=IRPATC"
        }, 
        {
            "text": "我最难忘的一件事", 
            "displayText": "我最难忘的一件事", 
            "thumbnail": {
                "thumbnailUrl": "https://tse3.mm.bing.net/th?q=%e6%88%91%e6%9c%80%e9%9a%be%e5%bf%98%e7%9a%84%e4%b8%80%e4%bb%b6%e4%ba%8b&pid=Api&mkt=zh-CN&adlt=strict&t=1"
            }, 
            "searchLink": "https://api.cognitive.microsoft.com/api/v7/images/search?q=%e6%88%91%e6%9c%80%e9%9a%be%e5%bf%98%e7%9a%84%e4%b8%80%e4%bb%b6%e4%ba%8b", 
            "webSearchUrl": "https://www.bing.com/images/search?q=%e6%88%91%e6%9c%80%e9%9a%be%e5%bf%98%e7%9a%84%e4%b8%80%e4%bb%b6%e4%ba%8b&FORM=IRPATC"
        }, 
        {
            "text": "难忘的一件事儿童画", 
            "displayText": "难忘的一件事儿童画", 
            "thumbnail": {
                "thumbnailUrl": "https://tse1.mm.bing.net/th?q=%e9%9a%be%e5%bf%98%e7%9a%84%e4%b8%80%e4%bb%b6%e4%ba%8b%e5%84%bf%e7%ab%a5%e7%94%bb&pid=Api&mkt=zh-CN&adlt=strict&t=1"
            }, 
            "searchLink": "https://api.cognitive.microsoft.com/api/v7/images/search?q=%e9%9a%be%e5%bf%98%e7%9a%84%e4%b8%80%e4%bb%b6%e4%ba%8b%e5%84%bf%e7%ab%a5%e7%94%bb", 
            "webSearchUrl": "https://www.bing.com/images/search?q=%e9%9a%be%e5%bf%98%e7%9a%84%e4%b8%80%e4%bb%b6%e4%ba%8b%e5%84%bf%e7%ab%a5%e7%94%bb&FORM=IRPATC"
        }, 
        {
            "text": "一件事造口袋", 
            "displayText": "一件事造口袋", 
            "thumbnail": {
                "thumbnailUrl": "https://tse4.mm.bing.net/th?q=%e4%b8%80%e4%bb%b6%e4%ba%8b%e9%80%a0%e5%8f%a3%e8%a2%8b&pid=Api&mkt=zh-CN&adlt=strict&t=1"
            }, 
            "searchLink": "https://api.cognitive.microsoft.com/api/v7/images/search?q=%e4%b8%80%e4%bb%b6%e4%ba%8b%e9%80%a0%e5%8f%a3%e8%a2%8b", 
            "webSearchUrl": "https://www.bing.com/images/search?q=%e4%b8%80%e4%bb%b6%e4%ba%8b%e9%80%a0%e5%8f%a3%e8%a2%8b&FORM=IRPATC"
        }, 
        {
            "text": "一件令我感动的事", 
            "displayText": "一件令我感动的事", 
            "thumbnail": {
                "thumbnailUrl": "https://tse2.mm.bing.net/th?q=%e4%b8%80%e4%bb%b6%e4%bb%a4%e6%88%91%e6%84%9f%e5%8a%a8%e7%9a%84%e4%ba%8b&pid=Api&mkt=zh-CN&adlt=strict&t=1"
            }, 
            "searchLink": "https://api.cognitive.microsoft.com/api/v7/images/search?q=%e4%b8%80%e4%bb%b6%e4%bb%a4%e6%88%91%e6%84%9f%e5%8a%a8%e7%9a%84%e4%ba%8b", 
            "webSearchUrl": "https://www.bing.com/images/search?q=%e4%b8%80%e4%bb%b6%e4%bb%a4%e6%88%91%e6%84%9f%e5%8a%a8%e7%9a%84%e4%ba%8b&FORM=IRPATC"
        }, 
        {
            "text": "为父母做一件事绘画", 
            "displayText": "为父母做一件事绘画", 
            "thumbnail": {
                "thumbnailUrl": "https://tse2.mm.bing.net/th?q=%e4%b8%ba%e7%88%b6%e6%af%8d%e5%81%9a%e4%b8%80%e4%bb%b6%e4%ba%8b%e7%bb%98%e7%94%bb&pid=Api&mkt=zh-CN&adlt=strict&t=1"
            }, 
            "searchLink": "https://api.cognitive.microsoft.com/api/v7/images/search?q=%e4%b8%ba%e7%88%b6%e6%af%8d%e5%81%9a%e4%b8%80%e4%bb%b6%e4%ba%8b%e7%bb%98%e7%94%bb", 
            "webSearchUrl": "https://www.bing.com/images/search?q=%e4%b8%ba%e7%88%b6%e6%af%8d%e5%81%9a%e4%b8%80%e4%bb%b6%e4%ba%8b%e7%bb%98%e7%94%bb&FORM=IRPATC"
        }, 
        {
            "text": "难忘的一件事的画", 
            "displayText": "难忘的一件事的画", 
            "thumbnail": {
                "thumbnailUrl": "https://tse3.mm.bing.net/th?q=%e9%9a%be%e5%bf%98%e7%9a%84%e4%b8%80%e4%bb%b6%e4%ba%8b%e7%9a%84%e7%94%bb&pid=Api&mkt=zh-CN&adlt=strict&t=1"
            }, 
            "searchLink": "https://api.cognitive.microsoft.com/api/v7/images/search?q=%e9%9a%be%e5%bf%98%e7%9a%84%e4%b8%80%e4%bb%b6%e4%ba%8b%e7%9a%84%e7%94%bb", 
            "webSearchUrl": "https://www.bing.com/images/search?q=%e9%9a%be%e5%bf%98%e7%9a%84%e4%b8%80%e4%bb%b6%e4%ba%8b%e7%9a%84%e7%94%bb&FORM=IRPATC"
        }, 
        {
            "text": "难忘的一件事水彩画", 
            "displayText": "难忘的一件事水彩画", 
            "thumbnail": {
                "thumbnailUrl": "https://tse2.mm.bing.net/th?q=%e9%9a%be%e5%bf%98%e7%9a%84%e4%b8%80%e4%bb%b6%e4%ba%8b%e6%b0%b4%e5%bd%a9%e7%94%bb&pid=Api&mkt=zh-CN&adlt=strict&t=1"
            }, 
            "searchLink": "https://api.cognitive.microsoft.com/api/v7/images/search?q=%e9%9a%be%e5%bf%98%e7%9a%84%e4%b8%80%e4%bb%b6%e4%ba%8b%e6%b0%b4%e5%bd%a9%e7%94%bb", 
            "webSearchUrl": "https://www.bing.com/images/search?q=%e9%9a%be%e5%bf%98%e7%9a%84%e4%b8%80%e4%bb%b6%e4%ba%8b%e6%b0%b4%e5%bd%a9%e7%94%bb&FORM=IRPATC"
        }, 
        {
            "text": "美术难忘的一件事画", 
            "displayText": "美术难忘的一件事画", 
            "thumbnail": {
                "thumbnailUrl": "https://tse2.mm.bing.net/th?q=%e7%be%8e%e6%9c%af%e9%9a%be%e5%bf%98%e7%9a%84%e4%b8%80%e4%bb%b6%e4%ba%8b%e7%94%bb&pid=Api&mkt=zh-CN&adlt=strict&t=1"
            }, 
            "searchLink": "https://api.cognitive.microsoft.com/api/v7/images/search?q=%e7%be%8e%e6%9c%af%e9%9a%be%e5%bf%98%e7%9a%84%e4%b8%80%e4%bb%b6%e4%ba%8b%e7%94%bb", 
            "webSearchUrl": "https://www.bing.com/images/search?q=%e7%be%8e%e6%9c%af%e9%9a%be%e5%bf%98%e7%9a%84%e4%b8%80%e4%bb%b6%e4%ba%8b%e7%94%bb&FORM=IRPATC"
        }
    ]
}