{
    "instrumentation": {
        "_type": "ResponseInstrumentation"
    }, 
    "_type": "Images", 
    "webSearchUrl": "https://www.bing.com/images/search?q=site:(thepaper.cn or chinadaily.com.cn or china.com.cn or chinanews.com or youth.cn or sina.com.cn or xinhuanet.com or cri.cn or 163.com or cankaoxiaoxi.com or cctv.com or ifeng.com or qq.com or takungpao.com or people.com.cn or southcn.com or southcn.com or cnr.cn or people.com.cn or cyol.com or bjnews.com.cn or gmw.cn or dahe.cn or xfrb.com.cn or cqnews.net or lifeweek.com.cn or cpd.com.cn or haiwainet.cn or yidianzixun.com or ftchinese.com or guancha.cn or zhcw.com or huanqiu.com or ihuawen.com or nytimes.com or flickr.com or quanjing.com or vcg.com or gettyimages.co.uk or paixin.com) 杰克 说 需要 钱 工作&FORM=OIIARP", 
    "value": [
        {
            "contentUrl": "http://sinastorage.com/storage.caitou.sina.com.cn/products/201710/562686db614e20ac3cfae560a3df877c.jpeg", 
            "insightsMetadata": {
                "pagesIncludingCount": 36, 
                "availableSizesCount": 25
            }, 
            "height": 329, 
            "accentColor": "913A3A", 
            "hostPageDisplayUrl": "cj.sina.com.cn/article/detail/5617133798/427771", 
            "name": "“北大还行撒贝宁”火了！网友：肯定是马云改变了他__财经头条", 
            "width": 501, 
            "imageInsightsToken": "ccid_ZPQgwEFo*mid_071D2428A7A7A95B0ACC07B33B85C4227A5EBFDF*simid_608038286866776791*thid_OIP.ZPQgwEFojq2nySrzxzOaMQHaE3", 
            "imageId": "071D2428A7A7A95B0ACC07B33B85C4227A5EBFDF", 
            "isFamilyFriendly": true, 
            "datePublished": "2018-08-12T02:56:00.0000000Z", 
            "encodingFormat": "jpeg", 
            "webSearchUrl": "https://www.bing.com/images/search?view=detailv2&FORM=OIIRPO&q=site%3a(thepaper.cn+or+chinadaily.com.cn+or+china.com.cn+or+chinanews.com+or+youth.cn+or+sina.com.cn+or+xinhuanet.com+or+cri.cn+or+163.com+or+cankaoxiaoxi.com+or+cctv.com+or+ifeng.com+or+qq.com+or+takungpao.com+or+people.com.cn+or+southcn.com+or+southcn.com+or+cnr.cn+or+people.com.cn+or+cyol.com+or+bjnews.com.cn+or+gmw.cn+or+dahe.cn+or+xfrb.com.cn+or+cqnews.net+or+lifeweek.com.cn+or+cpd.com.cn+or+haiwainet.cn+or+yidianzixun.com+or+ftchinese.com+or+guancha.cn+or+zhcw.com+or+huanqiu.com+or+ihuawen.com+or+nytimes.com+or+flickr.com+or+quanjing.com+or+vcg.com+or+gettyimages.co.uk+or+paixin.com)+%e6%9d%b0%e5%85%8b+%e8%af%b4+%e9%9c%80%e8%a6%81+%e9%92%b1+%e5%b7%a5%e4%bd%9c&id=071D2428A7A7A95B0ACC07B33B85C4227A5EBFDF&simid=608038286866776791", 
            "hostPageUrl": "http://cj.sina.com.cn/article/detail/5617133798/427771", 
            "thumbnailUrl": "https://tse2.mm.bing.net/th?id=OIP.ZPQgwEFojq2nySrzxzOaMQHaE3&pid=Api", 
            "thumbnail": {
                "width": 474, 
                "height": 311
            }, 
            "contentSize": "20417 B"
        }, 
        {
            "contentUrl": "http://img6.cache.netease.com/ent/2015/10/1/20151001074312a06b8.jpg", 
            "insightsMetadata": {
                "pagesIncludingCount": 1, 
                "availableSizesCount": 1
            }, 
            "height": 333, 
            "accentColor": "505A66", 
            "hostPageDisplayUrl": "ent.163.com/15/1001/07/B4QUK7A6000300B1.html", 
            "name": "休·杰克曼将告别\"金刚狼 称将做跳舞节目_网易娱乐", 
            "width": 500, 
            "imageInsightsToken": "ccid_jF0Cr0bf*mid_0104AC7B91F1D66A6DC95F9998039362FE8DF939*simid_608041946174655904*thid_OIP.jF0Cr0bfrPvjjjQrBW1VSgHaE7", 
            "imageId": "0104AC7B91F1D66A6DC95F9998039362FE8DF939", 
            "isFamilyFriendly": true, 
            "datePublished": "2019-02-19T13:28:00.0000000Z", 
            "encodingFormat": "jpeg", 
            "webSearchUrl": "https://www.bing.com/images/search?view=detailv2&FORM=OIIRPO&q=site%3a(thepaper.cn+or+chinadaily.com.cn+or+china.com.cn+or+chinanews.com+or+youth.cn+or+sina.com.cn+or+xinhuanet.com+or+cri.cn+or+163.com+or+cankaoxiaoxi.com+or+cctv.com+or+ifeng.com+or+qq.com+or+takungpao.com+or+people.com.cn+or+southcn.com+or+southcn.com+or+cnr.cn+or+people.com.cn+or+cyol.com+or+bjnews.com.cn+or+gmw.cn+or+dahe.cn+or+xfrb.com.cn+or+cqnews.net+or+lifeweek.com.cn+or+cpd.com.cn+or+haiwainet.cn+or+yidianzixun.com+or+ftchinese.com+or+guancha.cn+or+zhcw.com+or+huanqiu.com+or+ihuawen.com+or+nytimes.com+or+flickr.com+or+quanjing.com+or+vcg.com+or+gettyimages.co.uk+or+paixin.com)+%e6%9d%b0%e5%85%8b+%e8%af%b4+%e9%9c%80%e8%a6%81+%e9%92%b1+%e5%b7%a5%e4%bd%9c&id=0104AC7B91F1D66A6DC95F9998039362FE8DF939&simid=608041946174655904", 
            "hostPageUrl": "http://ent.163.com/15/1001/07/B4QUK7A6000300B1.html", 
            "thumbnailUrl": "https://tse4.mm.bing.net/th?id=OIP.jF0Cr0bfrPvjjjQrBW1VSgHaE7&pid=Api", 
            "thumbnail": {
                "width": 474, 
                "height": 315
            }, 
            "contentSize": "29904 B"
        }, 
        {
            "contentUrl": "http://finance.haiwainet.cn/NMediaFile/2014/0430/LOCAL201404300918000261515450763.jpg", 
            "insightsMetadata": {
                "pagesIncludingCount": 1, 
                "availableSizesCount": 1
            }, 
            "height": 333, 
            "accentColor": "10457F", 
            "hostPageDisplayUrl": "finance.haiwainet.cn/n/2014/0430/c354154-20587432-9.html", 
            "name": "一组图揭开大佬们第一份工作 李嘉诚曾是钟表店学徒【9】--财经 ...", 
            "width": 500, 
            "imageInsightsToken": "ccid_qBL4qzZ/*mid_A51DE1BFE6DD737A725A1E92A8A6C82CF3F7A85F*simid_608019032505647654*thid_OIP.qBL4qzZ!_t9XYtWOUV8gH2AHaE7", 
            "imageId": "A51DE1BFE6DD737A725A1E92A8A6C82CF3F7A85F", 
            "isFamilyFriendly": true, 
            "datePublished": "2014-05-14T18:44:00.0000000Z", 
            "encodingFormat": "jpeg", 
            "webSearchUrl": "https://www.bing.com/images/search?view=detailv2&FORM=OIIRPO&q=site%3a(thepaper.cn+or+chinadaily.com.cn+or+china.com.cn+or+chinanews.com+or+youth.cn+or+sina.com.cn+or+xinhuanet.com+or+cri.cn+or+163.com+or+cankaoxiaoxi.com+or+cctv.com+or+ifeng.com+or+qq.com+or+takungpao.com+or+people.com.cn+or+southcn.com+or+southcn.com+or+cnr.cn+or+people.com.cn+or+cyol.com+or+bjnews.com.cn+or+gmw.cn+or+dahe.cn+or+xfrb.com.cn+or+cqnews.net+or+lifeweek.com.cn+or+cpd.com.cn+or+haiwainet.cn+or+yidianzixun.com+or+ftchinese.com+or+guancha.cn+or+zhcw.com+or+huanqiu.com+or+ihuawen.com+or+nytimes.com+or+flickr.com+or+quanjing.com+or+vcg.com+or+gettyimages.co.uk+or+paixin.com)+%e6%9d%b0%e5%85%8b+%e8%af%b4+%e9%9c%80%e8%a6%81+%e9%92%b1+%e5%b7%a5%e4%bd%9c&id=A51DE1BFE6DD737A725A1E92A8A6C82CF3F7A85F&simid=608019032505647654", 
            "hostPageUrl": "http://finance.haiwainet.cn/n/2014/0430/c354154-20587432-9.html", 
            "thumbnailUrl": "https://tse2.mm.bing.net/th?id=OIP.qBL4qzZ_t9XYtWOUV8gH2AHaE7&pid=Api", 
            "thumbnail": {
                "width": 474, 
                "height": 315
            }, 
            "contentSize": "36526 B"
        }, 
        {
            "contentUrl": "http://p1.ifengimg.com/fck/2017_40/ecb311e1598cd48_w640_h362.jpg", 
            "insightsMetadata": {
                "pagesIncludingCount": 22, 
                "availableSizesCount": 7
            }, 
            "height": 362, 
            "accentColor": "29181B", 
            "hostPageDisplayUrl": "news.ifeng.com/a/20171005/52350692_0.shtml", 
            "name": "“北大还行撒贝宁”火了！网友：是马云改变了他_凤凰资讯", 
            "width": 640, 
            "imageInsightsToken": "ccid_kP8nVnTS*mid_E03819D6EA1157788A0468998E01851D6D8327DE*simid_608029658239664451*thid_OIP.kP8nVnTSLktWyFMw!_HMTqgHaEM", 
            "imageId": "E03819D6EA1157788A0468998E01851D6D8327DE", 
            "isFamilyFriendly": true, 
            "datePublished": "2017-10-06T16:53:00.0000000Z", 
            "encodingFormat": "jpeg", 
            "webSearchUrl": "https://www.bing.com/images/search?view=detailv2&FORM=OIIRPO&q=site%3a(thepaper.cn+or+chinadaily.com.cn+or+china.com.cn+or+chinanews.com+or+youth.cn+or+sina.com.cn+or+xinhuanet.com+or+cri.cn+or+163.com+or+cankaoxiaoxi.com+or+cctv.com+or+ifeng.com+or+qq.com+or+takungpao.com+or+people.com.cn+or+southcn.com+or+southcn.com+or+cnr.cn+or+people.com.cn+or+cyol.com+or+bjnews.com.cn+or+gmw.cn+or+dahe.cn+or+xfrb.com.cn+or+cqnews.net+or+lifeweek.com.cn+or+cpd.com.cn+or+haiwainet.cn+or+yidianzixun.com+or+ftchinese.com+or+guancha.cn+or+zhcw.com+or+huanqiu.com+or+ihuawen.com+or+nytimes.com+or+flickr.com+or+quanjing.com+or+vcg.com+or+gettyimages.co.uk+or+paixin.com)+%e6%9d%b0%e5%85%8b+%e8%af%b4+%e9%9c%80%e8%a6%81+%e9%92%b1+%e5%b7%a5%e4%bd%9c&id=E03819D6EA1157788A0468998E01851D6D8327DE&simid=608029658239664451", 
            "hostPageUrl": "http://news.ifeng.com/a/20171005/52350692_0.shtml", 
            "thumbnailUrl": "https://tse1.mm.bing.net/th?id=OIP.kP8nVnTSLktWyFMw_HMTqgHaEM&pid=Api", 
            "thumbnail": {
                "width": 474, 
                "height": 268
            }, 
            "contentSize": "19445 B"
        }, 
        {
            "contentUrl": "http://img.cyol.com/img/news/attachement/jpg/site2/20171005/IMG94659c2710b445716657945.jpg", 
            "insightsMetadata": {
                "pagesIncludingCount": 1, 
                "availableSizesCount": 1
            }, 
            "height": 335, 
            "accentColor": "1BB046", 
            "hostPageDisplayUrl": "news.cyol.com/content/2017-10/05/content_16555119.htm", 
            "name": "“北大还行撒贝宁”火了！网友：肯定是马云改变了他…-中青在线", 
            "width": 599, 
            "imageInsightsToken": "ccid_K54UvsCU*mid_C2D78F0F5912590FCBCDA16BCCB090A3562B8727*simid_608028150708899276*thid_OIP.K54UvsCUp2fsiWsv3RlIsQHaEJ", 
            "imageId": "C2D78F0F5912590FCBCDA16BCCB090A3562B8727", 
            "isFamilyFriendly": true, 
            "datePublished": "2018-07-07T19:02:00.0000000Z", 
            "encodingFormat": "jpeg", 
            "webSearchUrl": "https://www.bing.com/images/search?view=detailv2&FORM=OIIRPO&q=site%3a(thepaper.cn+or+chinadaily.com.cn+or+china.com.cn+or+chinanews.com+or+youth.cn+or+sina.com.cn+or+xinhuanet.com+or+cri.cn+or+163.com+or+cankaoxiaoxi.com+or+cctv.com+or+ifeng.com+or+qq.com+or+takungpao.com+or+people.com.cn+or+southcn.com+or+southcn.com+or+cnr.cn+or+people.com.cn+or+cyol.com+or+bjnews.com.cn+or+gmw.cn+or+dahe.cn+or+xfrb.com.cn+or+cqnews.net+or+lifeweek.com.cn+or+cpd.com.cn+or+haiwainet.cn+or+yidianzixun.com+or+ftchinese.com+or+guancha.cn+or+zhcw.com+or+huanqiu.com+or+ihuawen.com+or+nytimes.com+or+flickr.com+or+quanjing.com+or+vcg.com+or+gettyimages.co.uk+or+paixin.com)+%e6%9d%b0%e5%85%8b+%e8%af%b4+%e9%9c%80%e8%a6%81+%e9%92%b1+%e5%b7%a5%e4%bd%9c&id=C2D78F0F5912590FCBCDA16BCCB090A3562B8727&simid=608028150708899276", 
            "hostPageUrl": "http://news.cyol.com/content/2017-10/05/content_16555119.htm", 
            "thumbnailUrl": "https://tse3.mm.bing.net/th?id=OIP.K54UvsCUp2fsiWsv3RlIsQHaEJ&pid=Api", 
            "thumbnail": {
                "width": 474, 
                "height": 265
            }, 
            "contentSize": "24280 B"
        }, 
        {
            "contentUrl": "http://p1.ifengimg.com/fck/2017_40/8dc7e25ce6b505a_w499_h281.jpg", 
            "insightsMetadata": {
                "pagesIncludingCount": 10, 
                "availableSizesCount": 2
            }, 
            "height": 281, 
            "accentColor": "0FBC36", 
            "hostPageDisplayUrl": "news.ifeng.com/a/20171005/52350692_0.shtml", 
            "name": "“北大还行撒贝宁”火了！网友：是马云改变了他_凤凰资讯", 
            "width": 499, 
            "imageInsightsToken": "ccid_XMKvHsh7*mid_E03819D6EA1157788A0441D264CA88B366999E67*simid_608052778052093096*thid_OIP.XMKvHsh7qc4evcXLiXKrdwFNC7", 
            "imageId": "E03819D6EA1157788A0441D264CA88B366999E67", 
            "isFamilyFriendly": true, 
            "datePublished": "2017-10-06T16:53:00.0000000Z", 
            "encodingFormat": "jpeg", 
            "webSearchUrl": "https://www.bing.com/images/search?view=detailv2&FORM=OIIRPO&q=site%3a(thepaper.cn+or+chinadaily.com.cn+or+china.com.cn+or+chinanews.com+or+youth.cn+or+sina.com.cn+or+xinhuanet.com+or+cri.cn+or+163.com+or+cankaoxiaoxi.com+or+cctv.com+or+ifeng.com+or+qq.com+or+takungpao.com+or+people.com.cn+or+southcn.com+or+southcn.com+or+cnr.cn+or+people.com.cn+or+cyol.com+or+bjnews.com.cn+or+gmw.cn+or+dahe.cn+or+xfrb.com.cn+or+cqnews.net+or+lifeweek.com.cn+or+cpd.com.cn+or+haiwainet.cn+or+yidianzixun.com+or+ftchinese.com+or+guancha.cn+or+zhcw.com+or+huanqiu.com+or+ihuawen.com+or+nytimes.com+or+flickr.com+or+quanjing.com+or+vcg.com+or+gettyimages.co.uk+or+paixin.com)+%e6%9d%b0%e5%85%8b+%e8%af%b4+%e9%9c%80%e8%a6%81+%e9%92%b1+%e5%b7%a5%e4%bd%9c&id=E03819D6EA1157788A0441D264CA88B366999E67&simid=608052778052093096", 
            "hostPageUrl": "http://news.ifeng.com/a/20171005/52350692_0.shtml", 
            "thumbnailUrl": "https://tse2.mm.bing.net/th?id=OIP.XMKvHsh7qc4evcXLiXKrdwFNC7&pid=Api", 
            "thumbnail": {
                "width": 474, 
                "height": 266
            }, 
            "contentSize": "20660 B"
        }, 
        {
            "contentUrl": "http://n.sinaimg.cn/translate/w482h482/20180117/qnpo-fyqrewi8822455.jpg", 
            "insightsMetadata": {
                "pagesIncludingCount": 1, 
                "availableSizesCount": 1
            }, 
            "height": 482, 
            "accentColor": "0557C6", 
            "hostPageDisplayUrl": "eladies.sina.com.cn/wzx/star/2018-01-18/0731/doc...", 
            "name": "被应采儿吐槽选男人零智商的秦岚，审美也是低！|秦岚|应采儿 ...", 
            "width": 482, 
            "imageInsightsToken": "ccid_ub7laW4Y*mid_165A779E39023A15053FC65755672C1C55B36202*simid_608054835349229063*thid_OIP.ub7laW4Y6lDY9v9JAegXQQHaHa", 
            "imageId": "165A779E39023A15053FC65755672C1C55B36202", 
            "isFamilyFriendly": true, 
            "datePublished": "2018-08-18T14:08:00.0000000Z", 
            "encodingFormat": "jpeg", 
            "webSearchUrl": "https://www.bing.com/images/search?view=detailv2&FORM=OIIRPO&q=site%3a(thepaper.cn+or+chinadaily.com.cn+or+china.com.cn+or+chinanews.com+or+youth.cn+or+sina.com.cn+or+xinhuanet.com+or+cri.cn+or+163.com+or+cankaoxiaoxi.com+or+cctv.com+or+ifeng.com+or+qq.com+or+takungpao.com+or+people.com.cn+or+southcn.com+or+southcn.com+or+cnr.cn+or+people.com.cn+or+cyol.com+or+bjnews.com.cn+or+gmw.cn+or+dahe.cn+or+xfrb.com.cn+or+cqnews.net+or+lifeweek.com.cn+or+cpd.com.cn+or+haiwainet.cn+or+yidianzixun.com+or+ftchinese.com+or+guancha.cn+or+zhcw.com+or+huanqiu.com+or+ihuawen.com+or+nytimes.com+or+flickr.com+or+quanjing.com+or+vcg.com+or+gettyimages.co.uk+or+paixin.com)+%e6%9d%b0%e5%85%8b+%e8%af%b4+%e9%9c%80%e8%a6%81+%e9%92%b1+%e5%b7%a5%e4%bd%9c&id=165A779E39023A15053FC65755672C1C55B36202&simid=608054835349229063", 
            "hostPageUrl": "http://eladies.sina.com.cn/wzx/star/2018-01-18/0731/doc-ifyqtycw8567376.shtml", 
            "thumbnailUrl": "https://tse4.mm.bing.net/th?id=OIP.ub7laW4Y6lDY9v9JAegXQQHaHa&pid=Api", 
            "thumbnail": {
                "width": 474, 
                "height": 474
            }, 
            "contentSize": "38227 B"
        }, 
        {
            "contentUrl": "http://n.sinaimg.cn/translate/w486h240/20180117/z6Qo-fyqrewi8822402.gif", 
            "insightsMetadata": {
                "pagesIncludingCount": 1, 
                "availableSizesCount": 1
            }, 
            "height": 240, 
            "proxyContentUrl": "https://tse3.mm.bing.net/th?id=OGC.17f000ff166d471938c11595292af32c&pid=Api&rurl=http%3a%2f%2fn.sinaimg.cn%2ftranslate%2fw486h240%2f20180117%2fz6Qo-fyqrewi8822402.gif&ehk=C1oR0axO1W6Y30LSmH3ArQ", 
            "hostPageDisplayUrl": "eladies.sina.com.cn/wzx/star/2018-01-18/0731/doc...", 
            "name": "被应采儿吐槽选男人零智商的秦岚，审美也是低！|秦岚|应采儿 ...", 
            "width": 486, 
            "imageInsightsToken": "ccid_F/AA/xZt*mid_165A779E39023A15053F75BD43845DD3CC82D4DD*simid_608000770318143452*thid_OIP.F!_AA!_xZtRxk4wRWVKSrzLAHaDq", 
            "imageId": "165A779E39023A15053F75BD43845DD3CC82D4DD", 
            "isFamilyFriendly": true, 
            "datePublished": "2018-08-18T14:08:00.0000000Z", 
            "encodingFormat": "animatedgif", 
            "webSearchUrl": "https://www.bing.com/images/search?view=detailv2&FORM=OIIRPO&q=site%3a(thepaper.cn+or+chinadaily.com.cn+or+china.com.cn+or+chinanews.com+or+youth.cn+or+sina.com.cn+or+xinhuanet.com+or+cri.cn+or+163.com+or+cankaoxiaoxi.com+or+cctv.com+or+ifeng.com+or+qq.com+or+takungpao.com+or+people.com.cn+or+southcn.com+or+southcn.com+or+cnr.cn+or+people.com.cn+or+cyol.com+or+bjnews.com.cn+or+gmw.cn+or+dahe.cn+or+xfrb.com.cn+or+cqnews.net+or+lifeweek.com.cn+or+cpd.com.cn+or+haiwainet.cn+or+yidianzixun.com+or+ftchinese.com+or+guancha.cn+or+zhcw.com+or+huanqiu.com+or+ihuawen.com+or+nytimes.com+or+flickr.com+or+quanjing.com+or+vcg.com+or+gettyimages.co.uk+or+paixin.com)+%e6%9d%b0%e5%85%8b+%e8%af%b4+%e9%9c%80%e8%a6%81+%e9%92%b1+%e5%b7%a5%e4%bd%9c&id=165A779E39023A15053F75BD43845DD3CC82D4DD&simid=608000770318143452", 
            "hostPageUrl": "http://eladies.sina.com.cn/wzx/star/2018-01-18/0731/doc-ifyqtycw8567376.shtml", 
            "accentColor": "1A152E", 
            "thumbnailUrl": "https://tse1.mm.bing.net/th?id=OIP.F_AA_xZtRxk4wRWVKSrzLAHaDq&pid=Api", 
            "thumbnail": {
                "width": 474, 
                "height": 234
            }, 
            "contentSize": "932787 B"
        }, 
        {
            "contentUrl": "http://img1.cache.netease.com/catchpic/D/DF/DF92D100BBC9F0A6B7F69231D452B2EB.jpg", 
            "insightsMetadata": {
                "pagesIncludingCount": 2, 
                "availableSizesCount": 1
            }, 
            "height": 550, 
            "accentColor": "087BC0", 
            "hostPageDisplayUrl": "ent.163.com/14/0513/13/9S4LEMRI00032DGD.html?f=jsearch", 
            "name": "休·杰克曼宣传《X战警》 帮范冰冰搬椅子(组图)_网易娱乐", 
            "width": 367, 
            "imageInsightsToken": "ccid_Z+HWRh1c*mid_DBDB4DAD8CA4428A61FB59C540480E80E25F1BEE*simid_608012757629538252*thid_OIP.Z-HWRh1cWZKPrk5G5acWVwAAAA", 
            "imageId": "DBDB4DAD8CA4428A61FB59C540480E80E25F1BEE", 
            "isFamilyFriendly": true, 
            "datePublished": "2019-02-22T12:41:00.0000000Z", 
            "encodingFormat": "jpeg", 
            "webSearchUrl": "https://www.bing.com/images/search?view=detailv2&FORM=OIIRPO&q=site%3a(thepaper.cn+or+chinadaily.com.cn+or+china.com.cn+or+chinanews.com+or+youth.cn+or+sina.com.cn+or+xinhuanet.com+or+cri.cn+or+163.com+or+cankaoxiaoxi.com+or+cctv.com+or+ifeng.com+or+qq.com+or+takungpao.com+or+people.com.cn+or+southcn.com+or+southcn.com+or+cnr.cn+or+people.com.cn+or+cyol.com+or+bjnews.com.cn+or+gmw.cn+or+dahe.cn+or+xfrb.com.cn+or+cqnews.net+or+lifeweek.com.cn+or+cpd.com.cn+or+haiwainet.cn+or+yidianzixun.com+or+ftchinese.com+or+guancha.cn+or+zhcw.com+or+huanqiu.com+or+ihuawen.com+or+nytimes.com+or+flickr.com+or+quanjing.com+or+vcg.com+or+gettyimages.co.uk+or+paixin.com)+%e6%9d%b0%e5%85%8b+%e8%af%b4+%e9%9c%80%e8%a6%81+%e9%92%b1+%e5%b7%a5%e4%bd%9c&id=DBDB4DAD8CA4428A61FB59C540480E80E25F1BEE&simid=608012757629538252", 
            "hostPageUrl": "http://ent.163.com/14/0513/13/9S4LEMRI00032DGD.html?f=jsearch", 
            "thumbnailUrl": "https://tse1.mm.bing.net/th?id=OIP.Z-HWRh1cWZKPrk5G5acWVwAAAA&pid=Api", 
            "thumbnail": {
                "width": 367, 
                "height": 550
            }, 
            "contentSize": "29918 B"
        }, 
        {
            "contentUrl": "http://p3.ifengimg.com/a/2017_17/3dc0b7376f992a0_size153_w600_h1336.jpg", 
            "insightsMetadata": {
                "pagesIncludingCount": 8, 
                "availableSizesCount": 3
            }, 
            "height": 1336, 
            "accentColor": "9F4C2C", 
            "hostPageDisplayUrl": "news.ifeng.com/a/20170428/51023293_0.shtml", 
            "name": "[FUN来了]广东人的天敌出现了 福建人要泛滥了_凤凰资讯", 
            "width": 600, 
            "imageInsightsToken": "ccid_RbTMTOo9*mid_9545E679E0DE8C5415187A66098E7DF5ACA5F9F3*simid_608009351687834518*thid_OIP.RbTMTOo99jA!_b97JzZNklQHaQf", 
            "imageId": "9545E679E0DE8C5415187A66098E7DF5ACA5F9F3", 
            "isFamilyFriendly": true, 
            "datePublished": "2017-04-28T11:10:00.0000000Z", 
            "encodingFormat": "jpeg", 
            "webSearchUrl": "https://www.bing.com/images/search?view=detailv2&FORM=OIIRPO&q=site%3a(thepaper.cn+or+chinadaily.com.cn+or+china.com.cn+or+chinanews.com+or+youth.cn+or+sina.com.cn+or+xinhuanet.com+or+cri.cn+or+163.com+or+cankaoxiaoxi.com+or+cctv.com+or+ifeng.com+or+qq.com+or+takungpao.com+or+people.com.cn+or+southcn.com+or+southcn.com+or+cnr.cn+or+people.com.cn+or+cyol.com+or+bjnews.com.cn+or+gmw.cn+or+dahe.cn+or+xfrb.com.cn+or+cqnews.net+or+lifeweek.com.cn+or+cpd.com.cn+or+haiwainet.cn+or+yidianzixun.com+or+ftchinese.com+or+guancha.cn+or+zhcw.com+or+huanqiu.com+or+ihuawen.com+or+nytimes.com+or+flickr.com+or+quanjing.com+or+vcg.com+or+gettyimages.co.uk+or+paixin.com)+%e6%9d%b0%e5%85%8b+%e8%af%b4+%e9%9c%80%e8%a6%81+%e9%92%b1+%e5%b7%a5%e4%bd%9c&id=9545E679E0DE8C5415187A66098E7DF5ACA5F9F3&simid=608009351687834518", 
            "hostPageUrl": "http://news.ifeng.com/a/20170428/51023293_0.shtml", 
            "thumbnailUrl": "https://tse4.mm.bing.net/th?id=OIP.RbTMTOo99jA_b97JzZNklQHaQf&pid=Api", 
            "thumbnail": {
                "width": 474, 
                "height": 1055
            }, 
            "contentSize": "156705 B"
        }
    ], 
    "nextOffset": 10, 
    "queryContext": {
        "alterationMethod": "AM_JustChangeIt", 
        "alterationType": "CombinedAlterations", 
        "originalQuery": "site:(thepaper.cn or chinadaily.com.cn or china.com.cn or chinanews.com or youth.cn or sina.com.cn or xinhuanet.com or cri.cn or 163.com or cankaoxiaoxi.com or cctv.com or ifeng.com or qq.com or takungpao.com or people.com.cn or southcn.com or southcn.com or cnr.cn or people.com.cn or cyol.com or bjnews.com.cn or gmw.cn or dahe.cn or xfrb.com.cn or cqnews.net or lifeweek.com.cn or cpd.com.cn or haiwainet.cn or yidianzixun.com or ftchinese.com or guancha.cn or zhcw.com or huanqiu.com or ihuawen.com or nytimes.com or flickr.com or quanjing.com or vcg.com or gettyimages.co.uk or paixin.com) 杰克 说 需要 钱 工作", 
        "alterationOverrideQuery": "+site:(thepaper.cn or chinadaily.com.cn or china.com.cn or chinanews.com or youth.cn or sina.com.cn or xinhuanet.com or cri.cn or 163.com or cankaoxiaoxi.com or cctv.com or ifeng.com or qq.com or takungpao.com or people.com.cn or southcn.com or southcn.com or cnr.cn or people.com.cn or cyol.com or bjnews.com.cn or gmw.cn or dahe.cn or xfrb.com.cn or cqnews.net or lifeweek.com.cn or cpd.com.cn or haiwainet.cn or yidianzixun.com or ftchinese.com or guancha.cn or zhcw.com or huanqiu.com or ihuawen.com or nytimes.com or flickr.com or quanjing.com or vcg.com or gettyimages.co.uk or paixin.com) 杰克 说 需要 钱 工作", 
        "alterationDisplayQuery": "杰克 说 要 钱 工作"
    }, 
    "currentOffset": 0, 
    "readLink": "images/search?q=site:(thepaper.cn or chinadaily.com.cn or china.com.cn or chinanews.com or youth.cn or sina.com.cn or xinhuanet.com or cri.cn or 163.com or cankaoxiaoxi.com or cctv.com or ifeng.com or qq.com or takungpao.com or people.com.cn or southcn.com or southcn.com or cnr.cn or people.com.cn or cyol.com or bjnews.com.cn or gmw.cn or dahe.cn or xfrb.com.cn or cqnews.net or lifeweek.com.cn or cpd.com.cn or haiwainet.cn or yidianzixun.com or ftchinese.com or guancha.cn or zhcw.com or huanqiu.com or ihuawen.com or nytimes.com or flickr.com or quanjing.com or vcg.com or gettyimages.co.uk or paixin.com) 杰克 说 需要 钱 工作", 
    "totalEstimatedMatches": 100
}