{
    "instrumentation": {
        "_type": "ResponseInstrumentation"
    }, 
    "_type": "Images", 
    "webSearchUrl": "https://www.bing.com/images/search?q=site:(thepaper.cn or chinadaily.com.cn or china.com.cn or chinanews.com or youth.cn or sina.com.cn or xinhuanet.com or cri.cn or 163.com or cankaoxiaoxi.com or cctv.com or ifeng.com or qq.com or takungpao.com or people.com.cn or southcn.com or southcn.com or cnr.cn or people.com.cn or cyol.com or bjnews.com.cn or gmw.cn or dahe.cn or xfrb.com.cn or cqnews.net or lifeweek.com.cn or cpd.com.cn or haiwainet.cn or yidianzixun.com or ftchinese.com or guancha.cn or zhcw.com or huanqiu.com or ihuawen.com or nytimes.com or flickr.com or quanjing.com or vcg.com or gettyimages.co.uk or paixin.com) 罗斯 国外 呆 7 月 纽约&FORM=OIIARP", 
    "value": [
        {
            "contentUrl": "http://y2.ifengimg.com/ba823efb4496b7e7/2012/0426/rdn_4f995eea75d57.jpg", 
            "insightsMetadata": {
                "pagesIncludingCount": 30, 
                "availableSizesCount": 18
            }, 
            "height": 737, 
            "accentColor": "666666", 
            "hostPageDisplayUrl": "news.ifeng.com/photo/bigpicture/detail_2012_04/26...", 
            "name": "首度公开的纽约老照片 部分拍摄于大萧条时期_资讯频道_凤凰网", 
            "width": 964, 
            "imageInsightsToken": "ccid_C+PSiCLG*mid_30C34B2503BD5F7C046F7E6E4C336ADB346DEDAE*simid_608052859657521915*thid_OIP.C-PSiCLGtSnmA70UjIitOgHaFq", 
            "imageId": "30C34B2503BD5F7C046F7E6E4C336ADB346DEDAE", 
            "isFamilyFriendly": true, 
            "datePublished": "2012-04-26T12:00:00.0000000Z", 
            "encodingFormat": "jpeg", 
            "webSearchUrl": "https://www.bing.com/images/search?view=detailv2&FORM=OIIRPO&q=site%3a(thepaper.cn+or+chinadaily.com.cn+or+china.com.cn+or+chinanews.com+or+youth.cn+or+sina.com.cn+or+xinhuanet.com+or+cri.cn+or+163.com+or+cankaoxiaoxi.com+or+cctv.com+or+ifeng.com+or+qq.com+or+takungpao.com+or+people.com.cn+or+southcn.com+or+southcn.com+or+cnr.cn+or+people.com.cn+or+cyol.com+or+bjnews.com.cn+or+gmw.cn+or+dahe.cn+or+xfrb.com.cn+or+cqnews.net+or+lifeweek.com.cn+or+cpd.com.cn+or+haiwainet.cn+or+yidianzixun.com+or+ftchinese.com+or+guancha.cn+or+zhcw.com+or+huanqiu.com+or+ihuawen.com+or+nytimes.com+or+flickr.com+or+quanjing.com+or+vcg.com+or+gettyimages.co.uk+or+paixin.com)+%e7%bd%97%e6%96%af+%e5%9b%bd%e5%a4%96+%e5%91%86+7+%e6%9c%88+%e7%ba%bd%e7%ba%a6&id=30C34B2503BD5F7C046F7E6E4C336ADB346DEDAE&simid=608052859657521915", 
            "hostPageUrl": "http://news.ifeng.com/photo/bigpicture/detail_2012_04/26/14178398_8.shtml", 
            "thumbnailUrl": "https://tse4.mm.bing.net/th?id=OIP.C-PSiCLGtSnmA70UjIitOgHaFq&pid=Api", 
            "thumbnail": {
                "width": 474, 
                "height": 362
            }, 
            "contentSize": "212482 B"
        }, 
        {
            "contentUrl": "http://img2.cache.netease.com/ent/2012/4/16/20120416075323f1365.jpg", 
            "insightsMetadata": {
                "pagesIncludingCount": 5, 
                "availableSizesCount": 3
            }, 
            "height": 326, 
            "accentColor": "712920", 
            "hostPageDisplayUrl": "ent.163.com/12/0416/07/7V6R9K7100031H0O.html", 
            "name": "第27届摇滚名人堂颁奖礼举行 枪炮玫瑰主唱缺席_网易娱乐", 
            "width": 550, 
            "imageInsightsToken": "ccid_+ykYoQzG*mid_58E7A9B15B7433D497D50CED03A384C5327F3C9D*simid_608032175121631633*thid_OIP.-ykYoQzGuwXupEKrcEqQWgHaEY", 
            "imageId": "58E7A9B15B7433D497D50CED03A384C5327F3C9D", 
            "isFamilyFriendly": true, 
            "datePublished": "2012-04-15T23:59:00.0000000Z", 
            "encodingFormat": "jpeg", 
            "webSearchUrl": "https://www.bing.com/images/search?view=detailv2&FORM=OIIRPO&q=site%3a(thepaper.cn+or+chinadaily.com.cn+or+china.com.cn+or+chinanews.com+or+youth.cn+or+sina.com.cn+or+xinhuanet.com+or+cri.cn+or+163.com+or+cankaoxiaoxi.com+or+cctv.com+or+ifeng.com+or+qq.com+or+takungpao.com+or+people.com.cn+or+southcn.com+or+southcn.com+or+cnr.cn+or+people.com.cn+or+cyol.com+or+bjnews.com.cn+or+gmw.cn+or+dahe.cn+or+xfrb.com.cn+or+cqnews.net+or+lifeweek.com.cn+or+cpd.com.cn+or+haiwainet.cn+or+yidianzixun.com+or+ftchinese.com+or+guancha.cn+or+zhcw.com+or+huanqiu.com+or+ihuawen.com+or+nytimes.com+or+flickr.com+or+quanjing.com+or+vcg.com+or+gettyimages.co.uk+or+paixin.com)+%e7%bd%97%e6%96%af+%e5%9b%bd%e5%a4%96+%e5%91%86+7+%e6%9c%88+%e7%ba%bd%e7%ba%a6&id=58E7A9B15B7433D497D50CED03A384C5327F3C9D&simid=608032175121631633", 
            "hostPageUrl": "http://ent.163.com/12/0416/07/7V6R9K7100031H0O.html", 
            "thumbnailUrl": "https://tse2.mm.bing.net/th?id=OIP.-ykYoQzGuwXupEKrcEqQWgHaEY&pid=Api", 
            "thumbnail": {
                "width": 474, 
                "height": 280
            }, 
            "contentSize": "39511 B"
        }, 
        {
            "contentUrl": "http://y2.ifengimg.com/393e030b23465ba7/2012/0416/rdn_4f8b69d2824bd.jpg", 
            "insightsMetadata": {
                "pagesIncludingCount": 5, 
                "availableSizesCount": 3
            }, 
            "height": 400, 
            "accentColor": "384660", 
            "hostPageDisplayUrl": "ent.ifeng.com/music/detail_2012_04/16/13912820_0.shtml", 
            "name": "第27届摇滚名人堂颁奖礼举行 枪炮玫瑰主唱缺席_娱乐频道_凤凰网", 
            "width": 599, 
            "imageInsightsToken": "ccid_E+0uy+Zy*mid_46325F1983FF847ED568071E04B8A27AA7F7C4E3*simid_607989865396438683*thid_OIP.E-0uy-Zya4xkzFSBZfcnAwHaE8", 
            "imageId": "46325F1983FF847ED568071E04B8A27AA7F7C4E3", 
            "isFamilyFriendly": true, 
            "datePublished": "2012-04-16T12:00:00.0000000Z", 
            "encodingFormat": "jpeg", 
            "webSearchUrl": "https://www.bing.com/images/search?view=detailv2&FORM=OIIRPO&q=site%3a(thepaper.cn+or+chinadaily.com.cn+or+china.com.cn+or+chinanews.com+or+youth.cn+or+sina.com.cn+or+xinhuanet.com+or+cri.cn+or+163.com+or+cankaoxiaoxi.com+or+cctv.com+or+ifeng.com+or+qq.com+or+takungpao.com+or+people.com.cn+or+southcn.com+or+southcn.com+or+cnr.cn+or+people.com.cn+or+cyol.com+or+bjnews.com.cn+or+gmw.cn+or+dahe.cn+or+xfrb.com.cn+or+cqnews.net+or+lifeweek.com.cn+or+cpd.com.cn+or+haiwainet.cn+or+yidianzixun.com+or+ftchinese.com+or+guancha.cn+or+zhcw.com+or+huanqiu.com+or+ihuawen.com+or+nytimes.com+or+flickr.com+or+quanjing.com+or+vcg.com+or+gettyimages.co.uk+or+paixin.com)+%e7%bd%97%e6%96%af+%e5%9b%bd%e5%a4%96+%e5%91%86+7+%e6%9c%88+%e7%ba%bd%e7%ba%a6&id=46325F1983FF847ED568071E04B8A27AA7F7C4E3&simid=607989865396438683", 
            "hostPageUrl": "http://ent.ifeng.com/music/detail_2012_04/16/13912820_0.shtml", 
            "thumbnailUrl": "https://tse1.mm.bing.net/th?id=OIP.E-0uy-Zya4xkzFSBZfcnAwHaE8&pid=Api", 
            "thumbnail": {
                "width": 474, 
                "height": 316
            }, 
            "contentSize": "41387 B"
        }, 
        {
            "contentUrl": "http://img9.ph.126.net/inG6sQmWJoz9WNt3qy5Lpw==/673006669332500069.jpg", 
            "insightsMetadata": {
                "pagesIncludingCount": 28, 
                "availableSizesCount": 17
            }, 
            "height": 603, 
            "accentColor": "446587", 
            "hostPageDisplayUrl": "upflyhighto.blog.163.com/blog/static...", 
            "name": "国外摄影大赛决赛作品 - 风语者的日志 - 网易博客", 
            "width": 900, 
            "imageInsightsToken": "ccid_ebw7G0cL*mid_D3E63D61B4D45D770BEE283DFB4B6B4CE5E2FE09*simid_608044402896473220*thid_OIP.ebw7G0cLaTWrCu-UO--bvQHaE9", 
            "imageId": "D3E63D61B4D45D770BEE283DFB4B6B4CE5E2FE09", 
            "isFamilyFriendly": true, 
            "datePublished": "2013-09-27T06:47:00.0000000Z", 
            "encodingFormat": "jpeg", 
            "webSearchUrl": "https://www.bing.com/images/search?view=detailv2&FORM=OIIRPO&q=site%3a(thepaper.cn+or+chinadaily.com.cn+or+china.com.cn+or+chinanews.com+or+youth.cn+or+sina.com.cn+or+xinhuanet.com+or+cri.cn+or+163.com+or+cankaoxiaoxi.com+or+cctv.com+or+ifeng.com+or+qq.com+or+takungpao.com+or+people.com.cn+or+southcn.com+or+southcn.com+or+cnr.cn+or+people.com.cn+or+cyol.com+or+bjnews.com.cn+or+gmw.cn+or+dahe.cn+or+xfrb.com.cn+or+cqnews.net+or+lifeweek.com.cn+or+cpd.com.cn+or+haiwainet.cn+or+yidianzixun.com+or+ftchinese.com+or+guancha.cn+or+zhcw.com+or+huanqiu.com+or+ihuawen.com+or+nytimes.com+or+flickr.com+or+quanjing.com+or+vcg.com+or+gettyimages.co.uk+or+paixin.com)+%e7%bd%97%e6%96%af+%e5%9b%bd%e5%a4%96+%e5%91%86+7+%e6%9c%88+%e7%ba%bd%e7%ba%a6&id=D3E63D61B4D45D770BEE283DFB4B6B4CE5E2FE09&simid=608044402896473220", 
            "hostPageUrl": "http://upflyhighto.blog.163.com/blog/static/140962038201221711235752", 
            "thumbnailUrl": "https://tse1.mm.bing.net/th?id=OIP.ebw7G0cLaTWrCu-UO--bvQHaE9&pid=Api", 
            "thumbnail": {
                "width": 474, 
                "height": 317
            }, 
            "contentSize": "67021 B"
        }, 
        {
            "contentUrl": "http://gb.cri.cn/mmsource/images/2010/07/06/00bb1b494c5d424cb266a6c7092afa40.jpg", 
            "insightsMetadata": {
                "pagesIncludingCount": 2, 
                "availableSizesCount": 2
            }, 
            "height": 309, 
            "accentColor": "765D4F", 
            "hostPageDisplayUrl": "gb.cri.cn/27824/2010/07/06/110s2910255_6.htm", 
            "name": "科莫罗夫斯基当选波兰总统 出身贫寒是贵族后裔（高清组图 ...", 
            "width": 400, 
            "imageInsightsToken": "ccid_CSvmV/SC*mid_79D8784772E56EDE6568B8235C75A502AF5BF88E*simid_607987975632651130*thid_OIP.CSvmV!_SCD9diVlXLTsMzfQAAAA", 
            "imageId": "79D8784772E56EDE6568B8235C75A502AF5BF88E", 
            "isFamilyFriendly": true, 
            "datePublished": "2014-05-11T18:03:00.0000000Z", 
            "encodingFormat": "jpeg", 
            "webSearchUrl": "https://www.bing.com/images/search?view=detailv2&FORM=OIIRPO&q=site%3a(thepaper.cn+or+chinadaily.com.cn+or+china.com.cn+or+chinanews.com+or+youth.cn+or+sina.com.cn+or+xinhuanet.com+or+cri.cn+or+163.com+or+cankaoxiaoxi.com+or+cctv.com+or+ifeng.com+or+qq.com+or+takungpao.com+or+people.com.cn+or+southcn.com+or+southcn.com+or+cnr.cn+or+people.com.cn+or+cyol.com+or+bjnews.com.cn+or+gmw.cn+or+dahe.cn+or+xfrb.com.cn+or+cqnews.net+or+lifeweek.com.cn+or+cpd.com.cn+or+haiwainet.cn+or+yidianzixun.com+or+ftchinese.com+or+guancha.cn+or+zhcw.com+or+huanqiu.com+or+ihuawen.com+or+nytimes.com+or+flickr.com+or+quanjing.com+or+vcg.com+or+gettyimages.co.uk+or+paixin.com)+%e7%bd%97%e6%96%af+%e5%9b%bd%e5%a4%96+%e5%91%86+7+%e6%9c%88+%e7%ba%bd%e7%ba%a6&id=79D8784772E56EDE6568B8235C75A502AF5BF88E&simid=607987975632651130", 
            "hostPageUrl": "http://gb.cri.cn/27824/2010/07/06/110s2910255_6.htm", 
            "thumbnailUrl": "https://tse2.mm.bing.net/th?id=OIP.CSvmV_SCD9diVlXLTsMzfQAAAA&pid=Api", 
            "thumbnail": {
                "width": 400, 
                "height": 309
            }, 
            "hostPageFavIconUrl": "https://www.bing.com/th?id=AR_43a8e6729fb4544de63cbf9540fe59af&pid=Api", 
            "contentSize": "21756 B"
        }, 
        {
            "contentUrl": "http://s10.sinaimg.cn/mw690/001K3Dbwzy72PNq7uYN39&690", 
            "insightsMetadata": {
                "pagesIncludingCount": 1, 
                "availableSizesCount": 1
            }, 
            "height": 517, 
            "accentColor": "63312E", 
            "hostPageDisplayUrl": "blog.sina.com.cn/lijiafeng911", 
            "name": "佳峰老师_新浪博客", 
            "width": 690, 
            "imageInsightsToken": "ccid_3lA21/2n*mid_FAB3228A0DFE51A220D5238538D0AFBBC7856D92*simid_608008063190502176*thid_OIP.3lA21!_2nYVn2e!_zg7h0zuQHaFj", 
            "imageId": "FAB3228A0DFE51A220D5238538D0AFBBC7856D92", 
            "isFamilyFriendly": true, 
            "datePublished": "2018-11-02T17:46:00.0000000Z", 
            "encodingFormat": "jpeg", 
            "webSearchUrl": "https://www.bing.com/images/search?view=detailv2&FORM=OIIRPO&q=site%3a(thepaper.cn+or+chinadaily.com.cn+or+china.com.cn+or+chinanews.com+or+youth.cn+or+sina.com.cn+or+xinhuanet.com+or+cri.cn+or+163.com+or+cankaoxiaoxi.com+or+cctv.com+or+ifeng.com+or+qq.com+or+takungpao.com+or+people.com.cn+or+southcn.com+or+southcn.com+or+cnr.cn+or+people.com.cn+or+cyol.com+or+bjnews.com.cn+or+gmw.cn+or+dahe.cn+or+xfrb.com.cn+or+cqnews.net+or+lifeweek.com.cn+or+cpd.com.cn+or+haiwainet.cn+or+yidianzixun.com+or+ftchinese.com+or+guancha.cn+or+zhcw.com+or+huanqiu.com+or+ihuawen.com+or+nytimes.com+or+flickr.com+or+quanjing.com+or+vcg.com+or+gettyimages.co.uk+or+paixin.com)+%e7%bd%97%e6%96%af+%e5%9b%bd%e5%a4%96+%e5%91%86+7+%e6%9c%88+%e7%ba%bd%e7%ba%a6&id=FAB3228A0DFE51A220D5238538D0AFBBC7856D92&simid=608008063190502176", 
            "hostPageUrl": "http://blog.sina.com.cn/lijiafeng911", 
            "thumbnailUrl": "https://tse1.mm.bing.net/th?id=OIP.3lA21_2nYVn2e_zg7h0zuQHaFj&pid=Api", 
            "thumbnail": {
                "width": 474, 
                "height": 355
            }, 
            "contentSize": "25097 B"
        }, 
        {
            "contentUrl": "http://gb.cri.cn/mmsource/images/2010/12/23/7aeb0f99c3bd4b4c84e2b993a47f4e66.jpg", 
            "insightsMetadata": {
                "pagesIncludingCount": 1, 
                "availableSizesCount": 1
            }, 
            "height": 630, 
            "accentColor": "374464", 
            "hostPageDisplayUrl": "gb.cri.cn/27824/2010/12/23/2225s3099167_2.htm", 
            "name": "大雪持续影响英国 交通逐步恢复正常(高清组图) - 新闻 - 国际在线", 
            "width": 800, 
            "imageInsightsToken": "ccid_dWh5r/Et*mid_D6FB7F92737989A960DCF0E16E10A9884E756921*simid_608003420299657740*thid_OIP.dWh5r!_Et68S8H-DLLaV54AHaF1", 
            "imageId": "D6FB7F92737989A960DCF0E16E10A9884E756921", 
            "isFamilyFriendly": true, 
            "datePublished": "2016-01-09T17:51:00.0000000Z", 
            "encodingFormat": "jpeg", 
            "webSearchUrl": "https://www.bing.com/images/search?view=detailv2&FORM=OIIRPO&q=site%3a(thepaper.cn+or+chinadaily.com.cn+or+china.com.cn+or+chinanews.com+or+youth.cn+or+sina.com.cn+or+xinhuanet.com+or+cri.cn+or+163.com+or+cankaoxiaoxi.com+or+cctv.com+or+ifeng.com+or+qq.com+or+takungpao.com+or+people.com.cn+or+southcn.com+or+southcn.com+or+cnr.cn+or+people.com.cn+or+cyol.com+or+bjnews.com.cn+or+gmw.cn+or+dahe.cn+or+xfrb.com.cn+or+cqnews.net+or+lifeweek.com.cn+or+cpd.com.cn+or+haiwainet.cn+or+yidianzixun.com+or+ftchinese.com+or+guancha.cn+or+zhcw.com+or+huanqiu.com+or+ihuawen.com+or+nytimes.com+or+flickr.com+or+quanjing.com+or+vcg.com+or+gettyimages.co.uk+or+paixin.com)+%e7%bd%97%e6%96%af+%e5%9b%bd%e5%a4%96+%e5%91%86+7+%e6%9c%88+%e7%ba%bd%e7%ba%a6&id=D6FB7F92737989A960DCF0E16E10A9884E756921&simid=608003420299657740", 
            "hostPageUrl": "http://gb.cri.cn/27824/2010/12/23/2225s3099167_2.htm", 
            "thumbnailUrl": "https://tse2.mm.bing.net/th?id=OIP.dWh5r_Et68S8H-DLLaV54AHaF1&pid=Api", 
            "thumbnail": {
                "width": 474, 
                "height": 373
            }, 
            "hostPageFavIconUrl": "https://www.bing.com/th?id=AR_43a8e6729fb4544de63cbf9540fe59af&pid=Api", 
            "contentSize": "116436 B"
        }, 
        {
            "contentUrl": "http://n.sinaimg.cn/ent/transform/20170406/lri7-fyecezv2354895.jpg", 
            "insightsMetadata": {
                "pagesIncludingCount": 18, 
                "availableSizesCount": 8
            }, 
            "height": 419, 
            "accentColor": "203B6C", 
            "hostPageDisplayUrl": "ent.sina.com.cn/s/u/2017-04-06/doc-ifyeceza1361505.shtml", 
            "name": "《老友记》罗斯面临婚姻危机 与十年爱妻暂时分开|罗斯|老友记 ...", 
            "width": 630, 
            "imageInsightsToken": "ccid_NfrQM/fH*mid_300655066E4CFC374E2EC7AC70D3637190A8FD7B*simid_608044235376560869*thid_OIP.NfrQM!_fHi3ZTVED1X83l8QHaE7", 
            "imageId": "300655066E4CFC374E2EC7AC70D3637190A8FD7B", 
            "isFamilyFriendly": true, 
            "datePublished": "2017-04-06T06:11:00.0000000Z", 
            "encodingFormat": "jpeg", 
            "webSearchUrl": "https://www.bing.com/images/search?view=detailv2&FORM=OIIRPO&q=site%3a(thepaper.cn+or+chinadaily.com.cn+or+china.com.cn+or+chinanews.com+or+youth.cn+or+sina.com.cn+or+xinhuanet.com+or+cri.cn+or+163.com+or+cankaoxiaoxi.com+or+cctv.com+or+ifeng.com+or+qq.com+or+takungpao.com+or+people.com.cn+or+southcn.com+or+southcn.com+or+cnr.cn+or+people.com.cn+or+cyol.com+or+bjnews.com.cn+or+gmw.cn+or+dahe.cn+or+xfrb.com.cn+or+cqnews.net+or+lifeweek.com.cn+or+cpd.com.cn+or+haiwainet.cn+or+yidianzixun.com+or+ftchinese.com+or+guancha.cn+or+zhcw.com+or+huanqiu.com+or+ihuawen.com+or+nytimes.com+or+flickr.com+or+quanjing.com+or+vcg.com+or+gettyimages.co.uk+or+paixin.com)+%e7%bd%97%e6%96%af+%e5%9b%bd%e5%a4%96+%e5%91%86+7+%e6%9c%88+%e7%ba%bd%e7%ba%a6&id=300655066E4CFC374E2EC7AC70D3637190A8FD7B&simid=608044235376560869", 
            "hostPageUrl": "http://ent.sina.com.cn/s/u/2017-04-06/doc-ifyeceza1361505.shtml", 
            "thumbnailUrl": "https://tse1.mm.bing.net/th?id=OIP.NfrQM_fHi3ZTVED1X83l8QHaE7&pid=Api", 
            "thumbnail": {
                "width": 474, 
                "height": 315
            }, 
            "contentSize": "50357 B"
        }, 
        {
            "contentUrl": "http://s9.sinaimg.cn/mw690/001OQD8zgy6LHSHmbEY98&690", 
            "insightsMetadata": {
                "pagesIncludingCount": 1, 
                "availableSizesCount": 1
            }, 
            "height": 517, 
            "accentColor": "376094", 
            "hostPageDisplayUrl": "blog.sina.com.cn/tongyandiyu", 
            "name": "童峥_新浪博客", 
            "width": 690, 
            "imageInsightsToken": "ccid_uWzrYmeC*mid_25C69FBB6730D8B1825AAADF8754B070CEBD9B5C*simid_608037414989332781*thid_OIP.uWzrYmeC-wbgl041SSAPqwHaFj", 
            "imageId": "25C69FBB6730D8B1825AAADF8754B070CEBD9B5C", 
            "isFamilyFriendly": true, 
            "datePublished": "2018-10-22T01:17:00.0000000Z", 
            "encodingFormat": "jpeg", 
            "webSearchUrl": "https://www.bing.com/images/search?view=detailv2&FORM=OIIRPO&q=site%3a(thepaper.cn+or+chinadaily.com.cn+or+china.com.cn+or+chinanews.com+or+youth.cn+or+sina.com.cn+or+xinhuanet.com+or+cri.cn+or+163.com+or+cankaoxiaoxi.com+or+cctv.com+or+ifeng.com+or+qq.com+or+takungpao.com+or+people.com.cn+or+southcn.com+or+southcn.com+or+cnr.cn+or+people.com.cn+or+cyol.com+or+bjnews.com.cn+or+gmw.cn+or+dahe.cn+or+xfrb.com.cn+or+cqnews.net+or+lifeweek.com.cn+or+cpd.com.cn+or+haiwainet.cn+or+yidianzixun.com+or+ftchinese.com+or+guancha.cn+or+zhcw.com+or+huanqiu.com+or+ihuawen.com+or+nytimes.com+or+flickr.com+or+quanjing.com+or+vcg.com+or+gettyimages.co.uk+or+paixin.com)+%e7%bd%97%e6%96%af+%e5%9b%bd%e5%a4%96+%e5%91%86+7+%e6%9c%88+%e7%ba%bd%e7%ba%a6&id=25C69FBB6730D8B1825AAADF8754B070CEBD9B5C&simid=608037414989332781", 
            "hostPageUrl": "http://blog.sina.com.cn/tongyandiyu", 
            "thumbnailUrl": "https://tse3.mm.bing.net/th?id=OIP.uWzrYmeC-wbgl041SSAPqwHaFj&pid=Api", 
            "thumbnail": {
                "width": 474, 
                "height": 355
            }, 
            "contentSize": "82128 B"
        }, 
        {
            "contentUrl": "http://game.people.com.cn/NMediaFile/2015/0629/MAIN201506291508000515928756284.jpg", 
            "insightsMetadata": {
                "pagesIncludingCount": 1, 
                "availableSizesCount": 1
            }, 
            "height": 664, 
            "accentColor": "2689A5", 
            "hostPageDisplayUrl": "game.people.com.cn/n/2015/0630/c69328-27227940.html", 
            "name": "盘点《英雄联盟》永远不要追的英雄--人民网游戏_最权威中文 ...", 
            "width": 1000, 
            "imageInsightsToken": "ccid_TY6D0cxG*mid_8C8E971C5B4A4712DFE5535E63A0C482E568BD29*simid_608022292430326265*thid_OIP.TY6D0cxGq!_SCYIlQT1BsYAHaE6", 
            "imageId": "8C8E971C5B4A4712DFE5535E63A0C482E568BD29", 
            "isFamilyFriendly": true, 
            "datePublished": "2015-06-30T00:09:00.0000000Z", 
            "encodingFormat": "jpeg", 
            "webSearchUrl": "https://www.bing.com/images/search?view=detailv2&FORM=OIIRPO&q=site%3a(thepaper.cn+or+chinadaily.com.cn+or+china.com.cn+or+chinanews.com+or+youth.cn+or+sina.com.cn+or+xinhuanet.com+or+cri.cn+or+163.com+or+cankaoxiaoxi.com+or+cctv.com+or+ifeng.com+or+qq.com+or+takungpao.com+or+people.com.cn+or+southcn.com+or+southcn.com+or+cnr.cn+or+people.com.cn+or+cyol.com+or+bjnews.com.cn+or+gmw.cn+or+dahe.cn+or+xfrb.com.cn+or+cqnews.net+or+lifeweek.com.cn+or+cpd.com.cn+or+haiwainet.cn+or+yidianzixun.com+or+ftchinese.com+or+guancha.cn+or+zhcw.com+or+huanqiu.com+or+ihuawen.com+or+nytimes.com+or+flickr.com+or+quanjing.com+or+vcg.com+or+gettyimages.co.uk+or+paixin.com)+%e7%bd%97%e6%96%af+%e5%9b%bd%e5%a4%96+%e5%91%86+7+%e6%9c%88+%e7%ba%bd%e7%ba%a6&id=8C8E971C5B4A4712DFE5535E63A0C482E568BD29&simid=608022292430326265", 
            "hostPageUrl": "http://game.people.com.cn/n/2015/0630/c69328-27227940.html", 
            "thumbnailUrl": "https://tse1.mm.bing.net/th?id=OIP.TY6D0cxGq_SCYIlQT1BsYAHaE6&pid=Api", 
            "thumbnail": {
                "width": 474, 
                "height": 314
            }, 
            "contentSize": "219803 B"
        }
    ], 
    "nextOffset": 30, 
    "queryContext": {
        "alterationMethod": "AM_JustChangeIt", 
        "alterationType": "CombinedAlterations", 
        "originalQuery": "site:(thepaper.cn or chinadaily.com.cn or china.com.cn or chinanews.com or youth.cn or sina.com.cn or xinhuanet.com or cri.cn or 163.com or cankaoxiaoxi.com or cctv.com or ifeng.com or qq.com or takungpao.com or people.com.cn or southcn.com or southcn.com or cnr.cn or people.com.cn or cyol.com or bjnews.com.cn or gmw.cn or dahe.cn or xfrb.com.cn or cqnews.net or lifeweek.com.cn or cpd.com.cn or haiwainet.cn or yidianzixun.com or ftchinese.com or guancha.cn or zhcw.com or huanqiu.com or ihuawen.com or nytimes.com or flickr.com or quanjing.com or vcg.com or gettyimages.co.uk or paixin.com) 罗斯 国外 呆 7 月 纽约", 
        "alterationOverrideQuery": "+site:(thepaper.cn or chinadaily.com.cn or china.com.cn or chinanews.com or youth.cn or sina.com.cn or xinhuanet.com or cri.cn or 163.com or cankaoxiaoxi.com or cctv.com or ifeng.com or qq.com or takungpao.com or people.com.cn or southcn.com or southcn.com or cnr.cn or people.com.cn or cyol.com or bjnews.com.cn or gmw.cn or dahe.cn or xfrb.com.cn or cqnews.net or lifeweek.com.cn or cpd.com.cn or haiwainet.cn or yidianzixun.com or ftchinese.com or guancha.cn or zhcw.com or huanqiu.com or ihuawen.com or nytimes.com or flickr.com or quanjing.com or vcg.com or gettyimages.co.uk or paixin.com) 罗斯 国外 呆 7 月 纽约", 
        "alterationDisplayQuery": "罗 斯 外国 呆 7 月份 纽约"
    }, 
    "currentOffset": 0, 
    "readLink": "images/search?q=site:(thepaper.cn or chinadaily.com.cn or china.com.cn or chinanews.com or youth.cn or sina.com.cn or xinhuanet.com or cri.cn or 163.com or cankaoxiaoxi.com or cctv.com or ifeng.com or qq.com or takungpao.com or people.com.cn or southcn.com or southcn.com or cnr.cn or people.com.cn or cyol.com or bjnews.com.cn or gmw.cn or dahe.cn or xfrb.com.cn or cqnews.net or lifeweek.com.cn or cpd.com.cn or haiwainet.cn or yidianzixun.com or ftchinese.com or guancha.cn or zhcw.com or huanqiu.com or ihuawen.com or nytimes.com or flickr.com or quanjing.com or vcg.com or gettyimages.co.uk or paixin.com) 罗斯 国外 呆 7 月 纽约", 
    "totalEstimatedMatches": 30
}