{
    "instrumentation": {
        "_type": "ResponseInstrumentation"
    }, 
    "_type": "Images", 
    "webSearchUrl": "https://www.bing.com/images/search?q=site:(thepaper.cn or chinadaily.com.cn or china.com.cn or chinanews.com or youth.cn or sina.com.cn or xinhuanet.com or cri.cn or 163.com or cankaoxiaoxi.com or cctv.com or ifeng.com or qq.com or takungpao.com or people.com.cn or southcn.com or southcn.com or cnr.cn or people.com.cn or cyol.com or bjnews.com.cn or gmw.cn or dahe.cn or xfrb.com.cn or cqnews.net or lifeweek.com.cn or cpd.com.cn or haiwainet.cn or yidianzixun.com or ftchinese.com or guancha.cn or zhcw.com or huanqiu.com or ihuawen.com or nytimes.com or flickr.com or quanjing.com or vcg.com or gettyimages.co.uk or paixin.com) 杰克 听说 杰克&FORM=OIIARP", 
    "value": [
        {
            "contentUrl": "http://n.sinaimg.cn/edu/transform/20170214/PcFo-fyamkpy9299588.jpg", 
            "insightsMetadata": {
                "pagesIncludingCount": 1, 
                "availableSizesCount": 1
            }, 
            "height": 309, 
            "accentColor": "BE920D", 
            "hostPageDisplayUrl": "edu.sina.com.cn/l/2017-02-14/doc-ifyamkzq1303848.shtml", 
            "name": "撩妹基础篇：你没对象可能因为不会说这些情话|情话|对象|爱情 ...", 
            "width": 550, 
            "imageInsightsToken": "ccid_eTMVXx7W*mid_4AD48C3C9551BF3FD3859A2BE8F6F71880B4F60D*simid_608055436631934372*thid_OIP.eTMVXx7WJWXi7k-y5YQh5wHaEK", 
            "imageId": "4AD48C3C9551BF3FD3859A2BE8F6F71880B4F60D", 
            "isFamilyFriendly": true, 
            "datePublished": "2017-02-14T08:55:00.0000000Z", 
            "encodingFormat": "jpeg", 
            "webSearchUrl": "https://www.bing.com/images/search?view=detailv2&FORM=OIIRPO&q=site%3a(thepaper.cn+or+chinadaily.com.cn+or+china.com.cn+or+chinanews.com+or+youth.cn+or+sina.com.cn+or+xinhuanet.com+or+cri.cn+or+163.com+or+cankaoxiaoxi.com+or+cctv.com+or+ifeng.com+or+qq.com+or+takungpao.com+or+people.com.cn+or+southcn.com+or+southcn.com+or+cnr.cn+or+people.com.cn+or+cyol.com+or+bjnews.com.cn+or+gmw.cn+or+dahe.cn+or+xfrb.com.cn+or+cqnews.net+or+lifeweek.com.cn+or+cpd.com.cn+or+haiwainet.cn+or+yidianzixun.com+or+ftchinese.com+or+guancha.cn+or+zhcw.com+or+huanqiu.com+or+ihuawen.com+or+nytimes.com+or+flickr.com+or+quanjing.com+or+vcg.com+or+gettyimages.co.uk+or+paixin.com)+%e6%9d%b0%e5%85%8b+%e5%90%ac%e8%af%b4+%e6%9d%b0%e5%85%8b&id=4AD48C3C9551BF3FD3859A2BE8F6F71880B4F60D&simid=608055436631934372", 
            "hostPageUrl": "http://edu.sina.com.cn/l/2017-02-14/doc-ifyamkzq1303848.shtml", 
            "thumbnailUrl": "https://tse1.mm.bing.net/th?id=OIP.eTMVXx7WJWXi7k-y5YQh5wHaEK&pid=Api", 
            "thumbnail": {
                "width": 474, 
                "height": 266
            }, 
            "contentSize": "36359 B"
        }, 
        {
            "contentUrl": "http://res.img.ifeng.com/2010/01/13/rd_or_43dd07b50d54a862997be0947aaab7c1.jpg", 
            "insightsMetadata": {
                "pagesIncludingCount": 1, 
                "availableSizesCount": 1
            }, 
            "height": 172, 
            "accentColor": "19B293", 
            "hostPageDisplayUrl": "ent.ifeng.com/movie/news/mainland/detail_2010_01/13...", 
            "name": "《阿凡达》入侵地球生活 网友加入“纳美军”_娱乐_凤凰网", 
            "width": 300, 
            "imageInsightsToken": "ccid_g3H03W1C*mid_0514A2031204D58E45A5D525BCA4A9D380BE594F*simid_608001642200435509*thid_OIP.g3H03W1C23uI1PCneLc6qwAAAA", 
            "imageId": "0514A2031204D58E45A5D525BCA4A9D380BE594F", 
            "isFamilyFriendly": true, 
            "datePublished": "2010-01-13T12:00:00.0000000Z", 
            "encodingFormat": "jpeg", 
            "webSearchUrl": "https://www.bing.com/images/search?view=detailv2&FORM=OIIRPO&q=site%3a(thepaper.cn+or+chinadaily.com.cn+or+china.com.cn+or+chinanews.com+or+youth.cn+or+sina.com.cn+or+xinhuanet.com+or+cri.cn+or+163.com+or+cankaoxiaoxi.com+or+cctv.com+or+ifeng.com+or+qq.com+or+takungpao.com+or+people.com.cn+or+southcn.com+or+southcn.com+or+cnr.cn+or+people.com.cn+or+cyol.com+or+bjnews.com.cn+or+gmw.cn+or+dahe.cn+or+xfrb.com.cn+or+cqnews.net+or+lifeweek.com.cn+or+cpd.com.cn+or+haiwainet.cn+or+yidianzixun.com+or+ftchinese.com+or+guancha.cn+or+zhcw.com+or+huanqiu.com+or+ihuawen.com+or+nytimes.com+or+flickr.com+or+quanjing.com+or+vcg.com+or+gettyimages.co.uk+or+paixin.com)+%e6%9d%b0%e5%85%8b+%e5%90%ac%e8%af%b4+%e6%9d%b0%e5%85%8b&id=0514A2031204D58E45A5D525BCA4A9D380BE594F&simid=608001642200435509", 
            "hostPageUrl": "http://ent.ifeng.com/movie/news/mainland/detail_2010_01/13/289931_0.shtml", 
            "thumbnailUrl": "https://tse4.mm.bing.net/th?id=OIP.g3H03W1C23uI1PCneLc6qwAAAA&pid=Api", 
            "thumbnail": {
                "width": 300, 
                "height": 172
            }, 
            "contentSize": "16092 B"
        }, 
        {
            "contentUrl": "http://img1.gtimg.com/comic/pics/hv1/104/10/2097/136360079.jpg", 
            "insightsMetadata": {
                "pagesIncludingCount": 5, 
                "availableSizesCount": 3
            }, 
            "height": 540, 
            "accentColor": "896C42", 
            "hostPageDisplayUrl": "comic.qq.com/a/20160711/040783.htm", 
            "name": "杰克船长COSER被撞身亡 网友大呼好可惜_动漫_腾讯网", 
            "width": 405, 
            "imageInsightsToken": "ccid_GKul5rmk*mid_17C93F587472D6A9923752411F5D63C7A978BD9C*simid_608004438225063535*thid_OIP.GKul5rmkv10MPHkNzDAmHQDYEg", 
            "imageId": "17C93F587472D6A9923752411F5D63C7A978BD9C", 
            "isFamilyFriendly": true, 
            "datePublished": "2016-08-11T06:29:00.0000000Z", 
            "encodingFormat": "jpeg", 
            "webSearchUrl": "https://www.bing.com/images/search?view=detailv2&FORM=OIIRPO&q=site%3a(thepaper.cn+or+chinadaily.com.cn+or+china.com.cn+or+chinanews.com+or+youth.cn+or+sina.com.cn+or+xinhuanet.com+or+cri.cn+or+163.com+or+cankaoxiaoxi.com+or+cctv.com+or+ifeng.com+or+qq.com+or+takungpao.com+or+people.com.cn+or+southcn.com+or+southcn.com+or+cnr.cn+or+people.com.cn+or+cyol.com+or+bjnews.com.cn+or+gmw.cn+or+dahe.cn+or+xfrb.com.cn+or+cqnews.net+or+lifeweek.com.cn+or+cpd.com.cn+or+haiwainet.cn+or+yidianzixun.com+or+ftchinese.com+or+guancha.cn+or+zhcw.com+or+huanqiu.com+or+ihuawen.com+or+nytimes.com+or+flickr.com+or+quanjing.com+or+vcg.com+or+gettyimages.co.uk+or+paixin.com)+%e6%9d%b0%e5%85%8b+%e5%90%ac%e8%af%b4+%e6%9d%b0%e5%85%8b&id=17C93F587472D6A9923752411F5D63C7A978BD9C&simid=608004438225063535", 
            "hostPageUrl": "http://comic.qq.com/a/20160711/040783.htm", 
            "thumbnailUrl": "https://tse4.mm.bing.net/th?id=OIP.GKul5rmkv10MPHkNzDAmHQDYEg&pid=Api", 
            "thumbnail": {
                "width": 405, 
                "height": 540
            }, 
            "contentSize": "31467 B"
        }, 
        {
            "contentUrl": "http://image2.sina.com.cn/bj/p/2006-10-31/U1749P52T4D108898F159DT20061031085924.jpg", 
            "insightsMetadata": {
                "pagesIncludingCount": 1, 
                "availableSizesCount": 1
            }, 
            "height": 338, 
            "accentColor": "1C76AF", 
            "hostPageDisplayUrl": "bj.sina.com.cn/p/2006-10-31/0859108898.shtml", 
            "name": "组图：松狮帅哥杰克_新浪生活_新浪网", 
            "width": 450, 
            "imageInsightsToken": "ccid_hwy2mFnv*mid_F816B4424F1258E37C5D1E24062D14AF9979263E*simid_608025011126208905*thid_OIP.hwy2mFnvCNqeYQS8GeLOPAAAAA", 
            "imageId": "F816B4424F1258E37C5D1E24062D14AF9979263E", 
            "isFamilyFriendly": true, 
            "datePublished": "2013-03-29T14:55:00.0000000Z", 
            "encodingFormat": "jpeg", 
            "webSearchUrl": "https://www.bing.com/images/search?view=detailv2&FORM=OIIRPO&q=site%3a(thepaper.cn+or+chinadaily.com.cn+or+china.com.cn+or+chinanews.com+or+youth.cn+or+sina.com.cn+or+xinhuanet.com+or+cri.cn+or+163.com+or+cankaoxiaoxi.com+or+cctv.com+or+ifeng.com+or+qq.com+or+takungpao.com+or+people.com.cn+or+southcn.com+or+southcn.com+or+cnr.cn+or+people.com.cn+or+cyol.com+or+bjnews.com.cn+or+gmw.cn+or+dahe.cn+or+xfrb.com.cn+or+cqnews.net+or+lifeweek.com.cn+or+cpd.com.cn+or+haiwainet.cn+or+yidianzixun.com+or+ftchinese.com+or+guancha.cn+or+zhcw.com+or+huanqiu.com+or+ihuawen.com+or+nytimes.com+or+flickr.com+or+quanjing.com+or+vcg.com+or+gettyimages.co.uk+or+paixin.com)+%e6%9d%b0%e5%85%8b+%e5%90%ac%e8%af%b4+%e6%9d%b0%e5%85%8b&id=F816B4424F1258E37C5D1E24062D14AF9979263E&simid=608025011126208905", 
            "hostPageUrl": "http://bj.sina.com.cn/p/2006-10-31/0859108898.shtml", 
            "thumbnailUrl": "https://tse4.mm.bing.net/th?id=OIP.hwy2mFnvCNqeYQS8GeLOPAAAAA&pid=Api", 
            "thumbnail": {
                "width": 450, 
                "height": 338
            }, 
            "contentSize": "29474 B"
        }, 
        {
            "contentUrl": "http://inews.gtimg.com/newsapp_match/0/4065741979/0", 
            "insightsMetadata": {
                "pagesIncludingCount": 1, 
                "availableSizesCount": 1
            }, 
            "height": 512, 
            "accentColor": "2E2E2E", 
            "hostPageDisplayUrl": "https://kuaibao.qq.com/s/20180621A1EZ3600?refer=spider", 
            "name": "第五人格：奈布“小奶狗”人设简直萌到放鬼！杰克一度把持不 ...", 
            "width": 449, 
            "imageInsightsToken": "ccid_wiBOGTxb*mid_54464CC8C8001509A0E4D182E44AA2947372F2C4*simid_608039910382176521*thid_OIP.wiBOGTxbJdnYGQjWPg-nFgAAAA", 
            "imageId": "54464CC8C8001509A0E4D182E44AA2947372F2C4", 
            "isFamilyFriendly": true, 
            "datePublished": "2019-02-08T22:16:00.0000000Z", 
            "encodingFormat": "jpeg", 
            "webSearchUrl": "https://www.bing.com/images/search?view=detailv2&FORM=OIIRPO&q=site%3a(thepaper.cn+or+chinadaily.com.cn+or+china.com.cn+or+chinanews.com+or+youth.cn+or+sina.com.cn+or+xinhuanet.com+or+cri.cn+or+163.com+or+cankaoxiaoxi.com+or+cctv.com+or+ifeng.com+or+qq.com+or+takungpao.com+or+people.com.cn+or+southcn.com+or+southcn.com+or+cnr.cn+or+people.com.cn+or+cyol.com+or+bjnews.com.cn+or+gmw.cn+or+dahe.cn+or+xfrb.com.cn+or+cqnews.net+or+lifeweek.com.cn+or+cpd.com.cn+or+haiwainet.cn+or+yidianzixun.com+or+ftchinese.com+or+guancha.cn+or+zhcw.com+or+huanqiu.com+or+ihuawen.com+or+nytimes.com+or+flickr.com+or+quanjing.com+or+vcg.com+or+gettyimages.co.uk+or+paixin.com)+%e6%9d%b0%e5%85%8b+%e5%90%ac%e8%af%b4+%e6%9d%b0%e5%85%8b&id=54464CC8C8001509A0E4D182E44AA2947372F2C4&simid=608039910382176521", 
            "hostPageUrl": "https://kuaibao.qq.com/s/20180621A1EZ3600?refer=spider", 
            "thumbnailUrl": "https://tse2.mm.bing.net/th?id=OIP.wiBOGTxbJdnYGQjWPg-nFgAAAA&pid=Api", 
            "thumbnail": {
                "width": 449, 
                "height": 512
            }, 
            "contentSize": "16829 B"
        }, 
        {
            "contentUrl": "http://inews.gtimg.com/newsapp_match/0/5093427550/0", 
            "insightsMetadata": {
                "pagesIncludingCount": 2, 
                "availableSizesCount": 1
            }, 
            "height": 639, 
            "accentColor": "AC561F", 
            "hostPageDisplayUrl": "https://kuaibao.qq.com/s/20180901A10FF400?refer=spider", 
            "name": "第五人格告辞表情包，我杰克告辞了，去找我家小奈布了哦-天天 ...", 
            "width": 640, 
            "imageInsightsToken": "ccid_FdXjQ8Zz*mid_B2C3B2D227AA078EB0A5595ABB8D88876EA49F14*simid_608031603888163267*thid_OIP.FdXjQ8Zzo61i9gUr-M5sCQHaHZ", 
            "imageId": "B2C3B2D227AA078EB0A5595ABB8D88876EA49F14", 
            "isFamilyFriendly": true, 
            "datePublished": "2019-03-01T16:58:00.0000000Z", 
            "encodingFormat": "jpeg", 
            "webSearchUrl": "https://www.bing.com/images/search?view=detailv2&FORM=OIIRPO&q=site%3a(thepaper.cn+or+chinadaily.com.cn+or+china.com.cn+or+chinanews.com+or+youth.cn+or+sina.com.cn+or+xinhuanet.com+or+cri.cn+or+163.com+or+cankaoxiaoxi.com+or+cctv.com+or+ifeng.com+or+qq.com+or+takungpao.com+or+people.com.cn+or+southcn.com+or+southcn.com+or+cnr.cn+or+people.com.cn+or+cyol.com+or+bjnews.com.cn+or+gmw.cn+or+dahe.cn+or+xfrb.com.cn+or+cqnews.net+or+lifeweek.com.cn+or+cpd.com.cn+or+haiwainet.cn+or+yidianzixun.com+or+ftchinese.com+or+guancha.cn+or+zhcw.com+or+huanqiu.com+or+ihuawen.com+or+nytimes.com+or+flickr.com+or+quanjing.com+or+vcg.com+or+gettyimages.co.uk+or+paixin.com)+%e6%9d%b0%e5%85%8b+%e5%90%ac%e8%af%b4+%e6%9d%b0%e5%85%8b&id=B2C3B2D227AA078EB0A5595ABB8D88876EA49F14&simid=608031603888163267", 
            "hostPageUrl": "https://kuaibao.qq.com/s/20180901A10FF400?refer=spider", 
            "thumbnailUrl": "https://tse3.mm.bing.net/th?id=OIP.FdXjQ8Zzo61i9gUr-M5sCQHaHZ&pid=Api", 
            "thumbnail": {
                "width": 474, 
                "height": 473
            }, 
            "contentSize": "20800 B"
        }, 
        {
            "contentUrl": "http://i3.sinaimg.cn/ent/m/f/2011-04-15/U4611P28T3D3282828F329DT20110415203505.JPG", 
            "insightsMetadata": {
                "pagesIncludingCount": 2, 
                "availableSizesCount": 1
            }, 
            "height": 551, 
            "accentColor": "A94E22", 
            "hostPageDisplayUrl": "ent.sina.com.cn/m/f/2011-04-15/20353282828.shtml", 
            "name": "独家对话杰克-布莱克：我爱功夫更爱周星驰(图)_影音娱乐_新浪网", 
            "width": 450, 
            "imageInsightsToken": "ccid_yJIdDuQq*mid_1BF8B23682F6628A28BCB9CA40287282070CA8F9*simid_608000748849335608*thid_OIP.yJIdDuQqcuJ9Ib9GPZo!_OQAAAA", 
            "imageId": "1BF8B23682F6628A28BCB9CA40287282070CA8F9", 
            "isFamilyFriendly": true, 
            "datePublished": "2011-04-21T15:36:00.0000000Z", 
            "encodingFormat": "jpeg", 
            "webSearchUrl": "https://www.bing.com/images/search?view=detailv2&FORM=OIIRPO&q=site%3a(thepaper.cn+or+chinadaily.com.cn+or+china.com.cn+or+chinanews.com+or+youth.cn+or+sina.com.cn+or+xinhuanet.com+or+cri.cn+or+163.com+or+cankaoxiaoxi.com+or+cctv.com+or+ifeng.com+or+qq.com+or+takungpao.com+or+people.com.cn+or+southcn.com+or+southcn.com+or+cnr.cn+or+people.com.cn+or+cyol.com+or+bjnews.com.cn+or+gmw.cn+or+dahe.cn+or+xfrb.com.cn+or+cqnews.net+or+lifeweek.com.cn+or+cpd.com.cn+or+haiwainet.cn+or+yidianzixun.com+or+ftchinese.com+or+guancha.cn+or+zhcw.com+or+huanqiu.com+or+ihuawen.com+or+nytimes.com+or+flickr.com+or+quanjing.com+or+vcg.com+or+gettyimages.co.uk+or+paixin.com)+%e6%9d%b0%e5%85%8b+%e5%90%ac%e8%af%b4+%e6%9d%b0%e5%85%8b&id=1BF8B23682F6628A28BCB9CA40287282070CA8F9&simid=608000748849335608", 
            "hostPageUrl": "http://ent.sina.com.cn/m/f/2011-04-15/20353282828.shtml", 
            "thumbnailUrl": "https://tse2.mm.bing.net/th?id=OIP.yJIdDuQqcuJ9Ib9GPZo_OQAAAA&pid=Api", 
            "thumbnail": {
                "width": 450, 
                "height": 551
            }, 
            "contentSize": "34520 B"
        }, 
        {
            "contentUrl": "http://n.sinaimg.cn/translate/20171126/JRQo-fypceiq2871838.jpg", 
            "insightsMetadata": {
                "pagesIncludingCount": 2, 
                "availableSizesCount": 1
            }, 
            "height": 1311, 
            "accentColor": "675556", 
            "hostPageDisplayUrl": "games.sina.com.cn/t/n/2017-11-26/fypapmz5171329.shtml", 
            "name": "超级英雄们的“坑爹”孩子 杰克船长儿子最爱钢铁侠_电视游戏 ...", 
            "width": 584, 
            "imageInsightsToken": "ccid_T/9cnRXA*mid_72A7AF98B97C47A54E3033F643BDA04094824801*simid_608044222507780105*thid_OIP.T!_9cnRXAoIlt3LcB473WdwHaQo", 
            "imageId": "72A7AF98B97C47A54E3033F643BDA04094824801", 
            "isFamilyFriendly": true, 
            "datePublished": "2017-11-26T05:26:00.0000000Z", 
            "encodingFormat": "jpeg", 
            "webSearchUrl": "https://www.bing.com/images/search?view=detailv2&FORM=OIIRPO&q=site%3a(thepaper.cn+or+chinadaily.com.cn+or+china.com.cn+or+chinanews.com+or+youth.cn+or+sina.com.cn+or+xinhuanet.com+or+cri.cn+or+163.com+or+cankaoxiaoxi.com+or+cctv.com+or+ifeng.com+or+qq.com+or+takungpao.com+or+people.com.cn+or+southcn.com+or+southcn.com+or+cnr.cn+or+people.com.cn+or+cyol.com+or+bjnews.com.cn+or+gmw.cn+or+dahe.cn+or+xfrb.com.cn+or+cqnews.net+or+lifeweek.com.cn+or+cpd.com.cn+or+haiwainet.cn+or+yidianzixun.com+or+ftchinese.com+or+guancha.cn+or+zhcw.com+or+huanqiu.com+or+ihuawen.com+or+nytimes.com+or+flickr.com+or+quanjing.com+or+vcg.com+or+gettyimages.co.uk+or+paixin.com)+%e6%9d%b0%e5%85%8b+%e5%90%ac%e8%af%b4+%e6%9d%b0%e5%85%8b&id=72A7AF98B97C47A54E3033F643BDA04094824801&simid=608044222507780105", 
            "hostPageUrl": "http://games.sina.com.cn/t/n/2017-11-26/fypapmz5171329.shtml", 
            "thumbnailUrl": "https://tse4.mm.bing.net/th?id=OIP.T_9cnRXAoIlt3LcB473WdwHaQo&pid=Api", 
            "thumbnail": {
                "width": 474, 
                "height": 1064
            }, 
            "contentSize": "92883 B"
        }, 
        {
            "contentUrl": "http://inews.gtimg.com/newsapp_match/0/5093427179/0", 
            "insightsMetadata": {
                "pagesIncludingCount": 6, 
                "availableSizesCount": 1
            }, 
            "height": 639, 
            "accentColor": "AE961D", 
            "hostPageDisplayUrl": "https://kuaibao.qq.com/s/20180901A10FF400?refer=spider", 
            "name": "第五人格告辞表情包，我杰克告辞了，去找我家小奈布了哦-天天 ...", 
            "width": 640, 
            "imageInsightsToken": "ccid_eoNEzLnx*mid_B2C3B2D227AA078EB0A5662861160E84E27602D1*simid_608051429456349917*thid_OIP.eoNEzLnxh0nFMJARiNsrXQHaHZ", 
            "imageId": "B2C3B2D227AA078EB0A5662861160E84E27602D1", 
            "isFamilyFriendly": true, 
            "datePublished": "2019-03-01T16:58:00.0000000Z", 
            "encodingFormat": "jpeg", 
            "webSearchUrl": "https://www.bing.com/images/search?view=detailv2&FORM=OIIRPO&q=site%3a(thepaper.cn+or+chinadaily.com.cn+or+china.com.cn+or+chinanews.com+or+youth.cn+or+sina.com.cn+or+xinhuanet.com+or+cri.cn+or+163.com+or+cankaoxiaoxi.com+or+cctv.com+or+ifeng.com+or+qq.com+or+takungpao.com+or+people.com.cn+or+southcn.com+or+southcn.com+or+cnr.cn+or+people.com.cn+or+cyol.com+or+bjnews.com.cn+or+gmw.cn+or+dahe.cn+or+xfrb.com.cn+or+cqnews.net+or+lifeweek.com.cn+or+cpd.com.cn+or+haiwainet.cn+or+yidianzixun.com+or+ftchinese.com+or+guancha.cn+or+zhcw.com+or+huanqiu.com+or+ihuawen.com+or+nytimes.com+or+flickr.com+or+quanjing.com+or+vcg.com+or+gettyimages.co.uk+or+paixin.com)+%e6%9d%b0%e5%85%8b+%e5%90%ac%e8%af%b4+%e6%9d%b0%e5%85%8b&id=B2C3B2D227AA078EB0A5662861160E84E27602D1&simid=608051429456349917", 
            "hostPageUrl": "https://kuaibao.qq.com/s/20180901A10FF400?refer=spider", 
            "thumbnailUrl": "https://tse4.mm.bing.net/th?id=OIP.eoNEzLnxh0nFMJARiNsrXQHaHZ&pid=Api", 
            "thumbnail": {
                "width": 474, 
                "height": 473
            }, 
            "contentSize": "27016 B"
        }, 
        {
            "contentUrl": "http://inews.gtimg.com/newsapp_match/0/5093427182/0", 
            "insightsMetadata": {
                "pagesIncludingCount": 3, 
                "availableSizesCount": 1
            }, 
            "height": 639, 
            "accentColor": "AA8821", 
            "hostPageDisplayUrl": "kuaibao.qq.com/s/20180901A10FF400?refer=spider", 
            "name": "第五人格告辞表情包，我杰克告辞了，去找我家小奈布了哦-天天 ...", 
            "width": 640, 
            "imageInsightsToken": "ccid_plKu3G1u*mid_2F5AB9BD4AE860B8B35B6C6BFF747CE4D784C3B3*simid_607999490407599783*thid_OIP.plKu3G1uwnl0eT4La8v54QHaHZ", 
            "imageId": "2F5AB9BD4AE860B8B35B6C6BFF747CE4D784C3B3", 
            "isFamilyFriendly": true, 
            "datePublished": "2019-02-22T12:41:00.0000000Z", 
            "encodingFormat": "jpeg", 
            "webSearchUrl": "https://www.bing.com/images/search?view=detailv2&FORM=OIIRPO&q=site%3a(thepaper.cn+or+chinadaily.com.cn+or+china.com.cn+or+chinanews.com+or+youth.cn+or+sina.com.cn+or+xinhuanet.com+or+cri.cn+or+163.com+or+cankaoxiaoxi.com+or+cctv.com+or+ifeng.com+or+qq.com+or+takungpao.com+or+people.com.cn+or+southcn.com+or+southcn.com+or+cnr.cn+or+people.com.cn+or+cyol.com+or+bjnews.com.cn+or+gmw.cn+or+dahe.cn+or+xfrb.com.cn+or+cqnews.net+or+lifeweek.com.cn+or+cpd.com.cn+or+haiwainet.cn+or+yidianzixun.com+or+ftchinese.com+or+guancha.cn+or+zhcw.com+or+huanqiu.com+or+ihuawen.com+or+nytimes.com+or+flickr.com+or+quanjing.com+or+vcg.com+or+gettyimages.co.uk+or+paixin.com)+%e6%9d%b0%e5%85%8b+%e5%90%ac%e8%af%b4+%e6%9d%b0%e5%85%8b&id=2F5AB9BD4AE860B8B35B6C6BFF747CE4D784C3B3&simid=607999490407599783", 
            "hostPageUrl": "http://kuaibao.qq.com/s/20180901A10FF400?refer=spider", 
            "thumbnailUrl": "https://tse3.mm.bing.net/th?id=OIP.plKu3G1uwnl0eT4La8v54QHaHZ&pid=Api", 
            "thumbnail": {
                "width": 474, 
                "height": 473
            }, 
            "contentSize": "20399 B"
        }
    ], 
    "nextOffset": 10, 
    "queryContext": {
        "alterationMethod": "AM_JustChangeIt", 
        "alterationType": "CombinedAlterationsChained", 
        "originalQuery": "site:(thepaper.cn or chinadaily.com.cn or china.com.cn or chinanews.com or youth.cn or sina.com.cn or xinhuanet.com or cri.cn or 163.com or cankaoxiaoxi.com or cctv.com or ifeng.com or qq.com or takungpao.com or people.com.cn or southcn.com or southcn.com or cnr.cn or people.com.cn or cyol.com or bjnews.com.cn or gmw.cn or dahe.cn or xfrb.com.cn or cqnews.net or lifeweek.com.cn or cpd.com.cn or haiwainet.cn or yidianzixun.com or ftchinese.com or guancha.cn or zhcw.com or huanqiu.com or ihuawen.com or nytimes.com or flickr.com or quanjing.com or vcg.com or gettyimages.co.uk or paixin.com) 杰克 听说 杰克", 
        "alterationOverrideQuery": "+site:(thepaper.cn or chinadaily.com.cn or china.com.cn or chinanews.com or youth.cn or sina.com.cn or xinhuanet.com or cri.cn or 163.com or cankaoxiaoxi.com or cctv.com or ifeng.com or qq.com or takungpao.com or people.com.cn or southcn.com or southcn.com or cnr.cn or people.com.cn or cyol.com or bjnews.com.cn or gmw.cn or dahe.cn or xfrb.com.cn or cqnews.net or lifeweek.com.cn or cpd.com.cn or haiwainet.cn or yidianzixun.com or ftchinese.com or guancha.cn or zhcw.com or huanqiu.com or ihuawen.com or nytimes.com or flickr.com or quanjing.com or vcg.com or gettyimages.co.uk or paixin.com) 杰克 听说 杰克", 
        "alterationDisplayQuery": "杰克 听说 杰克"
    }, 
    "currentOffset": 0, 
    "readLink": "images/search?q=site:(thepaper.cn or chinadaily.com.cn or china.com.cn or chinanews.com or youth.cn or sina.com.cn or xinhuanet.com or cri.cn or 163.com or cankaoxiaoxi.com or cctv.com or ifeng.com or qq.com or takungpao.com or people.com.cn or southcn.com or southcn.com or cnr.cn or people.com.cn or cyol.com or bjnews.com.cn or gmw.cn or dahe.cn or xfrb.com.cn or cqnews.net or lifeweek.com.cn or cpd.com.cn or haiwainet.cn or yidianzixun.com or ftchinese.com or guancha.cn or zhcw.com or huanqiu.com or ihuawen.com or nytimes.com or flickr.com or quanjing.com or vcg.com or gettyimages.co.uk or paixin.com) 杰克 听说 杰克", 
    "totalEstimatedMatches": 100
}