{
    "instrumentation": {
        "_type": "ResponseInstrumentation"
    }, 
    "_type": "Images", 
    "webSearchUrl": "https://www.bing.com/images/search?q=site:(thepaper.cn or chinadaily.com.cn or china.com.cn or chinanews.com or youth.cn or sina.com.cn or xinhuanet.com or cri.cn or 163.com or cankaoxiaoxi.com or cctv.com or ifeng.com or qq.com or takungpao.com or people.com.cn or southcn.com or southcn.com or cnr.cn or people.com.cn or cyol.com or bjnews.com.cn or gmw.cn or dahe.cn or xfrb.com.cn or cqnews.net or lifeweek.com.cn or cpd.com.cn or haiwainet.cn or yidianzixun.com or ftchinese.com or guancha.cn or zhcw.com or huanqiu.com or ihuawen.com or nytimes.com or flickr.com or quanjing.com or vcg.com or gettyimages.co.uk or paixin.com) 接受 ,   罗斯 说&FORM=OIIARP", 
    "value": [
        {
            "contentUrl": "http://inews.gtimg.com/newsapp_bt/0/6114519420/641", 
            "insightsMetadata": {
                "pagesIncludingCount": 1, 
                "availableSizesCount": 1
            }, 
            "height": 615, 
            "accentColor": "974F34", 
            "hostPageDisplayUrl": "sports.qq.com/a/20181102/002923.htm", 
            "name": "苏群：万圣节夜绽放的玫瑰，如礼花般绚丽夺目_体育_腾讯网", 
            "width": 641, 
            "imageInsightsToken": "ccid_yCLZ9WQG*mid_2AB511E46E125893C25299E603A34B73950B05DF*simid_608053946269368404*thid_OIP.yCLZ9WQGeBAr-FgXO!_HISQHaHG", 
            "imageId": "2AB511E46E125893C25299E603A34B73950B05DF", 
            "isFamilyFriendly": true, 
            "datePublished": "2018-11-02T00:18:00.0000000Z", 
            "encodingFormat": "jpeg", 
            "webSearchUrl": "https://www.bing.com/images/search?view=detailv2&FORM=OIIRPO&q=site%3a(thepaper.cn+or+chinadaily.com.cn+or+china.com.cn+or+chinanews.com+or+youth.cn+or+sina.com.cn+or+xinhuanet.com+or+cri.cn+or+163.com+or+cankaoxiaoxi.com+or+cctv.com+or+ifeng.com+or+qq.com+or+takungpao.com+or+people.com.cn+or+southcn.com+or+southcn.com+or+cnr.cn+or+people.com.cn+or+cyol.com+or+bjnews.com.cn+or+gmw.cn+or+dahe.cn+or+xfrb.com.cn+or+cqnews.net+or+lifeweek.com.cn+or+cpd.com.cn+or+haiwainet.cn+or+yidianzixun.com+or+ftchinese.com+or+guancha.cn+or+zhcw.com+or+huanqiu.com+or+ihuawen.com+or+nytimes.com+or+flickr.com+or+quanjing.com+or+vcg.com+or+gettyimages.co.uk+or+paixin.com)+%e6%8e%a5%e5%8f%97+%2c+++%e7%bd%97%e6%96%af+%e8%af%b4&id=2AB511E46E125893C25299E603A34B73950B05DF&simid=608053946269368404", 
            "hostPageUrl": "http://sports.qq.com/a/20181102/002923.htm", 
            "thumbnailUrl": "https://tse2.mm.bing.net/th?id=OIP.yCLZ9WQGeBAr-FgXO_HISQHaHG&pid=Api", 
            "thumbnail": {
                "width": 474, 
                "height": 454
            }, 
            "contentSize": "58686 B"
        }, 
        {
            "contentUrl": "http://p0.ifengimg.com/pmop/2018/1013/39BCEED5303828F701E7E11D51825BB7695425A5_size215_w606_h363.png", 
            "insightsMetadata": {
                "pagesIncludingCount": 2, 
                "availableSizesCount": 1
            }, 
            "height": 363, 
            "accentColor": "81704A", 
            "hostPageDisplayUrl": "sports.ifeng.com/a/20181013/60107578_0.shtml", 
            "name": "罗斯：球队需要时间去调整，要保持耐心_凤凰体育", 
            "width": 606, 
            "imageInsightsToken": "ccid_51xioknO*mid_D216352CC910196B103FEC24359FB1BBFA63C65B*simid_608038742154610364*thid_OIP.51xioknO!_CmHgq1dP56HMgHaEb", 
            "imageId": "D216352CC910196B103FEC24359FB1BBFA63C65B", 
            "isFamilyFriendly": true, 
            "datePublished": "2018-10-13T09:01:00.0000000Z", 
            "encodingFormat": "png", 
            "webSearchUrl": "https://www.bing.com/images/search?view=detailv2&FORM=OIIRPO&q=site%3a(thepaper.cn+or+chinadaily.com.cn+or+china.com.cn+or+chinanews.com+or+youth.cn+or+sina.com.cn+or+xinhuanet.com+or+cri.cn+or+163.com+or+cankaoxiaoxi.com+or+cctv.com+or+ifeng.com+or+qq.com+or+takungpao.com+or+people.com.cn+or+southcn.com+or+southcn.com+or+cnr.cn+or+people.com.cn+or+cyol.com+or+bjnews.com.cn+or+gmw.cn+or+dahe.cn+or+xfrb.com.cn+or+cqnews.net+or+lifeweek.com.cn+or+cpd.com.cn+or+haiwainet.cn+or+yidianzixun.com+or+ftchinese.com+or+guancha.cn+or+zhcw.com+or+huanqiu.com+or+ihuawen.com+or+nytimes.com+or+flickr.com+or+quanjing.com+or+vcg.com+or+gettyimages.co.uk+or+paixin.com)+%e6%8e%a5%e5%8f%97+%2c+++%e7%bd%97%e6%96%af+%e8%af%b4&id=D216352CC910196B103FEC24359FB1BBFA63C65B&simid=608038742154610364", 
            "hostPageUrl": "http://sports.ifeng.com/a/20181013/60107578_0.shtml", 
            "thumbnailUrl": "https://tse2.mm.bing.net/th?id=OIP.51xioknO_CmHgq1dP56HMgHaEb&pid=Api", 
            "thumbnail": {
                "width": 474, 
                "height": 283
            }, 
            "contentSize": "220390 B"
        }, 
        {
            "contentUrl": "http://img1.gtimg.com/chinanba/pics/hv1/44/168/2295/149275259.jpg", 
            "insightsMetadata": {
                "pagesIncludingCount": 1, 
                "availableSizesCount": 1
            }, 
            "height": 457, 
            "accentColor": "437F88", 
            "hostPageDisplayUrl": "nbachina.qq.com/a/20181031/000817.htm", 
            "name": "罗斯：本赛季目标是赢得最佳第六人_NBA中国官方网站", 
            "width": 640, 
            "imageInsightsToken": "ccid_veY8xCPq*mid_A8B3E2772AF8813DD37CDC9385CD6B2F17DF9B65*simid_608014806314713345*thid_OIP.veY8xCPq9RkdbU-!_eEnxKAHaFS", 
            "imageId": "A8B3E2772AF8813DD37CDC9385CD6B2F17DF9B65", 
            "isFamilyFriendly": true, 
            "datePublished": "2019-03-01T10:39:00.0000000Z", 
            "encodingFormat": "jpeg", 
            "webSearchUrl": "https://www.bing.com/images/search?view=detailv2&FORM=OIIRPO&q=site%3a(thepaper.cn+or+chinadaily.com.cn+or+china.com.cn+or+chinanews.com+or+youth.cn+or+sina.com.cn+or+xinhuanet.com+or+cri.cn+or+163.com+or+cankaoxiaoxi.com+or+cctv.com+or+ifeng.com+or+qq.com+or+takungpao.com+or+people.com.cn+or+southcn.com+or+southcn.com+or+cnr.cn+or+people.com.cn+or+cyol.com+or+bjnews.com.cn+or+gmw.cn+or+dahe.cn+or+xfrb.com.cn+or+cqnews.net+or+lifeweek.com.cn+or+cpd.com.cn+or+haiwainet.cn+or+yidianzixun.com+or+ftchinese.com+or+guancha.cn+or+zhcw.com+or+huanqiu.com+or+ihuawen.com+or+nytimes.com+or+flickr.com+or+quanjing.com+or+vcg.com+or+gettyimages.co.uk+or+paixin.com)+%e6%8e%a5%e5%8f%97+%2c+++%e7%bd%97%e6%96%af+%e8%af%b4&id=A8B3E2772AF8813DD37CDC9385CD6B2F17DF9B65&simid=608014806314713345", 
            "hostPageUrl": "http://nbachina.qq.com/a/20181031/000817.htm", 
            "thumbnailUrl": "https://tse4.mm.bing.net/th?id=OIP.veY8xCPq9RkdbU-_eEnxKAHaFS&pid=Api", 
            "thumbnail": {
                "width": 474, 
                "height": 338
            }, 
            "contentSize": "62625 B"
        }, 
        {
            "contentUrl": "http://k.sinaimg.cn/n/sports/transform/20160721/uAoF-fxuifip2487481.jpg/w570b7f.jpg", 
            "insightsMetadata": {
                "pagesIncludingCount": 5, 
                "availableSizesCount": 4
            }, 
            "height": 220, 
            "accentColor": "6D3F39", 
            "hostPageDisplayUrl": "sports.sina.com.cn/motorracing/f1/newsall/2016-07-21/doc...", 
            "name": "罗斯布朗谈法拉利处境：不需要人事变动 需要时间_新闻_新浪 ...", 
            "width": 330, 
            "imageInsightsToken": "ccid_ZuSwbn8H*mid_182F88773F322ABB38F02F5327073DDEB0EC5F56*simid_608047035696480785*thid_OIP.ZuSwbn8HAOlff6xTS4jX4gAAAA", 
            "imageId": "182F88773F322ABB38F02F5327073DDEB0EC5F56", 
            "isFamilyFriendly": true, 
            "datePublished": "2016-07-21T05:48:00.0000000Z", 
            "encodingFormat": "jpeg", 
            "webSearchUrl": "https://www.bing.com/images/search?view=detailv2&FORM=OIIRPO&q=site%3a(thepaper.cn+or+chinadaily.com.cn+or+china.com.cn+or+chinanews.com+or+youth.cn+or+sina.com.cn+or+xinhuanet.com+or+cri.cn+or+163.com+or+cankaoxiaoxi.com+or+cctv.com+or+ifeng.com+or+qq.com+or+takungpao.com+or+people.com.cn+or+southcn.com+or+southcn.com+or+cnr.cn+or+people.com.cn+or+cyol.com+or+bjnews.com.cn+or+gmw.cn+or+dahe.cn+or+xfrb.com.cn+or+cqnews.net+or+lifeweek.com.cn+or+cpd.com.cn+or+haiwainet.cn+or+yidianzixun.com+or+ftchinese.com+or+guancha.cn+or+zhcw.com+or+huanqiu.com+or+ihuawen.com+or+nytimes.com+or+flickr.com+or+quanjing.com+or+vcg.com+or+gettyimages.co.uk+or+paixin.com)+%e6%8e%a5%e5%8f%97+%2c+++%e7%bd%97%e6%96%af+%e8%af%b4&id=182F88773F322ABB38F02F5327073DDEB0EC5F56&simid=608047035696480785", 
            "hostPageUrl": "http://sports.sina.com.cn/motorracing/f1/newsall/2016-07-21/doc-ifxuhukz0640904.shtml", 
            "thumbnailUrl": "https://tse2.mm.bing.net/th?id=OIP.ZuSwbn8HAOlff6xTS4jX4gAAAA&pid=Api", 
            "thumbnail": {
                "width": 330, 
                "height": 220
            }, 
            "contentSize": "11564 B"
        }, 
        {
            "contentUrl": "http://p1.ifengimg.com/a/2016_36/9e4eeddf46720b2_size122_w1000_h610.jpg", 
            "insightsMetadata": {
                "pagesIncludingCount": 3, 
                "availableSizesCount": 2
            }, 
            "height": 610, 
            "accentColor": "4B6280", 
            "hostPageDisplayUrl": "finance.ifeng.com/a/20160901/14845254_0.shtml", 
            "name": "“债王”格罗斯：美联储会在今年9月加息_凤凰财经", 
            "width": 1000, 
            "imageInsightsToken": "ccid_5u/qYHsf*mid_B4B1FCD3DBA9C3570DEEA58935FCE59C63B9ADC8*simid_608026574440892217*thid_OIP.5u!_qYHsfABmcak393xbMGwHaEh", 
            "imageId": "B4B1FCD3DBA9C3570DEEA58935FCE59C63B9ADC8", 
            "isFamilyFriendly": true, 
            "datePublished": "2016-08-31T23:48:00.0000000Z", 
            "encodingFormat": "jpeg", 
            "webSearchUrl": "https://www.bing.com/images/search?view=detailv2&FORM=OIIRPO&q=site%3a(thepaper.cn+or+chinadaily.com.cn+or+china.com.cn+or+chinanews.com+or+youth.cn+or+sina.com.cn+or+xinhuanet.com+or+cri.cn+or+163.com+or+cankaoxiaoxi.com+or+cctv.com+or+ifeng.com+or+qq.com+or+takungpao.com+or+people.com.cn+or+southcn.com+or+southcn.com+or+cnr.cn+or+people.com.cn+or+cyol.com+or+bjnews.com.cn+or+gmw.cn+or+dahe.cn+or+xfrb.com.cn+or+cqnews.net+or+lifeweek.com.cn+or+cpd.com.cn+or+haiwainet.cn+or+yidianzixun.com+or+ftchinese.com+or+guancha.cn+or+zhcw.com+or+huanqiu.com+or+ihuawen.com+or+nytimes.com+or+flickr.com+or+quanjing.com+or+vcg.com+or+gettyimages.co.uk+or+paixin.com)+%e6%8e%a5%e5%8f%97+%2c+++%e7%bd%97%e6%96%af+%e8%af%b4&id=B4B1FCD3DBA9C3570DEEA58935FCE59C63B9ADC8&simid=608026574440892217", 
            "hostPageUrl": "http://finance.ifeng.com/a/20160901/14845254_0.shtml", 
            "thumbnailUrl": "https://tse2.mm.bing.net/th?id=OIP.5u_qYHsfABmcak393xbMGwHaEh&pid=Api", 
            "thumbnail": {
                "width": 474, 
                "height": 289
            }, 
            "contentSize": "125237 B"
        }, 
        {
            "contentUrl": "https://n.sinaimg.cn/translate/138/w600h338/20181031/ZmS_-hnfikvc8657661.jpg", 
            "insightsMetadata": {
                "pagesIncludingCount": 3, 
                "availableSizesCount": 1
            }, 
            "height": 338, 
            "accentColor": "436388", 
            "hostPageDisplayUrl": "https://news.sina.com.cn/o/2018-12-21/doc-ihmutuee1220655...", 
            "name": "物理诺奖得主格罗斯:尽力帮助中国建设超级对撞机|高能物理|格 ...", 
            "width": 600, 
            "imageInsightsToken": "ccid_hXh4jp5A*mid_488A8D0EF9210443D266E1335833AA09187946D0*simid_607988735813878153*thid_OIP.hXh4jp5AYMyr0pJuHUux0AHaEL", 
            "imageId": "488A8D0EF9210443D266E1335833AA09187946D0", 
            "isFamilyFriendly": true, 
            "datePublished": "2018-12-21T01:01:00.0000000Z", 
            "encodingFormat": "jpeg", 
            "webSearchUrl": "https://www.bing.com/images/search?view=detailv2&FORM=OIIRPO&q=site%3a(thepaper.cn+or+chinadaily.com.cn+or+china.com.cn+or+chinanews.com+or+youth.cn+or+sina.com.cn+or+xinhuanet.com+or+cri.cn+or+163.com+or+cankaoxiaoxi.com+or+cctv.com+or+ifeng.com+or+qq.com+or+takungpao.com+or+people.com.cn+or+southcn.com+or+southcn.com+or+cnr.cn+or+people.com.cn+or+cyol.com+or+bjnews.com.cn+or+gmw.cn+or+dahe.cn+or+xfrb.com.cn+or+cqnews.net+or+lifeweek.com.cn+or+cpd.com.cn+or+haiwainet.cn+or+yidianzixun.com+or+ftchinese.com+or+guancha.cn+or+zhcw.com+or+huanqiu.com+or+ihuawen.com+or+nytimes.com+or+flickr.com+or+quanjing.com+or+vcg.com+or+gettyimages.co.uk+or+paixin.com)+%e6%8e%a5%e5%8f%97+%2c+++%e7%bd%97%e6%96%af+%e8%af%b4&id=488A8D0EF9210443D266E1335833AA09187946D0&simid=607988735813878153", 
            "hostPageUrl": "https://news.sina.com.cn/o/2018-12-21/doc-ihmutuee1220655.shtml", 
            "thumbnailUrl": "https://tse2.mm.bing.net/th?id=OIP.hXh4jp5AYMyr0pJuHUux0AHaEL&pid=Api", 
            "thumbnail": {
                "width": 474, 
                "height": 267
            }, 
            "contentSize": "73526 B"
        }, 
        {
            "contentUrl": "http://i1.sinaimg.cn/ty/g/laliga/2014-07-22/U7880P6T12D7261797F44DT20140722110311.jpg", 
            "insightsMetadata": {
                "pagesIncludingCount": 14, 
                "availableSizesCount": 9
            }, 
            "height": 301, 
            "accentColor": "30639B", 
            "hostPageDisplayUrl": "sports.sina.com.cn/g/laliga/2014-07-22/11037261797.shtml", 
            "name": "克罗斯：我想留拜仁但谈判失败 加盟皇马是正确选择_国际足球 ...", 
            "width": 550, 
            "imageInsightsToken": "ccid_GKljba4H*mid_A7CEEA3B564606812F35CC3FD31BDD8E65921311*simid_607999554832565681*thid_OIP.GKljba4H5o30gBud71RMeAHaED", 
            "imageId": "A7CEEA3B564606812F35CC3FD31BDD8E65921311", 
            "isFamilyFriendly": true, 
            "datePublished": "2014-07-22T03:03:00.0000000Z", 
            "encodingFormat": "jpeg", 
            "webSearchUrl": "https://www.bing.com/images/search?view=detailv2&FORM=OIIRPO&q=site%3a(thepaper.cn+or+chinadaily.com.cn+or+china.com.cn+or+chinanews.com+or+youth.cn+or+sina.com.cn+or+xinhuanet.com+or+cri.cn+or+163.com+or+cankaoxiaoxi.com+or+cctv.com+or+ifeng.com+or+qq.com+or+takungpao.com+or+people.com.cn+or+southcn.com+or+southcn.com+or+cnr.cn+or+people.com.cn+or+cyol.com+or+bjnews.com.cn+or+gmw.cn+or+dahe.cn+or+xfrb.com.cn+or+cqnews.net+or+lifeweek.com.cn+or+cpd.com.cn+or+haiwainet.cn+or+yidianzixun.com+or+ftchinese.com+or+guancha.cn+or+zhcw.com+or+huanqiu.com+or+ihuawen.com+or+nytimes.com+or+flickr.com+or+quanjing.com+or+vcg.com+or+gettyimages.co.uk+or+paixin.com)+%e6%8e%a5%e5%8f%97+%2c+++%e7%bd%97%e6%96%af+%e8%af%b4&id=A7CEEA3B564606812F35CC3FD31BDD8E65921311&simid=607999554832565681", 
            "hostPageUrl": "http://sports.sina.com.cn/g/laliga/2014-07-22/11037261797.shtml", 
            "thumbnailUrl": "https://tse4.mm.bing.net/th?id=OIP.GKljba4H5o30gBud71RMeAHaED&pid=Api", 
            "thumbnail": {
                "width": 474, 
                "height": 259
            }, 
            "contentSize": "23526 B"
        }, 
        {
            "contentUrl": "http://img1.gtimg.com/sports/pics/hv1/226/110/2154/140092126.jpg", 
            "insightsMetadata": {
                "pagesIncludingCount": 1, 
                "availableSizesCount": 1
            }, 
            "height": 338, 
            "accentColor": "211F18", 
            "hostPageDisplayUrl": "sports.qq.com/a/20161113/015598.htm", 
            "name": "专访罗斯：NBA得分王被低估 我是独处主义者_体育_腾讯网", 
            "width": 600, 
            "imageInsightsToken": "ccid_ktVIyQEB*mid_5840D24DD6E4C3F6E13AC3014B39034C0998DB59*simid_607987455932892040*thid_OIP.ktVIyQEB9fSu8n4tm-EDFwHaEL", 
            "imageId": "5840D24DD6E4C3F6E13AC3014B39034C0998DB59", 
            "isFamilyFriendly": true, 
            "datePublished": "2016-12-05T18:19:00.0000000Z", 
            "encodingFormat": "jpeg", 
            "webSearchUrl": "https://www.bing.com/images/search?view=detailv2&FORM=OIIRPO&q=site%3a(thepaper.cn+or+chinadaily.com.cn+or+china.com.cn+or+chinanews.com+or+youth.cn+or+sina.com.cn+or+xinhuanet.com+or+cri.cn+or+163.com+or+cankaoxiaoxi.com+or+cctv.com+or+ifeng.com+or+qq.com+or+takungpao.com+or+people.com.cn+or+southcn.com+or+southcn.com+or+cnr.cn+or+people.com.cn+or+cyol.com+or+bjnews.com.cn+or+gmw.cn+or+dahe.cn+or+xfrb.com.cn+or+cqnews.net+or+lifeweek.com.cn+or+cpd.com.cn+or+haiwainet.cn+or+yidianzixun.com+or+ftchinese.com+or+guancha.cn+or+zhcw.com+or+huanqiu.com+or+ihuawen.com+or+nytimes.com+or+flickr.com+or+quanjing.com+or+vcg.com+or+gettyimages.co.uk+or+paixin.com)+%e6%8e%a5%e5%8f%97+%2c+++%e7%bd%97%e6%96%af+%e8%af%b4&id=5840D24DD6E4C3F6E13AC3014B39034C0998DB59&simid=607987455932892040", 
            "hostPageUrl": "http://sports.qq.com/a/20161113/015598.htm", 
            "thumbnailUrl": "https://tse1.mm.bing.net/th?id=OIP.ktVIyQEB9fSu8n4tm-EDFwHaEL&pid=Api", 
            "thumbnail": {
                "width": 474, 
                "height": 267
            }, 
            "contentSize": "26607 B"
        }, 
        {
            "contentUrl": "http://inews.gtimg.com/newsapp_bt/0/5870102020/641", 
            "insightsMetadata": {
                "pagesIncludingCount": 10, 
                "availableSizesCount": 8
            }, 
            "height": 443, 
            "accentColor": "B81322", 
            "hostPageDisplayUrl": "wimbledon.qq.com/a/20181019/010218.htm", 
            "name": "专访罗斯：决心和牺牲让我重生 中国球迷一直给予爱_体育_腾讯网", 
            "width": 641, 
            "imageInsightsToken": "ccid_pRTKtAep*mid_57DE1E98D5AE5F453C7823735633D792DA57BAD8*simid_608014089057599768*thid_OIP.pRTKtAep1ARBtTkYhSFKhAHaFH", 
            "imageId": "57DE1E98D5AE5F453C7823735633D792DA57BAD8", 
            "isFamilyFriendly": true, 
            "datePublished": "2018-10-19T21:02:00.0000000Z", 
            "encodingFormat": "jpeg", 
            "webSearchUrl": "https://www.bing.com/images/search?view=detailv2&FORM=OIIRPO&q=site%3a(thepaper.cn+or+chinadaily.com.cn+or+china.com.cn+or+chinanews.com+or+youth.cn+or+sina.com.cn+or+xinhuanet.com+or+cri.cn+or+163.com+or+cankaoxiaoxi.com+or+cctv.com+or+ifeng.com+or+qq.com+or+takungpao.com+or+people.com.cn+or+southcn.com+or+southcn.com+or+cnr.cn+or+people.com.cn+or+cyol.com+or+bjnews.com.cn+or+gmw.cn+or+dahe.cn+or+xfrb.com.cn+or+cqnews.net+or+lifeweek.com.cn+or+cpd.com.cn+or+haiwainet.cn+or+yidianzixun.com+or+ftchinese.com+or+guancha.cn+or+zhcw.com+or+huanqiu.com+or+ihuawen.com+or+nytimes.com+or+flickr.com+or+quanjing.com+or+vcg.com+or+gettyimages.co.uk+or+paixin.com)+%e6%8e%a5%e5%8f%97+%2c+++%e7%bd%97%e6%96%af+%e8%af%b4&id=57DE1E98D5AE5F453C7823735633D792DA57BAD8&simid=608014089057599768", 
            "hostPageUrl": "http://wimbledon.qq.com/a/20181019/010218.htm", 
            "thumbnailUrl": "https://tse2.mm.bing.net/th?id=OIP.pRTKtAep1ARBtTkYhSFKhAHaFH&pid=Api", 
            "thumbnail": {
                "width": 474, 
                "height": 327
            }, 
            "contentSize": "36134 B"
        }, 
        {
            "contentUrl": "http://i3.sinaimg.cn/ty/nba/2015-05-06/U2028P6T12D7598738F44DT20150506103841.jpg", 
            "insightsMetadata": {
                "pagesIncludingCount": 2, 
                "availableSizesCount": 1
            }, 
            "height": 366, 
            "accentColor": "B01B1E", 
            "hostPageDisplayUrl": "sports.sina.com.cn/nba/2015-05-06/10387598738.shtml", 
            "name": "罗斯右肩伤势痊愈无碍出战：感觉啥事没有了_篮球-NBA_新浪竞技 ...", 
            "width": 550, 
            "imageInsightsToken": "ccid_I337VVxN*mid_99EE8DF6DD3BDD1717F67DE29A76392A50D3D50E*simid_608033132902418764*thid_OIP.I337VVxNtVdIUjbocTlRogHaE7", 
            "imageId": "99EE8DF6DD3BDD1717F67DE29A76392A50D3D50E", 
            "isFamilyFriendly": true, 
            "datePublished": "2015-05-06T02:43:00.0000000Z", 
            "encodingFormat": "jpeg", 
            "webSearchUrl": "https://www.bing.com/images/search?view=detailv2&FORM=OIIRPO&q=site%3a(thepaper.cn+or+chinadaily.com.cn+or+china.com.cn+or+chinanews.com+or+youth.cn+or+sina.com.cn+or+xinhuanet.com+or+cri.cn+or+163.com+or+cankaoxiaoxi.com+or+cctv.com+or+ifeng.com+or+qq.com+or+takungpao.com+or+people.com.cn+or+southcn.com+or+southcn.com+or+cnr.cn+or+people.com.cn+or+cyol.com+or+bjnews.com.cn+or+gmw.cn+or+dahe.cn+or+xfrb.com.cn+or+cqnews.net+or+lifeweek.com.cn+or+cpd.com.cn+or+haiwainet.cn+or+yidianzixun.com+or+ftchinese.com+or+guancha.cn+or+zhcw.com+or+huanqiu.com+or+ihuawen.com+or+nytimes.com+or+flickr.com+or+quanjing.com+or+vcg.com+or+gettyimages.co.uk+or+paixin.com)+%e6%8e%a5%e5%8f%97+%2c+++%e7%bd%97%e6%96%af+%e8%af%b4&id=99EE8DF6DD3BDD1717F67DE29A76392A50D3D50E&simid=608033132902418764", 
            "hostPageUrl": "http://sports.sina.com.cn/nba/2015-05-06/10387598738.shtml", 
            "thumbnailUrl": "https://tse2.mm.bing.net/th?id=OIP.I337VVxNtVdIUjbocTlRogHaE7&pid=Api", 
            "thumbnail": {
                "width": 474, 
                "height": 315
            }, 
            "contentSize": "59365 B"
        }
    ], 
    "nextOffset": 10, 
    "queryContext": {
        "alterationMethod": "AM_JustChangeIt", 
        "alterationType": "CombinedAlterationsChained", 
        "originalQuery": "site:(thepaper.cn or chinadaily.com.cn or china.com.cn or chinanews.com or youth.cn or sina.com.cn or xinhuanet.com or cri.cn or 163.com or cankaoxiaoxi.com or cctv.com or ifeng.com or qq.com or takungpao.com or people.com.cn or southcn.com or southcn.com or cnr.cn or people.com.cn or cyol.com or bjnews.com.cn or gmw.cn or dahe.cn or xfrb.com.cn or cqnews.net or lifeweek.com.cn or cpd.com.cn or haiwainet.cn or yidianzixun.com or ftchinese.com or guancha.cn or zhcw.com or huanqiu.com or ihuawen.com or nytimes.com or flickr.com or quanjing.com or vcg.com or gettyimages.co.uk or paixin.com) 接受 ,   罗斯 说", 
        "alterationOverrideQuery": "+site:(thepaper.cn or chinadaily.com.cn or china.com.cn or chinanews.com or youth.cn or sina.com.cn or xinhuanet.com or cri.cn or 163.com or cankaoxiaoxi.com or cctv.com or ifeng.com or qq.com or takungpao.com or people.com.cn or southcn.com or southcn.com or cnr.cn or people.com.cn or cyol.com or bjnews.com.cn or gmw.cn or dahe.cn or xfrb.com.cn or cqnews.net or lifeweek.com.cn or cpd.com.cn or haiwainet.cn or yidianzixun.com or ftchinese.com or guancha.cn or zhcw.com or huanqiu.com or ihuawen.com or nytimes.com or flickr.com or quanjing.com or vcg.com or gettyimages.co.uk or paixin.com) 接受 ,   罗斯 说", 
        "alterationDisplayQuery": "接受 罗 斯 说"
    }, 
    "currentOffset": 0, 
    "readLink": "images/search?q=site:(thepaper.cn or chinadaily.com.cn or china.com.cn or chinanews.com or youth.cn or sina.com.cn or xinhuanet.com or cri.cn or 163.com or cankaoxiaoxi.com or cctv.com or ifeng.com or qq.com or takungpao.com or people.com.cn or southcn.com or southcn.com or cnr.cn or people.com.cn or cyol.com or bjnews.com.cn or gmw.cn or dahe.cn or xfrb.com.cn or cqnews.net or lifeweek.com.cn or cpd.com.cn or haiwainet.cn or yidianzixun.com or ftchinese.com or guancha.cn or zhcw.com or huanqiu.com or ihuawen.com or nytimes.com or flickr.com or quanjing.com or vcg.com or gettyimages.co.uk or paixin.com) 接受 ,   罗斯 说", 
    "totalEstimatedMatches": 100, 
    "relatedSearches": [
        {
            "text": "罗斯壁纸", 
            "displayText": "罗斯壁纸", 
            "thumbnail": {
                "thumbnailUrl": "https://tse4.mm.bing.net/th?q=%e7%bd%97%e6%96%af%e5%a3%81%e7%ba%b8&pid=Api&mkt=zh-CN&adlt=strict&t=1"
            }, 
            "searchLink": "https://api.cognitive.microsoft.com/api/v7/images/search?q=%e7%bd%97%e6%96%af%e5%a3%81%e7%ba%b8", 
            "webSearchUrl": "https://www.bing.com/images/search?q=%e7%bd%97%e6%96%af%e5%a3%81%e7%ba%b8&FORM=IRPATC"
        }, 
        {
            "text": "Nba罗斯", 
            "displayText": "Nba罗斯", 
            "thumbnail": {
                "thumbnailUrl": "https://tse4.mm.bing.net/th?q=Nba%e7%bd%97%e6%96%af&pid=Api&mkt=zh-CN&adlt=strict&t=1"
            }, 
            "searchLink": "https://api.cognitive.microsoft.com/api/v7/images/search?q=Nba%e7%bd%97%e6%96%af", 
            "webSearchUrl": "https://www.bing.com/images/search?q=Nba%e7%bd%97%e6%96%af&FORM=IRPATC"
        }, 
        {
            "text": "卡斯罗", 
            "displayText": "卡斯罗", 
            "thumbnail": {
                "thumbnailUrl": "https://tse4.mm.bing.net/th?q=%e5%8d%a1%e6%96%af%e7%bd%97&pid=Api&mkt=zh-CN&adlt=strict&t=1"
            }, 
            "searchLink": "https://api.cognitive.microsoft.com/api/v7/images/search?q=%e5%8d%a1%e6%96%af%e7%bd%97", 
            "webSearchUrl": "https://www.bing.com/images/search?q=%e5%8d%a1%e6%96%af%e7%bd%97&FORM=IRPATC"
        }, 
        {
            "text": "德里克罗斯", 
            "displayText": "德里克罗斯", 
            "thumbnail": {
                "thumbnailUrl": "https://tse1.mm.bing.net/th?q=%e5%be%b7%e9%87%8c%e5%85%8b%e7%bd%97%e6%96%af&pid=Api&mkt=zh-CN&adlt=strict&t=1"
            }, 
            "searchLink": "https://api.cognitive.microsoft.com/api/v7/images/search?q=%e5%be%b7%e9%87%8c%e5%85%8b%e7%bd%97%e6%96%af", 
            "webSearchUrl": "https://www.bing.com/images/search?q=%e5%be%b7%e9%87%8c%e5%85%8b%e7%bd%97%e6%96%af&FORM=IRPATC"
        }, 
        {
            "text": "卡斯罗犬", 
            "displayText": "卡斯罗犬", 
            "thumbnail": {
                "thumbnailUrl": "https://tse2.mm.bing.net/th?q=%e5%8d%a1%e6%96%af%e7%bd%97%e7%8a%ac&pid=Api&mkt=zh-CN&adlt=strict&t=1"
            }, 
            "searchLink": "https://api.cognitive.microsoft.com/api/v7/images/search?q=%e5%8d%a1%e6%96%af%e7%bd%97%e7%8a%ac", 
            "webSearchUrl": "https://www.bing.com/images/search?q=%e5%8d%a1%e6%96%af%e7%bd%97%e7%8a%ac&FORM=IRPATC"
        }, 
        {
            "text": "罗伊斯", 
            "displayText": "罗伊斯", 
            "thumbnail": {
                "thumbnailUrl": "https://tse1.mm.bing.net/th?q=%e7%bd%97%e4%bc%8a%e6%96%af&pid=Api&mkt=zh-CN&adlt=strict&t=1"
            }, 
            "searchLink": "https://api.cognitive.microsoft.com/api/v7/images/search?q=%e7%bd%97%e4%bc%8a%e6%96%af", 
            "webSearchUrl": "https://www.bing.com/images/search?q=%e7%bd%97%e4%bc%8a%e6%96%af&FORM=IRPATC"
        }, 
        {
            "text": "索罗斯", 
            "displayText": "索罗斯", 
            "thumbnail": {
                "thumbnailUrl": "https://tse3.mm.bing.net/th?q=%e7%b4%a2%e7%bd%97%e6%96%af&pid=Api&mkt=zh-CN&adlt=strict&t=1"
            }, 
            "searchLink": "https://api.cognitive.microsoft.com/api/v7/images/search?q=%e7%b4%a2%e7%bd%97%e6%96%af", 
            "webSearchUrl": "https://www.bing.com/images/search?q=%e7%b4%a2%e7%bd%97%e6%96%af&FORM=IRPATC"
        }, 
        {
            "text": "密斯凡德罗", 
            "displayText": "密斯凡德罗", 
            "thumbnail": {
                "thumbnailUrl": "https://tse3.mm.bing.net/th?q=%e5%af%86%e6%96%af%e5%87%a1%e5%be%b7%e7%bd%97&pid=Api&mkt=zh-CN&adlt=strict&t=1"
            }, 
            "searchLink": "https://api.cognitive.microsoft.com/api/v7/images/search?q=%e5%af%86%e6%96%af%e5%87%a1%e5%be%b7%e7%bd%97", 
            "webSearchUrl": "https://www.bing.com/images/search?q=%e5%af%86%e6%96%af%e5%87%a1%e5%be%b7%e7%bd%97&FORM=IRPATC"
        }, 
        {
            "text": "罗斯柴尔德家族", 
            "displayText": "罗斯柴尔德家族", 
            "thumbnail": {
                "thumbnailUrl": "https://tse3.mm.bing.net/th?q=%e7%bd%97%e6%96%af%e6%9f%b4%e5%b0%94%e5%be%b7%e5%ae%b6%e6%97%8f&pid=Api&mkt=zh-CN&adlt=strict&t=1"
            }, 
            "searchLink": "https://api.cognitive.microsoft.com/api/v7/images/search?q=%e7%bd%97%e6%96%af%e6%9f%b4%e5%b0%94%e5%be%b7%e5%ae%b6%e6%97%8f", 
            "webSearchUrl": "https://www.bing.com/images/search?q=%e7%bd%97%e6%96%af%e6%9f%b4%e5%b0%94%e5%be%b7%e5%ae%b6%e6%97%8f&FORM=IRPATC"
        }, 
        {
            "text": "罗斯战靴", 
            "displayText": "罗斯战靴", 
            "thumbnail": {
                "thumbnailUrl": "https://tse1.mm.bing.net/th?q=%e7%bd%97%e6%96%af%e6%88%98%e9%9d%b4&pid=Api&mkt=zh-CN&adlt=strict&t=1"
            }, 
            "searchLink": "https://api.cognitive.microsoft.com/api/v7/images/search?q=%e7%bd%97%e6%96%af%e6%88%98%e9%9d%b4", 
            "webSearchUrl": "https://www.bing.com/images/search?q=%e7%bd%97%e6%96%af%e6%88%98%e9%9d%b4&FORM=IRPATC"
        }, 
        {
            "text": "密斯凡德罗作品", 
            "displayText": "密斯凡德罗作品", 
            "thumbnail": {
                "thumbnailUrl": "https://tse2.mm.bing.net/th?q=%e5%af%86%e6%96%af%e5%87%a1%e5%be%b7%e7%bd%97%e4%bd%9c%e5%93%81&pid=Api&mkt=zh-CN&adlt=strict&t=1"
            }, 
            "searchLink": "https://api.cognitive.microsoft.com/api/v7/images/search?q=%e5%af%86%e6%96%af%e5%87%a1%e5%be%b7%e7%bd%97%e4%bd%9c%e5%93%81", 
            "webSearchUrl": "https://www.bing.com/images/search?q=%e5%af%86%e6%96%af%e5%87%a1%e5%be%b7%e7%bd%97%e4%bd%9c%e5%93%81&FORM=IRPATC"
        }, 
        {
            "text": "迷你罗特斯", 
            "displayText": "迷你罗特斯", 
            "thumbnail": {
                "thumbnailUrl": "https://tse3.mm.bing.net/th?q=%e8%bf%b7%e4%bd%a0%e7%bd%97%e7%89%b9%e6%96%af&pid=Api&mkt=zh-CN&adlt=strict&t=1"
            }, 
            "searchLink": "https://api.cognitive.microsoft.com/api/v7/images/search?q=%e8%bf%b7%e4%bd%a0%e7%bd%97%e7%89%b9%e6%96%af", 
            "webSearchUrl": "https://www.bing.com/images/search?q=%e8%bf%b7%e4%bd%a0%e7%bd%97%e7%89%b9%e6%96%af&FORM=IRPATC"
        }, 
        {
            "text": "罗伊斯发型", 
            "displayText": "罗伊斯发型", 
            "thumbnail": {
                "thumbnailUrl": "https://tse1.mm.bing.net/th?q=%e7%bd%97%e4%bc%8a%e6%96%af%e5%8f%91%e5%9e%8b&pid=Api&mkt=zh-CN&adlt=strict&t=1"
            }, 
            "searchLink": "https://api.cognitive.microsoft.com/api/v7/images/search?q=%e7%bd%97%e4%bc%8a%e6%96%af%e5%8f%91%e5%9e%8b", 
            "webSearchUrl": "https://www.bing.com/images/search?q=%e7%bd%97%e4%bc%8a%e6%96%af%e5%8f%91%e5%9e%8b&FORM=IRPATC"
        }, 
        {
            "text": "Dnf迷你罗特斯1号", 
            "displayText": "Dnf迷你罗特斯1号", 
            "thumbnail": {
                "thumbnailUrl": "https://tse3.mm.bing.net/th?q=Dnf%e8%bf%b7%e4%bd%a0%e7%bd%97%e7%89%b9%e6%96%af1%e5%8f%b7&pid=Api&mkt=zh-CN&adlt=strict&t=1"
            }, 
            "searchLink": "https://api.cognitive.microsoft.com/api/v7/images/search?q=Dnf%e8%bf%b7%e4%bd%a0%e7%bd%97%e7%89%b9%e6%96%af1%e5%8f%b7", 
            "webSearchUrl": "https://www.bing.com/images/search?q=Dnf%e8%bf%b7%e4%bd%a0%e7%bd%97%e7%89%b9%e6%96%af1%e5%8f%b7&FORM=IRPATC"
        }, 
        {
            "text": "迷你罗特斯1号", 
            "displayText": "迷你罗特斯1号", 
            "thumbnail": {
                "thumbnailUrl": "https://tse3.mm.bing.net/th?q=%e8%bf%b7%e4%bd%a0%e7%bd%97%e7%89%b9%e6%96%af1%e5%8f%b7&pid=Api&mkt=zh-CN&adlt=strict&t=1"
            }, 
            "searchLink": "https://api.cognitive.microsoft.com/api/v7/images/search?q=%e8%bf%b7%e4%bd%a0%e7%bd%97%e7%89%b9%e6%96%af1%e5%8f%b7", 
            "webSearchUrl": "https://www.bing.com/images/search?q=%e8%bf%b7%e4%bd%a0%e7%bd%97%e7%89%b9%e6%96%af1%e5%8f%b7&FORM=IRPATC"
        }
    ]
}