{
    "instrumentation": {
        "_type": "ResponseInstrumentation"
    }, 
    "_type": "Images", 
    "webSearchUrl": "https://www.bing.com/images/search?q=site:(thepaper.cn or chinadaily.com.cn or china.com.cn or chinanews.com or youth.cn or sina.com.cn or xinhuanet.com or cri.cn or 163.com or cankaoxiaoxi.com or cctv.com or ifeng.com or qq.com or takungpao.com or people.com.cn or southcn.com or southcn.com or cnr.cn or people.com.cn or cyol.com or bjnews.com.cn or gmw.cn or dahe.cn or xfrb.com.cn or cqnews.net or lifeweek.com.cn or cpd.com.cn or haiwainet.cn or yidianzixun.com or ftchinese.com or guancha.cn or zhcw.com or huanqiu.com or ihuawen.com or nytimes.com or flickr.com or quanjing.com or vcg.com or gettyimages.co.uk or paixin.com) 我能 做到&FORM=OIIARP", 
    "value": [
        {
            "contentUrl": "http://p0.ifengimg.com/pmop/2018/1108/A60A96DF2BE9235880A642B33D9E8CE7C4EC8E03_size60_w650_h361.jpeg", 
            "insightsMetadata": {
                "pagesIncludingCount": 2, 
                "availableSizesCount": 1
            }, 
            "height": 361, 
            "accentColor": "C39B08", 
            "hostPageDisplayUrl": "sports.ifeng.com/a/20181108/60150066_0.shtml", 
            "name": "成为杜克史上最佳？邓台-琼斯：我认为威廉森能做到_凤凰体育", 
            "width": 650, 
            "imageInsightsToken": "ccid_4hYVaAB0*mid_0E59AB5BFE18194086EF0053BC4BC28607508525*simid_608012534290383073*thid_OIP.4hYVaAB0fmXV5CxaEDyrFgHaEH", 
            "imageId": "0E59AB5BFE18194086EF0053BC4BC28607508525", 
            "isFamilyFriendly": true, 
            "datePublished": "2018-11-08T01:22:00.0000000Z", 
            "encodingFormat": "jpeg", 
            "webSearchUrl": "https://www.bing.com/images/search?view=detailv2&FORM=OIIRPO&q=site%3a(thepaper.cn+or+chinadaily.com.cn+or+china.com.cn+or+chinanews.com+or+youth.cn+or+sina.com.cn+or+xinhuanet.com+or+cri.cn+or+163.com+or+cankaoxiaoxi.com+or+cctv.com+or+ifeng.com+or+qq.com+or+takungpao.com+or+people.com.cn+or+southcn.com+or+southcn.com+or+cnr.cn+or+people.com.cn+or+cyol.com+or+bjnews.com.cn+or+gmw.cn+or+dahe.cn+or+xfrb.com.cn+or+cqnews.net+or+lifeweek.com.cn+or+cpd.com.cn+or+haiwainet.cn+or+yidianzixun.com+or+ftchinese.com+or+guancha.cn+or+zhcw.com+or+huanqiu.com+or+ihuawen.com+or+nytimes.com+or+flickr.com+or+quanjing.com+or+vcg.com+or+gettyimages.co.uk+or+paixin.com)+%e6%88%91%e8%83%bd+%e5%81%9a%e5%88%b0&id=0E59AB5BFE18194086EF0053BC4BC28607508525&simid=608012534290383073", 
            "hostPageUrl": "http://sports.ifeng.com/a/20181108/60150066_0.shtml", 
            "thumbnailUrl": "https://tse1.mm.bing.net/th?id=OIP.4hYVaAB0fmXV5CxaEDyrFgHaEH&pid=Api", 
            "thumbnail": {
                "width": 474, 
                "height": 263
            }, 
            "contentSize": "61503 B"
        }, 
        {
            "contentUrl": "http://img1.gtimg.com/ent/pics/hv1/199/246/1394/90707779.jpg", 
            "insightsMetadata": {
                "pagesIncludingCount": 6, 
                "availableSizesCount": 1
            }, 
            "height": 297, 
            "accentColor": "454262", 
            "hostPageDisplayUrl": "ent.qq.com/a/20130816/013524.htm", 
            "name": "范冰冰做客腾讯：“最不要脸”只有我能做到_娱乐_腾讯网", 
            "width": 400, 
            "imageInsightsToken": "ccid_l7sM1/+I*mid_FFEA7F772004E39E9167D389C34DE03BDE8A8118*simid_608019290203164403*thid_OIP.l7sM1!_-IY4u5o8MXImlp-AAAAA", 
            "imageId": "FFEA7F772004E39E9167D389C34DE03BDE8A8118", 
            "isFamilyFriendly": true, 
            "datePublished": "2013-08-16T06:46:00.0000000Z", 
            "encodingFormat": "jpeg", 
            "webSearchUrl": "https://www.bing.com/images/search?view=detailv2&FORM=OIIRPO&q=site%3a(thepaper.cn+or+chinadaily.com.cn+or+china.com.cn+or+chinanews.com+or+youth.cn+or+sina.com.cn+or+xinhuanet.com+or+cri.cn+or+163.com+or+cankaoxiaoxi.com+or+cctv.com+or+ifeng.com+or+qq.com+or+takungpao.com+or+people.com.cn+or+southcn.com+or+southcn.com+or+cnr.cn+or+people.com.cn+or+cyol.com+or+bjnews.com.cn+or+gmw.cn+or+dahe.cn+or+xfrb.com.cn+or+cqnews.net+or+lifeweek.com.cn+or+cpd.com.cn+or+haiwainet.cn+or+yidianzixun.com+or+ftchinese.com+or+guancha.cn+or+zhcw.com+or+huanqiu.com+or+ihuawen.com+or+nytimes.com+or+flickr.com+or+quanjing.com+or+vcg.com+or+gettyimages.co.uk+or+paixin.com)+%e6%88%91%e8%83%bd+%e5%81%9a%e5%88%b0&id=FFEA7F772004E39E9167D389C34DE03BDE8A8118&simid=608019290203164403", 
            "hostPageUrl": "http://ent.qq.com/a/20130816/013524.htm", 
            "thumbnailUrl": "https://tse3.mm.bing.net/th?id=OIP.l7sM1_-IY4u5o8MXImlp-AAAAA&pid=Api", 
            "thumbnail": {
                "width": 400, 
                "height": 297
            }, 
            "contentSize": "19527 B"
        }, 
        {
            "contentUrl": "http://www.people.com.cn/h/pic/20140401/7/6262440795813227723.jpg", 
            "insightsMetadata": {
                "pagesIncludingCount": 3, 
                "availableSizesCount": 1
            }, 
            "height": 266, 
            "accentColor": "AD891E", 
            "hostPageDisplayUrl": "edu.people.com.cn/n/2014/0401/c1053-24793312.html", 
            "name": "李培根12分钟离任演讲：校园少些官气我没能做到--教育--人民网", 
            "width": 400, 
            "imageInsightsToken": "ccid_5kpkZsEz*mid_BBC7FBF182DFF5AC25F28681B079A9678B6A947A*simid_608014531458566690*thid_OIP.5kpkZsEztBO9N7-2XxDmsAHaE7", 
            "imageId": "BBC7FBF182DFF5AC25F28681B079A9678B6A947A", 
            "isFamilyFriendly": true, 
            "datePublished": "2018-01-27T15:53:00.0000000Z", 
            "encodingFormat": "jpeg", 
            "webSearchUrl": "https://www.bing.com/images/search?view=detailv2&FORM=OIIRPO&q=site%3a(thepaper.cn+or+chinadaily.com.cn+or+china.com.cn+or+chinanews.com+or+youth.cn+or+sina.com.cn+or+xinhuanet.com+or+cri.cn+or+163.com+or+cankaoxiaoxi.com+or+cctv.com+or+ifeng.com+or+qq.com+or+takungpao.com+or+people.com.cn+or+southcn.com+or+southcn.com+or+cnr.cn+or+people.com.cn+or+cyol.com+or+bjnews.com.cn+or+gmw.cn+or+dahe.cn+or+xfrb.com.cn+or+cqnews.net+or+lifeweek.com.cn+or+cpd.com.cn+or+haiwainet.cn+or+yidianzixun.com+or+ftchinese.com+or+guancha.cn+or+zhcw.com+or+huanqiu.com+or+ihuawen.com+or+nytimes.com+or+flickr.com+or+quanjing.com+or+vcg.com+or+gettyimages.co.uk+or+paixin.com)+%e6%88%91%e8%83%bd+%e5%81%9a%e5%88%b0&id=BBC7FBF182DFF5AC25F28681B079A9678B6A947A&simid=608014531458566690", 
            "hostPageUrl": "http://edu.people.com.cn/n/2014/0401/c1053-24793312.html", 
            "thumbnailUrl": "https://tse4.mm.bing.net/th?id=OIP.5kpkZsEztBO9N7-2XxDmsAHaE7&pid=Api", 
            "thumbnail": {
                "width": 474, 
                "height": 315
            }, 
            "contentSize": "40356 B"
        }, 
        {
            "contentUrl": "http://img1.gtimg.com/tech/pics/hv1/111/137/1259/81901521.jpg", 
            "insightsMetadata": {
                "pagesIncludingCount": 1, 
                "availableSizesCount": 1
            }, 
            "height": 400, 
            "accentColor": "99AA22", 
            "hostPageDisplayUrl": "tech.qq.com/a/20130202/000062.htm", 
            "name": "SAP首席营销官：CEO需要我能做到5件事_科技_腾讯网", 
            "width": 600, 
            "imageInsightsToken": "ccid_Rn4u6T57*mid_9465E4AE418AC2A92E16C86413A2C98DD6BAD758*simid_608050067949814616*thid_OIP.Rn4u6T57l5mA1MxUxKNV8QHaE8", 
            "imageId": "9465E4AE418AC2A92E16C86413A2C98DD6BAD758", 
            "isFamilyFriendly": true, 
            "datePublished": "2013-02-02T11:07:00.0000000Z", 
            "encodingFormat": "jpeg", 
            "webSearchUrl": "https://www.bing.com/images/search?view=detailv2&FORM=OIIRPO&q=site%3a(thepaper.cn+or+chinadaily.com.cn+or+china.com.cn+or+chinanews.com+or+youth.cn+or+sina.com.cn+or+xinhuanet.com+or+cri.cn+or+163.com+or+cankaoxiaoxi.com+or+cctv.com+or+ifeng.com+or+qq.com+or+takungpao.com+or+people.com.cn+or+southcn.com+or+southcn.com+or+cnr.cn+or+people.com.cn+or+cyol.com+or+bjnews.com.cn+or+gmw.cn+or+dahe.cn+or+xfrb.com.cn+or+cqnews.net+or+lifeweek.com.cn+or+cpd.com.cn+or+haiwainet.cn+or+yidianzixun.com+or+ftchinese.com+or+guancha.cn+or+zhcw.com+or+huanqiu.com+or+ihuawen.com+or+nytimes.com+or+flickr.com+or+quanjing.com+or+vcg.com+or+gettyimages.co.uk+or+paixin.com)+%e6%88%91%e8%83%bd+%e5%81%9a%e5%88%b0&id=9465E4AE418AC2A92E16C86413A2C98DD6BAD758&simid=608050067949814616", 
            "hostPageUrl": "http://tech.qq.com/a/20130202/000062.htm", 
            "thumbnailUrl": "https://tse4.mm.bing.net/th?id=OIP.Rn4u6T57l5mA1MxUxKNV8QHaE8&pid=Api", 
            "thumbnail": {
                "width": 474, 
                "height": 316
            }, 
            "contentSize": "38438 B"
        }, 
        {
            "contentUrl": "http://p2.cri.cn/M00/80/A6/CqgNOlrWu46AG_73AAAAAAAAAAA782.899x599.jpg", 
            "insightsMetadata": {
                "pagesIncludingCount": 3, 
                "availableSizesCount": 2
            }, 
            "height": 599, 
            "accentColor": "7F1C23", 
            "hostPageDisplayUrl": "top.china.com.cn/2018-04/20/content_50917734.htm", 
            "name": "孙杨夺100米自由泳季军：从100游到1500 只有我能做到_中国网", 
            "width": 899, 
            "imageInsightsToken": "ccid_KlAJvgjr*mid_3C977AF8E1F733DD709F317488BD787B3728B155*simid_608043032806818055*thid_OIP.KlAJvgjry5xrEbqQ-ZAbMgHaE7", 
            "imageId": "3C977AF8E1F733DD709F317488BD787B3728B155", 
            "isFamilyFriendly": true, 
            "datePublished": "2019-02-22T09:35:00.0000000Z", 
            "encodingFormat": "jpeg", 
            "webSearchUrl": "https://www.bing.com/images/search?view=detailv2&FORM=OIIRPO&q=site%3a(thepaper.cn+or+chinadaily.com.cn+or+china.com.cn+or+chinanews.com+or+youth.cn+or+sina.com.cn+or+xinhuanet.com+or+cri.cn+or+163.com+or+cankaoxiaoxi.com+or+cctv.com+or+ifeng.com+or+qq.com+or+takungpao.com+or+people.com.cn+or+southcn.com+or+southcn.com+or+cnr.cn+or+people.com.cn+or+cyol.com+or+bjnews.com.cn+or+gmw.cn+or+dahe.cn+or+xfrb.com.cn+or+cqnews.net+or+lifeweek.com.cn+or+cpd.com.cn+or+haiwainet.cn+or+yidianzixun.com+or+ftchinese.com+or+guancha.cn+or+zhcw.com+or+huanqiu.com+or+ihuawen.com+or+nytimes.com+or+flickr.com+or+quanjing.com+or+vcg.com+or+gettyimages.co.uk+or+paixin.com)+%e6%88%91%e8%83%bd+%e5%81%9a%e5%88%b0&id=3C977AF8E1F733DD709F317488BD787B3728B155&simid=608043032806818055", 
            "hostPageUrl": "http://top.china.com.cn/2018-04/20/content_50917734.htm", 
            "thumbnailUrl": "https://tse4.mm.bing.net/th?id=OIP.KlAJvgjry5xrEbqQ-ZAbMgHaE7&pid=Api", 
            "thumbnail": {
                "width": 474, 
                "height": 315
            }, 
            "contentSize": "82925 B"
        }, 
        {
            "contentUrl": "http://upload.ct.youth.cn/2015/0716/1437013001363.jpg", 
            "insightsMetadata": {
                "pagesIncludingCount": 1, 
                "availableSizesCount": 1
            }, 
            "height": 201, 
            "accentColor": "485E79", 
            "hostPageDisplayUrl": "ent.chinadaily.com.cn/2015-07/16/content_21297030.htm", 
            "name": "导演大鹏：以后我也能做到徐峥宁浩的水平 - 中文文化 - 中国日报网", 
            "width": 400, 
            "imageInsightsToken": "ccid_urGnJzE2*mid_26F3CA45435BB11DB550B544A19C872F8B6E5027*simid_607994989295175596*thid_OIP.urGnJzE28De5atQgMXPUKQAAAA", 
            "imageId": "26F3CA45435BB11DB550B544A19C872F8B6E5027", 
            "isFamilyFriendly": true, 
            "datePublished": "2018-01-30T20:00:00.0000000Z", 
            "encodingFormat": "jpeg", 
            "webSearchUrl": "https://www.bing.com/images/search?view=detailv2&FORM=OIIRPO&q=site%3a(thepaper.cn+or+chinadaily.com.cn+or+china.com.cn+or+chinanews.com+or+youth.cn+or+sina.com.cn+or+xinhuanet.com+or+cri.cn+or+163.com+or+cankaoxiaoxi.com+or+cctv.com+or+ifeng.com+or+qq.com+or+takungpao.com+or+people.com.cn+or+southcn.com+or+southcn.com+or+cnr.cn+or+people.com.cn+or+cyol.com+or+bjnews.com.cn+or+gmw.cn+or+dahe.cn+or+xfrb.com.cn+or+cqnews.net+or+lifeweek.com.cn+or+cpd.com.cn+or+haiwainet.cn+or+yidianzixun.com+or+ftchinese.com+or+guancha.cn+or+zhcw.com+or+huanqiu.com+or+ihuawen.com+or+nytimes.com+or+flickr.com+or+quanjing.com+or+vcg.com+or+gettyimages.co.uk+or+paixin.com)+%e6%88%91%e8%83%bd+%e5%81%9a%e5%88%b0&id=26F3CA45435BB11DB550B544A19C872F8B6E5027&simid=607994989295175596", 
            "hostPageUrl": "http://ent.chinadaily.com.cn/2015-07/16/content_21297030.htm", 
            "thumbnailUrl": "https://tse1.mm.bing.net/th?id=OIP.urGnJzE28De5atQgMXPUKQAAAA&pid=Api", 
            "thumbnail": {
                "width": 400, 
                "height": 201
            }, 
            "hostPageFavIconUrl": "https://www.bing.com/th?id=AR_6bbc59f7064ed213027d1c4ffbd7baac&pid=Api", 
            "contentSize": "59436 B"
        }, 
        {
            "contentUrl": "http://upload.ct.youth.cn/2015/0716/1437013001949.jpg", 
            "insightsMetadata": {
                "pagesIncludingCount": 3, 
                "availableSizesCount": 1
            }, 
            "height": 200, 
            "accentColor": "A5263D", 
            "hostPageDisplayUrl": "ent.chinadaily.com.cn/2015-07/16/content_21297030.htm", 
            "name": "导演大鹏：以后我也能做到徐峥宁浩的水平 - 中文文化 - 中国日报网", 
            "width": 400, 
            "imageInsightsToken": "ccid_Ct4HU2Iw*mid_26F3CA45435BB11DB550849A8C1E9CA790FED55A*simid_608048427307042444*thid_OIP.Ct4HU2IwYJ1cMv6j7V35XwAAAA", 
            "imageId": "26F3CA45435BB11DB550849A8C1E9CA790FED55A", 
            "isFamilyFriendly": true, 
            "datePublished": "2018-01-30T20:00:00.0000000Z", 
            "encodingFormat": "jpeg", 
            "webSearchUrl": "https://www.bing.com/images/search?view=detailv2&FORM=OIIRPO&q=site%3a(thepaper.cn+or+chinadaily.com.cn+or+china.com.cn+or+chinanews.com+or+youth.cn+or+sina.com.cn+or+xinhuanet.com+or+cri.cn+or+163.com+or+cankaoxiaoxi.com+or+cctv.com+or+ifeng.com+or+qq.com+or+takungpao.com+or+people.com.cn+or+southcn.com+or+southcn.com+or+cnr.cn+or+people.com.cn+or+cyol.com+or+bjnews.com.cn+or+gmw.cn+or+dahe.cn+or+xfrb.com.cn+or+cqnews.net+or+lifeweek.com.cn+or+cpd.com.cn+or+haiwainet.cn+or+yidianzixun.com+or+ftchinese.com+or+guancha.cn+or+zhcw.com+or+huanqiu.com+or+ihuawen.com+or+nytimes.com+or+flickr.com+or+quanjing.com+or+vcg.com+or+gettyimages.co.uk+or+paixin.com)+%e6%88%91%e8%83%bd+%e5%81%9a%e5%88%b0&id=26F3CA45435BB11DB550849A8C1E9CA790FED55A&simid=608048427307042444", 
            "hostPageUrl": "http://ent.chinadaily.com.cn/2015-07/16/content_21297030.htm", 
            "thumbnailUrl": "https://tse1.mm.bing.net/th?id=OIP.Ct4HU2IwYJ1cMv6j7V35XwAAAA&pid=Api", 
            "thumbnail": {
                "width": 400, 
                "height": 200
            }, 
            "hostPageFavIconUrl": "https://www.bing.com/th?id=AR_6bbc59f7064ed213027d1c4ffbd7baac&pid=Api", 
            "contentSize": "59731 B"
        }, 
        {
            "contentUrl": "http://wx3.sinaimg.cn/large/6486a91aly1fjc3oy4bduj20p00otdig.jpg", 
            "insightsMetadata": {
                "pagesIncludingCount": 8, 
                "availableSizesCount": 3
            }, 
            "height": 893, 
            "accentColor": "A59126", 
            "hostPageDisplayUrl": "tj.sina.com.cn/zimeiti/2017-09-08/detail-ifykuffc4387023...", 
            "name": "孙杨：想做的事情一定都能做到_新浪天津_新浪网", 
            "width": 900, 
            "imageInsightsToken": "ccid_U2JFyWIz*mid_1F056FC5C5ED8F0D7136D86FC4913D0CD91DC0F0*simid_608039897502712329*thid_OIP.U2JFyWIzUZkvSj2Nn-s7pgHaHW", 
            "imageId": "1F056FC5C5ED8F0D7136D86FC4913D0CD91DC0F0", 
            "isFamilyFriendly": true, 
            "datePublished": "2017-09-10T15:32:00.0000000Z", 
            "encodingFormat": "jpeg", 
            "webSearchUrl": "https://www.bing.com/images/search?view=detailv2&FORM=OIIRPO&q=site%3a(thepaper.cn+or+chinadaily.com.cn+or+china.com.cn+or+chinanews.com+or+youth.cn+or+sina.com.cn+or+xinhuanet.com+or+cri.cn+or+163.com+or+cankaoxiaoxi.com+or+cctv.com+or+ifeng.com+or+qq.com+or+takungpao.com+or+people.com.cn+or+southcn.com+or+southcn.com+or+cnr.cn+or+people.com.cn+or+cyol.com+or+bjnews.com.cn+or+gmw.cn+or+dahe.cn+or+xfrb.com.cn+or+cqnews.net+or+lifeweek.com.cn+or+cpd.com.cn+or+haiwainet.cn+or+yidianzixun.com+or+ftchinese.com+or+guancha.cn+or+zhcw.com+or+huanqiu.com+or+ihuawen.com+or+nytimes.com+or+flickr.com+or+quanjing.com+or+vcg.com+or+gettyimages.co.uk+or+paixin.com)+%e6%88%91%e8%83%bd+%e5%81%9a%e5%88%b0&id=1F056FC5C5ED8F0D7136D86FC4913D0CD91DC0F0&simid=608039897502712329", 
            "hostPageUrl": "http://tj.sina.com.cn/zimeiti/2017-09-08/detail-ifykuffc4387023.shtml?from=tj_cnxh", 
            "thumbnailUrl": "https://tse2.mm.bing.net/th?id=OIP.U2JFyWIzUZkvSj2Nn-s7pgHaHW&pid=Api", 
            "thumbnail": {
                "width": 474, 
                "height": 470
            }, 
            "contentSize": "92138 B"
        }, 
        {
            "contentUrl": "http://img1.gtimg.com/sports/pics/hv1/20/109/2226/144773465.jpg", 
            "insightsMetadata": {
                "pagesIncludingCount": 3, 
                "availableSizesCount": 2
            }, 
            "height": 427, 
            "accentColor": "0271C9", 
            "hostPageDisplayUrl": "sports.qq.com/a/20170723/004858.htm", 
            "name": "戴利：中国队别高兴太早 你们能做到的我也可以_体育_腾讯网", 
            "width": 640, 
            "imageInsightsToken": "ccid_JMCuAt/x*mid_B673D525CC396712FCC2F7C68CA0EFB3BDE6F681*simid_607997957109777759*thid_OIP.JMCuAt!_xBIiSYBOuOgyRQgHaE8", 
            "imageId": "B673D525CC396712FCC2F7C68CA0EFB3BDE6F681", 
            "isFamilyFriendly": true, 
            "datePublished": "2017-07-23T00:17:00.0000000Z", 
            "encodingFormat": "jpeg", 
            "webSearchUrl": "https://www.bing.com/images/search?view=detailv2&FORM=OIIRPO&q=site%3a(thepaper.cn+or+chinadaily.com.cn+or+china.com.cn+or+chinanews.com+or+youth.cn+or+sina.com.cn+or+xinhuanet.com+or+cri.cn+or+163.com+or+cankaoxiaoxi.com+or+cctv.com+or+ifeng.com+or+qq.com+or+takungpao.com+or+people.com.cn+or+southcn.com+or+southcn.com+or+cnr.cn+or+people.com.cn+or+cyol.com+or+bjnews.com.cn+or+gmw.cn+or+dahe.cn+or+xfrb.com.cn+or+cqnews.net+or+lifeweek.com.cn+or+cpd.com.cn+or+haiwainet.cn+or+yidianzixun.com+or+ftchinese.com+or+guancha.cn+or+zhcw.com+or+huanqiu.com+or+ihuawen.com+or+nytimes.com+or+flickr.com+or+quanjing.com+or+vcg.com+or+gettyimages.co.uk+or+paixin.com)+%e6%88%91%e8%83%bd+%e5%81%9a%e5%88%b0&id=B673D525CC396712FCC2F7C68CA0EFB3BDE6F681&simid=607997957109777759", 
            "hostPageUrl": "http://sports.qq.com/a/20170723/004858.htm", 
            "thumbnailUrl": "https://tse3.mm.bing.net/th?id=OIP.JMCuAt_xBIiSYBOuOgyRQgHaE8&pid=Api", 
            "thumbnail": {
                "width": 474, 
                "height": 316
            }, 
            "contentSize": "35238 B"
        }, 
        {
            "contentUrl": "http://i2.sinaimg.cn/dy/c/2009-02-18/50578824f8926728da7036d33061b65e.jpg", 
            "insightsMetadata": {
                "pagesIncludingCount": 1, 
                "availableSizesCount": 1
            }, 
            "height": 824, 
            "accentColor": "666666", 
            "hostPageDisplayUrl": "news.sina.com.cn/c/2009-02-18/052015178865s.shtml", 
            "name": "绳子上睡觉 小龙女能做到我也做得到_新闻中心_新浪网", 
            "width": 550, 
            "imageInsightsToken": "ccid_+kwQ8J5j*mid_AD5718D5292BEC753753B1AE8927C7127AEBBE21*simid_608011009556545870*thid_OIP.-kwQ8J5jBTdcNZBy93PtYgHaLG", 
            "imageId": "AD5718D5292BEC753753B1AE8927C7127AEBBE21", 
            "isFamilyFriendly": true, 
            "datePublished": "2012-06-10T08:36:00.0000000Z", 
            "encodingFormat": "jpeg", 
            "webSearchUrl": "https://www.bing.com/images/search?view=detailv2&FORM=OIIRPO&q=site%3a(thepaper.cn+or+chinadaily.com.cn+or+china.com.cn+or+chinanews.com+or+youth.cn+or+sina.com.cn+or+xinhuanet.com+or+cri.cn+or+163.com+or+cankaoxiaoxi.com+or+cctv.com+or+ifeng.com+or+qq.com+or+takungpao.com+or+people.com.cn+or+southcn.com+or+southcn.com+or+cnr.cn+or+people.com.cn+or+cyol.com+or+bjnews.com.cn+or+gmw.cn+or+dahe.cn+or+xfrb.com.cn+or+cqnews.net+or+lifeweek.com.cn+or+cpd.com.cn+or+haiwainet.cn+or+yidianzixun.com+or+ftchinese.com+or+guancha.cn+or+zhcw.com+or+huanqiu.com+or+ihuawen.com+or+nytimes.com+or+flickr.com+or+quanjing.com+or+vcg.com+or+gettyimages.co.uk+or+paixin.com)+%e6%88%91%e8%83%bd+%e5%81%9a%e5%88%b0&id=AD5718D5292BEC753753B1AE8927C7127AEBBE21&simid=608011009556545870", 
            "hostPageUrl": "http://news.sina.com.cn/c/2009-02-18/052015178865s.shtml", 
            "thumbnailUrl": "https://tse2.mm.bing.net/th?id=OIP.-kwQ8J5jBTdcNZBy93PtYgHaLG&pid=Api", 
            "thumbnail": {
                "width": 474, 
                "height": 710
            }, 
            "contentSize": "359690 B"
        }
    ], 
    "nextOffset": 12, 
    "queryContext": {
        "alterationMethod": "AM_JustChangeIt", 
        "alterationType": "CombinedAlterationsChained", 
        "originalQuery": "site:(thepaper.cn or chinadaily.com.cn or china.com.cn or chinanews.com or youth.cn or sina.com.cn or xinhuanet.com or cri.cn or 163.com or cankaoxiaoxi.com or cctv.com or ifeng.com or qq.com or takungpao.com or people.com.cn or southcn.com or southcn.com or cnr.cn or people.com.cn or cyol.com or bjnews.com.cn or gmw.cn or dahe.cn or xfrb.com.cn or cqnews.net or lifeweek.com.cn or cpd.com.cn or haiwainet.cn or yidianzixun.com or ftchinese.com or guancha.cn or zhcw.com or huanqiu.com or ihuawen.com or nytimes.com or flickr.com or quanjing.com or vcg.com or gettyimages.co.uk or paixin.com) 我能 做到", 
        "alterationOverrideQuery": "+site:(thepaper.cn or chinadaily.com.cn or china.com.cn or chinanews.com or youth.cn or sina.com.cn or xinhuanet.com or cri.cn or 163.com or cankaoxiaoxi.com or cctv.com or ifeng.com or qq.com or takungpao.com or people.com.cn or southcn.com or southcn.com or cnr.cn or people.com.cn or cyol.com or bjnews.com.cn or gmw.cn or dahe.cn or xfrb.com.cn or cqnews.net or lifeweek.com.cn or cpd.com.cn or haiwainet.cn or yidianzixun.com or ftchinese.com or guancha.cn or zhcw.com or huanqiu.com or ihuawen.com or nytimes.com or flickr.com or quanjing.com or vcg.com or gettyimages.co.uk or paixin.com) 我能 做到", 
        "alterationDisplayQuery": "我 能 做到"
    }, 
    "currentOffset": 0, 
    "readLink": "images/search?q=site:(thepaper.cn or chinadaily.com.cn or china.com.cn or chinanews.com or youth.cn or sina.com.cn or xinhuanet.com or cri.cn or 163.com or cankaoxiaoxi.com or cctv.com or ifeng.com or qq.com or takungpao.com or people.com.cn or southcn.com or southcn.com or cnr.cn or people.com.cn or cyol.com or bjnews.com.cn or gmw.cn or dahe.cn or xfrb.com.cn or cqnews.net or lifeweek.com.cn or cpd.com.cn or haiwainet.cn or yidianzixun.com or ftchinese.com or guancha.cn or zhcw.com or huanqiu.com or ihuawen.com or nytimes.com or flickr.com or quanjing.com or vcg.com or gettyimages.co.uk or paixin.com) 我能 做到", 
    "totalEstimatedMatches": 100, 
    "relatedSearches": [
        {
            "text": "二年级开学我会做到", 
            "displayText": "二年级开学我会做到", 
            "thumbnail": {
                "thumbnailUrl": "https://tse1.mm.bing.net/th?q=%e4%ba%8c%e5%b9%b4%e7%ba%a7%e5%bc%80%e5%ad%a6%e6%88%91%e4%bc%9a%e5%81%9a%e5%88%b0&pid=Api&mkt=zh-CN&adlt=strict&t=1"
            }, 
            "searchLink": "https://api.cognitive.microsoft.com/api/v7/images/search?q=%e4%ba%8c%e5%b9%b4%e7%ba%a7%e5%bc%80%e5%ad%a6%e6%88%91%e4%bc%9a%e5%81%9a%e5%88%b0", 
            "webSearchUrl": "https://www.bing.com/images/search?q=%e4%ba%8c%e5%b9%b4%e7%ba%a7%e5%bc%80%e5%ad%a6%e6%88%91%e4%bc%9a%e5%81%9a%e5%88%b0&FORM=IRPATC"
        }, 
        {
            "text": "驭电第一百零二章 答应您的", 
            "displayText": "驭电第一百零二章 答应您的", 
            "thumbnail": {
                "thumbnailUrl": "https://tse1.mm.bing.net/th?q=%e9%a9%ad%e7%94%b5%e7%ac%ac%e4%b8%80%e7%99%be%e9%9b%b6%e4%ba%8c%e7%ab%a0+%e7%ad%94%e5%ba%94%e6%82%a8%e7%9a%84&pid=Api&mkt=zh-CN&adlt=strict&t=1"
            }, 
            "searchLink": "https://api.cognitive.microsoft.com/api/v7/images/search?q=%e9%a9%ad%e7%94%b5%e7%ac%ac%e4%b8%80%e7%99%be%e9%9b%b6%e4%ba%8c%e7%ab%a0+%e7%ad%94%e5%ba%94%e6%82%a8%e7%9a%84", 
            "webSearchUrl": "https://www.bing.com/images/search?q=%e9%a9%ad%e7%94%b5%e7%ac%ac%e4%b8%80%e7%99%be%e9%9b%b6%e4%ba%8c%e7%ab%a0+%e7%ad%94%e5%ba%94%e6%82%a8%e7%9a%84&FORM=IRPATC"
        }, 
        {
            "text": "我做到了", 
            "displayText": "我做到了", 
            "thumbnail": {
                "thumbnailUrl": "https://tse2.mm.bing.net/th?q=%e6%88%91%e5%81%9a%e5%88%b0%e4%ba%86&pid=Api&mkt=zh-CN&adlt=strict&t=1"
            }, 
            "searchLink": "https://api.cognitive.microsoft.com/api/v7/images/search?q=%e6%88%91%e5%81%9a%e5%88%b0%e4%ba%86", 
            "webSearchUrl": "https://www.bing.com/images/search?q=%e6%88%91%e5%81%9a%e5%88%b0%e4%ba%86&FORM=IRPATC"
        }, 
        {
            "text": "馭電第一百零二章 答應您的", 
            "displayText": "馭電第一百零二章 答應您的", 
            "thumbnail": {
                "thumbnailUrl": "https://tse2.mm.bing.net/th?q=%e9%a6%ad%e9%9b%bb%e7%ac%ac%e4%b8%80%e7%99%be%e9%9b%b6%e4%ba%8c%e7%ab%a0+%e7%ad%94%e6%87%89%e6%82%a8%e7%9a%84&pid=Api&mkt=zh-CN&adlt=strict&t=1"
            }, 
            "searchLink": "https://api.cognitive.microsoft.com/api/v7/images/search?q=%e9%a6%ad%e9%9b%bb%e7%ac%ac%e4%b8%80%e7%99%be%e9%9b%b6%e4%ba%8c%e7%ab%a0+%e7%ad%94%e6%87%89%e6%82%a8%e7%9a%84", 
            "webSearchUrl": "https://www.bing.com/images/search?q=%e9%a6%ad%e9%9b%bb%e7%ac%ac%e4%b8%80%e7%99%be%e9%9b%b6%e4%ba%8c%e7%ab%a0+%e7%ad%94%e6%87%89%e6%82%a8%e7%9a%84&FORM=IRPATC"
        }
    ]
}