{
    "instrumentation": {
        "_type": "ResponseInstrumentation"
    }, 
    "_type": "Images", 
    "webSearchUrl": "https://www.bing.com/images/search?q=site:(thepaper.cn or chinadaily.com.cn or china.com.cn or chinanews.com or youth.cn or sina.com.cn or xinhuanet.com or cri.cn or 163.com or cankaoxiaoxi.com or cctv.com or ifeng.com or qq.com or takungpao.com or people.com.cn or southcn.com or southcn.com or cnr.cn or people.com.cn or cyol.com or bjnews.com.cn or gmw.cn or dahe.cn or xfrb.com.cn or cqnews.net or lifeweek.com.cn or cpd.com.cn or haiwainet.cn or yidianzixun.com or ftchinese.com or guancha.cn or zhcw.com or huanqiu.com or ihuawen.com or nytimes.com or flickr.com or quanjing.com or vcg.com or gettyimages.co.uk or paixin.com) 记得 这场 比赛 罗斯 补充 说&FORM=OIIARP", 
    "value": [
        {
            "contentUrl": "http://n.sinaimg.cn/sports/crawl/59/w550h309/20180427/sDzs-fztkpip2103240.jpg", 
            "insightsMetadata": {
                "pagesIncludingCount": 2, 
                "availableSizesCount": 2
            }, 
            "height": 309, 
            "accentColor": "A25F29", 
            "hostPageDisplayUrl": "sports.sina.com.cn/basketball/nba/2018-04-27/doc...", 
            "name": "亲爱的德里克-罗斯，我们奉陪到底！_NBA_新浪竞技风暴_新浪网", 
            "width": 550, 
            "imageInsightsToken": "ccid_2c3iMFXY*mid_FD4858E0FD8BEA1752C13D5620A1282235B14B53*simid_608022820698132368*thid_OIP.2c3iMFXY07Ul3HN4U!_DDKAHaEK", 
            "imageId": "FD4858E0FD8BEA1752C13D5620A1282235B14B53", 
            "isFamilyFriendly": true, 
            "datePublished": "2018-04-27T07:22:00.0000000Z", 
            "encodingFormat": "jpeg", 
            "webSearchUrl": "https://www.bing.com/images/search?view=detailv2&FORM=OIIRPO&q=site%3a(thepaper.cn+or+chinadaily.com.cn+or+china.com.cn+or+chinanews.com+or+youth.cn+or+sina.com.cn+or+xinhuanet.com+or+cri.cn+or+163.com+or+cankaoxiaoxi.com+or+cctv.com+or+ifeng.com+or+qq.com+or+takungpao.com+or+people.com.cn+or+southcn.com+or+southcn.com+or+cnr.cn+or+people.com.cn+or+cyol.com+or+bjnews.com.cn+or+gmw.cn+or+dahe.cn+or+xfrb.com.cn+or+cqnews.net+or+lifeweek.com.cn+or+cpd.com.cn+or+haiwainet.cn+or+yidianzixun.com+or+ftchinese.com+or+guancha.cn+or+zhcw.com+or+huanqiu.com+or+ihuawen.com+or+nytimes.com+or+flickr.com+or+quanjing.com+or+vcg.com+or+gettyimages.co.uk+or+paixin.com)+%e8%ae%b0%e5%be%97+%e8%bf%99%e5%9c%ba+%e6%af%94%e8%b5%9b+%e7%bd%97%e6%96%af+%e8%a1%a5%e5%85%85+%e8%af%b4&id=FD4858E0FD8BEA1752C13D5620A1282235B14B53&simid=608022820698132368", 
            "hostPageUrl": "http://sports.sina.com.cn/basketball/nba/2018-04-27/doc-ifztkpip2181012.shtml", 
            "thumbnailUrl": "https://tse2.mm.bing.net/th?id=OIP.2c3iMFXY07Ul3HN4U_DDKAHaEK&pid=Api", 
            "thumbnail": {
                "width": 474, 
                "height": 266
            }, 
            "contentSize": "26158 B"
        }, 
        {
            "contentUrl": "http://n.sinaimg.cn/sports/gif_image/575/w295h280/20180321/fn5W-fyskeue0995926.gif", 
            "insightsMetadata": {
                "pagesIncludingCount": 7, 
                "availableSizesCount": 3
            }, 
            "height": 280, 
            "proxyContentUrl": "https://tse2.mm.bing.net/th?id=OGC.239f26b6e72ca21258b52c7cda573231&pid=Api&rurl=http%3a%2f%2fn.sinaimg.cn%2fsports%2fgif_image%2f575%2fw295h280%2f20180321%2ffn5W-fyskeue0995926.gif&ehk=8UN%2bN5IGemGm%2bCCjNVCT5w", 
            "hostPageDisplayUrl": "sports.sina.com.cn/basketball/nba/2018-03-21/doc...", 
            "name": "真是怕什么来什么！罗斯又伤了 欧文也不乐观_NBA_新浪竞技风暴 ...", 
            "width": 295, 
            "imageInsightsToken": "ccid_I58mtucs*mid_3AEAF225617E94F7F698BE55677684A82C0CF943*simid_608032999752795403*thid_OIP.I58mtucsohJYtSx82lcyMQAAAA", 
            "imageId": "3AEAF225617E94F7F698BE55677684A82C0CF943", 
            "isFamilyFriendly": true, 
            "datePublished": "2018-03-21T11:41:00.0000000Z", 
            "encodingFormat": "animatedgif", 
            "webSearchUrl": "https://www.bing.com/images/search?view=detailv2&FORM=OIIRPO&q=site%3a(thepaper.cn+or+chinadaily.com.cn+or+china.com.cn+or+chinanews.com+or+youth.cn+or+sina.com.cn+or+xinhuanet.com+or+cri.cn+or+163.com+or+cankaoxiaoxi.com+or+cctv.com+or+ifeng.com+or+qq.com+or+takungpao.com+or+people.com.cn+or+southcn.com+or+southcn.com+or+cnr.cn+or+people.com.cn+or+cyol.com+or+bjnews.com.cn+or+gmw.cn+or+dahe.cn+or+xfrb.com.cn+or+cqnews.net+or+lifeweek.com.cn+or+cpd.com.cn+or+haiwainet.cn+or+yidianzixun.com+or+ftchinese.com+or+guancha.cn+or+zhcw.com+or+huanqiu.com+or+ihuawen.com+or+nytimes.com+or+flickr.com+or+quanjing.com+or+vcg.com+or+gettyimages.co.uk+or+paixin.com)+%e8%ae%b0%e5%be%97+%e8%bf%99%e5%9c%ba+%e6%af%94%e8%b5%9b+%e7%bd%97%e6%96%af+%e8%a1%a5%e5%85%85+%e8%af%b4&id=3AEAF225617E94F7F698BE55677684A82C0CF943&simid=608032999752795403", 
            "hostPageUrl": "http://sports.sina.com.cn/basketball/nba/2018-03-21/doc-ifyskeue1023373.shtml", 
            "accentColor": "222964", 
            "thumbnailUrl": "https://tse4.mm.bing.net/th?id=OIP.I58mtucsohJYtSx82lcyMQAAAA&pid=Api", 
            "thumbnail": {
                "width": 295, 
                "height": 280
            }, 
            "contentSize": "2094205 B"
        }, 
        {
            "contentUrl": "http://n.sinaimg.cn/sports/crawl/56/w550h306/20180427/bHwC-fztkpip2103307.jpg", 
            "insightsMetadata": {
                "pagesIncludingCount": 1, 
                "availableSizesCount": 1
            }, 
            "height": 306, 
            "accentColor": "303F66", 
            "hostPageDisplayUrl": "sports.sina.com.cn/basketball/nba/2018-04-27/doc...", 
            "name": "亲爱的德里克-罗斯，我们奉陪到底！_NBA_新浪竞技风暴_新浪网", 
            "width": 550, 
            "imageInsightsToken": "ccid_ZdF5HBI+*mid_FD4858E0FD8BEA1752C15B7FC583E9DF6531A182*simid_607996608504988155*thid_OIP.ZdF5HBI-mzfvRPb9zM9eEQHaEH", 
            "imageId": "FD4858E0FD8BEA1752C15B7FC583E9DF6531A182", 
            "isFamilyFriendly": true, 
            "datePublished": "2018-04-27T07:22:00.0000000Z", 
            "encodingFormat": "jpeg", 
            "webSearchUrl": "https://www.bing.com/images/search?view=detailv2&FORM=OIIRPO&q=site%3a(thepaper.cn+or+chinadaily.com.cn+or+china.com.cn+or+chinanews.com+or+youth.cn+or+sina.com.cn+or+xinhuanet.com+or+cri.cn+or+163.com+or+cankaoxiaoxi.com+or+cctv.com+or+ifeng.com+or+qq.com+or+takungpao.com+or+people.com.cn+or+southcn.com+or+southcn.com+or+cnr.cn+or+people.com.cn+or+cyol.com+or+bjnews.com.cn+or+gmw.cn+or+dahe.cn+or+xfrb.com.cn+or+cqnews.net+or+lifeweek.com.cn+or+cpd.com.cn+or+haiwainet.cn+or+yidianzixun.com+or+ftchinese.com+or+guancha.cn+or+zhcw.com+or+huanqiu.com+or+ihuawen.com+or+nytimes.com+or+flickr.com+or+quanjing.com+or+vcg.com+or+gettyimages.co.uk+or+paixin.com)+%e8%ae%b0%e5%be%97+%e8%bf%99%e5%9c%ba+%e6%af%94%e8%b5%9b+%e7%bd%97%e6%96%af+%e8%a1%a5%e5%85%85+%e8%af%b4&id=FD4858E0FD8BEA1752C15B7FC583E9DF6531A182&simid=607996608504988155", 
            "hostPageUrl": "http://sports.sina.com.cn/basketball/nba/2018-04-27/doc-ifztkpip2181012.shtml", 
            "thumbnailUrl": "https://tse1.mm.bing.net/th?id=OIP.ZdF5HBI-mzfvRPb9zM9eEQHaEH&pid=Api", 
            "thumbnail": {
                "width": 474, 
                "height": 263
            }, 
            "contentSize": "30862 B"
        }, 
        {
            "contentUrl": "http://i2.sinaimg.cn/ty/k/2012-08-19/U6593P6T12D6194225F44DT20120819001350.JPG", 
            "insightsMetadata": {
                "pagesIncludingCount": 1, 
                "availableSizesCount": 1
            }, 
            "height": 267, 
            "accentColor": "AB2028", 
            "hostPageDisplayUrl": "sports.sina.com.cn/k/2012-08-19/00036194225.shtml", 
            "name": "罗斯回忆受伤：检查时一直在祈祷 那感觉接近死亡_篮球-NBA_新浪 ...", 
            "width": 550, 
            "imageInsightsToken": "ccid_nkXB5m+i*mid_635015B469A192EB16D0E8D62FE1315D9DA5F288*simid_608052627731384252*thid_OIP.nkXB5m-iJQ8t3QO4FLxAwgHaDm", 
            "imageId": "635015B469A192EB16D0E8D62FE1315D9DA5F288", 
            "isFamilyFriendly": true, 
            "datePublished": "2012-08-18T16:08:00.0000000Z", 
            "encodingFormat": "jpeg", 
            "webSearchUrl": "https://www.bing.com/images/search?view=detailv2&FORM=OIIRPO&q=site%3a(thepaper.cn+or+chinadaily.com.cn+or+china.com.cn+or+chinanews.com+or+youth.cn+or+sina.com.cn+or+xinhuanet.com+or+cri.cn+or+163.com+or+cankaoxiaoxi.com+or+cctv.com+or+ifeng.com+or+qq.com+or+takungpao.com+or+people.com.cn+or+southcn.com+or+southcn.com+or+cnr.cn+or+people.com.cn+or+cyol.com+or+bjnews.com.cn+or+gmw.cn+or+dahe.cn+or+xfrb.com.cn+or+cqnews.net+or+lifeweek.com.cn+or+cpd.com.cn+or+haiwainet.cn+or+yidianzixun.com+or+ftchinese.com+or+guancha.cn+or+zhcw.com+or+huanqiu.com+or+ihuawen.com+or+nytimes.com+or+flickr.com+or+quanjing.com+or+vcg.com+or+gettyimages.co.uk+or+paixin.com)+%e8%ae%b0%e5%be%97+%e8%bf%99%e5%9c%ba+%e6%af%94%e8%b5%9b+%e7%bd%97%e6%96%af+%e8%a1%a5%e5%85%85+%e8%af%b4&id=635015B469A192EB16D0E8D62FE1315D9DA5F288&simid=608052627731384252", 
            "hostPageUrl": "http://sports.sina.com.cn/k/2012-08-19/00036194225.shtml", 
            "thumbnailUrl": "https://tse1.mm.bing.net/th?id=OIP.nkXB5m-iJQ8t3QO4FLxAwgHaDm&pid=Api", 
            "thumbnail": {
                "width": 474, 
                "height": 230
            }, 
            "contentSize": "35626 B"
        }, 
        {
            "contentUrl": "http://img1.gtimg.com/sports/pics/hv1/152/29/2052/133438847.jpg", 
            "insightsMetadata": {
                "pagesIncludingCount": 4, 
                "availableSizesCount": 3
            }, 
            "height": 400, 
            "accentColor": "666666", 
            "hostPageDisplayUrl": "sports.qq.com/original/nba/kobe24005.html", 
            "name": "再见，了不起的“混蛋”_NBA_腾讯体育_腾讯网", 
            "width": 850, 
            "imageInsightsToken": "ccid_MGABcswd*mid_10FD32E7F190E76B3D3EB3EC0EC9A015DC88B49F*simid_607991338582020015*thid_OIP.MGABcswdBULwX5HEJXgvNwHaDf", 
            "imageId": "10FD32E7F190E76B3D3EB3EC0EC9A015DC88B49F", 
            "isFamilyFriendly": true, 
            "datePublished": "2016-04-14T00:29:00.0000000Z", 
            "encodingFormat": "jpeg", 
            "webSearchUrl": "https://www.bing.com/images/search?view=detailv2&FORM=OIIRPO&q=site%3a(thepaper.cn+or+chinadaily.com.cn+or+china.com.cn+or+chinanews.com+or+youth.cn+or+sina.com.cn+or+xinhuanet.com+or+cri.cn+or+163.com+or+cankaoxiaoxi.com+or+cctv.com+or+ifeng.com+or+qq.com+or+takungpao.com+or+people.com.cn+or+southcn.com+or+southcn.com+or+cnr.cn+or+people.com.cn+or+cyol.com+or+bjnews.com.cn+or+gmw.cn+or+dahe.cn+or+xfrb.com.cn+or+cqnews.net+or+lifeweek.com.cn+or+cpd.com.cn+or+haiwainet.cn+or+yidianzixun.com+or+ftchinese.com+or+guancha.cn+or+zhcw.com+or+huanqiu.com+or+ihuawen.com+or+nytimes.com+or+flickr.com+or+quanjing.com+or+vcg.com+or+gettyimages.co.uk+or+paixin.com)+%e8%ae%b0%e5%be%97+%e8%bf%99%e5%9c%ba+%e6%af%94%e8%b5%9b+%e7%bd%97%e6%96%af+%e8%a1%a5%e5%85%85+%e8%af%b4&id=10FD32E7F190E76B3D3EB3EC0EC9A015DC88B49F&simid=607991338582020015", 
            "hostPageUrl": "http://sports.qq.com/original/nba/kobe24005.html", 
            "thumbnailUrl": "https://tse2.mm.bing.net/th?id=OIP.MGABcswdBULwX5HEJXgvNwHaDf&pid=Api", 
            "thumbnail": {
                "width": 474, 
                "height": 223
            }, 
            "contentSize": "104559 B"
        }, 
        {
            "contentUrl": "http://n.sinaimg.cn/sports/gif_image/20170329/JOUA-fycstxp5315100.gif", 
            "insightsMetadata": {
                "pagesIncludingCount": 1, 
                "availableSizesCount": 1
            }, 
            "height": 239, 
            "proxyContentUrl": "https://tse3.mm.bing.net/th?id=OGC.f6287fec3629ff458f0ddcd93da2a877&pid=Api&rurl=http%3a%2f%2fn.sinaimg.cn%2fsports%2fgif_image%2f20170329%2fJOUA-fycstxp5315100.gif&ehk=9Q%2fhRqOs%2fRXZRMvuizl%2fkA", 
            "hostPageDisplayUrl": "news.takungpao.com/hkol/headline/2017-04/content_20767692...", 
            "name": "蓝盾在线 殡仪公司运尸6.8公里要价3800 被疑乱收费_大公资讯_大公网", 
            "width": 535, 
            "imageInsightsToken": "ccid_9ih/7DYp*mid_7144384A2A82DCBA13CA38B5131458BB7BBEBC05*simid_608020922283328437*thid_OIP.9ih!_7DYp!_0WPDdzZPaKodwHaDT", 
            "imageId": "7144384A2A82DCBA13CA38B5131458BB7BBEBC05", 
            "isFamilyFriendly": true, 
            "datePublished": "2017-04-20T12:26:00.0000000Z", 
            "encodingFormat": "animatedgif", 
            "webSearchUrl": "https://www.bing.com/images/search?view=detailv2&FORM=OIIRPO&q=site%3a(thepaper.cn+or+chinadaily.com.cn+or+china.com.cn+or+chinanews.com+or+youth.cn+or+sina.com.cn+or+xinhuanet.com+or+cri.cn+or+163.com+or+cankaoxiaoxi.com+or+cctv.com+or+ifeng.com+or+qq.com+or+takungpao.com+or+people.com.cn+or+southcn.com+or+southcn.com+or+cnr.cn+or+people.com.cn+or+cyol.com+or+bjnews.com.cn+or+gmw.cn+or+dahe.cn+or+xfrb.com.cn+or+cqnews.net+or+lifeweek.com.cn+or+cpd.com.cn+or+haiwainet.cn+or+yidianzixun.com+or+ftchinese.com+or+guancha.cn+or+zhcw.com+or+huanqiu.com+or+ihuawen.com+or+nytimes.com+or+flickr.com+or+quanjing.com+or+vcg.com+or+gettyimages.co.uk+or+paixin.com)+%e8%ae%b0%e5%be%97+%e8%bf%99%e5%9c%ba+%e6%af%94%e8%b5%9b+%e7%bd%97%e6%96%af+%e8%a1%a5%e5%85%85+%e8%af%b4&id=7144384A2A82DCBA13CA38B5131458BB7BBEBC05&simid=608020922283328437", 
            "hostPageUrl": "http://news.takungpao.com/hkol/headline/2017-04/content_20767692.html", 
            "accentColor": "793026", 
            "thumbnailUrl": "https://tse3.mm.bing.net/th?id=OIP.9ih_7DYp_0WPDdzZPaKodwHaDT&pid=Api", 
            "thumbnail": {
                "width": 474, 
                "height": 211
            }, 
            "contentSize": "4598057 B"
        }, 
        {
            "contentUrl": "http://inews.gtimg.com/newsapp_bt/0/2354802314/641", 
            "insightsMetadata": {
                "pagesIncludingCount": 2, 
                "availableSizesCount": 1
            }, 
            "height": 360, 
            "accentColor": "525279", 
            "hostPageDisplayUrl": "https://sports.qq.com/a/20171126/005362.htm", 
            "name": "苏群：玫瑰尚未绽放哪堪凋零 罗斯不会做现实的逃兵_体育_腾讯网", 
            "width": 541, 
            "imageInsightsToken": "ccid_JOzLUzi3*mid_A7614FA21F69CFE6D0D6E436A1981C2A958F1CAC*simid_608001496161257044*thid_OIP.JOzLUzi3fSy4widZPfYXgQHaE7", 
            "imageId": "A7614FA21F69CFE6D0D6E436A1981C2A958F1CAC", 
            "isFamilyFriendly": true, 
            "datePublished": "2019-02-19T15:44:00.0000000Z", 
            "encodingFormat": "jpeg", 
            "webSearchUrl": "https://www.bing.com/images/search?view=detailv2&FORM=OIIRPO&q=site%3a(thepaper.cn+or+chinadaily.com.cn+or+china.com.cn+or+chinanews.com+or+youth.cn+or+sina.com.cn+or+xinhuanet.com+or+cri.cn+or+163.com+or+cankaoxiaoxi.com+or+cctv.com+or+ifeng.com+or+qq.com+or+takungpao.com+or+people.com.cn+or+southcn.com+or+southcn.com+or+cnr.cn+or+people.com.cn+or+cyol.com+or+bjnews.com.cn+or+gmw.cn+or+dahe.cn+or+xfrb.com.cn+or+cqnews.net+or+lifeweek.com.cn+or+cpd.com.cn+or+haiwainet.cn+or+yidianzixun.com+or+ftchinese.com+or+guancha.cn+or+zhcw.com+or+huanqiu.com+or+ihuawen.com+or+nytimes.com+or+flickr.com+or+quanjing.com+or+vcg.com+or+gettyimages.co.uk+or+paixin.com)+%e8%ae%b0%e5%be%97+%e8%bf%99%e5%9c%ba+%e6%af%94%e8%b5%9b+%e7%bd%97%e6%96%af+%e8%a1%a5%e5%85%85+%e8%af%b4&id=A7614FA21F69CFE6D0D6E436A1981C2A958F1CAC&simid=608001496161257044", 
            "hostPageUrl": "https://sports.qq.com/a/20171126/005362.htm", 
            "thumbnailUrl": "https://tse3.mm.bing.net/th?id=OIP.JOzLUzi3fSy4widZPfYXgQHaE7&pid=Api", 
            "thumbnail": {
                "width": 474, 
                "height": 315
            }, 
            "contentSize": "39807 B"
        }, 
        {
            "contentUrl": "http://inews.gtimg.com/newsapp_match/0/2448783069/0", 
            "insightsMetadata": {
                "pagesIncludingCount": 2, 
                "availableSizesCount": 1
            }, 
            "height": 264, 
            "proxyContentUrl": "https://tse1.mm.bing.net/th?id=OGC.2060edb2bc54ed8c6f9ae6e94f107340&pid=Api&rurl=http%3a%2f%2finews.gtimg.com%2fnewsapp_match%2f0%2f2448783069%2f0&ehk=X5RtnkYq5IbtXQYEMxn%2bpg", 
            "hostPageDisplayUrl": "sports.qq.com/a/20171209/010200.htm", 
            "name": "还记得13年前那场球吗？一位白衣少侠创造了奇迹_体育_腾讯网", 
            "width": 500, 
            "imageInsightsToken": "ccid_IGDtsrxU*mid_C1ECC47109B6BCF9DFA3624518AEFA3D2C0F1B32*simid_608008033123830778*thid_OIP.IGDtsrxU7YxvmubpTxBzQAHaD6", 
            "imageId": "C1ECC47109B6BCF9DFA3624518AEFA3D2C0F1B32", 
            "isFamilyFriendly": true, 
            "datePublished": "2017-12-09T10:42:00.0000000Z", 
            "encodingFormat": "animatedgif", 
            "webSearchUrl": "https://www.bing.com/images/search?view=detailv2&FORM=OIIRPO&q=site%3a(thepaper.cn+or+chinadaily.com.cn+or+china.com.cn+or+chinanews.com+or+youth.cn+or+sina.com.cn+or+xinhuanet.com+or+cri.cn+or+163.com+or+cankaoxiaoxi.com+or+cctv.com+or+ifeng.com+or+qq.com+or+takungpao.com+or+people.com.cn+or+southcn.com+or+southcn.com+or+cnr.cn+or+people.com.cn+or+cyol.com+or+bjnews.com.cn+or+gmw.cn+or+dahe.cn+or+xfrb.com.cn+or+cqnews.net+or+lifeweek.com.cn+or+cpd.com.cn+or+haiwainet.cn+or+yidianzixun.com+or+ftchinese.com+or+guancha.cn+or+zhcw.com+or+huanqiu.com+or+ihuawen.com+or+nytimes.com+or+flickr.com+or+quanjing.com+or+vcg.com+or+gettyimages.co.uk+or+paixin.com)+%e8%ae%b0%e5%be%97+%e8%bf%99%e5%9c%ba+%e6%af%94%e8%b5%9b+%e7%bd%97%e6%96%af+%e8%a1%a5%e5%85%85+%e8%af%b4&id=C1ECC47109B6BCF9DFA3624518AEFA3D2C0F1B32&simid=608008033123830778", 
            "hostPageUrl": "http://sports.qq.com/a/20171209/010200.htm", 
            "accentColor": "A66F25", 
            "thumbnailUrl": "https://tse2.mm.bing.net/th?id=OIP.IGDtsrxU7YxvmubpTxBzQAHaD6&pid=Api", 
            "thumbnail": {
                "width": 474, 
                "height": 250
            }, 
            "contentSize": "3353459 B"
        }, 
        {
            "contentUrl": "http://img1.gtimg.com/sports/pics/hv1/235/29/2052/133438930.jpg", 
            "insightsMetadata": {
                "pagesIncludingCount": 1, 
                "availableSizesCount": 1
            }, 
            "height": 550, 
            "accentColor": "A72426", 
            "hostPageDisplayUrl": "sports.qq.com/original/nba/kobe24005.html", 
            "name": "再见，了不起的“混蛋”_NBA_腾讯体育_腾讯网", 
            "width": 420, 
            "imageInsightsToken": "ccid_GE1cZpQV*mid_10FD32E7F190E76B3D3E83B88D9693CE9003EA2B*simid_608019346025745111*thid_OIP.GE1cZpQVIqehsrUXwIpGnwAAAA", 
            "imageId": "10FD32E7F190E76B3D3E83B88D9693CE9003EA2B", 
            "isFamilyFriendly": true, 
            "datePublished": "2018-10-18T18:11:00.0000000Z", 
            "encodingFormat": "jpeg", 
            "webSearchUrl": "https://www.bing.com/images/search?view=detailv2&FORM=OIIRPO&q=site%3a(thepaper.cn+or+chinadaily.com.cn+or+china.com.cn+or+chinanews.com+or+youth.cn+or+sina.com.cn+or+xinhuanet.com+or+cri.cn+or+163.com+or+cankaoxiaoxi.com+or+cctv.com+or+ifeng.com+or+qq.com+or+takungpao.com+or+people.com.cn+or+southcn.com+or+southcn.com+or+cnr.cn+or+people.com.cn+or+cyol.com+or+bjnews.com.cn+or+gmw.cn+or+dahe.cn+or+xfrb.com.cn+or+cqnews.net+or+lifeweek.com.cn+or+cpd.com.cn+or+haiwainet.cn+or+yidianzixun.com+or+ftchinese.com+or+guancha.cn+or+zhcw.com+or+huanqiu.com+or+ihuawen.com+or+nytimes.com+or+flickr.com+or+quanjing.com+or+vcg.com+or+gettyimages.co.uk+or+paixin.com)+%e8%ae%b0%e5%be%97+%e8%bf%99%e5%9c%ba+%e6%af%94%e8%b5%9b+%e7%bd%97%e6%96%af+%e8%a1%a5%e5%85%85+%e8%af%b4&id=10FD32E7F190E76B3D3E83B88D9693CE9003EA2B&simid=608019346025745111", 
            "hostPageUrl": "http://sports.qq.com/original/nba/kobe24005.html", 
            "thumbnailUrl": "https://tse1.mm.bing.net/th?id=OIP.GE1cZpQVIqehsrUXwIpGnwAAAA&pid=Api", 
            "thumbnail": {
                "width": 420, 
                "height": 550
            }, 
            "contentSize": "92496 B"
        }, 
        {
            "contentUrl": "https://inews.gtimg.com/newsapp_bt/0/6619732216/1000", 
            "insightsMetadata": {
                "pagesIncludingCount": 1, 
                "availableSizesCount": 1
            }, 
            "height": 761, 
            "accentColor": "354063", 
            "hostPageDisplayUrl": "https://new.qq.com/cmsn/20181201/20181201006349.html", 
            "name": "直击-马刺惨败后更衣室寂静无声 波帅主动揽责", 
            "width": 1000, 
            "imageInsightsToken": "ccid_JFyPXckS*mid_16EDF25A9130741A16C9B3DEF4F9F607ACEA2B8F*simid_608053667112617666*thid_OIP.JFyPXckSbONFEsiwauo!_nQHaFo", 
            "imageId": "16EDF25A9130741A16C9B3DEF4F9F607ACEA2B8F", 
            "isFamilyFriendly": true, 
            "datePublished": "2018-12-01T09:04:00.0000000Z", 
            "encodingFormat": "jpeg", 
            "webSearchUrl": "https://www.bing.com/images/search?view=detailv2&FORM=OIIRPO&q=site%3a(thepaper.cn+or+chinadaily.com.cn+or+china.com.cn+or+chinanews.com+or+youth.cn+or+sina.com.cn+or+xinhuanet.com+or+cri.cn+or+163.com+or+cankaoxiaoxi.com+or+cctv.com+or+ifeng.com+or+qq.com+or+takungpao.com+or+people.com.cn+or+southcn.com+or+southcn.com+or+cnr.cn+or+people.com.cn+or+cyol.com+or+bjnews.com.cn+or+gmw.cn+or+dahe.cn+or+xfrb.com.cn+or+cqnews.net+or+lifeweek.com.cn+or+cpd.com.cn+or+haiwainet.cn+or+yidianzixun.com+or+ftchinese.com+or+guancha.cn+or+zhcw.com+or+huanqiu.com+or+ihuawen.com+or+nytimes.com+or+flickr.com+or+quanjing.com+or+vcg.com+or+gettyimages.co.uk+or+paixin.com)+%e8%ae%b0%e5%be%97+%e8%bf%99%e5%9c%ba+%e6%af%94%e8%b5%9b+%e7%bd%97%e6%96%af+%e8%a1%a5%e5%85%85+%e8%af%b4&id=16EDF25A9130741A16C9B3DEF4F9F607ACEA2B8F&simid=608053667112617666", 
            "hostPageUrl": "https://new.qq.com/cmsn/20181201/20181201006349.html", 
            "thumbnailUrl": "https://tse1.mm.bing.net/th?id=OIP.JFyPXckSbONFEsiwauo_nQHaFo&pid=Api", 
            "thumbnail": {
                "width": 474, 
                "height": 360
            }, 
            "contentSize": "92492 B"
        }
    ], 
    "nextOffset": 29, 
    "queryContext": {
        "alterationMethod": "AM_JustChangeIt", 
        "alterationType": "CombinedAlterations", 
        "originalQuery": "site:(thepaper.cn or chinadaily.com.cn or china.com.cn or chinanews.com or youth.cn or sina.com.cn or xinhuanet.com or cri.cn or 163.com or cankaoxiaoxi.com or cctv.com or ifeng.com or qq.com or takungpao.com or people.com.cn or southcn.com or southcn.com or cnr.cn or people.com.cn or cyol.com or bjnews.com.cn or gmw.cn or dahe.cn or xfrb.com.cn or cqnews.net or lifeweek.com.cn or cpd.com.cn or haiwainet.cn or yidianzixun.com or ftchinese.com or guancha.cn or zhcw.com or huanqiu.com or ihuawen.com or nytimes.com or flickr.com or quanjing.com or vcg.com or gettyimages.co.uk or paixin.com) 记得 这场 比赛 罗斯 补充 说", 
        "alterationOverrideQuery": "+site:(thepaper.cn or chinadaily.com.cn or china.com.cn or chinanews.com or youth.cn or sina.com.cn or xinhuanet.com or cri.cn or 163.com or cankaoxiaoxi.com or cctv.com or ifeng.com or qq.com or takungpao.com or people.com.cn or southcn.com or southcn.com or cnr.cn or people.com.cn or cyol.com or bjnews.com.cn or gmw.cn or dahe.cn or xfrb.com.cn or cqnews.net or lifeweek.com.cn or cpd.com.cn or haiwainet.cn or yidianzixun.com or ftchinese.com or guancha.cn or zhcw.com or huanqiu.com or ihuawen.com or nytimes.com or flickr.com or quanjing.com or vcg.com or gettyimages.co.uk or paixin.com) 记得 这场 比赛 罗斯 补充 说", 
        "alterationDisplayQuery": "记得 这 场 比赛 罗 斯 补充 说"
    }, 
    "currentOffset": 0, 
    "readLink": "images/search?q=site:(thepaper.cn or chinadaily.com.cn or china.com.cn or chinanews.com or youth.cn or sina.com.cn or xinhuanet.com or cri.cn or 163.com or cankaoxiaoxi.com or cctv.com or ifeng.com or qq.com or takungpao.com or people.com.cn or southcn.com or southcn.com or cnr.cn or people.com.cn or cyol.com or bjnews.com.cn or gmw.cn or dahe.cn or xfrb.com.cn or cqnews.net or lifeweek.com.cn or cpd.com.cn or haiwainet.cn or yidianzixun.com or ftchinese.com or guancha.cn or zhcw.com or huanqiu.com or ihuawen.com or nytimes.com or flickr.com or quanjing.com or vcg.com or gettyimages.co.uk or paixin.com) 记得 这场 比赛 罗斯 补充 说", 
    "totalEstimatedMatches": 29
}