{
    "instrumentation": {
        "_type": "ResponseInstrumentation"
    }, 
    "_type": "Images", 
    "webSearchUrl": "https://www.bing.com/images/search?q=site:(thepaper.cn or chinadaily.com.cn or china.com.cn or chinanews.com or youth.cn or sina.com.cn or xinhuanet.com or cri.cn or 163.com or cankaoxiaoxi.com or cctv.com or ifeng.com or qq.com or takungpao.com or people.com.cn or southcn.com or southcn.com or cnr.cn or people.com.cn or cyol.com or bjnews.com.cn or gmw.cn or dahe.cn or xfrb.com.cn or cqnews.net or lifeweek.com.cn or cpd.com.cn or haiwainet.cn or yidianzixun.com or ftchinese.com or guancha.cn or zhcw.com or huanqiu.com or ihuawen.com or nytimes.com or flickr.com or quanjing.com or vcg.com or gettyimages.co.uk or paixin.com) 不会 听到&FORM=OIIARP", 
    "value": [
        {
            "contentUrl": "https://imgcache.qq.com/music/photo_new/T005R600x600M000000jjwPy01HK68.jpg?n=1", 
            "insightsMetadata": {
                "pagesIncludingCount": 1, 
                "availableSizesCount": 1
            }, 
            "height": 600, 
            "accentColor": "B93412", 
            "hostPageDisplayUrl": "https://fm.qq.com/album/rd003oDRme2MSVJA_39110_39110", 
            "name": "失恋不能听情歌。_音乐电台_企鹅FM", 
            "width": 600, 
            "imageInsightsToken": "ccid_XZqAqKRG*mid_13FF470B82187E0DE43510DA9521F03D70EC1857*simid_608029434886948242*thid_OIP.XZqAqKRGxlDEz-gBPsJGtAHaHa", 
            "imageId": "13FF470B82187E0DE43510DA9521F03D70EC1857", 
            "isFamilyFriendly": true, 
            "datePublished": "2018-11-14T23:15:00.0000000Z", 
            "encodingFormat": "jpeg", 
            "webSearchUrl": "https://www.bing.com/images/search?view=detailv2&FORM=OIIRPO&q=site%3a(thepaper.cn+or+chinadaily.com.cn+or+china.com.cn+or+chinanews.com+or+youth.cn+or+sina.com.cn+or+xinhuanet.com+or+cri.cn+or+163.com+or+cankaoxiaoxi.com+or+cctv.com+or+ifeng.com+or+qq.com+or+takungpao.com+or+people.com.cn+or+southcn.com+or+southcn.com+or+cnr.cn+or+people.com.cn+or+cyol.com+or+bjnews.com.cn+or+gmw.cn+or+dahe.cn+or+xfrb.com.cn+or+cqnews.net+or+lifeweek.com.cn+or+cpd.com.cn+or+haiwainet.cn+or+yidianzixun.com+or+ftchinese.com+or+guancha.cn+or+zhcw.com+or+huanqiu.com+or+ihuawen.com+or+nytimes.com+or+flickr.com+or+quanjing.com+or+vcg.com+or+gettyimages.co.uk+or+paixin.com)+%e4%b8%8d%e4%bc%9a+%e5%90%ac%e5%88%b0&id=13FF470B82187E0DE43510DA9521F03D70EC1857&simid=608029434886948242", 
            "hostPageUrl": "https://fm.qq.com/album/rd003oDRme2MSVJA_39110_39110", 
            "thumbnailUrl": "https://tse4.mm.bing.net/th?id=OIP.XZqAqKRGxlDEz-gBPsJGtAHaHa&pid=Api", 
            "thumbnail": {
                "width": 474, 
                "height": 474
            }, 
            "contentSize": "106447 B"
        }, 
        {
            "contentUrl": "http://inews.gtimg.com/newsapp_match/0/847214341/0", 
            "insightsMetadata": {
                "pagesIncludingCount": 1, 
                "availableSizesCount": 1
            }, 
            "height": 600, 
            "accentColor": "A25329", 
            "hostPageDisplayUrl": "wulumuqi.house.qq.com/a/20161129/012168_7.htm", 
            "name": "房价会涨还是跌 买房能不能听专家的？_频道-乌鲁木_腾讯网", 
            "width": 950, 
            "imageInsightsToken": "ccid_uW0jSjP2*mid_CDBC5A76E7EE6B1B806E0F11B6A7A960F4E17452*simid_607994869044481918*thid_OIP.uW0jSjP2AbIoyTBq!_clGmAHaEr", 
            "imageId": "CDBC5A76E7EE6B1B806E0F11B6A7A960F4E17452", 
            "isFamilyFriendly": true, 
            "datePublished": "2018-07-01T18:54:00.0000000Z", 
            "encodingFormat": "jpeg", 
            "webSearchUrl": "https://www.bing.com/images/search?view=detailv2&FORM=OIIRPO&q=site%3a(thepaper.cn+or+chinadaily.com.cn+or+china.com.cn+or+chinanews.com+or+youth.cn+or+sina.com.cn+or+xinhuanet.com+or+cri.cn+or+163.com+or+cankaoxiaoxi.com+or+cctv.com+or+ifeng.com+or+qq.com+or+takungpao.com+or+people.com.cn+or+southcn.com+or+southcn.com+or+cnr.cn+or+people.com.cn+or+cyol.com+or+bjnews.com.cn+or+gmw.cn+or+dahe.cn+or+xfrb.com.cn+or+cqnews.net+or+lifeweek.com.cn+or+cpd.com.cn+or+haiwainet.cn+or+yidianzixun.com+or+ftchinese.com+or+guancha.cn+or+zhcw.com+or+huanqiu.com+or+ihuawen.com+or+nytimes.com+or+flickr.com+or+quanjing.com+or+vcg.com+or+gettyimages.co.uk+or+paixin.com)+%e4%b8%8d%e4%bc%9a+%e5%90%ac%e5%88%b0&id=CDBC5A76E7EE6B1B806E0F11B6A7A960F4E17452&simid=607994869044481918", 
            "hostPageUrl": "http://wulumuqi.house.qq.com/a/20161129/012168_7.htm", 
            "thumbnailUrl": "https://tse2.mm.bing.net/th?id=OIP.uW0jSjP2AbIoyTBq_clGmAHaEr&pid=Api", 
            "thumbnail": {
                "width": 474, 
                "height": 299
            }, 
            "contentSize": "82102 B"
        }, 
        {
            "contentUrl": "http://img1.gtimg.com/comic/pics/hv1/216/201/2030/132052221.jpg", 
            "insightsMetadata": {
                "pagesIncludingCount": 6, 
                "availableSizesCount": 2
            }, 
            "height": 400, 
            "accentColor": "9A7431", 
            "hostPageDisplayUrl": "comic.qq.com/a/20160305/026397.htm", 
            "name": "《灰与幻想》作者：不会随便听别人的意见_动漫_腾讯网", 
            "width": 640, 
            "imageInsightsToken": "ccid_YSEYLVo4*mid_A8AB36F3347E2027D0B0B3F0F2A5425FD2482DD7*simid_608033751364734518*thid_OIP.YSEYLVo401p9DZMnwUMjTQHaEo", 
            "imageId": "A8AB36F3347E2027D0B0B3F0F2A5425FD2482DD7", 
            "isFamilyFriendly": true, 
            "datePublished": "2016-03-05T03:11:00.0000000Z", 
            "encodingFormat": "jpeg", 
            "webSearchUrl": "https://www.bing.com/images/search?view=detailv2&FORM=OIIRPO&q=site%3a(thepaper.cn+or+chinadaily.com.cn+or+china.com.cn+or+chinanews.com+or+youth.cn+or+sina.com.cn+or+xinhuanet.com+or+cri.cn+or+163.com+or+cankaoxiaoxi.com+or+cctv.com+or+ifeng.com+or+qq.com+or+takungpao.com+or+people.com.cn+or+southcn.com+or+southcn.com+or+cnr.cn+or+people.com.cn+or+cyol.com+or+bjnews.com.cn+or+gmw.cn+or+dahe.cn+or+xfrb.com.cn+or+cqnews.net+or+lifeweek.com.cn+or+cpd.com.cn+or+haiwainet.cn+or+yidianzixun.com+or+ftchinese.com+or+guancha.cn+or+zhcw.com+or+huanqiu.com+or+ihuawen.com+or+nytimes.com+or+flickr.com+or+quanjing.com+or+vcg.com+or+gettyimages.co.uk+or+paixin.com)+%e4%b8%8d%e4%bc%9a+%e5%90%ac%e5%88%b0&id=A8AB36F3347E2027D0B0B3F0F2A5425FD2482DD7&simid=608033751364734518", 
            "hostPageUrl": "http://comic.qq.com/a/20160305/026397.htm", 
            "thumbnailUrl": "https://tse2.mm.bing.net/th?id=OIP.YSEYLVo401p9DZMnwUMjTQHaEo&pid=Api", 
            "thumbnail": {
                "width": 474, 
                "height": 296
            }, 
            "contentSize": "39125 B"
        }, 
        {
            "contentUrl": "http://n.sinaimg.cn/news/transform/20160804/2k2g-fxutfpk4729119.png", 
            "insightsMetadata": {
                "pagesIncludingCount": 2, 
                "availableSizesCount": 1
            }, 
            "height": 259, 
            "accentColor": "739F2C", 
            "hostPageDisplayUrl": "news.sina.com.cn/s/wh/2016-08-04/doc-ifxutfpf1186198.shtml", 
            "name": "乘客出租车上找不到安全带 司机称没有用拆掉了|安全带|出租车 ...", 
            "width": 416, 
            "imageInsightsToken": "ccid_4wMYIUG2*mid_0BA9729B816DDA8363CFA78BBDCF11DA9CE63686*simid_608035439298086306*thid_OIP.4wMYIUG2-oOkURlnpYHlaAHaEn", 
            "imageId": "0BA9729B816DDA8363CFA78BBDCF11DA9CE63686", 
            "isFamilyFriendly": true, 
            "datePublished": "2016-08-04T02:13:00.0000000Z", 
            "encodingFormat": "png", 
            "webSearchUrl": "https://www.bing.com/images/search?view=detailv2&FORM=OIIRPO&q=site%3a(thepaper.cn+or+chinadaily.com.cn+or+china.com.cn+or+chinanews.com+or+youth.cn+or+sina.com.cn+or+xinhuanet.com+or+cri.cn+or+163.com+or+cankaoxiaoxi.com+or+cctv.com+or+ifeng.com+or+qq.com+or+takungpao.com+or+people.com.cn+or+southcn.com+or+southcn.com+or+cnr.cn+or+people.com.cn+or+cyol.com+or+bjnews.com.cn+or+gmw.cn+or+dahe.cn+or+xfrb.com.cn+or+cqnews.net+or+lifeweek.com.cn+or+cpd.com.cn+or+haiwainet.cn+or+yidianzixun.com+or+ftchinese.com+or+guancha.cn+or+zhcw.com+or+huanqiu.com+or+ihuawen.com+or+nytimes.com+or+flickr.com+or+quanjing.com+or+vcg.com+or+gettyimages.co.uk+or+paixin.com)+%e4%b8%8d%e4%bc%9a+%e5%90%ac%e5%88%b0&id=0BA9729B816DDA8363CFA78BBDCF11DA9CE63686&simid=608035439298086306", 
            "hostPageUrl": "http://news.sina.com.cn/s/wh/2016-08-04/doc-ifxutfpf1186198.shtml", 
            "thumbnailUrl": "https://tse3.mm.bing.net/th?id=OIP.4wMYIUG2-oOkURlnpYHlaAHaEn&pid=Api", 
            "thumbnail": {
                "width": 474, 
                "height": 295
            }, 
            "contentSize": "219984 B"
        }, 
        {
            "contentUrl": "http://inews.gtimg.com/newsapp_match/0/847214239/0", 
            "insightsMetadata": {
                "pagesIncludingCount": 2, 
                "availableSizesCount": 2
            }, 
            "height": 348, 
            "accentColor": "AB5C20", 
            "hostPageDisplayUrl": "wulumuqi.house.qq.com/a/20161129/012168.htm", 
            "name": "房价会涨还是跌 买房能不能听专家的？_频道-乌鲁木_腾讯网", 
            "width": 533, 
            "imageInsightsToken": "ccid_OtnyN1L2*mid_44C759D3000FFCB1DD8030F1DEF892E72629350F*simid_608041310517135032*thid_OIP.OtnyN1L27YwlQQF4vjWKRgHaE1", 
            "imageId": "44C759D3000FFCB1DD8030F1DEF892E72629350F", 
            "isFamilyFriendly": true, 
            "datePublished": "2018-03-16T00:01:00.0000000Z", 
            "encodingFormat": "jpeg", 
            "webSearchUrl": "https://www.bing.com/images/search?view=detailv2&FORM=OIIRPO&q=site%3a(thepaper.cn+or+chinadaily.com.cn+or+china.com.cn+or+chinanews.com+or+youth.cn+or+sina.com.cn+or+xinhuanet.com+or+cri.cn+or+163.com+or+cankaoxiaoxi.com+or+cctv.com+or+ifeng.com+or+qq.com+or+takungpao.com+or+people.com.cn+or+southcn.com+or+southcn.com+or+cnr.cn+or+people.com.cn+or+cyol.com+or+bjnews.com.cn+or+gmw.cn+or+dahe.cn+or+xfrb.com.cn+or+cqnews.net+or+lifeweek.com.cn+or+cpd.com.cn+or+haiwainet.cn+or+yidianzixun.com+or+ftchinese.com+or+guancha.cn+or+zhcw.com+or+huanqiu.com+or+ihuawen.com+or+nytimes.com+or+flickr.com+or+quanjing.com+or+vcg.com+or+gettyimages.co.uk+or+paixin.com)+%e4%b8%8d%e4%bc%9a+%e5%90%ac%e5%88%b0&id=44C759D3000FFCB1DD8030F1DEF892E72629350F&simid=608041310517135032", 
            "hostPageUrl": "http://wulumuqi.house.qq.com/a/20161129/012168.htm", 
            "thumbnailUrl": "https://tse3.mm.bing.net/th?id=OIP.OtnyN1L27YwlQQF4vjWKRgHaE1&pid=Api", 
            "thumbnail": {
                "width": 474, 
                "height": 309
            }, 
            "contentSize": "44693 B"
        }, 
        {
            "contentUrl": "http://img4.cache.netease.com/photo/0003/2016-08-25/BVA56MEP00B70003.jpg", 
            "insightsMetadata": {
                "pagesIncludingCount": 1, 
                "availableSizesCount": 1
            }, 
            "height": 520, 
            "accentColor": "B7AF14", 
            "hostPageDisplayUrl": "ent.163.com/photoview/00B70003/608392.html", 
            "name": "费玉清段子表情齐飞 周董也会听不清歌词_网易娱乐", 
            "width": 780, 
            "imageInsightsToken": "ccid_yhZdykUc*mid_13CC871F4F4A7188BC097AA9A27493E99BC3E211*simid_608008883529647168*thid_OIP.yhZdykUcX-teqmc5N2RtjAHaE8", 
            "imageId": "13CC871F4F4A7188BC097AA9A27493E99BC3E211", 
            "isFamilyFriendly": true, 
            "datePublished": "2018-09-23T07:35:00.0000000Z", 
            "encodingFormat": "jpeg", 
            "webSearchUrl": "https://www.bing.com/images/search?view=detailv2&FORM=OIIRPO&q=site%3a(thepaper.cn+or+chinadaily.com.cn+or+china.com.cn+or+chinanews.com+or+youth.cn+or+sina.com.cn+or+xinhuanet.com+or+cri.cn+or+163.com+or+cankaoxiaoxi.com+or+cctv.com+or+ifeng.com+or+qq.com+or+takungpao.com+or+people.com.cn+or+southcn.com+or+southcn.com+or+cnr.cn+or+people.com.cn+or+cyol.com+or+bjnews.com.cn+or+gmw.cn+or+dahe.cn+or+xfrb.com.cn+or+cqnews.net+or+lifeweek.com.cn+or+cpd.com.cn+or+haiwainet.cn+or+yidianzixun.com+or+ftchinese.com+or+guancha.cn+or+zhcw.com+or+huanqiu.com+or+ihuawen.com+or+nytimes.com+or+flickr.com+or+quanjing.com+or+vcg.com+or+gettyimages.co.uk+or+paixin.com)+%e4%b8%8d%e4%bc%9a+%e5%90%ac%e5%88%b0&id=13CC871F4F4A7188BC097AA9A27493E99BC3E211&simid=608008883529647168", 
            "hostPageUrl": "http://ent.163.com/photoview/00B70003/608392.html", 
            "thumbnailUrl": "https://tse1.mm.bing.net/th?id=OIP.yhZdykUcX-teqmc5N2RtjAHaE8&pid=Api", 
            "thumbnail": {
                "width": 474, 
                "height": 316
            }, 
            "contentSize": "104310 B"
        }, 
        {
            "contentUrl": "https://inews.gtimg.com/newsapp_bt/0/7498443968/1000", 
            "insightsMetadata": {
                "pagesIncludingCount": 1, 
                "availableSizesCount": 1
            }, 
            "height": 406, 
            "accentColor": "701E3A", 
            "hostPageDisplayUrl": "https://new.qq.com/omn/20190129/20190129A0QSCH.html", 
            "name": "全网公认失恋不能听的4首歌曲，每1首都非常伤感，第1名最催泪", 
            "width": 609, 
            "imageInsightsToken": "ccid_j2tDYTii*mid_DF0D7B7294FD18516714936083873F22A6D4220D*simid_607998425268817316*thid_OIP.j2tDYTiiWrTMfCzlW0aYegHaE8", 
            "imageId": "DF0D7B7294FD18516714936083873F22A6D4220D", 
            "isFamilyFriendly": true, 
            "datePublished": "2019-01-29T09:51:00.0000000Z", 
            "encodingFormat": "jpeg", 
            "webSearchUrl": "https://www.bing.com/images/search?view=detailv2&FORM=OIIRPO&q=site%3a(thepaper.cn+or+chinadaily.com.cn+or+china.com.cn+or+chinanews.com+or+youth.cn+or+sina.com.cn+or+xinhuanet.com+or+cri.cn+or+163.com+or+cankaoxiaoxi.com+or+cctv.com+or+ifeng.com+or+qq.com+or+takungpao.com+or+people.com.cn+or+southcn.com+or+southcn.com+or+cnr.cn+or+people.com.cn+or+cyol.com+or+bjnews.com.cn+or+gmw.cn+or+dahe.cn+or+xfrb.com.cn+or+cqnews.net+or+lifeweek.com.cn+or+cpd.com.cn+or+haiwainet.cn+or+yidianzixun.com+or+ftchinese.com+or+guancha.cn+or+zhcw.com+or+huanqiu.com+or+ihuawen.com+or+nytimes.com+or+flickr.com+or+quanjing.com+or+vcg.com+or+gettyimages.co.uk+or+paixin.com)+%e4%b8%8d%e4%bc%9a+%e5%90%ac%e5%88%b0&id=DF0D7B7294FD18516714936083873F22A6D4220D&simid=607998425268817316", 
            "hostPageUrl": "https://new.qq.com/omn/20190129/20190129A0QSCH.html", 
            "thumbnailUrl": "https://tse2.mm.bing.net/th?id=OIP.j2tDYTiiWrTMfCzlW0aYegHaE8&pid=Api", 
            "thumbnail": {
                "width": 474, 
                "height": 316
            }, 
            "contentSize": "70853 B"
        }, 
        {
            "contentUrl": "http://y2.ifengimg.com/cmpp/2015/11/30/00/3271e410-04fb-46ea-bfc5-699d520b0ebc_size31_w410_h265.jpg", 
            "insightsMetadata": {
                "pagesIncludingCount": 5, 
                "availableSizesCount": 1
            }, 
            "height": 265, 
            "accentColor": "AA212F", 
            "hostPageDisplayUrl": "news.ifeng.com/a/20151130/46441222_0.shtml", 
            "name": "提问：清朝政府能不能听到广播？|技能|考点_凤凰资讯", 
            "width": 410, 
            "imageInsightsToken": "ccid_Oj3sw4W6*mid_0DC9A0644075285ABEAE892CA71E616C5291D259*simid_608020471307044143*thid_OIP.Oj3sw4W6k8W-I8IgrRdFQgAAAA", 
            "imageId": "0DC9A0644075285ABEAE892CA71E616C5291D259", 
            "isFamilyFriendly": true, 
            "datePublished": "2015-11-29T16:30:00.0000000Z", 
            "encodingFormat": "jpeg", 
            "webSearchUrl": "https://www.bing.com/images/search?view=detailv2&FORM=OIIRPO&q=site%3a(thepaper.cn+or+chinadaily.com.cn+or+china.com.cn+or+chinanews.com+or+youth.cn+or+sina.com.cn+or+xinhuanet.com+or+cri.cn+or+163.com+or+cankaoxiaoxi.com+or+cctv.com+or+ifeng.com+or+qq.com+or+takungpao.com+or+people.com.cn+or+southcn.com+or+southcn.com+or+cnr.cn+or+people.com.cn+or+cyol.com+or+bjnews.com.cn+or+gmw.cn+or+dahe.cn+or+xfrb.com.cn+or+cqnews.net+or+lifeweek.com.cn+or+cpd.com.cn+or+haiwainet.cn+or+yidianzixun.com+or+ftchinese.com+or+guancha.cn+or+zhcw.com+or+huanqiu.com+or+ihuawen.com+or+nytimes.com+or+flickr.com+or+quanjing.com+or+vcg.com+or+gettyimages.co.uk+or+paixin.com)+%e4%b8%8d%e4%bc%9a+%e5%90%ac%e5%88%b0&id=0DC9A0644075285ABEAE892CA71E616C5291D259&simid=608020471307044143", 
            "hostPageUrl": "http://news.ifeng.com/a/20151130/46441222_0.shtml", 
            "thumbnailUrl": "https://tse2.mm.bing.net/th?id=OIP.Oj3sw4W6k8W-I8IgrRdFQgAAAA&pid=Api", 
            "thumbnail": {
                "width": 410, 
                "height": 265
            }, 
            "contentSize": "31845 B"
        }, 
        {
            "contentUrl": "http://img5.cache.netease.com/ent/2015/4/29/201504291418146af3d.jpg", 
            "insightsMetadata": {
                "pagesIncludingCount": 1, 
                "availableSizesCount": 1
            }, 
            "height": 441, 
            "accentColor": "454061", 
            "hostPageDisplayUrl": "ent.163.com/15/0429/14/AOCHJRDU00031GVS.html", 
            "name": "宁静离开助手取钱都不会：一听到疯狂旅行就崩溃_网易娱乐", 
            "width": 550, 
            "imageInsightsToken": "ccid_w/AvfC2n*mid_B0006F86C151705976C6F9C12D1DCBD5CFAE7685*simid_607992618468837575*thid_OIP.w!_AvfC2nwZa81S6qQbJUHwHaF8", 
            "imageId": "B0006F86C151705976C6F9C12D1DCBD5CFAE7685", 
            "isFamilyFriendly": true, 
            "datePublished": "2015-04-29T08:42:00.0000000Z", 
            "encodingFormat": "jpeg", 
            "webSearchUrl": "https://www.bing.com/images/search?view=detailv2&FORM=OIIRPO&q=site%3a(thepaper.cn+or+chinadaily.com.cn+or+china.com.cn+or+chinanews.com+or+youth.cn+or+sina.com.cn+or+xinhuanet.com+or+cri.cn+or+163.com+or+cankaoxiaoxi.com+or+cctv.com+or+ifeng.com+or+qq.com+or+takungpao.com+or+people.com.cn+or+southcn.com+or+southcn.com+or+cnr.cn+or+people.com.cn+or+cyol.com+or+bjnews.com.cn+or+gmw.cn+or+dahe.cn+or+xfrb.com.cn+or+cqnews.net+or+lifeweek.com.cn+or+cpd.com.cn+or+haiwainet.cn+or+yidianzixun.com+or+ftchinese.com+or+guancha.cn+or+zhcw.com+or+huanqiu.com+or+ihuawen.com+or+nytimes.com+or+flickr.com+or+quanjing.com+or+vcg.com+or+gettyimages.co.uk+or+paixin.com)+%e4%b8%8d%e4%bc%9a+%e5%90%ac%e5%88%b0&id=B0006F86C151705976C6F9C12D1DCBD5CFAE7685&simid=607992618468837575", 
            "hostPageUrl": "http://ent.163.com/15/0429/14/AOCHJRDU00031GVS.html", 
            "thumbnailUrl": "https://tse2.mm.bing.net/th?id=OIP.w_AvfC2nwZa81S6qQbJUHwHaF8&pid=Api", 
            "thumbnail": {
                "width": 474, 
                "height": 380
            }, 
            "contentSize": "35249 B"
        }, 
        {
            "contentUrl": "http://i3.sinaimg.cn/ty/nba/2014-11-22/U4933P6T12D7420138F44DT20141122171933.jpg", 
            "insightsMetadata": {
                "pagesIncludingCount": 5, 
                "availableSizesCount": 3
            }, 
            "height": 378, 
            "accentColor": "783928", 
            "hostPageDisplayUrl": "sports.sina.com.cn/nba/2014-11-22/17197420138.shtml", 
            "name": "今日神吐槽：科比的腿不听使唤 但手不能放弃打铁_篮球-NBA_新浪 ...", 
            "width": 550, 
            "imageInsightsToken": "ccid_TqNvDtoW*mid_DE3A8C165C3CF1138A6EA82DA5EE7D27E0F1008B*simid_608046554645201471*thid_OIP.TqNvDtoW2EwGDsZ3K8c43AHaFF", 
            "imageId": "DE3A8C165C3CF1138A6EA82DA5EE7D27E0F1008B", 
            "isFamilyFriendly": true, 
            "datePublished": "2014-11-22T12:00:00.0000000Z", 
            "encodingFormat": "jpeg", 
            "webSearchUrl": "https://www.bing.com/images/search?view=detailv2&FORM=OIIRPO&q=site%3a(thepaper.cn+or+chinadaily.com.cn+or+china.com.cn+or+chinanews.com+or+youth.cn+or+sina.com.cn+or+xinhuanet.com+or+cri.cn+or+163.com+or+cankaoxiaoxi.com+or+cctv.com+or+ifeng.com+or+qq.com+or+takungpao.com+or+people.com.cn+or+southcn.com+or+southcn.com+or+cnr.cn+or+people.com.cn+or+cyol.com+or+bjnews.com.cn+or+gmw.cn+or+dahe.cn+or+xfrb.com.cn+or+cqnews.net+or+lifeweek.com.cn+or+cpd.com.cn+or+haiwainet.cn+or+yidianzixun.com+or+ftchinese.com+or+guancha.cn+or+zhcw.com+or+huanqiu.com+or+ihuawen.com+or+nytimes.com+or+flickr.com+or+quanjing.com+or+vcg.com+or+gettyimages.co.uk+or+paixin.com)+%e4%b8%8d%e4%bc%9a+%e5%90%ac%e5%88%b0&id=DE3A8C165C3CF1138A6EA82DA5EE7D27E0F1008B&simid=608046554645201471", 
            "hostPageUrl": "http://sports.sina.com.cn/nba/2014-11-22/17197420138.shtml", 
            "thumbnailUrl": "https://tse4.mm.bing.net/th?id=OIP.TqNvDtoW2EwGDsZ3K8c43AHaFF&pid=Api", 
            "thumbnail": {
                "width": 474, 
                "height": 325
            }, 
            "contentSize": "39047 B"
        }
    ], 
    "nextOffset": 10, 
    "queryContext": {
        "alterationMethod": "AM_JustChangeIt", 
        "alterationType": "CombinedAlterationsChained", 
        "originalQuery": "site:(thepaper.cn or chinadaily.com.cn or china.com.cn or chinanews.com or youth.cn or sina.com.cn or xinhuanet.com or cri.cn or 163.com or cankaoxiaoxi.com or cctv.com or ifeng.com or qq.com or takungpao.com or people.com.cn or southcn.com or southcn.com or cnr.cn or people.com.cn or cyol.com or bjnews.com.cn or gmw.cn or dahe.cn or xfrb.com.cn or cqnews.net or lifeweek.com.cn or cpd.com.cn or haiwainet.cn or yidianzixun.com or ftchinese.com or guancha.cn or zhcw.com or huanqiu.com or ihuawen.com or nytimes.com or flickr.com or quanjing.com or vcg.com or gettyimages.co.uk or paixin.com) 不会 听到", 
        "alterationOverrideQuery": "+site:(thepaper.cn or chinadaily.com.cn or china.com.cn or chinanews.com or youth.cn or sina.com.cn or xinhuanet.com or cri.cn or 163.com or cankaoxiaoxi.com or cctv.com or ifeng.com or qq.com or takungpao.com or people.com.cn or southcn.com or southcn.com or cnr.cn or people.com.cn or cyol.com or bjnews.com.cn or gmw.cn or dahe.cn or xfrb.com.cn or cqnews.net or lifeweek.com.cn or cpd.com.cn or haiwainet.cn or yidianzixun.com or ftchinese.com or guancha.cn or zhcw.com or huanqiu.com or ihuawen.com or nytimes.com or flickr.com or quanjing.com or vcg.com or gettyimages.co.uk or paixin.com) 不会 听到", 
        "alterationDisplayQuery": "不 会 听到"
    }, 
    "currentOffset": 0, 
    "readLink": "images/search?q=site:(thepaper.cn or chinadaily.com.cn or china.com.cn or chinanews.com or youth.cn or sina.com.cn or xinhuanet.com or cri.cn or 163.com or cankaoxiaoxi.com or cctv.com or ifeng.com or qq.com or takungpao.com or people.com.cn or southcn.com or southcn.com or cnr.cn or people.com.cn or cyol.com or bjnews.com.cn or gmw.cn or dahe.cn or xfrb.com.cn or cqnews.net or lifeweek.com.cn or cpd.com.cn or haiwainet.cn or yidianzixun.com or ftchinese.com or guancha.cn or zhcw.com or huanqiu.com or ihuawen.com or nytimes.com or flickr.com or quanjing.com or vcg.com or gettyimages.co.uk or paixin.com) 不会 听到", 
    "totalEstimatedMatches": 100
}