{
    "instrumentation": {
        "_type": "ResponseInstrumentation"
    }, 
    "_type": "Images", 
    "webSearchUrl": "https://www.bing.com/images/search?q=site:(thepaper.cn or chinadaily.com.cn or china.com.cn or chinanews.com or youth.cn or sina.com.cn or xinhuanet.com or cri.cn or 163.com or cankaoxiaoxi.com or cctv.com or ifeng.com or qq.com or takungpao.com or people.com.cn or southcn.com or southcn.com or cnr.cn or people.com.cn or cyol.com or bjnews.com.cn or gmw.cn or dahe.cn or xfrb.com.cn or cqnews.net or lifeweek.com.cn or cpd.com.cn or haiwainet.cn or yidianzixun.com or ftchinese.com or guancha.cn or zhcw.com or huanqiu.com or ihuawen.com or nytimes.com or flickr.com or quanjing.com or vcg.com or gettyimages.co.uk or paixin.com) 杰克 抽 四次&FORM=OIIARP", 
    "value": [
        {
            "contentUrl": "http://img1.gtimg.com/gamezone/pics/hv1/96/74/1910/124216716.png", 
            "insightsMetadata": {
                "pagesIncludingCount": 1, 
                "availableSizesCount": 1
            }, 
            "height": 258, 
            "accentColor": "AF7A1C", 
            "hostPageDisplayUrl": "games.qq.com/a/20150826/000802.htm", 
            "name": "LOL非卖皮肤稀有度排名：龙瞎才第九_游戏_腾讯网", 
            "width": 132, 
            "imageInsightsToken": "ccid_00/Iy7UG*mid_A96C5B0B37F77102A9605A5A1CE8124364891504*simid_608029941739291240*thid_OIP.00!_Iy7UGrnzvijvrlnWhigAAAA", 
            "imageId": "A96C5B0B37F77102A9605A5A1CE8124364891504", 
            "isFamilyFriendly": true, 
            "datePublished": "2018-07-15T18:16:00.0000000Z", 
            "encodingFormat": "png", 
            "webSearchUrl": "https://www.bing.com/images/search?view=detailv2&FORM=OIIRPO&q=site%3a(thepaper.cn+or+chinadaily.com.cn+or+china.com.cn+or+chinanews.com+or+youth.cn+or+sina.com.cn+or+xinhuanet.com+or+cri.cn+or+163.com+or+cankaoxiaoxi.com+or+cctv.com+or+ifeng.com+or+qq.com+or+takungpao.com+or+people.com.cn+or+southcn.com+or+southcn.com+or+cnr.cn+or+people.com.cn+or+cyol.com+or+bjnews.com.cn+or+gmw.cn+or+dahe.cn+or+xfrb.com.cn+or+cqnews.net+or+lifeweek.com.cn+or+cpd.com.cn+or+haiwainet.cn+or+yidianzixun.com+or+ftchinese.com+or+guancha.cn+or+zhcw.com+or+huanqiu.com+or+ihuawen.com+or+nytimes.com+or+flickr.com+or+quanjing.com+or+vcg.com+or+gettyimages.co.uk+or+paixin.com)+%e6%9d%b0%e5%85%8b+%e6%8a%bd+%e5%9b%9b%e6%ac%a1&id=A96C5B0B37F77102A9605A5A1CE8124364891504&simid=608029941739291240", 
            "hostPageUrl": "http://games.qq.com/a/20150826/000802.htm", 
            "thumbnailUrl": "https://tse3.mm.bing.net/th?id=OIP.00_Iy7UGrnzvijvrlnWhigAAAA&pid=Api", 
            "thumbnail": {
                "width": 132, 
                "height": 258
            }, 
            "contentSize": "50448 B"
        }, 
        {
            "contentUrl": "http://img1.gtimg.com/gamezone/pics/hv1/97/74/1910/124216717.png", 
            "insightsMetadata": {
                "pagesIncludingCount": 2, 
                "availableSizesCount": 1
            }, 
            "height": 266, 
            "accentColor": "B57A16", 
            "hostPageDisplayUrl": "games.qq.com/a/20150826/000802.htm", 
            "name": "LOL非卖皮肤稀有度排名：龙瞎才第九_游戏_腾讯网", 
            "width": 141, 
            "imageInsightsToken": "ccid_5DAkz4Gs*mid_A96C5B0B37F77102A96014EE0128230DB9442EFB*simid_608012083284673568*thid_OIP.5DAkz4GsoDApwykO6E7NEQAAAA", 
            "imageId": "A96C5B0B37F77102A96014EE0128230DB9442EFB", 
            "isFamilyFriendly": true, 
            "datePublished": "2018-07-15T18:16:00.0000000Z", 
            "encodingFormat": "png", 
            "webSearchUrl": "https://www.bing.com/images/search?view=detailv2&FORM=OIIRPO&q=site%3a(thepaper.cn+or+chinadaily.com.cn+or+china.com.cn+or+chinanews.com+or+youth.cn+or+sina.com.cn+or+xinhuanet.com+or+cri.cn+or+163.com+or+cankaoxiaoxi.com+or+cctv.com+or+ifeng.com+or+qq.com+or+takungpao.com+or+people.com.cn+or+southcn.com+or+southcn.com+or+cnr.cn+or+people.com.cn+or+cyol.com+or+bjnews.com.cn+or+gmw.cn+or+dahe.cn+or+xfrb.com.cn+or+cqnews.net+or+lifeweek.com.cn+or+cpd.com.cn+or+haiwainet.cn+or+yidianzixun.com+or+ftchinese.com+or+guancha.cn+or+zhcw.com+or+huanqiu.com+or+ihuawen.com+or+nytimes.com+or+flickr.com+or+quanjing.com+or+vcg.com+or+gettyimages.co.uk+or+paixin.com)+%e6%9d%b0%e5%85%8b+%e6%8a%bd+%e5%9b%9b%e6%ac%a1&id=A96C5B0B37F77102A96014EE0128230DB9442EFB&simid=608012083284673568", 
            "hostPageUrl": "http://games.qq.com/a/20150826/000802.htm", 
            "thumbnailUrl": "https://tse4.mm.bing.net/th?id=OIP.5DAkz4GsoDApwykO6E7NEQAAAA&pid=Api", 
            "thumbnail": {
                "width": 141, 
                "height": 266
            }, 
            "contentSize": "74526 B"
        }, 
        {
            "contentUrl": "http://ossweb-img.qq.com/upload/webplat/info/xd/201309/1379144283_1436653066_15920_imageAddr.jpg", 
            "insightsMetadata": {
                "pagesIncludingCount": 9, 
                "availableSizesCount": 4
            }, 
            "height": 469, 
            "accentColor": "C1220A", 
            "hostPageDisplayUrl": "xd.qq.com/webplat/info/news_version3/1490/2083/2084/2087...", 
            "name": "《炫斗之王》热血内测火爆进行 激活码限时抢-炫斗之王官方网站 ...", 
            "width": 750, 
            "imageInsightsToken": "ccid_LNBhsN7b*mid_3D92943EB5DD7DD9AA5468F4F5121D090140FF0A*simid_608024457067233484*thid_OIP.LNBhsN7b1sTvgD6c0zX-9gHaEo", 
            "imageId": "3D92943EB5DD7DD9AA5468F4F5121D090140FF0A", 
            "isFamilyFriendly": true, 
            "datePublished": "2013-09-17T11:48:00.0000000Z", 
            "encodingFormat": "jpeg", 
            "webSearchUrl": "https://www.bing.com/images/search?view=detailv2&FORM=OIIRPO&q=site%3a(thepaper.cn+or+chinadaily.com.cn+or+china.com.cn+or+chinanews.com+or+youth.cn+or+sina.com.cn+or+xinhuanet.com+or+cri.cn+or+163.com+or+cankaoxiaoxi.com+or+cctv.com+or+ifeng.com+or+qq.com+or+takungpao.com+or+people.com.cn+or+southcn.com+or+southcn.com+or+cnr.cn+or+people.com.cn+or+cyol.com+or+bjnews.com.cn+or+gmw.cn+or+dahe.cn+or+xfrb.com.cn+or+cqnews.net+or+lifeweek.com.cn+or+cpd.com.cn+or+haiwainet.cn+or+yidianzixun.com+or+ftchinese.com+or+guancha.cn+or+zhcw.com+or+huanqiu.com+or+ihuawen.com+or+nytimes.com+or+flickr.com+or+quanjing.com+or+vcg.com+or+gettyimages.co.uk+or+paixin.com)+%e6%9d%b0%e5%85%8b+%e6%8a%bd+%e5%9b%9b%e6%ac%a1&id=3D92943EB5DD7DD9AA5468F4F5121D090140FF0A&simid=608024457067233484", 
            "hostPageUrl": "http://xd.qq.com/webplat/info/news_version3/1490/2083/2084/2087/m2009/201309/225883.shtml", 
            "thumbnailUrl": "https://tse1.mm.bing.net/th?id=OIP.LNBhsN7b1sTvgD6c0zX-9gHaEo&pid=Api", 
            "thumbnail": {
                "width": 474, 
                "height": 296
            }, 
            "contentSize": "75677 B"
        }, 
        {
            "contentUrl": "http://vodcover.cc.netease.com/hba2-cc-liverecord13/cover/live_record/2018/0713/5b48f001fb4b958625245ecb.jpg", 
            "insightsMetadata": {
                "pagesIncludingCount": 1, 
                "availableSizesCount": 1
            }, 
            "height": 720, 
            "accentColor": "8F663C", 
            "hostPageDisplayUrl": "cc.163.com/search/all/?query=7000&only=anchor", 
            "name": "网易CC直播 - 大型游戏娱乐直播平台", 
            "width": 1280, 
            "imageInsightsToken": "ccid_1YVczyke*mid_FBC957B5FD7883365C0D454E00DE19F95E6B56D9*simid_608008664484089839*thid_OIP.1YVczykeNgd!_IcaTl99J-QHaEK", 
            "imageId": "FBC957B5FD7883365C0D454E00DE19F95E6B56D9", 
            "isFamilyFriendly": true, 
            "datePublished": "2018-08-20T13:09:00.0000000Z", 
            "encodingFormat": "jpeg", 
            "webSearchUrl": "https://www.bing.com/images/search?view=detailv2&FORM=OIIRPO&q=site%3a(thepaper.cn+or+chinadaily.com.cn+or+china.com.cn+or+chinanews.com+or+youth.cn+or+sina.com.cn+or+xinhuanet.com+or+cri.cn+or+163.com+or+cankaoxiaoxi.com+or+cctv.com+or+ifeng.com+or+qq.com+or+takungpao.com+or+people.com.cn+or+southcn.com+or+southcn.com+or+cnr.cn+or+people.com.cn+or+cyol.com+or+bjnews.com.cn+or+gmw.cn+or+dahe.cn+or+xfrb.com.cn+or+cqnews.net+or+lifeweek.com.cn+or+cpd.com.cn+or+haiwainet.cn+or+yidianzixun.com+or+ftchinese.com+or+guancha.cn+or+zhcw.com+or+huanqiu.com+or+ihuawen.com+or+nytimes.com+or+flickr.com+or+quanjing.com+or+vcg.com+or+gettyimages.co.uk+or+paixin.com)+%e6%9d%b0%e5%85%8b+%e6%8a%bd+%e5%9b%9b%e6%ac%a1&id=FBC957B5FD7883365C0D454E00DE19F95E6B56D9&simid=608008664484089839", 
            "hostPageUrl": "http://cc.163.com/search/all/?query=7000&only=anchor", 
            "thumbnailUrl": "https://tse3.mm.bing.net/th?id=OIP.1YVczykeNgd_IcaTl99J-QHaEK&pid=Api", 
            "thumbnail": {
                "width": 474, 
                "height": 266
            }, 
            "contentSize": "107344 B"
        }, 
        {
            "contentUrl": "http://img2.ph.126.net/NumlryE5eyR3Ag7LlZ4fVw==/2260525538063423711.jpg", 
            "insightsMetadata": {
                "pagesIncludingCount": 3, 
                "availableSizesCount": 1
            }, 
            "height": 730, 
            "accentColor": "91503A", 
            "hostPageDisplayUrl": "wuwaiquan.blog.163.com/blog/static/98087722013101413249224", 
            "name": "游戏王（807）义勇的遗产（全卡图） - ng的日志 - 网易博客", 
            "width": 500, 
            "imageInsightsToken": "ccid_RSivVYey*mid_D458CDD89AD9D82441CD5A4F5FB95FD78423DAF8*simid_608026698989505664*thid_OIP.RSivVYeyEuOns6lA1xVaBAHaK0", 
            "imageId": "D458CDD89AD9D82441CD5A4F5FB95FD78423DAF8", 
            "isFamilyFriendly": true, 
            "datePublished": "2018-08-04T04:45:00.0000000Z", 
            "encodingFormat": "jpeg", 
            "webSearchUrl": "https://www.bing.com/images/search?view=detailv2&FORM=OIIRPO&q=site%3a(thepaper.cn+or+chinadaily.com.cn+or+china.com.cn+or+chinanews.com+or+youth.cn+or+sina.com.cn+or+xinhuanet.com+or+cri.cn+or+163.com+or+cankaoxiaoxi.com+or+cctv.com+or+ifeng.com+or+qq.com+or+takungpao.com+or+people.com.cn+or+southcn.com+or+southcn.com+or+cnr.cn+or+people.com.cn+or+cyol.com+or+bjnews.com.cn+or+gmw.cn+or+dahe.cn+or+xfrb.com.cn+or+cqnews.net+or+lifeweek.com.cn+or+cpd.com.cn+or+haiwainet.cn+or+yidianzixun.com+or+ftchinese.com+or+guancha.cn+or+zhcw.com+or+huanqiu.com+or+ihuawen.com+or+nytimes.com+or+flickr.com+or+quanjing.com+or+vcg.com+or+gettyimages.co.uk+or+paixin.com)+%e6%9d%b0%e5%85%8b+%e6%8a%bd+%e5%9b%9b%e6%ac%a1&id=D458CDD89AD9D82441CD5A4F5FB95FD78423DAF8&simid=608026698989505664", 
            "hostPageUrl": "http://wuwaiquan.blog.163.com/blog/static/98087722013101413249224/", 
            "thumbnailUrl": "https://tse2.mm.bing.net/th?id=OIP.RSivVYeyEuOns6lA1xVaBAHaK0&pid=Api", 
            "thumbnail": {
                "width": 474, 
                "height": 692
            }, 
            "contentSize": "65972 B"
        }, 
        {
            "contentUrl": "http://ossweb-img.qq.com/upload/webplat/info/xd/201309/1379144270_1436653066_15673_imageAddr.jpg", 
            "insightsMetadata": {
                "pagesIncludingCount": 3, 
                "availableSizesCount": 1
            }, 
            "height": 711, 
            "accentColor": "C1940A", 
            "hostPageDisplayUrl": "xd.qq.com/webplat/info/news_version3/1490/2083/2084/2087...", 
            "name": "《炫斗之王》热血内测火爆进行 激活码限时抢-炫斗之王官方网站 ...", 
            "width": 750, 
            "imageInsightsToken": "ccid_IkNChQ24*mid_3D92943EB5DD7DD9AA544C907E342BD0A517EE3A*simid_608023881532113031*thid_OIP.IkNChQ24T5gcDMe30l8NIAHaHB", 
            "imageId": "3D92943EB5DD7DD9AA544C907E342BD0A517EE3A", 
            "isFamilyFriendly": true, 
            "datePublished": "2013-09-17T11:48:00.0000000Z", 
            "encodingFormat": "jpeg", 
            "webSearchUrl": "https://www.bing.com/images/search?view=detailv2&FORM=OIIRPO&q=site%3a(thepaper.cn+or+chinadaily.com.cn+or+china.com.cn+or+chinanews.com+or+youth.cn+or+sina.com.cn+or+xinhuanet.com+or+cri.cn+or+163.com+or+cankaoxiaoxi.com+or+cctv.com+or+ifeng.com+or+qq.com+or+takungpao.com+or+people.com.cn+or+southcn.com+or+southcn.com+or+cnr.cn+or+people.com.cn+or+cyol.com+or+bjnews.com.cn+or+gmw.cn+or+dahe.cn+or+xfrb.com.cn+or+cqnews.net+or+lifeweek.com.cn+or+cpd.com.cn+or+haiwainet.cn+or+yidianzixun.com+or+ftchinese.com+or+guancha.cn+or+zhcw.com+or+huanqiu.com+or+ihuawen.com+or+nytimes.com+or+flickr.com+or+quanjing.com+or+vcg.com+or+gettyimages.co.uk+or+paixin.com)+%e6%9d%b0%e5%85%8b+%e6%8a%bd+%e5%9b%9b%e6%ac%a1&id=3D92943EB5DD7DD9AA544C907E342BD0A517EE3A&simid=608023881532113031", 
            "hostPageUrl": "http://xd.qq.com/webplat/info/news_version3/1490/2083/2084/2087/m2009/201309/225883.shtml", 
            "thumbnailUrl": "https://tse2.mm.bing.net/th?id=OIP.IkNChQ24T5gcDMe30l8NIAHaHB&pid=Api", 
            "thumbnail": {
                "width": 474, 
                "height": 449
            }, 
            "contentSize": "126555 B"
        }, 
        {
            "contentUrl": "http://games.qq.com/tencent/dnf/images/2008/0709/zh/4.gif", 
            "insightsMetadata": {
                "pagesIncludingCount": 3, 
                "availableSizesCount": 1
            }, 
            "height": 389, 
            "accentColor": "317D9A", 
            "hostPageDisplayUrl": "games.qq.com/tencent/dnf/job/mage/zh", 
            "name": "职业介绍_DNF腾讯资料站_地下城与勇士官方网站-腾讯游戏频道", 
            "width": 550, 
            "imageInsightsToken": "ccid_2IQ3lDu8*mid_6E759668EEB4BF2214136F59E2895B5ED22E5595*simid_608034490107889473*thid_OIP.2IQ3lDu8IR8gKLNvU99Y8AHaFP", 
            "imageId": "6E759668EEB4BF2214136F59E2895B5ED22E5595", 
            "isFamilyFriendly": true, 
            "datePublished": "2017-07-23T11:59:00.0000000Z", 
            "encodingFormat": "gif", 
            "webSearchUrl": "https://www.bing.com/images/search?view=detailv2&FORM=OIIRPO&q=site%3a(thepaper.cn+or+chinadaily.com.cn+or+china.com.cn+or+chinanews.com+or+youth.cn+or+sina.com.cn+or+xinhuanet.com+or+cri.cn+or+163.com+or+cankaoxiaoxi.com+or+cctv.com+or+ifeng.com+or+qq.com+or+takungpao.com+or+people.com.cn+or+southcn.com+or+southcn.com+or+cnr.cn+or+people.com.cn+or+cyol.com+or+bjnews.com.cn+or+gmw.cn+or+dahe.cn+or+xfrb.com.cn+or+cqnews.net+or+lifeweek.com.cn+or+cpd.com.cn+or+haiwainet.cn+or+yidianzixun.com+or+ftchinese.com+or+guancha.cn+or+zhcw.com+or+huanqiu.com+or+ihuawen.com+or+nytimes.com+or+flickr.com+or+quanjing.com+or+vcg.com+or+gettyimages.co.uk+or+paixin.com)+%e6%9d%b0%e5%85%8b+%e6%8a%bd+%e5%9b%9b%e6%ac%a1&id=6E759668EEB4BF2214136F59E2895B5ED22E5595&simid=608034490107889473", 
            "hostPageUrl": "http://games.qq.com/tencent/dnf/job/mage/zh/", 
            "thumbnailUrl": "https://tse2.mm.bing.net/th?id=OIP.2IQ3lDu8IR8gKLNvU99Y8AHaFP&pid=Api", 
            "thumbnail": {
                "width": 474, 
                "height": 335
            }, 
            "contentSize": "49455 B"
        }, 
        {
            "contentUrl": "http://img1.gtimg.com/ent/pics/hv1/93/46/1893/123104148.jpg", 
            "insightsMetadata": {
                "pagesIncludingCount": 3, 
                "availableSizesCount": 2
            }, 
            "height": 362, 
            "accentColor": "485F69", 
            "hostPageDisplayUrl": "ent.qq.com/a/20150730/038198.htm", 
            "name": "《断背山》十周年了，你还会为那句台词感动吗_娱乐_腾讯网", 
            "width": 640, 
            "imageInsightsToken": "ccid_9QEbi30z*mid_20C0E7C487847D0B28812B846E823C4F8D7904E2*simid_607994847570166832*thid_OIP.9QEbi30zRdSsuRmj1nuiRQHaEM", 
            "imageId": "20C0E7C487847D0B28812B846E823C4F8D7904E2", 
            "isFamilyFriendly": true, 
            "datePublished": "2015-08-02T15:05:00.0000000Z", 
            "encodingFormat": "jpeg", 
            "webSearchUrl": "https://www.bing.com/images/search?view=detailv2&FORM=OIIRPO&q=site%3a(thepaper.cn+or+chinadaily.com.cn+or+china.com.cn+or+chinanews.com+or+youth.cn+or+sina.com.cn+or+xinhuanet.com+or+cri.cn+or+163.com+or+cankaoxiaoxi.com+or+cctv.com+or+ifeng.com+or+qq.com+or+takungpao.com+or+people.com.cn+or+southcn.com+or+southcn.com+or+cnr.cn+or+people.com.cn+or+cyol.com+or+bjnews.com.cn+or+gmw.cn+or+dahe.cn+or+xfrb.com.cn+or+cqnews.net+or+lifeweek.com.cn+or+cpd.com.cn+or+haiwainet.cn+or+yidianzixun.com+or+ftchinese.com+or+guancha.cn+or+zhcw.com+or+huanqiu.com+or+ihuawen.com+or+nytimes.com+or+flickr.com+or+quanjing.com+or+vcg.com+or+gettyimages.co.uk+or+paixin.com)+%e6%9d%b0%e5%85%8b+%e6%8a%bd+%e5%9b%9b%e6%ac%a1&id=20C0E7C487847D0B28812B846E823C4F8D7904E2&simid=607994847570166832", 
            "hostPageUrl": "http://ent.qq.com/a/20150730/038198.htm", 
            "thumbnailUrl": "https://tse3.mm.bing.net/th?id=OIP.9QEbi30zRdSsuRmj1nuiRQHaEM&pid=Api", 
            "thumbnail": {
                "width": 474, 
                "height": 268
            }, 
            "contentSize": "11364 B"
        }
    ], 
    "nextOffset": 8, 
    "queryContext": {
        "alterationMethod": "AM_JustChangeIt", 
        "alterationType": "CombinedAlterationsChained", 
        "originalQuery": "site:(thepaper.cn or chinadaily.com.cn or china.com.cn or chinanews.com or youth.cn or sina.com.cn or xinhuanet.com or cri.cn or 163.com or cankaoxiaoxi.com or cctv.com or ifeng.com or qq.com or takungpao.com or people.com.cn or southcn.com or southcn.com or cnr.cn or people.com.cn or cyol.com or bjnews.com.cn or gmw.cn or dahe.cn or xfrb.com.cn or cqnews.net or lifeweek.com.cn or cpd.com.cn or haiwainet.cn or yidianzixun.com or ftchinese.com or guancha.cn or zhcw.com or huanqiu.com or ihuawen.com or nytimes.com or flickr.com or quanjing.com or vcg.com or gettyimages.co.uk or paixin.com) 杰克 抽 四次", 
        "alterationOverrideQuery": "+site:(thepaper.cn or chinadaily.com.cn or china.com.cn or chinanews.com or youth.cn or sina.com.cn or xinhuanet.com or cri.cn or 163.com or cankaoxiaoxi.com or cctv.com or ifeng.com or qq.com or takungpao.com or people.com.cn or southcn.com or southcn.com or cnr.cn or people.com.cn or cyol.com or bjnews.com.cn or gmw.cn or dahe.cn or xfrb.com.cn or cqnews.net or lifeweek.com.cn or cpd.com.cn or haiwainet.cn or yidianzixun.com or ftchinese.com or guancha.cn or zhcw.com or huanqiu.com or ihuawen.com or nytimes.com or flickr.com or quanjing.com or vcg.com or gettyimages.co.uk or paixin.com) 杰克 抽 四次", 
        "alterationDisplayQuery": "杰克 抽 四 次"
    }, 
    "currentOffset": 0, 
    "readLink": "images/search?q=site:(thepaper.cn or chinadaily.com.cn or china.com.cn or chinanews.com or youth.cn or sina.com.cn or xinhuanet.com or cri.cn or 163.com or cankaoxiaoxi.com or cctv.com or ifeng.com or qq.com or takungpao.com or people.com.cn or southcn.com or southcn.com or cnr.cn or people.com.cn or cyol.com or bjnews.com.cn or gmw.cn or dahe.cn or xfrb.com.cn or cqnews.net or lifeweek.com.cn or cpd.com.cn or haiwainet.cn or yidianzixun.com or ftchinese.com or guancha.cn or zhcw.com or huanqiu.com or ihuawen.com or nytimes.com or flickr.com or quanjing.com or vcg.com or gettyimages.co.uk or paixin.com) 杰克 抽 四次", 
    "totalEstimatedMatches": 8
}