{
    "instrumentation": {
        "_type": "ResponseInstrumentation"
    }, 
    "_type": "Images", 
    "webSearchUrl": "https://www.bing.com/images/search?q=site:(thepaper.cn or chinadaily.com.cn or china.com.cn or chinanews.com or youth.cn or sina.com.cn or xinhuanet.com or cri.cn or 163.com or cankaoxiaoxi.com or cctv.com or ifeng.com or qq.com or takungpao.com or people.com.cn or southcn.com or southcn.com or cnr.cn or people.com.cn or cyol.com or bjnews.com.cn or gmw.cn or dahe.cn or xfrb.com.cn or cqnews.net or lifeweek.com.cn or cpd.com.cn or haiwainet.cn or yidianzixun.com or ftchinese.com or guancha.cn or zhcw.com or huanqiu.com or ihuawen.com or nytimes.com or flickr.com or quanjing.com or vcg.com or gettyimages.co.uk or paixin.com) 必须 做 必须 死 事 杰克 说&FORM=OIIARP", 
    "value": [
        {
            "contentUrl": "http://image.thepaper.cn/www/image/6/63/840.jpg", 
            "insightsMetadata": {
                "pagesIncludingCount": 1, 
                "availableSizesCount": 1
            }, 
            "height": 392, 
            "accentColor": "AE1D76", 
            "hostPageDisplayUrl": "https://www.thepaper.cn/newsDetail_forward_1770519", 
            "name": "音乐剧《变身怪医》:不要用人性做试验_文艺范_澎湃新闻-The Paper", 
            "width": 598, 
            "imageInsightsToken": "ccid_APKzd6SF*mid_A40EAA1DAC5F5D5244CEA08059569FD1382F44B1*simid_608042641958767054*thid_OIP.APKzd6SFd5hiujPO4UkEDgE0DK", 
            "imageId": "A40EAA1DAC5F5D5244CEA08059569FD1382F44B1", 
            "isFamilyFriendly": true, 
            "datePublished": "2018-07-05T14:46:00.0000000Z", 
            "encodingFormat": "jpeg", 
            "webSearchUrl": "https://www.bing.com/images/search?view=detailv2&FORM=OIIRPO&q=site%3a(thepaper.cn+or+chinadaily.com.cn+or+china.com.cn+or+chinanews.com+or+youth.cn+or+sina.com.cn+or+xinhuanet.com+or+cri.cn+or+163.com+or+cankaoxiaoxi.com+or+cctv.com+or+ifeng.com+or+qq.com+or+takungpao.com+or+people.com.cn+or+southcn.com+or+southcn.com+or+cnr.cn+or+people.com.cn+or+cyol.com+or+bjnews.com.cn+or+gmw.cn+or+dahe.cn+or+xfrb.com.cn+or+cqnews.net+or+lifeweek.com.cn+or+cpd.com.cn+or+haiwainet.cn+or+yidianzixun.com+or+ftchinese.com+or+guancha.cn+or+zhcw.com+or+huanqiu.com+or+ihuawen.com+or+nytimes.com+or+flickr.com+or+quanjing.com+or+vcg.com+or+gettyimages.co.uk+or+paixin.com)+%e5%bf%85%e9%a1%bb+%e5%81%9a+%e5%bf%85%e9%a1%bb+%e6%ad%bb+%e4%ba%8b+%e6%9d%b0%e5%85%8b+%e8%af%b4&id=A40EAA1DAC5F5D5244CEA08059569FD1382F44B1&simid=608042641958767054", 
            "hostPageUrl": "https://www.thepaper.cn/newsDetail_forward_1770519", 
            "thumbnailUrl": "https://tse2.mm.bing.net/th?id=OIP.APKzd6SFd5hiujPO4UkEDgE0DK&pid=Api", 
            "thumbnail": {
                "width": 474, 
                "height": 310
            }, 
            "contentSize": "49172 B"
        }, 
        {
            "contentUrl": "http://n.sinaimg.cn/translate/20170916/77Lp-fykymwm9327314.jpg", 
            "insightsMetadata": {
                "pagesIncludingCount": 2, 
                "availableSizesCount": 1
            }, 
            "height": 923, 
            "accentColor": "C6B205", 
            "hostPageDisplayUrl": "games.sina.com.cn/g/g/2017-09-16/fykyfwq7835225.shtml", 
            "name": "每日轻松一刻9月16日 一元就能上妹子“车”，好地方！_八卦趣闻 ...", 
            "width": 448, 
            "imageInsightsToken": "ccid_66UibRYS*mid_2F5014915F522396D49D7AD7D1ADBF579812623F*simid_608054461683272661*thid_OIP.66UibRYS1b4UoNCMP!_ECtAHaPQ", 
            "imageId": "2F5014915F522396D49D7AD7D1ADBF579812623F", 
            "isFamilyFriendly": true, 
            "datePublished": "2018-10-17T03:03:00.0000000Z", 
            "encodingFormat": "jpeg", 
            "webSearchUrl": "https://www.bing.com/images/search?view=detailv2&FORM=OIIRPO&q=site%3a(thepaper.cn+or+chinadaily.com.cn+or+china.com.cn+or+chinanews.com+or+youth.cn+or+sina.com.cn+or+xinhuanet.com+or+cri.cn+or+163.com+or+cankaoxiaoxi.com+or+cctv.com+or+ifeng.com+or+qq.com+or+takungpao.com+or+people.com.cn+or+southcn.com+or+southcn.com+or+cnr.cn+or+people.com.cn+or+cyol.com+or+bjnews.com.cn+or+gmw.cn+or+dahe.cn+or+xfrb.com.cn+or+cqnews.net+or+lifeweek.com.cn+or+cpd.com.cn+or+haiwainet.cn+or+yidianzixun.com+or+ftchinese.com+or+guancha.cn+or+zhcw.com+or+huanqiu.com+or+ihuawen.com+or+nytimes.com+or+flickr.com+or+quanjing.com+or+vcg.com+or+gettyimages.co.uk+or+paixin.com)+%e5%bf%85%e9%a1%bb+%e5%81%9a+%e5%bf%85%e9%a1%bb+%e6%ad%bb+%e4%ba%8b+%e6%9d%b0%e5%85%8b+%e8%af%b4&id=2F5014915F522396D49D7AD7D1ADBF579812623F&simid=608054461683272661", 
            "hostPageUrl": "http://games.sina.com.cn/g/g/2017-09-16/fykyfwq7835225.shtml", 
            "thumbnailUrl": "https://tse2.mm.bing.net/th?id=OIP.66UibRYS1b4UoNCMP_ECtAHaPQ&pid=Api", 
            "thumbnail": {
                "width": 448, 
                "height": 923
            }, 
            "contentSize": "45678 B"
        }, 
        {
            "contentUrl": "http://img1.gtimg.com/ent/pics/hv1/2/232/2045/133035287.jpg", 
            "insightsMetadata": {
                "pagesIncludingCount": 1, 
                "availableSizesCount": 1
            }, 
            "height": 354, 
            "accentColor": "654934", 
            "hostPageDisplayUrl": "ent.qq.com/a/20160401/019842.htm", 
            "name": "《教父》：叛徒必须死，自由女神像下的谋杀_娱乐_腾讯网", 
            "width": 640, 
            "imageInsightsToken": "ccid_MQROpZPB*mid_18AB8ADC0545AC544600D6D602D101EAD1D815C3*simid_608042414327203027*thid_OIP.MQROpZPBxf3B3mCzXmrXrQHaEG", 
            "imageId": "18AB8ADC0545AC544600D6D602D101EAD1D815C3", 
            "isFamilyFriendly": true, 
            "datePublished": "2017-10-17T23:16:00.0000000Z", 
            "encodingFormat": "jpeg", 
            "webSearchUrl": "https://www.bing.com/images/search?view=detailv2&FORM=OIIRPO&q=site%3a(thepaper.cn+or+chinadaily.com.cn+or+china.com.cn+or+chinanews.com+or+youth.cn+or+sina.com.cn+or+xinhuanet.com+or+cri.cn+or+163.com+or+cankaoxiaoxi.com+or+cctv.com+or+ifeng.com+or+qq.com+or+takungpao.com+or+people.com.cn+or+southcn.com+or+southcn.com+or+cnr.cn+or+people.com.cn+or+cyol.com+or+bjnews.com.cn+or+gmw.cn+or+dahe.cn+or+xfrb.com.cn+or+cqnews.net+or+lifeweek.com.cn+or+cpd.com.cn+or+haiwainet.cn+or+yidianzixun.com+or+ftchinese.com+or+guancha.cn+or+zhcw.com+or+huanqiu.com+or+ihuawen.com+or+nytimes.com+or+flickr.com+or+quanjing.com+or+vcg.com+or+gettyimages.co.uk+or+paixin.com)+%e5%bf%85%e9%a1%bb+%e5%81%9a+%e5%bf%85%e9%a1%bb+%e6%ad%bb+%e4%ba%8b+%e6%9d%b0%e5%85%8b+%e8%af%b4&id=18AB8ADC0545AC544600D6D602D101EAD1D815C3&simid=608042414327203027", 
            "hostPageUrl": "http://ent.qq.com/a/20160401/019842.htm", 
            "thumbnailUrl": "https://tse1.mm.bing.net/th?id=OIP.MQROpZPBxf3B3mCzXmrXrQHaEG&pid=Api", 
            "thumbnail": {
                "width": 474, 
                "height": 262
            }, 
            "contentSize": "36925 B"
        }, 
        {
            "contentUrl": "http://n.sinaimg.cn/translate/w717h1131/20171206/5x4D-fypikwu3532307.jpg", 
            "insightsMetadata": {
                "pagesIncludingCount": 1, 
                "availableSizesCount": 1
            }, 
            "height": 1131, 
            "accentColor": "596D72", 
            "hostPageDisplayUrl": "news.sina.com.cn/o/2017-12-06/doc-ifypnqvn0719691.shtml", 
            "name": "荐读 | 每天做两件不喜欢的事|贵庚|概数|艾小羊_新浪新闻", 
            "width": 717, 
            "imageInsightsToken": "ccid_wFDSWZP3*mid_226069DD206EDA4568C4C7BD750DE323A7DD5CA7*simid_608037135819868450*thid_OIP.wFDSWZP3Aq5d7JDqb-W7NQHaLr", 
            "imageId": "226069DD206EDA4568C4C7BD750DE323A7DD5CA7", 
            "isFamilyFriendly": true, 
            "datePublished": "2017-12-06T14:32:00.0000000Z", 
            "encodingFormat": "jpeg", 
            "webSearchUrl": "https://www.bing.com/images/search?view=detailv2&FORM=OIIRPO&q=site%3a(thepaper.cn+or+chinadaily.com.cn+or+china.com.cn+or+chinanews.com+or+youth.cn+or+sina.com.cn+or+xinhuanet.com+or+cri.cn+or+163.com+or+cankaoxiaoxi.com+or+cctv.com+or+ifeng.com+or+qq.com+or+takungpao.com+or+people.com.cn+or+southcn.com+or+southcn.com+or+cnr.cn+or+people.com.cn+or+cyol.com+or+bjnews.com.cn+or+gmw.cn+or+dahe.cn+or+xfrb.com.cn+or+cqnews.net+or+lifeweek.com.cn+or+cpd.com.cn+or+haiwainet.cn+or+yidianzixun.com+or+ftchinese.com+or+guancha.cn+or+zhcw.com+or+huanqiu.com+or+ihuawen.com+or+nytimes.com+or+flickr.com+or+quanjing.com+or+vcg.com+or+gettyimages.co.uk+or+paixin.com)+%e5%bf%85%e9%a1%bb+%e5%81%9a+%e5%bf%85%e9%a1%bb+%e6%ad%bb+%e4%ba%8b+%e6%9d%b0%e5%85%8b+%e8%af%b4&id=226069DD206EDA4568C4C7BD750DE323A7DD5CA7&simid=608037135819868450", 
            "hostPageUrl": "http://news.sina.com.cn/o/2017-12-06/doc-ifypnqvn0719691.shtml", 
            "thumbnailUrl": "https://tse3.mm.bing.net/th?id=OIP.wFDSWZP3Aq5d7JDqb-W7NQHaLr&pid=Api", 
            "thumbnail": {
                "width": 474, 
                "height": 747
            }, 
            "contentSize": "100386 B"
        }, 
        {
            "contentUrl": "http://img.bimg.126.net/photo/D5169-k5D75tvVx68XssHQ==/4794081803336354318.jpg", 
            "insightsMetadata": {
                "pagesIncludingCount": 6, 
                "availableSizesCount": 3
            }, 
            "height": 600, 
            "accentColor": "1E5F4A", 
            "hostPageDisplayUrl": "blog.sina.com.cn/s/blog_e4efca300101dj2b.html", 
            "name": "做 人 做 事 的 七 张 王 牌_鑫水木_32985_新浪博客", 
            "width": 450, 
            "imageInsightsToken": "ccid_sXnoRhbe*mid_56360815F2EFFF217B6185316FF1E5D3E5E4A1EC*simid_608045098665510377*thid_OIP.sXnoRhbeGwZ8!_0ud-!_gY2gAAAA", 
            "imageId": "56360815F2EFFF217B6185316FF1E5D3E5E4A1EC", 
            "isFamilyFriendly": true, 
            "datePublished": "2010-07-11T12:00:00.0000000Z", 
            "encodingFormat": "jpeg", 
            "webSearchUrl": "https://www.bing.com/images/search?view=detailv2&FORM=OIIRPO&q=site%3a(thepaper.cn+or+chinadaily.com.cn+or+china.com.cn+or+chinanews.com+or+youth.cn+or+sina.com.cn+or+xinhuanet.com+or+cri.cn+or+163.com+or+cankaoxiaoxi.com+or+cctv.com+or+ifeng.com+or+qq.com+or+takungpao.com+or+people.com.cn+or+southcn.com+or+southcn.com+or+cnr.cn+or+people.com.cn+or+cyol.com+or+bjnews.com.cn+or+gmw.cn+or+dahe.cn+or+xfrb.com.cn+or+cqnews.net+or+lifeweek.com.cn+or+cpd.com.cn+or+haiwainet.cn+or+yidianzixun.com+or+ftchinese.com+or+guancha.cn+or+zhcw.com+or+huanqiu.com+or+ihuawen.com+or+nytimes.com+or+flickr.com+or+quanjing.com+or+vcg.com+or+gettyimages.co.uk+or+paixin.com)+%e5%bf%85%e9%a1%bb+%e5%81%9a+%e5%bf%85%e9%a1%bb+%e6%ad%bb+%e4%ba%8b+%e6%9d%b0%e5%85%8b+%e8%af%b4&id=56360815F2EFFF217B6185316FF1E5D3E5E4A1EC&simid=608045098665510377", 
            "hostPageUrl": "http://blog.sina.com.cn/s/blog_e4efca300101dj2b.html", 
            "thumbnailUrl": "https://tse3.mm.bing.net/th?id=OIP.sXnoRhbeGwZ8_0ud-_gY2gAAAA&pid=Api", 
            "thumbnail": {
                "width": 450, 
                "height": 600
            }, 
            "contentSize": "70774 B"
        }, 
        {
            "contentUrl": "http://img1.cache.netease.com/stock/2015/6/26/20150626135121256de.jpg", 
            "insightsMetadata": {
                "pagesIncludingCount": 2, 
                "availableSizesCount": 1
            }, 
            "height": 327, 
            "accentColor": "BA119C", 
            "hostPageDisplayUrl": "money.163.com/15/0626/13/AT1R8D0O00253G87.html", 
            "name": "伏彩瑞：要做创客 你必须是一个执着的人_网易财经", 
            "width": 396, 
            "imageInsightsToken": "ccid_NoOs4RTY*mid_B5B294D9AA793CF14F838E03F78B4E9E730B3F94*simid_608007625078672898*thid_OIP.NoOs4RTYL3pEuudWg8KzWAHaGH", 
            "imageId": "B5B294D9AA793CF14F838E03F78B4E9E730B3F94", 
            "isFamilyFriendly": true, 
            "datePublished": "2015-06-26T05:57:00.0000000Z", 
            "encodingFormat": "jpeg", 
            "webSearchUrl": "https://www.bing.com/images/search?view=detailv2&FORM=OIIRPO&q=site%3a(thepaper.cn+or+chinadaily.com.cn+or+china.com.cn+or+chinanews.com+or+youth.cn+or+sina.com.cn+or+xinhuanet.com+or+cri.cn+or+163.com+or+cankaoxiaoxi.com+or+cctv.com+or+ifeng.com+or+qq.com+or+takungpao.com+or+people.com.cn+or+southcn.com+or+southcn.com+or+cnr.cn+or+people.com.cn+or+cyol.com+or+bjnews.com.cn+or+gmw.cn+or+dahe.cn+or+xfrb.com.cn+or+cqnews.net+or+lifeweek.com.cn+or+cpd.com.cn+or+haiwainet.cn+or+yidianzixun.com+or+ftchinese.com+or+guancha.cn+or+zhcw.com+or+huanqiu.com+or+ihuawen.com+or+nytimes.com+or+flickr.com+or+quanjing.com+or+vcg.com+or+gettyimages.co.uk+or+paixin.com)+%e5%bf%85%e9%a1%bb+%e5%81%9a+%e5%bf%85%e9%a1%bb+%e6%ad%bb+%e4%ba%8b+%e6%9d%b0%e5%85%8b+%e8%af%b4&id=B5B294D9AA793CF14F838E03F78B4E9E730B3F94&simid=608007625078672898", 
            "hostPageUrl": "http://money.163.com/15/0626/13/AT1R8D0O00253G87.html", 
            "thumbnailUrl": "https://tse4.mm.bing.net/th?id=OIP.NoOs4RTYL3pEuudWg8KzWAHaGH&pid=Api", 
            "thumbnail": {
                "width": 474, 
                "height": 391
            }, 
            "contentSize": "32827 B"
        }, 
        {
            "contentUrl": "http://img1.gtimg.com/xian/pics/hv1/180/101/1805/117396060.jpg", 
            "insightsMetadata": {
                "pagesIncludingCount": 30, 
                "availableSizesCount": 9
            }, 
            "height": 480, 
            "accentColor": "2874A3", 
            "hostPageDisplayUrl": "xian.qq.com/a/20150318/025369.htm", 
            "name": "看《灰姑娘》必知的时尚事_大秦网_腾讯网", 
            "width": 640, 
            "imageInsightsToken": "ccid_ir6d1lpl*mid_50726EC951F4DD9454344B1120B39E6A4B2D8D46*simid_608026196491765876*thid_OIP.ir6d1lpl3Qg-Tf3aOJv-CwHaFj", 
            "imageId": "50726EC951F4DD9454344B1120B39E6A4B2D8D46", 
            "isFamilyFriendly": true, 
            "datePublished": "2015-03-18T02:47:00.0000000Z", 
            "encodingFormat": "jpeg", 
            "webSearchUrl": "https://www.bing.com/images/search?view=detailv2&FORM=OIIRPO&q=site%3a(thepaper.cn+or+chinadaily.com.cn+or+china.com.cn+or+chinanews.com+or+youth.cn+or+sina.com.cn+or+xinhuanet.com+or+cri.cn+or+163.com+or+cankaoxiaoxi.com+or+cctv.com+or+ifeng.com+or+qq.com+or+takungpao.com+or+people.com.cn+or+southcn.com+or+southcn.com+or+cnr.cn+or+people.com.cn+or+cyol.com+or+bjnews.com.cn+or+gmw.cn+or+dahe.cn+or+xfrb.com.cn+or+cqnews.net+or+lifeweek.com.cn+or+cpd.com.cn+or+haiwainet.cn+or+yidianzixun.com+or+ftchinese.com+or+guancha.cn+or+zhcw.com+or+huanqiu.com+or+ihuawen.com+or+nytimes.com+or+flickr.com+or+quanjing.com+or+vcg.com+or+gettyimages.co.uk+or+paixin.com)+%e5%bf%85%e9%a1%bb+%e5%81%9a+%e5%bf%85%e9%a1%bb+%e6%ad%bb+%e4%ba%8b+%e6%9d%b0%e5%85%8b+%e8%af%b4&id=50726EC951F4DD9454344B1120B39E6A4B2D8D46&simid=608026196491765876", 
            "hostPageUrl": "http://xian.qq.com/a/20150318/025369.htm", 
            "thumbnailUrl": "https://tse2.mm.bing.net/th?id=OIP.ir6d1lpl3Qg-Tf3aOJv-CwHaFj&pid=Api", 
            "thumbnail": {
                "width": 474, 
                "height": 355
            }, 
            "contentSize": "55276 B"
        }, 
        {
            "contentUrl": "http://images.blogchina.com/artpic_upload/l/i/z/lizichi/64331240102145.jpg", 
            "insightsMetadata": {
                "pagesIncludingCount": 2, 
                "availableSizesCount": 1
            }, 
            "height": 220, 
            "accentColor": "7C5032", 
            "hostPageDisplayUrl": "blog.sina.com.cn/s/blog_14d843b220102wj1k.html", 
            "name": "李子迟：胡适做得最有骨气的事是什么？_冬天里的x_新浪博客", 
            "width": 456, 
            "imageInsightsToken": "ccid_dtir4beY*mid_17A5B66B91CFBA59ECA5565A33EE36907FDB1253*simid_608045717131431207*thid_OIP.dtir4beYEfKEFipw8sq2IgAAAA", 
            "imageId": "17A5B66B91CFBA59ECA5565A33EE36907FDB1253", 
            "isFamilyFriendly": true, 
            "datePublished": "2016-05-09T12:00:00.0000000Z", 
            "encodingFormat": "jpeg", 
            "webSearchUrl": "https://www.bing.com/images/search?view=detailv2&FORM=OIIRPO&q=site%3a(thepaper.cn+or+chinadaily.com.cn+or+china.com.cn+or+chinanews.com+or+youth.cn+or+sina.com.cn+or+xinhuanet.com+or+cri.cn+or+163.com+or+cankaoxiaoxi.com+or+cctv.com+or+ifeng.com+or+qq.com+or+takungpao.com+or+people.com.cn+or+southcn.com+or+southcn.com+or+cnr.cn+or+people.com.cn+or+cyol.com+or+bjnews.com.cn+or+gmw.cn+or+dahe.cn+or+xfrb.com.cn+or+cqnews.net+or+lifeweek.com.cn+or+cpd.com.cn+or+haiwainet.cn+or+yidianzixun.com+or+ftchinese.com+or+guancha.cn+or+zhcw.com+or+huanqiu.com+or+ihuawen.com+or+nytimes.com+or+flickr.com+or+quanjing.com+or+vcg.com+or+gettyimages.co.uk+or+paixin.com)+%e5%bf%85%e9%a1%bb+%e5%81%9a+%e5%bf%85%e9%a1%bb+%e6%ad%bb+%e4%ba%8b+%e6%9d%b0%e5%85%8b+%e8%af%b4&id=17A5B66B91CFBA59ECA5565A33EE36907FDB1253&simid=608045717131431207", 
            "hostPageUrl": "http://blog.sina.com.cn/s/blog_14d843b220102wj1k.html", 
            "thumbnailUrl": "https://tse3.mm.bing.net/th?id=OIP.dtir4beYEfKEFipw8sq2IgAAAA&pid=Api", 
            "thumbnail": {
                "width": 456, 
                "height": 220
            }, 
            "contentSize": "19547 B"
        }, 
        {
            "contentUrl": "http://img1.gtimg.com/ent/pics/hv1/26/183/1971/128210966.jpg", 
            "insightsMetadata": {
                "pagesIncludingCount": 1, 
                "availableSizesCount": 1
            }, 
            "height": 386, 
            "accentColor": "0ABC98", 
            "hostPageDisplayUrl": "ent.qq.com/a/20151122/028668.htm", 
            "name": "拿影帝前9个小时 冯小刚在腾讯电影沙龙说啥了_娱乐_腾讯网", 
            "width": 640, 
            "imageInsightsToken": "ccid_IvSBhtjj*mid_43D4A91EA64FD4B48BDC341B656D93ACB0B71FB4*simid_608019230062088135*thid_OIP.IvSBhtjj5Br4UxXYyx1IkAHaEd", 
            "imageId": "43D4A91EA64FD4B48BDC341B656D93ACB0B71FB4", 
            "isFamilyFriendly": true, 
            "datePublished": "2018-04-14T23:04:00.0000000Z", 
            "encodingFormat": "jpeg", 
            "webSearchUrl": "https://www.bing.com/images/search?view=detailv2&FORM=OIIRPO&q=site%3a(thepaper.cn+or+chinadaily.com.cn+or+china.com.cn+or+chinanews.com+or+youth.cn+or+sina.com.cn+or+xinhuanet.com+or+cri.cn+or+163.com+or+cankaoxiaoxi.com+or+cctv.com+or+ifeng.com+or+qq.com+or+takungpao.com+or+people.com.cn+or+southcn.com+or+southcn.com+or+cnr.cn+or+people.com.cn+or+cyol.com+or+bjnews.com.cn+or+gmw.cn+or+dahe.cn+or+xfrb.com.cn+or+cqnews.net+or+lifeweek.com.cn+or+cpd.com.cn+or+haiwainet.cn+or+yidianzixun.com+or+ftchinese.com+or+guancha.cn+or+zhcw.com+or+huanqiu.com+or+ihuawen.com+or+nytimes.com+or+flickr.com+or+quanjing.com+or+vcg.com+or+gettyimages.co.uk+or+paixin.com)+%e5%bf%85%e9%a1%bb+%e5%81%9a+%e5%bf%85%e9%a1%bb+%e6%ad%bb+%e4%ba%8b+%e6%9d%b0%e5%85%8b+%e8%af%b4&id=43D4A91EA64FD4B48BDC341B656D93ACB0B71FB4&simid=608019230062088135", 
            "hostPageUrl": "http://ent.qq.com/a/20151122/028668.htm", 
            "thumbnailUrl": "https://tse1.mm.bing.net/th?id=OIP.IvSBhtjj5Br4UxXYyx1IkAHaEd&pid=Api", 
            "thumbnail": {
                "width": 474, 
                "height": 285
            }, 
            "contentSize": "53133 B"
        }, 
        {
            "contentUrl": "https://inews.gtimg.com/newsapp_bt/0/7173352580/1000", 
            "insightsMetadata": {
                "pagesIncludingCount": 2, 
                "availableSizesCount": 2
            }, 
            "height": 300, 
            "accentColor": "A57826", 
            "hostPageDisplayUrl": "https://new.qq.com/omn/20190107/20190107A0G69F.html", 
            "name": "为什么说金瓶梅中的潘金莲以“奸”死？你看她都干了啥", 
            "width": 562, 
            "imageInsightsToken": "ccid_MdSsVURa*mid_E149F0F7637DDB01207C863356D0F378BA058A7A*simid_608048032172738376*thid_OIP.MdSsVURakDZ0xz8Jg4MgVAHaD9", 
            "imageId": "E149F0F7637DDB01207C863356D0F378BA058A7A", 
            "isFamilyFriendly": true, 
            "datePublished": "2019-01-07T05:53:00.0000000Z", 
            "encodingFormat": "jpeg", 
            "webSearchUrl": "https://www.bing.com/images/search?view=detailv2&FORM=OIIRPO&q=site%3a(thepaper.cn+or+chinadaily.com.cn+or+china.com.cn+or+chinanews.com+or+youth.cn+or+sina.com.cn+or+xinhuanet.com+or+cri.cn+or+163.com+or+cankaoxiaoxi.com+or+cctv.com+or+ifeng.com+or+qq.com+or+takungpao.com+or+people.com.cn+or+southcn.com+or+southcn.com+or+cnr.cn+or+people.com.cn+or+cyol.com+or+bjnews.com.cn+or+gmw.cn+or+dahe.cn+or+xfrb.com.cn+or+cqnews.net+or+lifeweek.com.cn+or+cpd.com.cn+or+haiwainet.cn+or+yidianzixun.com+or+ftchinese.com+or+guancha.cn+or+zhcw.com+or+huanqiu.com+or+ihuawen.com+or+nytimes.com+or+flickr.com+or+quanjing.com+or+vcg.com+or+gettyimages.co.uk+or+paixin.com)+%e5%bf%85%e9%a1%bb+%e5%81%9a+%e5%bf%85%e9%a1%bb+%e6%ad%bb+%e4%ba%8b+%e6%9d%b0%e5%85%8b+%e8%af%b4&id=E149F0F7637DDB01207C863356D0F378BA058A7A&simid=608048032172738376", 
            "hostPageUrl": "https://new.qq.com/omn/20190107/20190107A0G69F.html", 
            "thumbnailUrl": "https://tse1.mm.bing.net/th?id=OIP.MdSsVURakDZ0xz8Jg4MgVAHaD9&pid=Api", 
            "thumbnail": {
                "width": 474, 
                "height": 253
            }, 
            "contentSize": "17404 B"
        }
    ], 
    "nextOffset": 45, 
    "queryContext": {
        "alterationMethod": "AM_JustChangeIt", 
        "alterationType": "CombinedAlterations", 
        "originalQuery": "site:(thepaper.cn or chinadaily.com.cn or china.com.cn or chinanews.com or youth.cn or sina.com.cn or xinhuanet.com or cri.cn or 163.com or cankaoxiaoxi.com or cctv.com or ifeng.com or qq.com or takungpao.com or people.com.cn or southcn.com or southcn.com or cnr.cn or people.com.cn or cyol.com or bjnews.com.cn or gmw.cn or dahe.cn or xfrb.com.cn or cqnews.net or lifeweek.com.cn or cpd.com.cn or haiwainet.cn or yidianzixun.com or ftchinese.com or guancha.cn or zhcw.com or huanqiu.com or ihuawen.com or nytimes.com or flickr.com or quanjing.com or vcg.com or gettyimages.co.uk or paixin.com) 必须 做 必须 死 事 杰克 说", 
        "alterationOverrideQuery": "+site:(thepaper.cn or chinadaily.com.cn or china.com.cn or chinanews.com or youth.cn or sina.com.cn or xinhuanet.com or cri.cn or 163.com or cankaoxiaoxi.com or cctv.com or ifeng.com or qq.com or takungpao.com or people.com.cn or southcn.com or southcn.com or cnr.cn or people.com.cn or cyol.com or bjnews.com.cn or gmw.cn or dahe.cn or xfrb.com.cn or cqnews.net or lifeweek.com.cn or cpd.com.cn or haiwainet.cn or yidianzixun.com or ftchinese.com or guancha.cn or zhcw.com or huanqiu.com or ihuawen.com or nytimes.com or flickr.com or quanjing.com or vcg.com or gettyimages.co.uk or paixin.com) 必须 做 必须 死 事 杰克 说", 
        "alterationDisplayQuery": "要 做 必须 死 事 杰克 说"
    }, 
    "currentOffset": 0, 
    "readLink": "images/search?q=site:(thepaper.cn or chinadaily.com.cn or china.com.cn or chinanews.com or youth.cn or sina.com.cn or xinhuanet.com or cri.cn or 163.com or cankaoxiaoxi.com or cctv.com or ifeng.com or qq.com or takungpao.com or people.com.cn or southcn.com or southcn.com or cnr.cn or people.com.cn or cyol.com or bjnews.com.cn or gmw.cn or dahe.cn or xfrb.com.cn or cqnews.net or lifeweek.com.cn or cpd.com.cn or haiwainet.cn or yidianzixun.com or ftchinese.com or guancha.cn or zhcw.com or huanqiu.com or ihuawen.com or nytimes.com or flickr.com or quanjing.com or vcg.com or gettyimages.co.uk or paixin.com) 必须 做 必须 死 事 杰克 说", 
    "totalEstimatedMatches": 100
}