{
    "instrumentation": {
        "_type": "ResponseInstrumentation"
    }, 
    "_type": "Images", 
    "webSearchUrl": "https://www.bing.com/images/search?q=site:(thepaper.cn or chinadaily.com.cn or china.com.cn or chinanews.com or youth.cn or sina.com.cn or xinhuanet.com or cri.cn or 163.com or cankaoxiaoxi.com or cctv.com or ifeng.com or qq.com or takungpao.com or people.com.cn or southcn.com or southcn.com or cnr.cn or people.com.cn or cyol.com or bjnews.com.cn or gmw.cn or dahe.cn or xfrb.com.cn or cqnews.net or lifeweek.com.cn or cpd.com.cn or haiwainet.cn or yidianzixun.com or ftchinese.com or guancha.cn or zhcw.com or huanqiu.com or ihuawen.com or nytimes.com or flickr.com or quanjing.com or vcg.com or gettyimages.co.uk or paixin.com) 杰克 工作 之后&FORM=OIIARP", 
    "value": [
        {
            "contentUrl": "http://img4.cache.netease.com/ent/2011/6/2/201106020055396bb4e.jpg", 
            "insightsMetadata": {
                "pagesIncludingCount": 3, 
                "availableSizesCount": 1
            }, 
            "height": 520, 
            "accentColor": "977534", 
            "hostPageDisplayUrl": "ent.163.com/special/gfpdpy", 
            "name": "解密《功夫熊猫2》配音花絮_专业解读_网易娱乐", 
            "width": 300, 
            "imageInsightsToken": "ccid_avy6Ej4E*mid_2E92543944C7708014B4A89E098B79D20AFD5CD8*simid_607999554830403345*thid_OIP.avy6Ej4EGRskrma8bhoZVgHaM1", 
            "imageId": "2E92543944C7708014B4A89E098B79D20AFD5CD8", 
            "isFamilyFriendly": true, 
            "datePublished": "2011-06-02T00:47:00.0000000Z", 
            "encodingFormat": "jpeg", 
            "webSearchUrl": "https://www.bing.com/images/search?view=detailv2&FORM=OIIRPO&q=site%3a(thepaper.cn+or+chinadaily.com.cn+or+china.com.cn+or+chinanews.com+or+youth.cn+or+sina.com.cn+or+xinhuanet.com+or+cri.cn+or+163.com+or+cankaoxiaoxi.com+or+cctv.com+or+ifeng.com+or+qq.com+or+takungpao.com+or+people.com.cn+or+southcn.com+or+southcn.com+or+cnr.cn+or+people.com.cn+or+cyol.com+or+bjnews.com.cn+or+gmw.cn+or+dahe.cn+or+xfrb.com.cn+or+cqnews.net+or+lifeweek.com.cn+or+cpd.com.cn+or+haiwainet.cn+or+yidianzixun.com+or+ftchinese.com+or+guancha.cn+or+zhcw.com+or+huanqiu.com+or+ihuawen.com+or+nytimes.com+or+flickr.com+or+quanjing.com+or+vcg.com+or+gettyimages.co.uk+or+paixin.com)+%e6%9d%b0%e5%85%8b+%e5%b7%a5%e4%bd%9c+%e4%b9%8b%e5%90%8e&id=2E92543944C7708014B4A89E098B79D20AFD5CD8&simid=607999554830403345", 
            "hostPageUrl": "http://ent.163.com/special/gfpdpy/", 
            "thumbnailUrl": "https://tse3.mm.bing.net/th?id=OIP.avy6Ej4EGRskrma8bhoZVgHaM1&pid=Api", 
            "thumbnail": {
                "width": 474, 
                "height": 821
            }, 
            "contentSize": "20794 B"
        }, 
        {
            "contentUrl": "http://s5.sinaimg.cn/mw690/49801b2dgx6CJm36Wz2e4&690", 
            "insightsMetadata": {
                "pagesIncludingCount": 1, 
                "availableSizesCount": 1
            }, 
            "height": 1033, 
            "accentColor": "BF910C", 
            "hostPageDisplayUrl": "blog.sina.com.cn/u/1233132333", 
            "name": "造型师杰克张_新浪博客", 
            "width": 690, 
            "imageInsightsToken": "ccid_mZ4wOnlH*mid_C5E4C626F86773D8AC3D09C1A1E32AC0ED6504CE*simid_608047963441725811*thid_OIP.mZ4wOnlHHL1WTEBhcNLKQQHaLF", 
            "imageId": "C5E4C626F86773D8AC3D09C1A1E32AC0ED6504CE", 
            "isFamilyFriendly": true, 
            "datePublished": "2018-11-07T16:29:00.0000000Z", 
            "encodingFormat": "jpeg", 
            "webSearchUrl": "https://www.bing.com/images/search?view=detailv2&FORM=OIIRPO&q=site%3a(thepaper.cn+or+chinadaily.com.cn+or+china.com.cn+or+chinanews.com+or+youth.cn+or+sina.com.cn+or+xinhuanet.com+or+cri.cn+or+163.com+or+cankaoxiaoxi.com+or+cctv.com+or+ifeng.com+or+qq.com+or+takungpao.com+or+people.com.cn+or+southcn.com+or+southcn.com+or+cnr.cn+or+people.com.cn+or+cyol.com+or+bjnews.com.cn+or+gmw.cn+or+dahe.cn+or+xfrb.com.cn+or+cqnews.net+or+lifeweek.com.cn+or+cpd.com.cn+or+haiwainet.cn+or+yidianzixun.com+or+ftchinese.com+or+guancha.cn+or+zhcw.com+or+huanqiu.com+or+ihuawen.com+or+nytimes.com+or+flickr.com+or+quanjing.com+or+vcg.com+or+gettyimages.co.uk+or+paixin.com)+%e6%9d%b0%e5%85%8b+%e5%b7%a5%e4%bd%9c+%e4%b9%8b%e5%90%8e&id=C5E4C626F86773D8AC3D09C1A1E32AC0ED6504CE&simid=608047963441725811", 
            "hostPageUrl": "http://blog.sina.com.cn/u/1233132333", 
            "thumbnailUrl": "https://tse4.mm.bing.net/th?id=OIP.mZ4wOnlHHL1WTEBhcNLKQQHaLF&pid=Api", 
            "thumbnail": {
                "width": 474, 
                "height": 709
            }, 
            "contentSize": "181471 B"
        }, 
        {
            "contentUrl": "http://img6.cache.netease.com/ent/2015/10/1/20151001074312a06b8.jpg", 
            "insightsMetadata": {
                "pagesIncludingCount": 1, 
                "availableSizesCount": 1
            }, 
            "height": 333, 
            "accentColor": "505A66", 
            "hostPageDisplayUrl": "ent.163.com/15/1001/07/B4QUK7A6000300B1.html", 
            "name": "休·杰克曼将告别\"金刚狼 称将做跳舞节目_网易娱乐", 
            "width": 500, 
            "imageInsightsToken": "ccid_jF0Cr0bf*mid_0104AC7B91F1D66A6DC95F9998039362FE8DF939*simid_608041946174655904*thid_OIP.jF0Cr0bfrPvjjjQrBW1VSgHaE7", 
            "imageId": "0104AC7B91F1D66A6DC95F9998039362FE8DF939", 
            "isFamilyFriendly": true, 
            "datePublished": "2019-02-19T13:28:00.0000000Z", 
            "encodingFormat": "jpeg", 
            "webSearchUrl": "https://www.bing.com/images/search?view=detailv2&FORM=OIIRPO&q=site%3a(thepaper.cn+or+chinadaily.com.cn+or+china.com.cn+or+chinanews.com+or+youth.cn+or+sina.com.cn+or+xinhuanet.com+or+cri.cn+or+163.com+or+cankaoxiaoxi.com+or+cctv.com+or+ifeng.com+or+qq.com+or+takungpao.com+or+people.com.cn+or+southcn.com+or+southcn.com+or+cnr.cn+or+people.com.cn+or+cyol.com+or+bjnews.com.cn+or+gmw.cn+or+dahe.cn+or+xfrb.com.cn+or+cqnews.net+or+lifeweek.com.cn+or+cpd.com.cn+or+haiwainet.cn+or+yidianzixun.com+or+ftchinese.com+or+guancha.cn+or+zhcw.com+or+huanqiu.com+or+ihuawen.com+or+nytimes.com+or+flickr.com+or+quanjing.com+or+vcg.com+or+gettyimages.co.uk+or+paixin.com)+%e6%9d%b0%e5%85%8b+%e5%b7%a5%e4%bd%9c+%e4%b9%8b%e5%90%8e&id=0104AC7B91F1D66A6DC95F9998039362FE8DF939&simid=608041946174655904", 
            "hostPageUrl": "http://ent.163.com/15/1001/07/B4QUK7A6000300B1.html", 
            "thumbnailUrl": "https://tse4.mm.bing.net/th?id=OIP.jF0Cr0bfrPvjjjQrBW1VSgHaE7&pid=Api", 
            "thumbnail": {
                "width": 474, 
                "height": 315
            }, 
            "contentSize": "29904 B"
        }, 
        {
            "contentUrl": "http://news.youth.cn/yl/201312/W020131227376710583680.jpg", 
            "insightsMetadata": {
                "pagesIncludingCount": 2, 
                "availableSizesCount": 1
            }, 
            "height": 451, 
            "accentColor": "B57516", 
            "hostPageDisplayUrl": "news.youth.cn/yl/201312/t20131227_4449278.htm", 
            "name": "杰克曼辞演音乐剧《胡迪尼》 全面停工新闻频道__中国青年网", 
            "width": 300, 
            "imageInsightsToken": "ccid_UW63t00j*mid_648F701C9AB05BF8DA1F1DFEF33DADE698C3BADB*simid_608045558214036476*thid_OIP.UW63t00jW9bXC8lkh4SX1gAAAA", 
            "imageId": "648F701C9AB05BF8DA1F1DFEF33DADE698C3BADB", 
            "isFamilyFriendly": true, 
            "datePublished": "2014-03-14T00:37:00.0000000Z", 
            "encodingFormat": "jpeg", 
            "webSearchUrl": "https://www.bing.com/images/search?view=detailv2&FORM=OIIRPO&q=site%3a(thepaper.cn+or+chinadaily.com.cn+or+china.com.cn+or+chinanews.com+or+youth.cn+or+sina.com.cn+or+xinhuanet.com+or+cri.cn+or+163.com+or+cankaoxiaoxi.com+or+cctv.com+or+ifeng.com+or+qq.com+or+takungpao.com+or+people.com.cn+or+southcn.com+or+southcn.com+or+cnr.cn+or+people.com.cn+or+cyol.com+or+bjnews.com.cn+or+gmw.cn+or+dahe.cn+or+xfrb.com.cn+or+cqnews.net+or+lifeweek.com.cn+or+cpd.com.cn+or+haiwainet.cn+or+yidianzixun.com+or+ftchinese.com+or+guancha.cn+or+zhcw.com+or+huanqiu.com+or+ihuawen.com+or+nytimes.com+or+flickr.com+or+quanjing.com+or+vcg.com+or+gettyimages.co.uk+or+paixin.com)+%e6%9d%b0%e5%85%8b+%e5%b7%a5%e4%bd%9c+%e4%b9%8b%e5%90%8e&id=648F701C9AB05BF8DA1F1DFEF33DADE698C3BADB&simid=608045558214036476", 
            "hostPageUrl": "http://news.youth.cn/yl/201312/t20131227_4449278.htm", 
            "thumbnailUrl": "https://tse3.mm.bing.net/th?id=OIP.UW63t00jW9bXC8lkh4SX1gAAAA&pid=Api", 
            "thumbnail": {
                "width": 300, 
                "height": 451
            }, 
            "contentSize": "26781 B"
        }, 
        {
            "contentUrl": "http://image2.sina.com.cn/ent/x/2007-03-26/29688e7573d61cba2790b1bc282ca23f.jpg", 
            "insightsMetadata": {
                "pagesIncludingCount": 1, 
                "availableSizesCount": 1
            }, 
            "height": 400, 
            "accentColor": "151E2C", 
            "hostPageDisplayUrl": "ent.sina.com.cn/x/2007-03-26/14411493463.html", 
            "name": "“杰克”“露斯”十年后聚首_影音娱乐_新浪网", 
            "width": 300, 
            "imageInsightsToken": "ccid_FxFZKiSt*mid_70BAD04D0804CDF80E0B51F95849D3EE45BF840F*simid_608012701796337108*thid_OIP.FxFZKiStJzmx8YJTRxtqDwAAAA", 
            "imageId": "70BAD04D0804CDF80E0B51F95849D3EE45BF840F", 
            "isFamilyFriendly": true, 
            "datePublished": "2013-05-23T23:59:00.0000000Z", 
            "encodingFormat": "jpeg", 
            "webSearchUrl": "https://www.bing.com/images/search?view=detailv2&FORM=OIIRPO&q=site%3a(thepaper.cn+or+chinadaily.com.cn+or+china.com.cn+or+chinanews.com+or+youth.cn+or+sina.com.cn+or+xinhuanet.com+or+cri.cn+or+163.com+or+cankaoxiaoxi.com+or+cctv.com+or+ifeng.com+or+qq.com+or+takungpao.com+or+people.com.cn+or+southcn.com+or+southcn.com+or+cnr.cn+or+people.com.cn+or+cyol.com+or+bjnews.com.cn+or+gmw.cn+or+dahe.cn+or+xfrb.com.cn+or+cqnews.net+or+lifeweek.com.cn+or+cpd.com.cn+or+haiwainet.cn+or+yidianzixun.com+or+ftchinese.com+or+guancha.cn+or+zhcw.com+or+huanqiu.com+or+ihuawen.com+or+nytimes.com+or+flickr.com+or+quanjing.com+or+vcg.com+or+gettyimages.co.uk+or+paixin.com)+%e6%9d%b0%e5%85%8b+%e5%b7%a5%e4%bd%9c+%e4%b9%8b%e5%90%8e&id=70BAD04D0804CDF80E0B51F95849D3EE45BF840F&simid=608012701796337108", 
            "hostPageUrl": "http://ent.sina.com.cn/x/2007-03-26/14411493463.html", 
            "thumbnailUrl": "https://tse4.mm.bing.net/th?id=OIP.FxFZKiStJzmx8YJTRxtqDwAAAA&pid=Api", 
            "thumbnail": {
                "width": 300, 
                "height": 400
            }, 
            "contentSize": "61825 B"
        }, 
        {
            "contentUrl": "http://img1.gtimg.com/tech/pics/hv1/131/87/1565/101786441.jpg", 
            "insightsMetadata": {
                "pagesIncludingCount": 3, 
                "availableSizesCount": 2
            }, 
            "height": 334, 
            "accentColor": "666666", 
            "hostPageDisplayUrl": "tech.qq.com/a/20140411/000134.htm", 
            "name": "杰克·韦尔奇：4个理由辞掉你的工作_科技_腾讯网", 
            "width": 500, 
            "imageInsightsToken": "ccid_Y/qhDUgf*mid_5EB3489795BFB2DFC306CAA5181DEF637FA63169*simid_608051266265419578*thid_OIP.Y!_qhDUgfzizm-akxk7gckwHaE8", 
            "imageId": "5EB3489795BFB2DFC306CAA5181DEF637FA63169", 
            "isFamilyFriendly": true, 
            "datePublished": "2014-04-10T16:49:00.0000000Z", 
            "encodingFormat": "jpeg", 
            "webSearchUrl": "https://www.bing.com/images/search?view=detailv2&FORM=OIIRPO&q=site%3a(thepaper.cn+or+chinadaily.com.cn+or+china.com.cn+or+chinanews.com+or+youth.cn+or+sina.com.cn+or+xinhuanet.com+or+cri.cn+or+163.com+or+cankaoxiaoxi.com+or+cctv.com+or+ifeng.com+or+qq.com+or+takungpao.com+or+people.com.cn+or+southcn.com+or+southcn.com+or+cnr.cn+or+people.com.cn+or+cyol.com+or+bjnews.com.cn+or+gmw.cn+or+dahe.cn+or+xfrb.com.cn+or+cqnews.net+or+lifeweek.com.cn+or+cpd.com.cn+or+haiwainet.cn+or+yidianzixun.com+or+ftchinese.com+or+guancha.cn+or+zhcw.com+or+huanqiu.com+or+ihuawen.com+or+nytimes.com+or+flickr.com+or+quanjing.com+or+vcg.com+or+gettyimages.co.uk+or+paixin.com)+%e6%9d%b0%e5%85%8b+%e5%b7%a5%e4%bd%9c+%e4%b9%8b%e5%90%8e&id=5EB3489795BFB2DFC306CAA5181DEF637FA63169&simid=608051266265419578", 
            "hostPageUrl": "http://tech.qq.com/a/20140411/000134.htm", 
            "thumbnailUrl": "https://tse3.mm.bing.net/th?id=OIP.Y_qhDUgfzizm-akxk7gckwHaE8&pid=Api", 
            "thumbnail": {
                "width": 474, 
                "height": 316
            }, 
            "contentSize": "25047 B"
        }, 
        {
            "contentUrl": "http://s13.sinaimg.cn/mw690/49801b2dtx6BUmTn2jy3c&690", 
            "insightsMetadata": {
                "pagesIncludingCount": 2, 
                "availableSizesCount": 1
            }, 
            "height": 717, 
            "accentColor": "52563C", 
            "hostPageDisplayUrl": "blog.sina.com.cn/u/1233132333", 
            "name": "造型师杰克张_新浪博客", 
            "width": 393, 
            "imageInsightsToken": "ccid_kb2bHa6v*mid_C5E4C626F86773D8AC3DC9245DB73F0346E0CFD2*simid_608011838464459390*thid_OIP.kb2bHa6vtXxG7IfX!_Srb6AAAAA", 
            "imageId": "C5E4C626F86773D8AC3DC9245DB73F0346E0CFD2", 
            "isFamilyFriendly": false, 
            "datePublished": "2018-11-07T16:29:00.0000000Z", 
            "encodingFormat": "jpeg", 
            "webSearchUrl": "https://www.bing.com/images/search?view=detailv2&FORM=OIIRPO&q=site%3a(thepaper.cn+or+chinadaily.com.cn+or+china.com.cn+or+chinanews.com+or+youth.cn+or+sina.com.cn+or+xinhuanet.com+or+cri.cn+or+163.com+or+cankaoxiaoxi.com+or+cctv.com+or+ifeng.com+or+qq.com+or+takungpao.com+or+people.com.cn+or+southcn.com+or+southcn.com+or+cnr.cn+or+people.com.cn+or+cyol.com+or+bjnews.com.cn+or+gmw.cn+or+dahe.cn+or+xfrb.com.cn+or+cqnews.net+or+lifeweek.com.cn+or+cpd.com.cn+or+haiwainet.cn+or+yidianzixun.com+or+ftchinese.com+or+guancha.cn+or+zhcw.com+or+huanqiu.com+or+ihuawen.com+or+nytimes.com+or+flickr.com+or+quanjing.com+or+vcg.com+or+gettyimages.co.uk+or+paixin.com)+%e6%9d%b0%e5%85%8b+%e5%b7%a5%e4%bd%9c+%e4%b9%8b%e5%90%8e&id=C5E4C626F86773D8AC3DC9245DB73F0346E0CFD2&simid=608011838464459390", 
            "hostPageUrl": "http://blog.sina.com.cn/u/1233132333", 
            "thumbnailUrl": "https://tse3.explicit.bing.net/th?id=OIP.kb2bHa6vtXxG7IfX_Srb6AAAAA&pid=Api", 
            "thumbnail": {
                "width": 393, 
                "height": 717
            }, 
            "contentSize": "41963 B"
        }, 
        {
            "contentUrl": "http://language.chinadaily.com.cn/images/attachement/jpg/site1/20170921/64006a47a40a1b2dc6cd06.jpg", 
            "insightsMetadata": {
                "pagesIncludingCount": 5, 
                "availableSizesCount": 5
            }, 
            "height": 324, 
            "accentColor": "A25E29", 
            "hostPageDisplayUrl": "language.chinadaily.com.cn/2017-10/10/content_29989024.htm", 
            "name": "盘点好莱坞息影明星（组图）", 
            "width": 600, 
            "imageInsightsToken": "ccid_y9z7PmWl*mid_47D0419DA15320DFC8B54FC416BDC84E4BD85049*simid_608001431731962175*thid_OIP.y9z7PmWlBBdiDUIT3vRCPgHaD!_", 
            "imageId": "47D0419DA15320DFC8B54FC416BDC84E4BD85049", 
            "isFamilyFriendly": true, 
            "datePublished": "2017-11-01T06:49:00.0000000Z", 
            "encodingFormat": "jpeg", 
            "webSearchUrl": "https://www.bing.com/images/search?view=detailv2&FORM=OIIRPO&q=site%3a(thepaper.cn+or+chinadaily.com.cn+or+china.com.cn+or+chinanews.com+or+youth.cn+or+sina.com.cn+or+xinhuanet.com+or+cri.cn+or+163.com+or+cankaoxiaoxi.com+or+cctv.com+or+ifeng.com+or+qq.com+or+takungpao.com+or+people.com.cn+or+southcn.com+or+southcn.com+or+cnr.cn+or+people.com.cn+or+cyol.com+or+bjnews.com.cn+or+gmw.cn+or+dahe.cn+or+xfrb.com.cn+or+cqnews.net+or+lifeweek.com.cn+or+cpd.com.cn+or+haiwainet.cn+or+yidianzixun.com+or+ftchinese.com+or+guancha.cn+or+zhcw.com+or+huanqiu.com+or+ihuawen.com+or+nytimes.com+or+flickr.com+or+quanjing.com+or+vcg.com+or+gettyimages.co.uk+or+paixin.com)+%e6%9d%b0%e5%85%8b+%e5%b7%a5%e4%bd%9c+%e4%b9%8b%e5%90%8e&id=47D0419DA15320DFC8B54FC416BDC84E4BD85049&simid=608001431731962175", 
            "hostPageUrl": "http://language.chinadaily.com.cn/2017-10/10/content_29989024.htm", 
            "thumbnailUrl": "https://tse2.mm.bing.net/th?id=OIP.y9z7PmWlBBdiDUIT3vRCPgHaD_&pid=Api", 
            "thumbnail": {
                "width": 474, 
                "height": 255
            }, 
            "hostPageFavIconUrl": "https://www.bing.com/th?id=AR_6bbc59f7064ed213027d1c4ffbd7baac&pid=Api", 
            "contentSize": "45434 B"
        }, 
        {
            "contentUrl": "http://img1.gtimg.com/15/1521/152155/15215546.jpg", 
            "insightsMetadata": {
                "pagesIncludingCount": 1, 
                "availableSizesCount": 1
            }, 
            "height": 518, 
            "accentColor": "BA0F0F", 
            "hostPageDisplayUrl": "cnews.chinadaily.com.cn/2016-02/23/content_23600663.htm", 
            "name": "Baby工作室斥营销号诽谤 称已启动法律程序 - 国内新闻 - 中国日报网", 
            "width": 640, 
            "imageInsightsToken": "ccid_ajXf4DTQ*mid_947AA5F83C3A23E8C0530D23DDE37DB456A9B826*simid_608001414564086197*thid_OIP.ajXf4DTQpehDQlTPZiFufgHaF!_", 
            "imageId": "947AA5F83C3A23E8C0530D23DDE37DB456A9B826", 
            "isFamilyFriendly": true, 
            "datePublished": "2016-02-23T03:18:00.0000000Z", 
            "encodingFormat": "jpeg", 
            "webSearchUrl": "https://www.bing.com/images/search?view=detailv2&FORM=OIIRPO&q=site%3a(thepaper.cn+or+chinadaily.com.cn+or+china.com.cn+or+chinanews.com+or+youth.cn+or+sina.com.cn+or+xinhuanet.com+or+cri.cn+or+163.com+or+cankaoxiaoxi.com+or+cctv.com+or+ifeng.com+or+qq.com+or+takungpao.com+or+people.com.cn+or+southcn.com+or+southcn.com+or+cnr.cn+or+people.com.cn+or+cyol.com+or+bjnews.com.cn+or+gmw.cn+or+dahe.cn+or+xfrb.com.cn+or+cqnews.net+or+lifeweek.com.cn+or+cpd.com.cn+or+haiwainet.cn+or+yidianzixun.com+or+ftchinese.com+or+guancha.cn+or+zhcw.com+or+huanqiu.com+or+ihuawen.com+or+nytimes.com+or+flickr.com+or+quanjing.com+or+vcg.com+or+gettyimages.co.uk+or+paixin.com)+%e6%9d%b0%e5%85%8b+%e5%b7%a5%e4%bd%9c+%e4%b9%8b%e5%90%8e&id=947AA5F83C3A23E8C0530D23DDE37DB456A9B826&simid=608001414564086197", 
            "hostPageUrl": "http://cnews.chinadaily.com.cn/2016-02/23/content_23600663.htm", 
            "thumbnailUrl": "https://tse4.mm.bing.net/th?id=OIP.ajXf4DTQpehDQlTPZiFufgHaF_&pid=Api", 
            "thumbnail": {
                "width": 474, 
                "height": 383
            }, 
            "hostPageFavIconUrl": "https://www.bing.com/th?id=AR_6bbc59f7064ed213027d1c4ffbd7baac&pid=Api", 
            "contentSize": "117067 B"
        }, 
        {
            "contentUrl": "http://img3.cache.netease.com/ent/2010/5/24/201005241006450eeb3.jpg", 
            "insightsMetadata": {
                "pagesIncludingCount": 3, 
                "availableSizesCount": 1
            }, 
            "height": 271, 
            "accentColor": "B32418", 
            "hostPageDisplayUrl": "ent.163.com/10/0524/10/67EL5IO400031GVS.html", 
            "name": "《迷失》演员去向：\"杰克\"\"凯特\"齐别电视圈_网易娱乐", 
            "width": 500, 
            "imageInsightsToken": "ccid_R9zvO05S*mid_491D1C7EDE0BF82A884E4E0CBC4D4157D0079B8C*simid_608036594644158149*thid_OIP.R9zvO05S-zl9hxJDZM3KtQHaEA", 
            "imageId": "491D1C7EDE0BF82A884E4E0CBC4D4157D0079B8C", 
            "isFamilyFriendly": true, 
            "datePublished": "2010-05-24T12:00:00.0000000Z", 
            "encodingFormat": "jpeg", 
            "webSearchUrl": "https://www.bing.com/images/search?view=detailv2&FORM=OIIRPO&q=site%3a(thepaper.cn+or+chinadaily.com.cn+or+china.com.cn+or+chinanews.com+or+youth.cn+or+sina.com.cn+or+xinhuanet.com+or+cri.cn+or+163.com+or+cankaoxiaoxi.com+or+cctv.com+or+ifeng.com+or+qq.com+or+takungpao.com+or+people.com.cn+or+southcn.com+or+southcn.com+or+cnr.cn+or+people.com.cn+or+cyol.com+or+bjnews.com.cn+or+gmw.cn+or+dahe.cn+or+xfrb.com.cn+or+cqnews.net+or+lifeweek.com.cn+or+cpd.com.cn+or+haiwainet.cn+or+yidianzixun.com+or+ftchinese.com+or+guancha.cn+or+zhcw.com+or+huanqiu.com+or+ihuawen.com+or+nytimes.com+or+flickr.com+or+quanjing.com+or+vcg.com+or+gettyimages.co.uk+or+paixin.com)+%e6%9d%b0%e5%85%8b+%e5%b7%a5%e4%bd%9c+%e4%b9%8b%e5%90%8e&id=491D1C7EDE0BF82A884E4E0CBC4D4157D0079B8C&simid=608036594644158149", 
            "hostPageUrl": "http://ent.163.com/10/0524/10/67EL5IO400031GVS.html", 
            "thumbnailUrl": "https://tse2.mm.bing.net/th?id=OIP.R9zvO05S-zl9hxJDZM3KtQHaEA&pid=Api", 
            "thumbnail": {
                "width": 474, 
                "height": 256
            }, 
            "contentSize": "57971 B"
        }
    ], 
    "nextOffset": 10, 
    "queryContext": {
        "alterationMethod": "AM_JustChangeIt", 
        "alterationType": "CombinedAlterationsChained", 
        "originalQuery": "site:(thepaper.cn or chinadaily.com.cn or china.com.cn or chinanews.com or youth.cn or sina.com.cn or xinhuanet.com or cri.cn or 163.com or cankaoxiaoxi.com or cctv.com or ifeng.com or qq.com or takungpao.com or people.com.cn or southcn.com or southcn.com or cnr.cn or people.com.cn or cyol.com or bjnews.com.cn or gmw.cn or dahe.cn or xfrb.com.cn or cqnews.net or lifeweek.com.cn or cpd.com.cn or haiwainet.cn or yidianzixun.com or ftchinese.com or guancha.cn or zhcw.com or huanqiu.com or ihuawen.com or nytimes.com or flickr.com or quanjing.com or vcg.com or gettyimages.co.uk or paixin.com) 杰克 工作 之后", 
        "alterationOverrideQuery": "+site:(thepaper.cn or chinadaily.com.cn or china.com.cn or chinanews.com or youth.cn or sina.com.cn or xinhuanet.com or cri.cn or 163.com or cankaoxiaoxi.com or cctv.com or ifeng.com or qq.com or takungpao.com or people.com.cn or southcn.com or southcn.com or cnr.cn or people.com.cn or cyol.com or bjnews.com.cn or gmw.cn or dahe.cn or xfrb.com.cn or cqnews.net or lifeweek.com.cn or cpd.com.cn or haiwainet.cn or yidianzixun.com or ftchinese.com or guancha.cn or zhcw.com or huanqiu.com or ihuawen.com or nytimes.com or flickr.com or quanjing.com or vcg.com or gettyimages.co.uk or paixin.com) 杰克 工作 之后", 
        "alterationDisplayQuery": "杰克 工作 之后"
    }, 
    "currentOffset": 0, 
    "readLink": "images/search?q=site:(thepaper.cn or chinadaily.com.cn or china.com.cn or chinanews.com or youth.cn or sina.com.cn or xinhuanet.com or cri.cn or 163.com or cankaoxiaoxi.com or cctv.com or ifeng.com or qq.com or takungpao.com or people.com.cn or southcn.com or southcn.com or cnr.cn or people.com.cn or cyol.com or bjnews.com.cn or gmw.cn or dahe.cn or xfrb.com.cn or cqnews.net or lifeweek.com.cn or cpd.com.cn or haiwainet.cn or yidianzixun.com or ftchinese.com or guancha.cn or zhcw.com or huanqiu.com or ihuawen.com or nytimes.com or flickr.com or quanjing.com or vcg.com or gettyimages.co.uk or paixin.com) 杰克 工作 之后", 
    "totalEstimatedMatches": 100
}