{
    "instrumentation": {
        "_type": "ResponseInstrumentation"
    }, 
    "_type": "Images", 
    "webSearchUrl": "https://www.bing.com/images/search?q=site:(thepaper.cn or chinadaily.com.cn or china.com.cn or chinanews.com or youth.cn or sina.com.cn or xinhuanet.com or cri.cn or 163.com or cankaoxiaoxi.com or cctv.com or ifeng.com or qq.com or takungpao.com or people.com.cn or southcn.com or southcn.com or cnr.cn or people.com.cn or cyol.com or bjnews.com.cn or gmw.cn or dahe.cn or xfrb.com.cn or cqnews.net or lifeweek.com.cn or cpd.com.cn or haiwainet.cn or yidianzixun.com or ftchinese.com or guancha.cn or zhcw.com or huanqiu.com or ihuawen.com or nytimes.com or flickr.com or quanjing.com or vcg.com or gettyimages.co.uk or paixin.com) 杰克 肯定 知道 认识 路线&FORM=OIIARP", 
    "value": [
        {
            "contentUrl": "http://img6.cache.netease.com/3g/2016/4/12/201604120627571b2d5.jpg", 
            "insightsMetadata": {
                "pagesIncludingCount": 1, 
                "availableSizesCount": 1
            }, 
            "height": 402, 
            "accentColor": "995D32", 
            "hostPageDisplayUrl": "hlj.news.163.com/16/0412/09/BKELSDIE03491DIE.html", 
            "name": "最\"色\"季节 你肯定不知道的黑龙江十大最美花海 - 网易黑龙江", 
            "width": 640, 
            "imageInsightsToken": "ccid_4aLB9M+J*mid_56D892DC6521775AF2BF7E2753130E584DC087FA*simid_608034399909971514*thid_OIP.4aLB9M-JVBd0kx3EqOiveAHaEp", 
            "imageId": "56D892DC6521775AF2BF7E2753130E584DC087FA", 
            "isFamilyFriendly": true, 
            "datePublished": "2016-04-12T04:34:00.0000000Z", 
            "encodingFormat": "jpeg", 
            "webSearchUrl": "https://www.bing.com/images/search?view=detailv2&FORM=OIIRPO&q=site%3a(thepaper.cn+or+chinadaily.com.cn+or+china.com.cn+or+chinanews.com+or+youth.cn+or+sina.com.cn+or+xinhuanet.com+or+cri.cn+or+163.com+or+cankaoxiaoxi.com+or+cctv.com+or+ifeng.com+or+qq.com+or+takungpao.com+or+people.com.cn+or+southcn.com+or+southcn.com+or+cnr.cn+or+people.com.cn+or+cyol.com+or+bjnews.com.cn+or+gmw.cn+or+dahe.cn+or+xfrb.com.cn+or+cqnews.net+or+lifeweek.com.cn+or+cpd.com.cn+or+haiwainet.cn+or+yidianzixun.com+or+ftchinese.com+or+guancha.cn+or+zhcw.com+or+huanqiu.com+or+ihuawen.com+or+nytimes.com+or+flickr.com+or+quanjing.com+or+vcg.com+or+gettyimages.co.uk+or+paixin.com)+%e6%9d%b0%e5%85%8b+%e8%82%af%e5%ae%9a+%e7%9f%a5%e9%81%93+%e8%ae%a4%e8%af%86+%e8%b7%af%e7%ba%bf&id=56D892DC6521775AF2BF7E2753130E584DC087FA&simid=608034399909971514", 
            "hostPageUrl": "http://hlj.news.163.com/16/0412/09/BKELSDIE03491DIE.html", 
            "thumbnailUrl": "https://tse1.mm.bing.net/th?id=OIP.4aLB9M-JVBd0kx3EqOiveAHaEp&pid=Api", 
            "thumbnail": {
                "width": 474, 
                "height": 297
            }, 
            "contentSize": "29844 B"
        }, 
        {
            "contentUrl": "http://img1.gtimg.com/comic/pics/hv1/154/145/2215/144067504.jpg", 
            "insightsMetadata": {
                "pagesIncludingCount": 4, 
                "availableSizesCount": 1
            }, 
            "height": 400, 
            "accentColor": "2291A9", 
            "hostPageDisplayUrl": "comic.qq.com/a/20170607/066295.htm", 
            "name": "辩论！杰克船长和路飞谁影响力更大？_动漫_腾讯网", 
            "width": 640, 
            "imageInsightsToken": "ccid_p3dIL3It*mid_716E54D6EF59F0D3E8855BF4AA706C6E2C8CF113*simid_608027721200765727*thid_OIP.p3dIL3ItFn9eMkXuM1tC9AHaEo", 
            "imageId": "716E54D6EF59F0D3E8855BF4AA706C6E2C8CF113", 
            "isFamilyFriendly": true, 
            "datePublished": "2017-06-07T21:08:00.0000000Z", 
            "encodingFormat": "jpeg", 
            "webSearchUrl": "https://www.bing.com/images/search?view=detailv2&FORM=OIIRPO&q=site%3a(thepaper.cn+or+chinadaily.com.cn+or+china.com.cn+or+chinanews.com+or+youth.cn+or+sina.com.cn+or+xinhuanet.com+or+cri.cn+or+163.com+or+cankaoxiaoxi.com+or+cctv.com+or+ifeng.com+or+qq.com+or+takungpao.com+or+people.com.cn+or+southcn.com+or+southcn.com+or+cnr.cn+or+people.com.cn+or+cyol.com+or+bjnews.com.cn+or+gmw.cn+or+dahe.cn+or+xfrb.com.cn+or+cqnews.net+or+lifeweek.com.cn+or+cpd.com.cn+or+haiwainet.cn+or+yidianzixun.com+or+ftchinese.com+or+guancha.cn+or+zhcw.com+or+huanqiu.com+or+ihuawen.com+or+nytimes.com+or+flickr.com+or+quanjing.com+or+vcg.com+or+gettyimages.co.uk+or+paixin.com)+%e6%9d%b0%e5%85%8b+%e8%82%af%e5%ae%9a+%e7%9f%a5%e9%81%93+%e8%ae%a4%e8%af%86+%e8%b7%af%e7%ba%bf&id=716E54D6EF59F0D3E8855BF4AA706C6E2C8CF113&simid=608027721200765727", 
            "hostPageUrl": "http://comic.qq.com/a/20170607/066295.htm", 
            "thumbnailUrl": "https://tse2.mm.bing.net/th?id=OIP.p3dIL3ItFn9eMkXuM1tC9AHaEo&pid=Api", 
            "thumbnail": {
                "width": 474, 
                "height": 296
            }, 
            "contentSize": "28716 B"
        }, 
        {
            "contentUrl": "https://inews.gtimg.com/newsapp_bt/0/7722855756/1000", 
            "insightsMetadata": {
                "pagesIncludingCount": 1, 
                "availableSizesCount": 1
            }, 
            "height": 514, 
            "accentColor": "B01B4E", 
            "hostPageDisplayUrl": "https://new.qq.com/omn/20190215/20190215A17Z4Y.html", 
            "name": "颖儿考中戏，妈妈停工陪读半年，每天早上5点雪地里陪颖儿练晨功", 
            "width": 761, 
            "imageInsightsToken": "ccid_zFce+dsm*mid_ADC1C29AD1133B14E5192940B87A69746FCA18B4*simid_608042401448853513*thid_OIP.zFce-dsm0uzTBr3eo4IgZwHaFA", 
            "imageId": "ADC1C29AD1133B14E5192940B87A69746FCA18B4", 
            "isFamilyFriendly": true, 
            "datePublished": "2019-02-15T15:36:00.0000000Z", 
            "encodingFormat": "jpeg", 
            "webSearchUrl": "https://www.bing.com/images/search?view=detailv2&FORM=OIIRPO&q=site%3a(thepaper.cn+or+chinadaily.com.cn+or+china.com.cn+or+chinanews.com+or+youth.cn+or+sina.com.cn+or+xinhuanet.com+or+cri.cn+or+163.com+or+cankaoxiaoxi.com+or+cctv.com+or+ifeng.com+or+qq.com+or+takungpao.com+or+people.com.cn+or+southcn.com+or+southcn.com+or+cnr.cn+or+people.com.cn+or+cyol.com+or+bjnews.com.cn+or+gmw.cn+or+dahe.cn+or+xfrb.com.cn+or+cqnews.net+or+lifeweek.com.cn+or+cpd.com.cn+or+haiwainet.cn+or+yidianzixun.com+or+ftchinese.com+or+guancha.cn+or+zhcw.com+or+huanqiu.com+or+ihuawen.com+or+nytimes.com+or+flickr.com+or+quanjing.com+or+vcg.com+or+gettyimages.co.uk+or+paixin.com)+%e6%9d%b0%e5%85%8b+%e8%82%af%e5%ae%9a+%e7%9f%a5%e9%81%93+%e8%ae%a4%e8%af%86+%e8%b7%af%e7%ba%bf&id=ADC1C29AD1133B14E5192940B87A69746FCA18B4&simid=608042401448853513", 
            "hostPageUrl": "https://new.qq.com/omn/20190215/20190215A17Z4Y.html", 
            "thumbnailUrl": "https://tse3.mm.bing.net/th?id=OIP.zFce-dsm0uzTBr3eo4IgZwHaFA&pid=Api", 
            "thumbnail": {
                "width": 474, 
                "height": 320
            }, 
            "contentSize": "53633 B"
        }, 
        {
            "contentUrl": "http://img.cyol.com/img/m/attachement/jpeg/site2/20171002/IMG45694094262.jpeg", 
            "insightsMetadata": {
                "pagesIncludingCount": 1, 
                "availableSizesCount": 1
            }, 
            "height": 423, 
            "accentColor": "B69D15", 
            "hostPageDisplayUrl": "article.cyol.com/m/content/2017-10/02/content_16552103.htm", 
            "name": "知道“蜘蛛侠”吗？这儿就有一只……-中青在线", 
            "width": 634, 
            "imageInsightsToken": "ccid_71k3u12N*mid_4297358DE661133DBCB7DD700D8470861AF9D2EC*simid_608020063290066870*thid_OIP.71k3u12NpegJ5T62fAkXDgHaE8", 
            "imageId": "4297358DE661133DBCB7DD700D8470861AF9D2EC", 
            "isFamilyFriendly": true, 
            "datePublished": "2018-09-20T04:32:00.0000000Z", 
            "encodingFormat": "jpeg", 
            "webSearchUrl": "https://www.bing.com/images/search?view=detailv2&FORM=OIIRPO&q=site%3a(thepaper.cn+or+chinadaily.com.cn+or+china.com.cn+or+chinanews.com+or+youth.cn+or+sina.com.cn+or+xinhuanet.com+or+cri.cn+or+163.com+or+cankaoxiaoxi.com+or+cctv.com+or+ifeng.com+or+qq.com+or+takungpao.com+or+people.com.cn+or+southcn.com+or+southcn.com+or+cnr.cn+or+people.com.cn+or+cyol.com+or+bjnews.com.cn+or+gmw.cn+or+dahe.cn+or+xfrb.com.cn+or+cqnews.net+or+lifeweek.com.cn+or+cpd.com.cn+or+haiwainet.cn+or+yidianzixun.com+or+ftchinese.com+or+guancha.cn+or+zhcw.com+or+huanqiu.com+or+ihuawen.com+or+nytimes.com+or+flickr.com+or+quanjing.com+or+vcg.com+or+gettyimages.co.uk+or+paixin.com)+%e6%9d%b0%e5%85%8b+%e8%82%af%e5%ae%9a+%e7%9f%a5%e9%81%93+%e8%ae%a4%e8%af%86+%e8%b7%af%e7%ba%bf&id=4297358DE661133DBCB7DD700D8470861AF9D2EC&simid=608020063290066870", 
            "hostPageUrl": "http://article.cyol.com/m/content/2017-10/02/content_16552103.htm", 
            "thumbnailUrl": "https://tse3.mm.bing.net/th?id=OIP.71k3u12NpegJ5T62fAkXDgHaE8&pid=Api", 
            "thumbnail": {
                "width": 474, 
                "height": 316
            }, 
            "contentSize": "48403 B"
        }, 
        {
            "contentUrl": "http://n.sinaimg.cn/translate/20170118/mwrH-fxzqxhc0122435.jpg", 
            "insightsMetadata": {
                "pagesIncludingCount": 27, 
                "availableSizesCount": 18
            }, 
            "height": 371, 
            "accentColor": "445587", 
            "hostPageDisplayUrl": "fashion.sina.com.cn/we/em/2017-01-20/0540/doc...", 
            "name": "桃红梨白：不得不承认，Angelababy除了演技啥都行！|黄晓明|baby ...", 
            "width": 554, 
            "imageInsightsToken": "ccid_8oIWCnEG*mid_ED6FE81FC2733B1C3C5ACB9FCC34768B1E73C0C2*simid_608041125835640504*thid_OIP.8oIWCnEGqfeDPp-2G6VDBwHaE9", 
            "imageId": "ED6FE81FC2733B1C3C5ACB9FCC34768B1E73C0C2", 
            "isFamilyFriendly": false, 
            "datePublished": "2017-01-19T22:14:00.0000000Z", 
            "encodingFormat": "jpeg", 
            "webSearchUrl": "https://www.bing.com/images/search?view=detailv2&FORM=OIIRPO&q=site%3a(thepaper.cn+or+chinadaily.com.cn+or+china.com.cn+or+chinanews.com+or+youth.cn+or+sina.com.cn+or+xinhuanet.com+or+cri.cn+or+163.com+or+cankaoxiaoxi.com+or+cctv.com+or+ifeng.com+or+qq.com+or+takungpao.com+or+people.com.cn+or+southcn.com+or+southcn.com+or+cnr.cn+or+people.com.cn+or+cyol.com+or+bjnews.com.cn+or+gmw.cn+or+dahe.cn+or+xfrb.com.cn+or+cqnews.net+or+lifeweek.com.cn+or+cpd.com.cn+or+haiwainet.cn+or+yidianzixun.com+or+ftchinese.com+or+guancha.cn+or+zhcw.com+or+huanqiu.com+or+ihuawen.com+or+nytimes.com+or+flickr.com+or+quanjing.com+or+vcg.com+or+gettyimages.co.uk+or+paixin.com)+%e6%9d%b0%e5%85%8b+%e8%82%af%e5%ae%9a+%e7%9f%a5%e9%81%93+%e8%ae%a4%e8%af%86+%e8%b7%af%e7%ba%bf&id=ED6FE81FC2733B1C3C5ACB9FCC34768B1E73C0C2&simid=608041125835640504", 
            "hostPageUrl": "http://fashion.sina.com.cn/we/em/2017-01-20/0540/doc-ifxzutkf1941691.shtml", 
            "thumbnailUrl": "https://tse1.explicit.bing.net/th?id=OIP.8oIWCnEGqfeDPp-2G6VDBwHaE9&pid=Api", 
            "thumbnail": {
                "width": 474, 
                "height": 317
            }, 
            "contentSize": "28607 B"
        }, 
        {
            "contentUrl": "http://img1.gtimg.com/ent/pics/hv1/176/91/1661/108029906.jpg", 
            "insightsMetadata": {
                "pagesIncludingCount": 1, 
                "availableSizesCount": 1
            }, 
            "height": 277, 
            "accentColor": "927839", 
            "hostPageDisplayUrl": "ent.qq.com/a/20140723/079689.htm", 
            "name": "看《后会无期》前 先来感受一下韩寒式高逼格吧_娱乐_腾讯网", 
            "width": 640, 
            "imageInsightsToken": "ccid_13zM1Gjk*mid_BDAF5D52E9DCCF2D4CFC19FD75A37B4602A3EA24*simid_608055552591335344*thid_OIP.13zM1GjkgrH8V8H!_GhnmfwHaDN", 
            "imageId": "BDAF5D52E9DCCF2D4CFC19FD75A37B4602A3EA24", 
            "isFamilyFriendly": true, 
            "datePublished": "2014-07-23T14:35:00.0000000Z", 
            "encodingFormat": "jpeg", 
            "webSearchUrl": "https://www.bing.com/images/search?view=detailv2&FORM=OIIRPO&q=site%3a(thepaper.cn+or+chinadaily.com.cn+or+china.com.cn+or+chinanews.com+or+youth.cn+or+sina.com.cn+or+xinhuanet.com+or+cri.cn+or+163.com+or+cankaoxiaoxi.com+or+cctv.com+or+ifeng.com+or+qq.com+or+takungpao.com+or+people.com.cn+or+southcn.com+or+southcn.com+or+cnr.cn+or+people.com.cn+or+cyol.com+or+bjnews.com.cn+or+gmw.cn+or+dahe.cn+or+xfrb.com.cn+or+cqnews.net+or+lifeweek.com.cn+or+cpd.com.cn+or+haiwainet.cn+or+yidianzixun.com+or+ftchinese.com+or+guancha.cn+or+zhcw.com+or+huanqiu.com+or+ihuawen.com+or+nytimes.com+or+flickr.com+or+quanjing.com+or+vcg.com+or+gettyimages.co.uk+or+paixin.com)+%e6%9d%b0%e5%85%8b+%e8%82%af%e5%ae%9a+%e7%9f%a5%e9%81%93+%e8%ae%a4%e8%af%86+%e8%b7%af%e7%ba%bf&id=BDAF5D52E9DCCF2D4CFC19FD75A37B4602A3EA24&simid=608055552591335344", 
            "hostPageUrl": "http://ent.qq.com/a/20140723/079689.htm", 
            "thumbnailUrl": "https://tse1.mm.bing.net/th?id=OIP.13zM1GjkgrH8V8H_GhnmfwHaDN&pid=Api", 
            "thumbnail": {
                "width": 474, 
                "height": 205
            }, 
            "contentSize": "24247 B"
        }, 
        {
            "contentUrl": "http://easyread.ph.126.net/N7076Gvi0pSCinFpjlYuDA==/8796093022511446750.jpg", 
            "insightsMetadata": {
                "pagesIncludingCount": 1, 
                "availableSizesCount": 1
            }, 
            "height": 583, 
            "accentColor": "C10A74", 
            "hostPageDisplayUrl": "help.3g.163.com/16/0301/12/BH2QPAV700964KFN.html", 
            "name": "央视肯定虎牙直播Miss电竞标杆地位：女神成长史_网易新闻中心", 
            "width": 500, 
            "imageInsightsToken": "ccid_duulPsQE*mid_157BEB6192ABB86FA3CB08157981D88BE5C70172*simid_608049234745494490*thid_OIP.duulPsQEZfg7GNYQ0uBB5AHaIo", 
            "imageId": "157BEB6192ABB86FA3CB08157981D88BE5C70172", 
            "isFamilyFriendly": true, 
            "datePublished": "2016-03-01T12:00:00.0000000Z", 
            "encodingFormat": "jpeg", 
            "webSearchUrl": "https://www.bing.com/images/search?view=detailv2&FORM=OIIRPO&q=site%3a(thepaper.cn+or+chinadaily.com.cn+or+china.com.cn+or+chinanews.com+or+youth.cn+or+sina.com.cn+or+xinhuanet.com+or+cri.cn+or+163.com+or+cankaoxiaoxi.com+or+cctv.com+or+ifeng.com+or+qq.com+or+takungpao.com+or+people.com.cn+or+southcn.com+or+southcn.com+or+cnr.cn+or+people.com.cn+or+cyol.com+or+bjnews.com.cn+or+gmw.cn+or+dahe.cn+or+xfrb.com.cn+or+cqnews.net+or+lifeweek.com.cn+or+cpd.com.cn+or+haiwainet.cn+or+yidianzixun.com+or+ftchinese.com+or+guancha.cn+or+zhcw.com+or+huanqiu.com+or+ihuawen.com+or+nytimes.com+or+flickr.com+or+quanjing.com+or+vcg.com+or+gettyimages.co.uk+or+paixin.com)+%e6%9d%b0%e5%85%8b+%e8%82%af%e5%ae%9a+%e7%9f%a5%e9%81%93+%e8%ae%a4%e8%af%86+%e8%b7%af%e7%ba%bf&id=157BEB6192ABB86FA3CB08157981D88BE5C70172&simid=608049234745494490", 
            "hostPageUrl": "http://help.3g.163.com/16/0301/12/BH2QPAV700964KFN.html", 
            "thumbnailUrl": "https://tse3.mm.bing.net/th?id=OIP.duulPsQEZfg7GNYQ0uBB5AHaIo&pid=Api", 
            "thumbnail": {
                "width": 474, 
                "height": 552
            }, 
            "contentSize": "32685 B"
        }, 
        {
            "contentUrl": "http://n.sinaimg.cn/translate/20170118/q_jN-fxzuswq2578839.jpg", 
            "insightsMetadata": {
                "pagesIncludingCount": 2, 
                "availableSizesCount": 1
            }, 
            "height": 369, 
            "accentColor": "4B6880", 
            "hostPageDisplayUrl": "fashion.sina.com.cn/we/em/2017-01-20/0540/doc...", 
            "name": "桃红梨白：不得不承认，Angelababy除了演技啥都行！|黄晓明|baby ...", 
            "width": 554, 
            "imageInsightsToken": "ccid_5h5+sn+m*mid_ED6FE81FC2733B1C3C5A3890D6C2AABC06B04A96*simid_607986652789212508*thid_OIP.5h5-sn-mgr6g!_vOPNWEnKQHaE7", 
            "imageId": "ED6FE81FC2733B1C3C5A3890D6C2AABC06B04A96", 
            "isFamilyFriendly": true, 
            "datePublished": "2017-01-19T22:14:00.0000000Z", 
            "encodingFormat": "jpeg", 
            "webSearchUrl": "https://www.bing.com/images/search?view=detailv2&FORM=OIIRPO&q=site%3a(thepaper.cn+or+chinadaily.com.cn+or+china.com.cn+or+chinanews.com+or+youth.cn+or+sina.com.cn+or+xinhuanet.com+or+cri.cn+or+163.com+or+cankaoxiaoxi.com+or+cctv.com+or+ifeng.com+or+qq.com+or+takungpao.com+or+people.com.cn+or+southcn.com+or+southcn.com+or+cnr.cn+or+people.com.cn+or+cyol.com+or+bjnews.com.cn+or+gmw.cn+or+dahe.cn+or+xfrb.com.cn+or+cqnews.net+or+lifeweek.com.cn+or+cpd.com.cn+or+haiwainet.cn+or+yidianzixun.com+or+ftchinese.com+or+guancha.cn+or+zhcw.com+or+huanqiu.com+or+ihuawen.com+or+nytimes.com+or+flickr.com+or+quanjing.com+or+vcg.com+or+gettyimages.co.uk+or+paixin.com)+%e6%9d%b0%e5%85%8b+%e8%82%af%e5%ae%9a+%e7%9f%a5%e9%81%93+%e8%ae%a4%e8%af%86+%e8%b7%af%e7%ba%bf&id=ED6FE81FC2733B1C3C5A3890D6C2AABC06B04A96&simid=607986652789212508", 
            "hostPageUrl": "http://fashion.sina.com.cn/we/em/2017-01-20/0540/doc-ifxzutkf1941691.shtml", 
            "thumbnailUrl": "https://tse2.mm.bing.net/th?id=OIP.5h5-sn-mgr6g_vOPNWEnKQHaE7&pid=Api", 
            "thumbnail": {
                "width": 474, 
                "height": 315
            }, 
            "contentSize": "27487 B"
        }, 
        {
            "contentUrl": "http://img1.cache.netease.com/cnews/2011/1/26/201101262200045e930.jpg", 
            "insightsMetadata": {
                "pagesIncludingCount": 2, 
                "availableSizesCount": 1
            }, 
            "height": 360, 
            "accentColor": "9D2E36", 
            "hostPageDisplayUrl": "news.163.com/special/zhuyouguang", 
            "name": "网易新闻对话朱幼光", 
            "width": 480, 
            "imageInsightsToken": "ccid_0lmOT230*mid_D6A96BE4204E2746B7D5D3F1EDB6D724E51D14AB*simid_608035907443753320*thid_OIP.0lmOT230LOtXOraU8Zxb8AHaFj", 
            "imageId": "D6A96BE4204E2746B7D5D3F1EDB6D724E51D14AB", 
            "isFamilyFriendly": true, 
            "datePublished": "2011-02-16T22:15:00.0000000Z", 
            "encodingFormat": "jpeg", 
            "webSearchUrl": "https://www.bing.com/images/search?view=detailv2&FORM=OIIRPO&q=site%3a(thepaper.cn+or+chinadaily.com.cn+or+china.com.cn+or+chinanews.com+or+youth.cn+or+sina.com.cn+or+xinhuanet.com+or+cri.cn+or+163.com+or+cankaoxiaoxi.com+or+cctv.com+or+ifeng.com+or+qq.com+or+takungpao.com+or+people.com.cn+or+southcn.com+or+southcn.com+or+cnr.cn+or+people.com.cn+or+cyol.com+or+bjnews.com.cn+or+gmw.cn+or+dahe.cn+or+xfrb.com.cn+or+cqnews.net+or+lifeweek.com.cn+or+cpd.com.cn+or+haiwainet.cn+or+yidianzixun.com+or+ftchinese.com+or+guancha.cn+or+zhcw.com+or+huanqiu.com+or+ihuawen.com+or+nytimes.com+or+flickr.com+or+quanjing.com+or+vcg.com+or+gettyimages.co.uk+or+paixin.com)+%e6%9d%b0%e5%85%8b+%e8%82%af%e5%ae%9a+%e7%9f%a5%e9%81%93+%e8%ae%a4%e8%af%86+%e8%b7%af%e7%ba%bf&id=D6A96BE4204E2746B7D5D3F1EDB6D724E51D14AB&simid=608035907443753320", 
            "hostPageUrl": "http://news.163.com/special/zhuyouguang/", 
            "thumbnailUrl": "https://tse4.mm.bing.net/th?id=OIP.0lmOT230LOtXOraU8Zxb8AHaFj&pid=Api", 
            "thumbnail": {
                "width": 474, 
                "height": 355
            }, 
            "contentSize": "17905 B"
        }, 
        {
            "contentUrl": "http://s3img.city.sina.com.cn/travel/trip/trip_day_child_img/1422496198894_0.jpg", 
            "insightsMetadata": {
                "pagesIncludingCount": 2, 
                "availableSizesCount": 2
            }, 
            "height": 519, 
            "accentColor": "4E5E2D", 
            "hostPageDisplayUrl": "travel.sina.com.cn/ah_anhui_3555-xiangqing-gonglue", 
            "name": "穿行皖北 奔命之旅的精彩发现_合肥攻略\\景点\\线路_新浪安徽", 
            "width": 690, 
            "imageInsightsToken": "ccid_s0YnfCWy*mid_BEA4117FC565DFC3D10C2E7D4CBF2C6C7D0E809B*simid_608009179884685375*thid_OIP.s0YnfCWyvw3DOo9rPZrYlAHaFk", 
            "imageId": "BEA4117FC565DFC3D10C2E7D4CBF2C6C7D0E809B", 
            "isFamilyFriendly": true, 
            "datePublished": "2018-04-28T16:36:00.0000000Z", 
            "encodingFormat": "jpeg", 
            "webSearchUrl": "https://www.bing.com/images/search?view=detailv2&FORM=OIIRPO&q=site%3a(thepaper.cn+or+chinadaily.com.cn+or+china.com.cn+or+chinanews.com+or+youth.cn+or+sina.com.cn+or+xinhuanet.com+or+cri.cn+or+163.com+or+cankaoxiaoxi.com+or+cctv.com+or+ifeng.com+or+qq.com+or+takungpao.com+or+people.com.cn+or+southcn.com+or+southcn.com+or+cnr.cn+or+people.com.cn+or+cyol.com+or+bjnews.com.cn+or+gmw.cn+or+dahe.cn+or+xfrb.com.cn+or+cqnews.net+or+lifeweek.com.cn+or+cpd.com.cn+or+haiwainet.cn+or+yidianzixun.com+or+ftchinese.com+or+guancha.cn+or+zhcw.com+or+huanqiu.com+or+ihuawen.com+or+nytimes.com+or+flickr.com+or+quanjing.com+or+vcg.com+or+gettyimages.co.uk+or+paixin.com)+%e6%9d%b0%e5%85%8b+%e8%82%af%e5%ae%9a+%e7%9f%a5%e9%81%93+%e8%ae%a4%e8%af%86+%e8%b7%af%e7%ba%bf&id=BEA4117FC565DFC3D10C2E7D4CBF2C6C7D0E809B&simid=608009179884685375", 
            "hostPageUrl": "http://travel.sina.com.cn/ah_anhui_3555-xiangqing-gonglue/", 
            "thumbnailUrl": "https://tse3.mm.bing.net/th?id=OIP.s0YnfCWyvw3DOo9rPZrYlAHaFk&pid=Api", 
            "thumbnail": {
                "width": 474, 
                "height": 356
            }, 
            "contentSize": "128842 B"
        }
    ], 
    "nextOffset": 17, 
    "queryContext": {
        "alterationMethod": "AM_JustChangeIt", 
        "alterationType": "CombinedAlterations", 
        "originalQuery": "site:(thepaper.cn or chinadaily.com.cn or china.com.cn or chinanews.com or youth.cn or sina.com.cn or xinhuanet.com or cri.cn or 163.com or cankaoxiaoxi.com or cctv.com or ifeng.com or qq.com or takungpao.com or people.com.cn or southcn.com or southcn.com or cnr.cn or people.com.cn or cyol.com or bjnews.com.cn or gmw.cn or dahe.cn or xfrb.com.cn or cqnews.net or lifeweek.com.cn or cpd.com.cn or haiwainet.cn or yidianzixun.com or ftchinese.com or guancha.cn or zhcw.com or huanqiu.com or ihuawen.com or nytimes.com or flickr.com or quanjing.com or vcg.com or gettyimages.co.uk or paixin.com) 杰克 肯定 知道 认识 路线", 
        "alterationOverrideQuery": "+site:(thepaper.cn or chinadaily.com.cn or china.com.cn or chinanews.com or youth.cn or sina.com.cn or xinhuanet.com or cri.cn or 163.com or cankaoxiaoxi.com or cctv.com or ifeng.com or qq.com or takungpao.com or people.com.cn or southcn.com or southcn.com or cnr.cn or people.com.cn or cyol.com or bjnews.com.cn or gmw.cn or dahe.cn or xfrb.com.cn or cqnews.net or lifeweek.com.cn or cpd.com.cn or haiwainet.cn or yidianzixun.com or ftchinese.com or guancha.cn or zhcw.com or huanqiu.com or ihuawen.com or nytimes.com or flickr.com or quanjing.com or vcg.com or gettyimages.co.uk or paixin.com) 杰克 肯定 知道 认识 路线", 
        "alterationDisplayQuery": "杰克 肯定 知道 认知 线路"
    }, 
    "currentOffset": 0, 
    "readLink": "images/search?q=site:(thepaper.cn or chinadaily.com.cn or china.com.cn or chinanews.com or youth.cn or sina.com.cn or xinhuanet.com or cri.cn or 163.com or cankaoxiaoxi.com or cctv.com or ifeng.com or qq.com or takungpao.com or people.com.cn or southcn.com or southcn.com or cnr.cn or people.com.cn or cyol.com or bjnews.com.cn or gmw.cn or dahe.cn or xfrb.com.cn or cqnews.net or lifeweek.com.cn or cpd.com.cn or haiwainet.cn or yidianzixun.com or ftchinese.com or guancha.cn or zhcw.com or huanqiu.com or ihuawen.com or nytimes.com or flickr.com or quanjing.com or vcg.com or gettyimages.co.uk or paixin.com) 杰克 肯定 知道 认识 路线", 
    "totalEstimatedMatches": 17
}