{
    "instrumentation": {
        "_type": "ResponseInstrumentation"
    }, 
    "_type": "Images", 
    "webSearchUrl": "https://www.bing.com/images/search?q=site:(thepaper.cn or chinadaily.com.cn or china.com.cn or chinanews.com or youth.cn or sina.com.cn or xinhuanet.com or cri.cn or 163.com or cankaoxiaoxi.com or cctv.com or ifeng.com or qq.com or takungpao.com or people.com.cn or southcn.com or southcn.com or cnr.cn or people.com.cn or cyol.com or bjnews.com.cn or gmw.cn or dahe.cn or xfrb.com.cn or cqnews.net or lifeweek.com.cn or cpd.com.cn or haiwainet.cn or yidianzixun.com or ftchinese.com or guancha.cn or zhcw.com or huanqiu.com or ihuawen.com or nytimes.com or flickr.com or quanjing.com or vcg.com or gettyimages.co.uk or paixin.com) 信件 知道&FORM=OIIARP", 
    "value": [
        {
            "contentUrl": "http://img1.cache.netease.com/catchpic/F/F6/F69349DD2D9EFD40BD72E2AC6081E71A.jpg", 
            "insightsMetadata": {
                "pagesIncludingCount": 8, 
                "availableSizesCount": 1
            }, 
            "height": 600, 
            "accentColor": "A0BA11", 
            "hostPageDisplayUrl": "lady.163.com/09/1127/10/5P4C9HIG00261IEK.html", 
            "name": "一封信就知道你喜欢谁_网易女人", 
            "width": 400, 
            "imageInsightsToken": "ccid_9isiUUAl*mid_6BAF2E20EA146C75056A30B8595917875B8DBAB3*simid_608034069196964148*thid_OIP.9isiUUAlmHaCgNKA6nV7zwAAAA", 
            "imageId": "6BAF2E20EA146C75056A30B8595917875B8DBAB3", 
            "isFamilyFriendly": true, 
            "datePublished": "2009-11-27T12:00:00.0000000Z", 
            "encodingFormat": "jpeg", 
            "webSearchUrl": "https://www.bing.com/images/search?view=detailv2&FORM=OIIRPO&q=site%3a(thepaper.cn+or+chinadaily.com.cn+or+china.com.cn+or+chinanews.com+or+youth.cn+or+sina.com.cn+or+xinhuanet.com+or+cri.cn+or+163.com+or+cankaoxiaoxi.com+or+cctv.com+or+ifeng.com+or+qq.com+or+takungpao.com+or+people.com.cn+or+southcn.com+or+southcn.com+or+cnr.cn+or+people.com.cn+or+cyol.com+or+bjnews.com.cn+or+gmw.cn+or+dahe.cn+or+xfrb.com.cn+or+cqnews.net+or+lifeweek.com.cn+or+cpd.com.cn+or+haiwainet.cn+or+yidianzixun.com+or+ftchinese.com+or+guancha.cn+or+zhcw.com+or+huanqiu.com+or+ihuawen.com+or+nytimes.com+or+flickr.com+or+quanjing.com+or+vcg.com+or+gettyimages.co.uk+or+paixin.com)+%e4%bf%a1%e4%bb%b6+%e7%9f%a5%e9%81%93&id=6BAF2E20EA146C75056A30B8595917875B8DBAB3&simid=608034069196964148", 
            "hostPageUrl": "http://lady.163.com/09/1127/10/5P4C9HIG00261IEK.html", 
            "thumbnailUrl": "https://tse2.mm.bing.net/th?id=OIP.9isiUUAlmHaCgNKA6nV7zwAAAA&pid=Api", 
            "thumbnail": {
                "width": 400, 
                "height": 600
            }, 
            "contentSize": "43334 B"
        }, 
        {
            "contentUrl": "http://pic.iask.cn/fimg/1699529014_240.jpg", 
            "insightsMetadata": {
                "pagesIncludingCount": 1, 
                "availableSizesCount": 1
            }, 
            "height": 320, 
            "accentColor": "AB202F", 
            "hostPageDisplayUrl": "https://iask.sina.com.cn/b/6CbFhAWF5.html", 
            "name": "谁知道微信海报用什么软件？ 爱问知识人", 
            "width": 240, 
            "imageInsightsToken": "ccid_5+5WMRCk*mid_0FCEAC4602BC2363E2F81D54924FA07B85B769DA*simid_607988417993310386*thid_OIP.5-5WMRCkH4bdKelNjsohPAAAAA", 
            "imageId": "0FCEAC4602BC2363E2F81D54924FA07B85B769DA", 
            "isFamilyFriendly": true, 
            "datePublished": "2019-02-05T08:01:00.0000000Z", 
            "encodingFormat": "jpeg", 
            "webSearchUrl": "https://www.bing.com/images/search?view=detailv2&FORM=OIIRPO&q=site%3a(thepaper.cn+or+chinadaily.com.cn+or+china.com.cn+or+chinanews.com+or+youth.cn+or+sina.com.cn+or+xinhuanet.com+or+cri.cn+or+163.com+or+cankaoxiaoxi.com+or+cctv.com+or+ifeng.com+or+qq.com+or+takungpao.com+or+people.com.cn+or+southcn.com+or+southcn.com+or+cnr.cn+or+people.com.cn+or+cyol.com+or+bjnews.com.cn+or+gmw.cn+or+dahe.cn+or+xfrb.com.cn+or+cqnews.net+or+lifeweek.com.cn+or+cpd.com.cn+or+haiwainet.cn+or+yidianzixun.com+or+ftchinese.com+or+guancha.cn+or+zhcw.com+or+huanqiu.com+or+ihuawen.com+or+nytimes.com+or+flickr.com+or+quanjing.com+or+vcg.com+or+gettyimages.co.uk+or+paixin.com)+%e4%bf%a1%e4%bb%b6+%e7%9f%a5%e9%81%93&id=0FCEAC4602BC2363E2F81D54924FA07B85B769DA&simid=607988417993310386", 
            "hostPageUrl": "https://iask.sina.com.cn/b/6CbFhAWF5.html", 
            "thumbnailUrl": "https://tse1.mm.bing.net/th?id=OIP.5-5WMRCkH4bdKelNjsohPAAAAA&pid=Api", 
            "thumbnail": {
                "width": 240, 
                "height": 320
            }, 
            "contentSize": "13698 B"
        }, 
        {
            "contentUrl": "https://10.url.cn/eth/ajNVdqHZLLDdczjoo8ibYm3Oux5AENOkL84kRVX4IdImS2ugohl3NaRXKAI1PPDPjGLXbeOGdeeA/", 
            "insightsMetadata": {
                "pagesIncludingCount": 1, 
                "availableSizesCount": 1
            }, 
            "height": 459, 
            "accentColor": "485F28", 
            "hostPageDisplayUrl": "https://biotree.ke.qq.com", 
            "name": "创想知道生信技能在线课堂_腾讯课堂", 
            "width": 500, 
            "imageInsightsToken": "ccid_ZxttxD/f*mid_2B4B53EB6FD9C699195C4BE88CB73488F5D925F9*simid_608004850537464048*thid_OIP.ZxttxD!_f1BTk8g2wLtvJlAHaGz", 
            "imageId": "2B4B53EB6FD9C699195C4BE88CB73488F5D925F9", 
            "isFamilyFriendly": true, 
            "datePublished": "2018-03-03T21:02:00.0000000Z", 
            "encodingFormat": "jpeg", 
            "webSearchUrl": "https://www.bing.com/images/search?view=detailv2&FORM=OIIRPO&q=site%3a(thepaper.cn+or+chinadaily.com.cn+or+china.com.cn+or+chinanews.com+or+youth.cn+or+sina.com.cn+or+xinhuanet.com+or+cri.cn+or+163.com+or+cankaoxiaoxi.com+or+cctv.com+or+ifeng.com+or+qq.com+or+takungpao.com+or+people.com.cn+or+southcn.com+or+southcn.com+or+cnr.cn+or+people.com.cn+or+cyol.com+or+bjnews.com.cn+or+gmw.cn+or+dahe.cn+or+xfrb.com.cn+or+cqnews.net+or+lifeweek.com.cn+or+cpd.com.cn+or+haiwainet.cn+or+yidianzixun.com+or+ftchinese.com+or+guancha.cn+or+zhcw.com+or+huanqiu.com+or+ihuawen.com+or+nytimes.com+or+flickr.com+or+quanjing.com+or+vcg.com+or+gettyimages.co.uk+or+paixin.com)+%e4%bf%a1%e4%bb%b6+%e7%9f%a5%e9%81%93&id=2B4B53EB6FD9C699195C4BE88CB73488F5D925F9&simid=608004850537464048", 
            "hostPageUrl": "https://biotree.ke.qq.com/", 
            "thumbnailUrl": "https://tse3.mm.bing.net/th?id=OIP.ZxttxD_f1BTk8g2wLtvJlAHaGz&pid=Api", 
            "thumbnail": {
                "width": 474, 
                "height": 435
            }, 
            "contentSize": "317910 B"
        }, 
        {
            "contentUrl": "http://p0.ifengimg.com/pmop/2017/1205/0DD3E48DD838FC15581019C4D27BE6A0A27621A4_size613_w500_h281.gif", 
            "insightsMetadata": {
                "pagesIncludingCount": 58, 
                "availableSizesCount": 10
            }, 
            "height": 281, 
            "proxyContentUrl": "https://tse4.mm.bing.net/th?id=OGC.b9ca1c7738aa2a4f1a524e5f2a7f3645&pid=Api&rurl=http%3a%2f%2fp0.ifengimg.com%2fpmop%2f2017%2f1205%2f0DD3E48DD838FC15581019C4D27BE6A0A27621A4_size613_w500_h281.gif&ehk=s33r1BQFAGAw1eShLHp9Hg", 
            "hostPageDisplayUrl": "news.ifeng.com/a/20171205/53856373_0.shtml", 
            "name": "男人怎么样，看微信头像就知道了_凤凰资讯", 
            "width": 500, 
            "imageInsightsToken": "ccid_ucocdziq*mid_7B83858E5BA709E292D9062E6F9DC3E2D6AE8605*simid_607995423098732561*thid_OIP.ucocdziqKk8aUk5fKn82RQHaEK", 
            "imageId": "7B83858E5BA709E292D9062E6F9DC3E2D6AE8605", 
            "isFamilyFriendly": true, 
            "datePublished": "2017-12-04T19:45:00.0000000Z", 
            "encodingFormat": "animatedgif", 
            "webSearchUrl": "https://www.bing.com/images/search?view=detailv2&FORM=OIIRPO&q=site%3a(thepaper.cn+or+chinadaily.com.cn+or+china.com.cn+or+chinanews.com+or+youth.cn+or+sina.com.cn+or+xinhuanet.com+or+cri.cn+or+163.com+or+cankaoxiaoxi.com+or+cctv.com+or+ifeng.com+or+qq.com+or+takungpao.com+or+people.com.cn+or+southcn.com+or+southcn.com+or+cnr.cn+or+people.com.cn+or+cyol.com+or+bjnews.com.cn+or+gmw.cn+or+dahe.cn+or+xfrb.com.cn+or+cqnews.net+or+lifeweek.com.cn+or+cpd.com.cn+or+haiwainet.cn+or+yidianzixun.com+or+ftchinese.com+or+guancha.cn+or+zhcw.com+or+huanqiu.com+or+ihuawen.com+or+nytimes.com+or+flickr.com+or+quanjing.com+or+vcg.com+or+gettyimages.co.uk+or+paixin.com)+%e4%bf%a1%e4%bb%b6+%e7%9f%a5%e9%81%93&id=7B83858E5BA709E292D9062E6F9DC3E2D6AE8605&simid=607995423098732561", 
            "hostPageUrl": "http://news.ifeng.com/a/20171205/53856373_0.shtml", 
            "accentColor": "A83523", 
            "thumbnailUrl": "https://tse2.mm.bing.net/th?id=OIP.ucocdziqKk8aUk5fKn82RQHaEK&pid=Api", 
            "thumbnail": {
                "width": 474, 
                "height": 266
            }, 
            "contentSize": "628412 B"
        }, 
        {
            "contentUrl": "http://himg2.huanqiu.com/attachment2010/2014/0115/20140115095413901.png", 
            "insightsMetadata": {
                "pagesIncludingCount": 2, 
                "availableSizesCount": 2
            }, 
            "height": 307, 
            "accentColor": "BB106C", 
            "hostPageDisplayUrl": "ent.huanqiu.com/yuleyaowen/2014-01/4756284.html", 
            "name": "郭德纲谈上春晚：听见的别全信 知道的别全说_娱乐_环球网", 
            "width": 550, 
            "imageInsightsToken": "ccid_dFTEcNQK*mid_5CD7BFE50483E4E6DF1166C75D43712315BCC32C*simid_608044016333358712*thid_OIP.dFTEcNQKJc1XT52MA8D!_hwHaEI", 
            "imageId": "5CD7BFE50483E4E6DF1166C75D43712315BCC32C", 
            "isFamilyFriendly": true, 
            "datePublished": "2019-01-26T12:45:00.0000000Z", 
            "encodingFormat": "png", 
            "webSearchUrl": "https://www.bing.com/images/search?view=detailv2&FORM=OIIRPO&q=site%3a(thepaper.cn+or+chinadaily.com.cn+or+china.com.cn+or+chinanews.com+or+youth.cn+or+sina.com.cn+or+xinhuanet.com+or+cri.cn+or+163.com+or+cankaoxiaoxi.com+or+cctv.com+or+ifeng.com+or+qq.com+or+takungpao.com+or+people.com.cn+or+southcn.com+or+southcn.com+or+cnr.cn+or+people.com.cn+or+cyol.com+or+bjnews.com.cn+or+gmw.cn+or+dahe.cn+or+xfrb.com.cn+or+cqnews.net+or+lifeweek.com.cn+or+cpd.com.cn+or+haiwainet.cn+or+yidianzixun.com+or+ftchinese.com+or+guancha.cn+or+zhcw.com+or+huanqiu.com+or+ihuawen.com+or+nytimes.com+or+flickr.com+or+quanjing.com+or+vcg.com+or+gettyimages.co.uk+or+paixin.com)+%e4%bf%a1%e4%bb%b6+%e7%9f%a5%e9%81%93&id=5CD7BFE50483E4E6DF1166C75D43712315BCC32C&simid=608044016333358712", 
            "hostPageUrl": "http://ent.huanqiu.com/yuleyaowen/2014-01/4756284.html", 
            "thumbnailUrl": "https://tse1.mm.bing.net/th?id=OIP.dFTEcNQKJc1XT52MA8D_hwHaEI&pid=Api", 
            "thumbnail": {
                "width": 474, 
                "height": 264
            }, 
            "contentSize": "236793 B"
        }, 
        {
            "contentUrl": "http://p1.ifengimg.com/cmpp/2017/01/08/01/ed6edbe2-4b1e-4652-be66-dda4706f89a2_size215_w400_h576.jpg", 
            "insightsMetadata": {
                "pagesIncludingCount": 1, 
                "availableSizesCount": 1
            }, 
            "height": 576, 
            "accentColor": "034DC8", 
            "hostPageDisplayUrl": "news.ifeng.com/a/20170108/50538929_0.shtml", 
            "name": "古人也会“微信”拜年_凤凰资讯", 
            "width": 400, 
            "imageInsightsToken": "ccid_5XM0Wltd*mid_4A7EB8CDC57CF6E149C8313E2A44B3DEDF9AF95F*simid_607998184740621644*thid_OIP.5XM0WltdmooYLUZ1CVPjowDQEs", 
            "imageId": "4A7EB8CDC57CF6E149C8313E2A44B3DEDF9AF95F", 
            "isFamilyFriendly": true, 
            "datePublished": "2017-01-07T17:51:00.0000000Z", 
            "encodingFormat": "jpeg", 
            "webSearchUrl": "https://www.bing.com/images/search?view=detailv2&FORM=OIIRPO&q=site%3a(thepaper.cn+or+chinadaily.com.cn+or+china.com.cn+or+chinanews.com+or+youth.cn+or+sina.com.cn+or+xinhuanet.com+or+cri.cn+or+163.com+or+cankaoxiaoxi.com+or+cctv.com+or+ifeng.com+or+qq.com+or+takungpao.com+or+people.com.cn+or+southcn.com+or+southcn.com+or+cnr.cn+or+people.com.cn+or+cyol.com+or+bjnews.com.cn+or+gmw.cn+or+dahe.cn+or+xfrb.com.cn+or+cqnews.net+or+lifeweek.com.cn+or+cpd.com.cn+or+haiwainet.cn+or+yidianzixun.com+or+ftchinese.com+or+guancha.cn+or+zhcw.com+or+huanqiu.com+or+ihuawen.com+or+nytimes.com+or+flickr.com+or+quanjing.com+or+vcg.com+or+gettyimages.co.uk+or+paixin.com)+%e4%bf%a1%e4%bb%b6+%e7%9f%a5%e9%81%93&id=4A7EB8CDC57CF6E149C8313E2A44B3DEDF9AF95F&simid=607998184740621644", 
            "hostPageUrl": "http://news.ifeng.com/a/20170108/50538929_0.shtml", 
            "thumbnailUrl": "https://tse4.mm.bing.net/th?id=OIP.5XM0WltdmooYLUZ1CVPjowDQEs&pid=Api", 
            "thumbnail": {
                "width": 400, 
                "height": 576
            }, 
            "contentSize": "220452 B"
        }, 
        {
            "contentUrl": "http://pic.iask.cn/fimg/208937376_240.jpg", 
            "insightsMetadata": {
                "pagesIncludingCount": 1, 
                "availableSizesCount": 1
            }, 
            "height": 319, 
            "accentColor": "C80386", 
            "hostPageDisplayUrl": "https://iask.sina.com.cn/b/4GwxqkfQoP.html", 
            "name": "请问，朋友谁知道微信里面的游戏是怎么删的吗 爱问知识人", 
            "width": 240, 
            "imageInsightsToken": "ccid_DGhAeqpg*mid_A5AFDF2FCF8B96F5C9D217BF33AAFB46FE0E9715*simid_608037316203972316*thid_OIP.DGhAeqpglhFJ!_BdcUNeTZgAAAA", 
            "imageId": "A5AFDF2FCF8B96F5C9D217BF33AAFB46FE0E9715", 
            "isFamilyFriendly": true, 
            "datePublished": "2019-02-13T20:52:00.0000000Z", 
            "encodingFormat": "jpeg", 
            "webSearchUrl": "https://www.bing.com/images/search?view=detailv2&FORM=OIIRPO&q=site%3a(thepaper.cn+or+chinadaily.com.cn+or+china.com.cn+or+chinanews.com+or+youth.cn+or+sina.com.cn+or+xinhuanet.com+or+cri.cn+or+163.com+or+cankaoxiaoxi.com+or+cctv.com+or+ifeng.com+or+qq.com+or+takungpao.com+or+people.com.cn+or+southcn.com+or+southcn.com+or+cnr.cn+or+people.com.cn+or+cyol.com+or+bjnews.com.cn+or+gmw.cn+or+dahe.cn+or+xfrb.com.cn+or+cqnews.net+or+lifeweek.com.cn+or+cpd.com.cn+or+haiwainet.cn+or+yidianzixun.com+or+ftchinese.com+or+guancha.cn+or+zhcw.com+or+huanqiu.com+or+ihuawen.com+or+nytimes.com+or+flickr.com+or+quanjing.com+or+vcg.com+or+gettyimages.co.uk+or+paixin.com)+%e4%bf%a1%e4%bb%b6+%e7%9f%a5%e9%81%93&id=A5AFDF2FCF8B96F5C9D217BF33AAFB46FE0E9715&simid=608037316203972316", 
            "hostPageUrl": "https://iask.sina.com.cn/b/4GwxqkfQoP.html", 
            "thumbnailUrl": "https://tse1.mm.bing.net/th?id=OIP.DGhAeqpglhFJ_BdcUNeTZgAAAA&pid=Api", 
            "thumbnail": {
                "width": 240, 
                "height": 319
            }, 
            "contentSize": "14456 B"
        }, 
        {
            "contentUrl": "http://p0.ifengimg.com/pmop/2017/0509/AFB29CF4441D6C973DEE2AB27C934EBB03D95FF3_size133_w600_h400.jpeg", 
            "insightsMetadata": {
                "pagesIncludingCount": 2, 
                "availableSizesCount": 1
            }, 
            "height": 400, 
            "accentColor": "0E30BD", 
            "hostPageDisplayUrl": "news.ifeng.com/a/20170509/51064860_0.shtml", 
            "name": "我们和胡可聊了微信，知道了安吉喜欢的女星和鱼儿的脸盲症 ...", 
            "width": 600, 
            "imageInsightsToken": "ccid_FAAy0JqR*mid_081307D2BBA06B38E487F31696F26D221F95D9A2*simid_608053877555987443*thid_OIP.FAAy0JqRDjiZNkjhGSjgMAHaE8", 
            "imageId": "081307D2BBA06B38E487F31696F26D221F95D9A2", 
            "isFamilyFriendly": true, 
            "datePublished": "2017-05-09T07:29:00.0000000Z", 
            "encodingFormat": "jpeg", 
            "webSearchUrl": "https://www.bing.com/images/search?view=detailv2&FORM=OIIRPO&q=site%3a(thepaper.cn+or+chinadaily.com.cn+or+china.com.cn+or+chinanews.com+or+youth.cn+or+sina.com.cn+or+xinhuanet.com+or+cri.cn+or+163.com+or+cankaoxiaoxi.com+or+cctv.com+or+ifeng.com+or+qq.com+or+takungpao.com+or+people.com.cn+or+southcn.com+or+southcn.com+or+cnr.cn+or+people.com.cn+or+cyol.com+or+bjnews.com.cn+or+gmw.cn+or+dahe.cn+or+xfrb.com.cn+or+cqnews.net+or+lifeweek.com.cn+or+cpd.com.cn+or+haiwainet.cn+or+yidianzixun.com+or+ftchinese.com+or+guancha.cn+or+zhcw.com+or+huanqiu.com+or+ihuawen.com+or+nytimes.com+or+flickr.com+or+quanjing.com+or+vcg.com+or+gettyimages.co.uk+or+paixin.com)+%e4%bf%a1%e4%bb%b6+%e7%9f%a5%e9%81%93&id=081307D2BBA06B38E487F31696F26D221F95D9A2&simid=608053877555987443", 
            "hostPageUrl": "http://news.ifeng.com/a/20170509/51064860_0.shtml", 
            "thumbnailUrl": "https://tse4.mm.bing.net/th?id=OIP.FAAy0JqRDjiZNkjhGSjgMAHaE8&pid=Api", 
            "thumbnail": {
                "width": 474, 
                "height": 316
            }, 
            "contentSize": "137039 B"
        }, 
        {
            "contentUrl": "http://n.sinaimg.cn/front/482/w900h382/20180929/-c__-hkrzvkv2359551.jpg", 
            "insightsMetadata": {
                "pagesIncludingCount": 1, 
                "availableSizesCount": 1
            }, 
            "height": 382, 
            "accentColor": "7F534C", 
            "hostPageDisplayUrl": "eladies.sina.com.cn/feel/xinli/2018-10-26/0714/doc...", 
            "name": "看你微信头像，就知道你好追|头像|炫富|女生_新浪女性_新浪网", 
            "width": 900, 
            "imageInsightsToken": "ccid_tUWF7c6i*mid_7ACF6A19E6A6B22A7D77461A451B7C0752A43364*simid_608034288240820520*thid_OIP.tUWF7c6irRdMBlnpJR4unwHaDJ", 
            "imageId": "7ACF6A19E6A6B22A7D77461A451B7C0752A43364", 
            "isFamilyFriendly": true, 
            "datePublished": "2019-01-24T06:56:00.0000000Z", 
            "encodingFormat": "jpeg", 
            "webSearchUrl": "https://www.bing.com/images/search?view=detailv2&FORM=OIIRPO&q=site%3a(thepaper.cn+or+chinadaily.com.cn+or+china.com.cn+or+chinanews.com+or+youth.cn+or+sina.com.cn+or+xinhuanet.com+or+cri.cn+or+163.com+or+cankaoxiaoxi.com+or+cctv.com+or+ifeng.com+or+qq.com+or+takungpao.com+or+people.com.cn+or+southcn.com+or+southcn.com+or+cnr.cn+or+people.com.cn+or+cyol.com+or+bjnews.com.cn+or+gmw.cn+or+dahe.cn+or+xfrb.com.cn+or+cqnews.net+or+lifeweek.com.cn+or+cpd.com.cn+or+haiwainet.cn+or+yidianzixun.com+or+ftchinese.com+or+guancha.cn+or+zhcw.com+or+huanqiu.com+or+ihuawen.com+or+nytimes.com+or+flickr.com+or+quanjing.com+or+vcg.com+or+gettyimages.co.uk+or+paixin.com)+%e4%bf%a1%e4%bb%b6+%e7%9f%a5%e9%81%93&id=7ACF6A19E6A6B22A7D77461A451B7C0752A43364&simid=608034288240820520", 
            "hostPageUrl": "http://eladies.sina.com.cn/feel/xinli/2018-10-26/0714/doc-ifxeuwwr9651005.shtml", 
            "thumbnailUrl": "https://tse2.mm.bing.net/th?id=OIP.tUWF7c6irRdMBlnpJR4unwHaDJ&pid=Api", 
            "thumbnail": {
                "width": 474, 
                "height": 201
            }, 
            "contentSize": "30769 B"
        }, 
        {
            "contentUrl": "http://n.sinaimg.cn/edu/transform/116/w550h366/20180926/eN9M-hkmwytp1993156.jpg", 
            "insightsMetadata": {
                "pagesIncludingCount": 7, 
                "availableSizesCount": 2
            }, 
            "height": 366, 
            "accentColor": "875344", 
            "hostPageDisplayUrl": "edu.sina.com.cn/bschool/2018-09-26/doc-ifxeuwwr8325107.shtml", 
            "name": "申请EMBA：你知道EMBA入学推荐信该找谁写吗？|推荐信|EMBA|商学院 ...", 
            "width": 550, 
            "imageInsightsToken": "ccid_frA+2rYN*mid_6B7B7A57C5CE2C8C254EB042976A30F55A5E14EE*simid_608023877248812226*thid_OIP.frA-2rYNUYMjmlmfPMbCRgHaE7", 
            "imageId": "6B7B7A57C5CE2C8C254EB042976A30F55A5E14EE", 
            "isFamilyFriendly": true, 
            "datePublished": "2018-10-15T18:00:00.0000000Z", 
            "encodingFormat": "jpeg", 
            "webSearchUrl": "https://www.bing.com/images/search?view=detailv2&FORM=OIIRPO&q=site%3a(thepaper.cn+or+chinadaily.com.cn+or+china.com.cn+or+chinanews.com+or+youth.cn+or+sina.com.cn+or+xinhuanet.com+or+cri.cn+or+163.com+or+cankaoxiaoxi.com+or+cctv.com+or+ifeng.com+or+qq.com+or+takungpao.com+or+people.com.cn+or+southcn.com+or+southcn.com+or+cnr.cn+or+people.com.cn+or+cyol.com+or+bjnews.com.cn+or+gmw.cn+or+dahe.cn+or+xfrb.com.cn+or+cqnews.net+or+lifeweek.com.cn+or+cpd.com.cn+or+haiwainet.cn+or+yidianzixun.com+or+ftchinese.com+or+guancha.cn+or+zhcw.com+or+huanqiu.com+or+ihuawen.com+or+nytimes.com+or+flickr.com+or+quanjing.com+or+vcg.com+or+gettyimages.co.uk+or+paixin.com)+%e4%bf%a1%e4%bb%b6+%e7%9f%a5%e9%81%93&id=6B7B7A57C5CE2C8C254EB042976A30F55A5E14EE&simid=608023877248812226", 
            "hostPageUrl": "http://edu.sina.com.cn/bschool/2018-09-26/doc-ifxeuwwr8325107.shtml", 
            "thumbnailUrl": "https://tse3.mm.bing.net/th?id=OIP.frA-2rYNUYMjmlmfPMbCRgHaE7&pid=Api", 
            "thumbnail": {
                "width": 474, 
                "height": 315
            }, 
            "contentSize": "42183 B"
        }
    ], 
    "nextOffset": 10, 
    "queryContext": {
        "alterationMethod": "AM_JustChangeIt", 
        "alterationType": "CombinedAlterationsChained", 
        "originalQuery": "site:(thepaper.cn or chinadaily.com.cn or china.com.cn or chinanews.com or youth.cn or sina.com.cn or xinhuanet.com or cri.cn or 163.com or cankaoxiaoxi.com or cctv.com or ifeng.com or qq.com or takungpao.com or people.com.cn or southcn.com or southcn.com or cnr.cn or people.com.cn or cyol.com or bjnews.com.cn or gmw.cn or dahe.cn or xfrb.com.cn or cqnews.net or lifeweek.com.cn or cpd.com.cn or haiwainet.cn or yidianzixun.com or ftchinese.com or guancha.cn or zhcw.com or huanqiu.com or ihuawen.com or nytimes.com or flickr.com or quanjing.com or vcg.com or gettyimages.co.uk or paixin.com) 信件 知道", 
        "alterationOverrideQuery": "+site:(thepaper.cn or chinadaily.com.cn or china.com.cn or chinanews.com or youth.cn or sina.com.cn or xinhuanet.com or cri.cn or 163.com or cankaoxiaoxi.com or cctv.com or ifeng.com or qq.com or takungpao.com or people.com.cn or southcn.com or southcn.com or cnr.cn or people.com.cn or cyol.com or bjnews.com.cn or gmw.cn or dahe.cn or xfrb.com.cn or cqnews.net or lifeweek.com.cn or cpd.com.cn or haiwainet.cn or yidianzixun.com or ftchinese.com or guancha.cn or zhcw.com or huanqiu.com or ihuawen.com or nytimes.com or flickr.com or quanjing.com or vcg.com or gettyimages.co.uk or paixin.com) 信件 知道", 
        "alterationDisplayQuery": "信件 知道"
    }, 
    "currentOffset": 0, 
    "readLink": "images/search?q=site:(thepaper.cn or chinadaily.com.cn or china.com.cn or chinanews.com or youth.cn or sina.com.cn or xinhuanet.com or cri.cn or 163.com or cankaoxiaoxi.com or cctv.com or ifeng.com or qq.com or takungpao.com or people.com.cn or southcn.com or southcn.com or cnr.cn or people.com.cn or cyol.com or bjnews.com.cn or gmw.cn or dahe.cn or xfrb.com.cn or cqnews.net or lifeweek.com.cn or cpd.com.cn or haiwainet.cn or yidianzixun.com or ftchinese.com or guancha.cn or zhcw.com or huanqiu.com or ihuawen.com or nytimes.com or flickr.com or quanjing.com or vcg.com or gettyimages.co.uk or paixin.com) 信件 知道", 
    "totalEstimatedMatches": 100
}