{
    "instrumentation": {
        "_type": "ResponseInstrumentation"
    }, 
    "_type": "Images", 
    "webSearchUrl": "https://www.bing.com/images/search?q=site:(thepaper.cn or chinadaily.com.cn or china.com.cn or chinanews.com or youth.cn or sina.com.cn or xinhuanet.com or cri.cn or 163.com or cankaoxiaoxi.com or cctv.com or ifeng.com or qq.com or takungpao.com or people.com.cn or southcn.com or southcn.com or cnr.cn or people.com.cn or cyol.com or bjnews.com.cn or gmw.cn or dahe.cn or xfrb.com.cn or cqnews.net or lifeweek.com.cn or cpd.com.cn or haiwainet.cn or yidianzixun.com or ftchinese.com or guancha.cn or zhcw.com or huanqiu.com or ihuawen.com or nytimes.com or flickr.com or quanjing.com or vcg.com or gettyimages.co.uk or paixin.com) 正在 处理 这种 情况&FORM=OIIARP", 
    "value": [
        {
            "contentUrl": "http://n.sinaimg.cn/translate/20170829/m4Cv-fykiufe7440083.jpg", 
            "insightsMetadata": {
                "pagesIncludingCount": 1, 
                "availableSizesCount": 1
            }, 
            "height": 299, 
            "accentColor": "AC971F", 
            "hostPageDisplayUrl": "news.sina.com.cn/o/2017-09-01/doc-ifykpzey3625833.shtml", 
            "name": "女子别墅内死于非命，监控拍下惊人一幕...生前最后3分钟，太 ...", 
            "width": 504, 
            "imageInsightsToken": "ccid_ixd6Z0b3*mid_D807936CD73F71266FF4480C5634D2CCD48823F2*simid_608002483998230798*thid_OIP.ixd6Z0b3iyzqP8N2elGSvgHaEZ", 
            "imageId": "D807936CD73F71266FF4480C5634D2CCD48823F2", 
            "isFamilyFriendly": true, 
            "datePublished": "2017-09-01T09:04:00.0000000Z", 
            "encodingFormat": "jpeg", 
            "webSearchUrl": "https://www.bing.com/images/search?view=detailv2&FORM=OIIRPO&q=site%3a(thepaper.cn+or+chinadaily.com.cn+or+china.com.cn+or+chinanews.com+or+youth.cn+or+sina.com.cn+or+xinhuanet.com+or+cri.cn+or+163.com+or+cankaoxiaoxi.com+or+cctv.com+or+ifeng.com+or+qq.com+or+takungpao.com+or+people.com.cn+or+southcn.com+or+southcn.com+or+cnr.cn+or+people.com.cn+or+cyol.com+or+bjnews.com.cn+or+gmw.cn+or+dahe.cn+or+xfrb.com.cn+or+cqnews.net+or+lifeweek.com.cn+or+cpd.com.cn+or+haiwainet.cn+or+yidianzixun.com+or+ftchinese.com+or+guancha.cn+or+zhcw.com+or+huanqiu.com+or+ihuawen.com+or+nytimes.com+or+flickr.com+or+quanjing.com+or+vcg.com+or+gettyimages.co.uk+or+paixin.com)+%e6%ad%a3%e5%9c%a8+%e5%a4%84%e7%90%86+%e8%bf%99%e7%a7%8d+%e6%83%85%e5%86%b5&id=D807936CD73F71266FF4480C5634D2CCD48823F2&simid=608002483998230798", 
            "hostPageUrl": "http://news.sina.com.cn/o/2017-09-01/doc-ifykpzey3625833.shtml", 
            "thumbnailUrl": "https://tse4.mm.bing.net/th?id=OIP.ixd6Z0b3iyzqP8N2elGSvgHaEZ&pid=Api", 
            "thumbnail": {
                "width": 474, 
                "height": 281
            }, 
            "contentSize": "14837 B"
        }, 
        {
            "contentUrl": "http://img1.gtimg.com/auto/pics/hv1/169/145/2199/143027119.jpg", 
            "insightsMetadata": {
                "pagesIncludingCount": 8, 
                "availableSizesCount": 2
            }, 
            "height": 267, 
            "accentColor": "6F6445", 
            "hostPageDisplayUrl": "auto.qq.com/a/20170405/020903.htm", 
            "name": "开车遇到异地违章 这种情况你必须亲自去_汽车_腾讯网", 
            "width": 400, 
            "imageInsightsToken": "ccid_z8+OowSY*mid_34C336ACB9A7BA81E9DC6CC8CE96E867DC51F1F6*simid_608053314917499564*thid_OIP.z8-OowSYEAoR7D3i51lEwwAAAA", 
            "imageId": "34C336ACB9A7BA81E9DC6CC8CE96E867DC51F1F6", 
            "isFamilyFriendly": true, 
            "datePublished": "2017-04-05T03:10:00.0000000Z", 
            "encodingFormat": "jpeg", 
            "webSearchUrl": "https://www.bing.com/images/search?view=detailv2&FORM=OIIRPO&q=site%3a(thepaper.cn+or+chinadaily.com.cn+or+china.com.cn+or+chinanews.com+or+youth.cn+or+sina.com.cn+or+xinhuanet.com+or+cri.cn+or+163.com+or+cankaoxiaoxi.com+or+cctv.com+or+ifeng.com+or+qq.com+or+takungpao.com+or+people.com.cn+or+southcn.com+or+southcn.com+or+cnr.cn+or+people.com.cn+or+cyol.com+or+bjnews.com.cn+or+gmw.cn+or+dahe.cn+or+xfrb.com.cn+or+cqnews.net+or+lifeweek.com.cn+or+cpd.com.cn+or+haiwainet.cn+or+yidianzixun.com+or+ftchinese.com+or+guancha.cn+or+zhcw.com+or+huanqiu.com+or+ihuawen.com+or+nytimes.com+or+flickr.com+or+quanjing.com+or+vcg.com+or+gettyimages.co.uk+or+paixin.com)+%e6%ad%a3%e5%9c%a8+%e5%a4%84%e7%90%86+%e8%bf%99%e7%a7%8d+%e6%83%85%e5%86%b5&id=34C336ACB9A7BA81E9DC6CC8CE96E867DC51F1F6&simid=608053314917499564", 
            "hostPageUrl": "http://auto.qq.com/a/20170405/020903.htm", 
            "thumbnailUrl": "https://tse2.mm.bing.net/th?id=OIP.z8-OowSYEAoR7D3i51lEwwAAAA&pid=Api", 
            "thumbnail": {
                "width": 400, 
                "height": 267
            }, 
            "contentSize": "21770 B"
        }, 
        {
            "contentUrl": "http://n.sinaimg.cn/jx/crawl/169/w600h369/20190115/GWEm-hrsecha8908702.jpg", 
            "insightsMetadata": {
                "pagesIncludingCount": 3, 
                "availableSizesCount": 1
            }, 
            "height": 369, 
            "accentColor": "436F88", 
            "hostPageDisplayUrl": "jx.sina.com.cn/news/s/2019-01-15/detail-ihqhqcis6258836...", 
            "name": "共享单车被私自上锁 女子扫码不能骑怒扛车走3公里_新浪江西 ...", 
            "width": 600, 
            "imageInsightsToken": "ccid_KffjuY9Q*mid_FCC4FC1EAE7F49B1A8F55B0B620E379DF442C739*simid_607986850366164427*thid_OIP.KffjuY9QfyYZg3D9oJJskgHaEj", 
            "imageId": "FCC4FC1EAE7F49B1A8F55B0B620E379DF442C739", 
            "isFamilyFriendly": true, 
            "datePublished": "2019-01-15T03:08:00.0000000Z", 
            "encodingFormat": "jpeg", 
            "webSearchUrl": "https://www.bing.com/images/search?view=detailv2&FORM=OIIRPO&q=site%3a(thepaper.cn+or+chinadaily.com.cn+or+china.com.cn+or+chinanews.com+or+youth.cn+or+sina.com.cn+or+xinhuanet.com+or+cri.cn+or+163.com+or+cankaoxiaoxi.com+or+cctv.com+or+ifeng.com+or+qq.com+or+takungpao.com+or+people.com.cn+or+southcn.com+or+southcn.com+or+cnr.cn+or+people.com.cn+or+cyol.com+or+bjnews.com.cn+or+gmw.cn+or+dahe.cn+or+xfrb.com.cn+or+cqnews.net+or+lifeweek.com.cn+or+cpd.com.cn+or+haiwainet.cn+or+yidianzixun.com+or+ftchinese.com+or+guancha.cn+or+zhcw.com+or+huanqiu.com+or+ihuawen.com+or+nytimes.com+or+flickr.com+or+quanjing.com+or+vcg.com+or+gettyimages.co.uk+or+paixin.com)+%e6%ad%a3%e5%9c%a8+%e5%a4%84%e7%90%86+%e8%bf%99%e7%a7%8d+%e6%83%85%e5%86%b5&id=FCC4FC1EAE7F49B1A8F55B0B620E379DF442C739&simid=607986850366164427", 
            "hostPageUrl": "http://jx.sina.com.cn/news/s/2019-01-15/detail-ihqhqcis6258836.shtml", 
            "thumbnailUrl": "https://tse3.mm.bing.net/th?id=OIP.KffjuY9QfyYZg3D9oJJskgHaEj&pid=Api", 
            "thumbnail": {
                "width": 474, 
                "height": 291
            }, 
            "contentSize": "21906 B"
        }, 
        {
            "contentUrl": "http://n.sinaimg.cn/tech/crawl/20170112/5t0g-fxzqnip0761882.jpg", 
            "insightsMetadata": {
                "pagesIncludingCount": 3, 
                "availableSizesCount": 2
            }, 
            "height": 412, 
            "accentColor": "033E75", 
            "hostPageDisplayUrl": "tech.sina.com.cn/n/k/2017-01-12/doc-ifxzqnip0763300.shtml", 
            "name": "如何处理Win 10自动更新 尴尬重启如何避免|Win10|自动更新_新浪 ...", 
            "width": 550, 
            "imageInsightsToken": "ccid_96adRD5c*mid_3694AB8D54E4A63C947E478934F5F5ED96B38E8F*simid_608054281285799359*thid_OIP.96adRD5cN4HO!_LNxNA1yHwHaFj", 
            "imageId": "3694AB8D54E4A63C947E478934F5F5ED96B38E8F", 
            "isFamilyFriendly": true, 
            "datePublished": "2017-01-12T01:38:00.0000000Z", 
            "encodingFormat": "jpeg", 
            "webSearchUrl": "https://www.bing.com/images/search?view=detailv2&FORM=OIIRPO&q=site%3a(thepaper.cn+or+chinadaily.com.cn+or+china.com.cn+or+chinanews.com+or+youth.cn+or+sina.com.cn+or+xinhuanet.com+or+cri.cn+or+163.com+or+cankaoxiaoxi.com+or+cctv.com+or+ifeng.com+or+qq.com+or+takungpao.com+or+people.com.cn+or+southcn.com+or+southcn.com+or+cnr.cn+or+people.com.cn+or+cyol.com+or+bjnews.com.cn+or+gmw.cn+or+dahe.cn+or+xfrb.com.cn+or+cqnews.net+or+lifeweek.com.cn+or+cpd.com.cn+or+haiwainet.cn+or+yidianzixun.com+or+ftchinese.com+or+guancha.cn+or+zhcw.com+or+huanqiu.com+or+ihuawen.com+or+nytimes.com+or+flickr.com+or+quanjing.com+or+vcg.com+or+gettyimages.co.uk+or+paixin.com)+%e6%ad%a3%e5%9c%a8+%e5%a4%84%e7%90%86+%e8%bf%99%e7%a7%8d+%e6%83%85%e5%86%b5&id=3694AB8D54E4A63C947E478934F5F5ED96B38E8F&simid=608054281285799359", 
            "hostPageUrl": "http://tech.sina.com.cn/n/k/2017-01-12/doc-ifxzqnip0763300.shtml", 
            "thumbnailUrl": "https://tse4.mm.bing.net/th?id=OIP.96adRD5cN4HO_LNxNA1yHwHaFj&pid=Api", 
            "thumbnail": {
                "width": 474, 
                "height": 355
            }, 
            "contentSize": "36414 B"
        }, 
        {
            "contentUrl": "https://shp.qpic.cn/cms_pic/6132715a6c474a726d70707562/c44c3a787508b5985d6921df174f8776/", 
            "insightsMetadata": {
                "pagesIncludingCount": 1, 
                "availableSizesCount": 1
            }, 
            "height": 1080, 
            "accentColor": "996E32", 
            "hostPageDisplayUrl": "https://poe.game.qq.com/forum/view-thread/26213", 
            "name": "官方论坛 - 综合讨论 - 求助，在游戏内试图领取天赋清空点时 ...", 
            "width": 1920, 
            "imageInsightsToken": "ccid_JKsJ9Mo1*mid_8B68AE0246DA6CF495755A6E8CCD4298E8D30ED2*simid_608010863511865201*thid_OIP.JKsJ9Mo1YbzQNOrdCyZS9wHaEK", 
            "imageId": "8B68AE0246DA6CF495755A6E8CCD4298E8D30ED2", 
            "isFamilyFriendly": true, 
            "datePublished": "2018-11-07T22:05:00.0000000Z", 
            "encodingFormat": "png", 
            "webSearchUrl": "https://www.bing.com/images/search?view=detailv2&FORM=OIIRPO&q=site%3a(thepaper.cn+or+chinadaily.com.cn+or+china.com.cn+or+chinanews.com+or+youth.cn+or+sina.com.cn+or+xinhuanet.com+or+cri.cn+or+163.com+or+cankaoxiaoxi.com+or+cctv.com+or+ifeng.com+or+qq.com+or+takungpao.com+or+people.com.cn+or+southcn.com+or+southcn.com+or+cnr.cn+or+people.com.cn+or+cyol.com+or+bjnews.com.cn+or+gmw.cn+or+dahe.cn+or+xfrb.com.cn+or+cqnews.net+or+lifeweek.com.cn+or+cpd.com.cn+or+haiwainet.cn+or+yidianzixun.com+or+ftchinese.com+or+guancha.cn+or+zhcw.com+or+huanqiu.com+or+ihuawen.com+or+nytimes.com+or+flickr.com+or+quanjing.com+or+vcg.com+or+gettyimages.co.uk+or+paixin.com)+%e6%ad%a3%e5%9c%a8+%e5%a4%84%e7%90%86+%e8%bf%99%e7%a7%8d+%e6%83%85%e5%86%b5&id=8B68AE0246DA6CF495755A6E8CCD4298E8D30ED2&simid=608010863511865201", 
            "hostPageUrl": "https://poe.game.qq.com/forum/view-thread/26213", 
            "thumbnailUrl": "https://tse2.mm.bing.net/th?id=OIP.JKsJ9Mo1YbzQNOrdCyZS9wHaEK&pid=Api", 
            "thumbnail": {
                "width": 474, 
                "height": 266
            }, 
            "contentSize": "3352691 B"
        }, 
        {
            "contentUrl": "http://n.sinaimg.cn/tech/crawl/20171122/5yQd-fynwnwt8057499.jpg", 
            "insightsMetadata": {
                "pagesIncludingCount": 6, 
                "availableSizesCount": 4
            }, 
            "height": 307, 
            "accentColor": "6B5E52", 
            "hostPageDisplayUrl": "tech.sina.com.cn/n/k/2017-11-22/doc-ifypacti6628107.shtml", 
            "name": "为啥你电脑越来越卡 别人却能战五年？|硬盘|流氓软件|流畅_新浪 ...", 
            "width": 550, 
            "imageInsightsToken": "ccid_iKljkQzu*mid_C292CA1C78EE716E92D86102E3901CC34361E9A0*simid_607994684342993137*thid_OIP.iKljkQzufHVVeg1b0-x8FwHaEI", 
            "imageId": "C292CA1C78EE716E92D86102E3901CC34361E9A0", 
            "isFamilyFriendly": true, 
            "datePublished": "2017-11-22T00:54:00.0000000Z", 
            "encodingFormat": "jpeg", 
            "webSearchUrl": "https://www.bing.com/images/search?view=detailv2&FORM=OIIRPO&q=site%3a(thepaper.cn+or+chinadaily.com.cn+or+china.com.cn+or+chinanews.com+or+youth.cn+or+sina.com.cn+or+xinhuanet.com+or+cri.cn+or+163.com+or+cankaoxiaoxi.com+or+cctv.com+or+ifeng.com+or+qq.com+or+takungpao.com+or+people.com.cn+or+southcn.com+or+southcn.com+or+cnr.cn+or+people.com.cn+or+cyol.com+or+bjnews.com.cn+or+gmw.cn+or+dahe.cn+or+xfrb.com.cn+or+cqnews.net+or+lifeweek.com.cn+or+cpd.com.cn+or+haiwainet.cn+or+yidianzixun.com+or+ftchinese.com+or+guancha.cn+or+zhcw.com+or+huanqiu.com+or+ihuawen.com+or+nytimes.com+or+flickr.com+or+quanjing.com+or+vcg.com+or+gettyimages.co.uk+or+paixin.com)+%e6%ad%a3%e5%9c%a8+%e5%a4%84%e7%90%86+%e8%bf%99%e7%a7%8d+%e6%83%85%e5%86%b5&id=C292CA1C78EE716E92D86102E3901CC34361E9A0&simid=607994684342993137", 
            "hostPageUrl": "http://tech.sina.com.cn/n/k/2017-11-22/doc-ifypacti6628107.shtml", 
            "thumbnailUrl": "https://tse4.mm.bing.net/th?id=OIP.iKljkQzufHVVeg1b0-x8FwHaEI&pid=Api", 
            "thumbnail": {
                "width": 474, 
                "height": 264
            }, 
            "contentSize": "19783 B"
        }, 
        {
            "contentUrl": "http://img1.gtimg.com/auto/pics/hv1/2/210/2212/143888852.jpg", 
            "insightsMetadata": {
                "pagesIncludingCount": 1, 
                "availableSizesCount": 1
            }, 
            "height": 288, 
            "accentColor": "7E9C2F", 
            "hostPageDisplayUrl": "auto.qq.com/a/20170526/024816.htm", 
            "name": "异地违章该怎么办？ 4种方法帮你快速处理_汽车_腾讯网", 
            "width": 437, 
            "imageInsightsToken": "ccid_SbazxnHB*mid_A54B5B1F3F1CF0FD64FD7CA6808C8DE4BA5F3D93*simid_608047070046326347*thid_OIP.SbazxnHBCmZfW8Pn8rynRwAAAA", 
            "imageId": "A54B5B1F3F1CF0FD64FD7CA6808C8DE4BA5F3D93", 
            "isFamilyFriendly": true, 
            "datePublished": "2017-05-26T03:26:00.0000000Z", 
            "encodingFormat": "jpeg", 
            "webSearchUrl": "https://www.bing.com/images/search?view=detailv2&FORM=OIIRPO&q=site%3a(thepaper.cn+or+chinadaily.com.cn+or+china.com.cn+or+chinanews.com+or+youth.cn+or+sina.com.cn+or+xinhuanet.com+or+cri.cn+or+163.com+or+cankaoxiaoxi.com+or+cctv.com+or+ifeng.com+or+qq.com+or+takungpao.com+or+people.com.cn+or+southcn.com+or+southcn.com+or+cnr.cn+or+people.com.cn+or+cyol.com+or+bjnews.com.cn+or+gmw.cn+or+dahe.cn+or+xfrb.com.cn+or+cqnews.net+or+lifeweek.com.cn+or+cpd.com.cn+or+haiwainet.cn+or+yidianzixun.com+or+ftchinese.com+or+guancha.cn+or+zhcw.com+or+huanqiu.com+or+ihuawen.com+or+nytimes.com+or+flickr.com+or+quanjing.com+or+vcg.com+or+gettyimages.co.uk+or+paixin.com)+%e6%ad%a3%e5%9c%a8+%e5%a4%84%e7%90%86+%e8%bf%99%e7%a7%8d+%e6%83%85%e5%86%b5&id=A54B5B1F3F1CF0FD64FD7CA6808C8DE4BA5F3D93&simid=608047070046326347", 
            "hostPageUrl": "http://auto.qq.com/a/20170526/024816.htm", 
            "thumbnailUrl": "https://tse2.mm.bing.net/th?id=OIP.SbazxnHBCmZfW8Pn8rynRwAAAA&pid=Api", 
            "thumbnail": {
                "width": 437, 
                "height": 288
            }, 
            "contentSize": "23292 B"
        }, 
        {
            "contentUrl": "http://himg2.huanqiu.com/attachment2010/2016/0826/11/00/20160826110050715.jpg", 
            "insightsMetadata": {
                "pagesIncludingCount": 2, 
                "availableSizesCount": 1
            }, 
            "height": 332, 
            "accentColor": "303A60", 
            "hostPageDisplayUrl": "look.huanqiu.com/article/2016-08/9363410.html", 
            "name": "英真人秀嘉宾被大蟒蛇勒住 美女搭档及时施援手_博览_环球网", 
            "width": 634, 
            "imageInsightsToken": "ccid_vpVV4EeM*mid_48B513729B32B54B11DD61B8E3E447EC2F80DD89*simid_608051240493320604*thid_OIP.vpVV4EeMxrILqdXWJVKP!_wHaD4", 
            "imageId": "48B513729B32B54B11DD61B8E3E447EC2F80DD89", 
            "isFamilyFriendly": true, 
            "datePublished": "2016-08-28T23:22:00.0000000Z", 
            "encodingFormat": "jpeg", 
            "webSearchUrl": "https://www.bing.com/images/search?view=detailv2&FORM=OIIRPO&q=site%3a(thepaper.cn+or+chinadaily.com.cn+or+china.com.cn+or+chinanews.com+or+youth.cn+or+sina.com.cn+or+xinhuanet.com+or+cri.cn+or+163.com+or+cankaoxiaoxi.com+or+cctv.com+or+ifeng.com+or+qq.com+or+takungpao.com+or+people.com.cn+or+southcn.com+or+southcn.com+or+cnr.cn+or+people.com.cn+or+cyol.com+or+bjnews.com.cn+or+gmw.cn+or+dahe.cn+or+xfrb.com.cn+or+cqnews.net+or+lifeweek.com.cn+or+cpd.com.cn+or+haiwainet.cn+or+yidianzixun.com+or+ftchinese.com+or+guancha.cn+or+zhcw.com+or+huanqiu.com+or+ihuawen.com+or+nytimes.com+or+flickr.com+or+quanjing.com+or+vcg.com+or+gettyimages.co.uk+or+paixin.com)+%e6%ad%a3%e5%9c%a8+%e5%a4%84%e7%90%86+%e8%bf%99%e7%a7%8d+%e6%83%85%e5%86%b5&id=48B513729B32B54B11DD61B8E3E447EC2F80DD89&simid=608051240493320604", 
            "hostPageUrl": "http://look.huanqiu.com/article/2016-08/9363410.html", 
            "thumbnailUrl": "https://tse3.mm.bing.net/th?id=OIP.vpVV4EeMxrILqdXWJVKP_wHaD4&pid=Api", 
            "thumbnail": {
                "width": 474, 
                "height": 248
            }, 
            "contentSize": "39361 B"
        }, 
        {
            "contentUrl": "http://n.sinaimg.cn/jx/crawl/73/w550h323/20190115/M-aQ-hrsecha8908748.jpg", 
            "insightsMetadata": {
                "pagesIncludingCount": 3, 
                "availableSizesCount": 2
            }, 
            "height": 323, 
            "accentColor": "4B6A80", 
            "hostPageDisplayUrl": "jx.sina.com.cn/news/s/2019-01-15/detail-ihqhqcis6258836...", 
            "name": "共享单车被私自上锁 女子扫码不能骑怒扛车走3公里_新浪江西 ...", 
            "width": 550, 
            "imageInsightsToken": "ccid_zf+vym2t*mid_FCC4FC1EAE7F49B1A8F53AF4F45CDC9278B2B436*simid_607996866213314918*thid_OIP.zf-vym2tUwYe0r7!_8m2HGAHaEW", 
            "imageId": "FCC4FC1EAE7F49B1A8F53AF4F45CDC9278B2B436", 
            "isFamilyFriendly": true, 
            "datePublished": "2019-01-15T03:08:00.0000000Z", 
            "encodingFormat": "jpeg", 
            "webSearchUrl": "https://www.bing.com/images/search?view=detailv2&FORM=OIIRPO&q=site%3a(thepaper.cn+or+chinadaily.com.cn+or+china.com.cn+or+chinanews.com+or+youth.cn+or+sina.com.cn+or+xinhuanet.com+or+cri.cn+or+163.com+or+cankaoxiaoxi.com+or+cctv.com+or+ifeng.com+or+qq.com+or+takungpao.com+or+people.com.cn+or+southcn.com+or+southcn.com+or+cnr.cn+or+people.com.cn+or+cyol.com+or+bjnews.com.cn+or+gmw.cn+or+dahe.cn+or+xfrb.com.cn+or+cqnews.net+or+lifeweek.com.cn+or+cpd.com.cn+or+haiwainet.cn+or+yidianzixun.com+or+ftchinese.com+or+guancha.cn+or+zhcw.com+or+huanqiu.com+or+ihuawen.com+or+nytimes.com+or+flickr.com+or+quanjing.com+or+vcg.com+or+gettyimages.co.uk+or+paixin.com)+%e6%ad%a3%e5%9c%a8+%e5%a4%84%e7%90%86+%e8%bf%99%e7%a7%8d+%e6%83%85%e5%86%b5&id=FCC4FC1EAE7F49B1A8F53AF4F45CDC9278B2B436&simid=607996866213314918", 
            "hostPageUrl": "http://jx.sina.com.cn/news/s/2019-01-15/detail-ihqhqcis6258836.shtml", 
            "thumbnailUrl": "https://tse2.mm.bing.net/th?id=OIP.zf-vym2tUwYe0r7_8m2HGAHaEW&pid=Api", 
            "thumbnail": {
                "width": 474, 
                "height": 278
            }, 
            "contentSize": "30087 B"
        }, 
        {
            "contentUrl": "http://n.sinaimg.cn/hainan/transform/20170505/qEX2-fyeyqek8997606.png", 
            "insightsMetadata": {
                "pagesIncludingCount": 2, 
                "availableSizesCount": 1
            }, 
            "height": 494, 
            "accentColor": "2E599D", 
            "hostPageDisplayUrl": "hainan.sina.com.cn/news/hnyw/2017-05-05/detail...", 
            "name": "海口男子银行卡未离身 莫名被“买”了8万多元基金_新浪海南 ...", 
            "width": 519, 
            "imageInsightsToken": "ccid_rt1keW68*mid_C813A0C1F3B511304E4E6B7E60F6FB878C198282*simid_608040447248502734*thid_OIP.rt1keW68p2mcurLkI6o5JgHaHD", 
            "imageId": "C813A0C1F3B511304E4E6B7E60F6FB878C198282", 
            "isFamilyFriendly": true, 
            "datePublished": "2018-06-08T14:07:00.0000000Z", 
            "encodingFormat": "png", 
            "webSearchUrl": "https://www.bing.com/images/search?view=detailv2&FORM=OIIRPO&q=site%3a(thepaper.cn+or+chinadaily.com.cn+or+china.com.cn+or+chinanews.com+or+youth.cn+or+sina.com.cn+or+xinhuanet.com+or+cri.cn+or+163.com+or+cankaoxiaoxi.com+or+cctv.com+or+ifeng.com+or+qq.com+or+takungpao.com+or+people.com.cn+or+southcn.com+or+southcn.com+or+cnr.cn+or+people.com.cn+or+cyol.com+or+bjnews.com.cn+or+gmw.cn+or+dahe.cn+or+xfrb.com.cn+or+cqnews.net+or+lifeweek.com.cn+or+cpd.com.cn+or+haiwainet.cn+or+yidianzixun.com+or+ftchinese.com+or+guancha.cn+or+zhcw.com+or+huanqiu.com+or+ihuawen.com+or+nytimes.com+or+flickr.com+or+quanjing.com+or+vcg.com+or+gettyimages.co.uk+or+paixin.com)+%e6%ad%a3%e5%9c%a8+%e5%a4%84%e7%90%86+%e8%bf%99%e7%a7%8d+%e6%83%85%e5%86%b5&id=C813A0C1F3B511304E4E6B7E60F6FB878C198282&simid=608040447248502734", 
            "hostPageUrl": "http://hainan.sina.com.cn/news/hnyw/2017-05-05/detail-ifyeycfp9248311.shtml", 
            "thumbnailUrl": "https://tse4.mm.bing.net/th?id=OIP.rt1keW68p2mcurLkI6o5JgHaHD&pid=Api", 
            "thumbnail": {
                "width": 474, 
                "height": 451
            }, 
            "contentSize": "204708 B"
        }
    ], 
    "nextOffset": 11, 
    "queryContext": {
        "alterationMethod": "AM_JustChangeIt", 
        "alterationType": "CombinedAlterationsChained", 
        "originalQuery": "site:(thepaper.cn or chinadaily.com.cn or china.com.cn or chinanews.com or youth.cn or sina.com.cn or xinhuanet.com or cri.cn or 163.com or cankaoxiaoxi.com or cctv.com or ifeng.com or qq.com or takungpao.com or people.com.cn or southcn.com or southcn.com or cnr.cn or people.com.cn or cyol.com or bjnews.com.cn or gmw.cn or dahe.cn or xfrb.com.cn or cqnews.net or lifeweek.com.cn or cpd.com.cn or haiwainet.cn or yidianzixun.com or ftchinese.com or guancha.cn or zhcw.com or huanqiu.com or ihuawen.com or nytimes.com or flickr.com or quanjing.com or vcg.com or gettyimages.co.uk or paixin.com) 正在 处理 这种 情况", 
        "alterationOverrideQuery": "+site:(thepaper.cn or chinadaily.com.cn or china.com.cn or chinanews.com or youth.cn or sina.com.cn or xinhuanet.com or cri.cn or 163.com or cankaoxiaoxi.com or cctv.com or ifeng.com or qq.com or takungpao.com or people.com.cn or southcn.com or southcn.com or cnr.cn or people.com.cn or cyol.com or bjnews.com.cn or gmw.cn or dahe.cn or xfrb.com.cn or cqnews.net or lifeweek.com.cn or cpd.com.cn or haiwainet.cn or yidianzixun.com or ftchinese.com or guancha.cn or zhcw.com or huanqiu.com or ihuawen.com or nytimes.com or flickr.com or quanjing.com or vcg.com or gettyimages.co.uk or paixin.com) 正在 处理 这种 情况", 
        "alterationDisplayQuery": "正在 处理 这种 情况"
    }, 
    "currentOffset": 0, 
    "readLink": "images/search?q=site:(thepaper.cn or chinadaily.com.cn or china.com.cn or chinanews.com or youth.cn or sina.com.cn or xinhuanet.com or cri.cn or 163.com or cankaoxiaoxi.com or cctv.com or ifeng.com or qq.com or takungpao.com or people.com.cn or southcn.com or southcn.com or cnr.cn or people.com.cn or cyol.com or bjnews.com.cn or gmw.cn or dahe.cn or xfrb.com.cn or cqnews.net or lifeweek.com.cn or cpd.com.cn or haiwainet.cn or yidianzixun.com or ftchinese.com or guancha.cn or zhcw.com or huanqiu.com or ihuawen.com or nytimes.com or flickr.com or quanjing.com or vcg.com or gettyimages.co.uk or paixin.com) 正在 处理 这种 情况", 
    "totalEstimatedMatches": 100
}