{
    "instrumentation": {
        "_type": "ResponseInstrumentation"
    }, 
    "_type": "Images", 
    "webSearchUrl": "https://www.bing.com/images/search?q=site:(thepaper.cn or chinadaily.com.cn or china.com.cn or chinanews.com or youth.cn or sina.com.cn or xinhuanet.com or cri.cn or 163.com or cankaoxiaoxi.com or cctv.com or ifeng.com or qq.com or takungpao.com or people.com.cn or southcn.com or southcn.com or cnr.cn or people.com.cn or cyol.com or bjnews.com.cn or gmw.cn or dahe.cn or xfrb.com.cn or cqnews.net or lifeweek.com.cn or cpd.com.cn or haiwainet.cn or yidianzixun.com or ftchinese.com or guancha.cn or zhcw.com or huanqiu.com or ihuawen.com or nytimes.com or flickr.com or quanjing.com or vcg.com or gettyimages.co.uk or paixin.com) 关税 增加 每个 不法行为&FORM=OIIARP", 
    "value": [
        {
            "contentUrl": "http://n.sinaimg.cn/translate/385/w745h440/20180724/VfJS-hftenhz8407431.png", 
            "insightsMetadata": {
                "pagesIncludingCount": 3, 
                "availableSizesCount": 2
            }, 
            "height": 440, 
            "accentColor": "B41728", 
            "hostPageDisplayUrl": "https://finance.sina.com.cn/money/forex/hbfx/2018-07-24...", 
            "name": "欧盟拒绝美国零关税“恩赐”，德国心怀异念或加剧贸易分歧|零 ...", 
            "width": 745, 
            "imageInsightsToken": "ccid_LBl+3tfk*mid_CF87D88F1CADA923EF2CAA281F45445FFDEBB234*simid_608009029561225101*thid_OIP.LBl-3tfka9iYRfgR60opNgHaEX", 
            "imageId": "CF87D88F1CADA923EF2CAA281F45445FFDEBB234", 
            "isFamilyFriendly": true, 
            "datePublished": "2018-07-24T12:30:00.0000000Z", 
            "encodingFormat": "png", 
            "webSearchUrl": "https://www.bing.com/images/search?view=detailv2&FORM=OIIRPO&q=site%3a(thepaper.cn+or+chinadaily.com.cn+or+china.com.cn+or+chinanews.com+or+youth.cn+or+sina.com.cn+or+xinhuanet.com+or+cri.cn+or+163.com+or+cankaoxiaoxi.com+or+cctv.com+or+ifeng.com+or+qq.com+or+takungpao.com+or+people.com.cn+or+southcn.com+or+southcn.com+or+cnr.cn+or+people.com.cn+or+cyol.com+or+bjnews.com.cn+or+gmw.cn+or+dahe.cn+or+xfrb.com.cn+or+cqnews.net+or+lifeweek.com.cn+or+cpd.com.cn+or+haiwainet.cn+or+yidianzixun.com+or+ftchinese.com+or+guancha.cn+or+zhcw.com+or+huanqiu.com+or+ihuawen.com+or+nytimes.com+or+flickr.com+or+quanjing.com+or+vcg.com+or+gettyimages.co.uk+or+paixin.com)+%e5%85%b3%e7%a8%8e+%e5%a2%9e%e5%8a%a0+%e6%af%8f%e4%b8%aa+%e4%b8%8d%e6%b3%95%e8%a1%8c%e4%b8%ba&id=CF87D88F1CADA923EF2CAA281F45445FFDEBB234&simid=608009029561225101", 
            "hostPageUrl": "https://finance.sina.com.cn/money/forex/hbfx/2018-07-24/doc-ihftenhz8407535.shtml", 
            "thumbnailUrl": "https://tse1.mm.bing.net/th?id=OIP.LBl-3tfka9iYRfgR60opNgHaEX&pid=Api", 
            "thumbnail": {
                "width": 474, 
                "height": 279
            }, 
            "contentSize": "405743 B"
        }, 
        {
            "contentUrl": "http://i3.sinaimg.cn/dy/s/2015-04-20/U2004P1T1D31737631F21DT20150420100703.jpg", 
            "insightsMetadata": {
                "pagesIncludingCount": 9, 
                "availableSizesCount": 2
            }, 
            "height": 317, 
            "accentColor": "666666", 
            "hostPageDisplayUrl": "news.sina.com.cn/s/2015-04-20/100731737631.shtml", 
            "name": "女子接受捐精后怀孕 丈夫:看见孩子想起那男人|捐精|地下捐精 ...", 
            "width": 540, 
            "imageInsightsToken": "ccid_IhfsCjhI*mid_9290E9DCB35F4B476A959668E275CBC2A9CEC371*simid_608034550228650161*thid_OIP.IhfsCjhIBoE--SDFkJQM6gHaEW", 
            "imageId": "9290E9DCB35F4B476A959668E275CBC2A9CEC371", 
            "isFamilyFriendly": true, 
            "datePublished": "2015-04-20T02:11:00.0000000Z", 
            "encodingFormat": "jpeg", 
            "webSearchUrl": "https://www.bing.com/images/search?view=detailv2&FORM=OIIRPO&q=site%3a(thepaper.cn+or+chinadaily.com.cn+or+china.com.cn+or+chinanews.com+or+youth.cn+or+sina.com.cn+or+xinhuanet.com+or+cri.cn+or+163.com+or+cankaoxiaoxi.com+or+cctv.com+or+ifeng.com+or+qq.com+or+takungpao.com+or+people.com.cn+or+southcn.com+or+southcn.com+or+cnr.cn+or+people.com.cn+or+cyol.com+or+bjnews.com.cn+or+gmw.cn+or+dahe.cn+or+xfrb.com.cn+or+cqnews.net+or+lifeweek.com.cn+or+cpd.com.cn+or+haiwainet.cn+or+yidianzixun.com+or+ftchinese.com+or+guancha.cn+or+zhcw.com+or+huanqiu.com+or+ihuawen.com+or+nytimes.com+or+flickr.com+or+quanjing.com+or+vcg.com+or+gettyimages.co.uk+or+paixin.com)+%e5%85%b3%e7%a8%8e+%e5%a2%9e%e5%8a%a0+%e6%af%8f%e4%b8%aa+%e4%b8%8d%e6%b3%95%e8%a1%8c%e4%b8%ba&id=9290E9DCB35F4B476A959668E275CBC2A9CEC371&simid=608034550228650161", 
            "hostPageUrl": "http://news.sina.com.cn/s/2015-04-20/100731737631.shtml", 
            "thumbnailUrl": "https://tse1.mm.bing.net/th?id=OIP.IhfsCjhIBoE--SDFkJQM6gHaEW&pid=Api", 
            "thumbnail": {
                "width": 474, 
                "height": 278
            }, 
            "contentSize": "22885 B"
        }, 
        {
            "contentUrl": "http://image.tech.china.cn/upload/images/2017/0301/154347/123_294635_eff296820435518ccaaaadcca95cc7fa.jpg", 
            "insightsMetadata": {
                "pagesIncludingCount": 1, 
                "availableSizesCount": 1
            }, 
            "height": 461, 
            "accentColor": "935B38", 
            "hostPageDisplayUrl": "caijing.chinadaily.com.cn/finance/2017-03/01/content...", 
            "name": "阿拉木斯：打假不能单靠加大电商平台责任 - 中国日报网", 
            "width": 692, 
            "imageInsightsToken": "ccid_2paSJ59z*mid_C9F56906F4AA5B5F750D29CB19EEB8A6A84FBE7A*simid_608034460036432107*thid_OIP.2paSJ59z37I4Qt3rN2OiuAHaE7", 
            "imageId": "C9F56906F4AA5B5F750D29CB19EEB8A6A84FBE7A", 
            "isFamilyFriendly": true, 
            "datePublished": "2018-08-09T19:05:00.0000000Z", 
            "encodingFormat": "jpeg", 
            "webSearchUrl": "https://www.bing.com/images/search?view=detailv2&FORM=OIIRPO&q=site%3a(thepaper.cn+or+chinadaily.com.cn+or+china.com.cn+or+chinanews.com+or+youth.cn+or+sina.com.cn+or+xinhuanet.com+or+cri.cn+or+163.com+or+cankaoxiaoxi.com+or+cctv.com+or+ifeng.com+or+qq.com+or+takungpao.com+or+people.com.cn+or+southcn.com+or+southcn.com+or+cnr.cn+or+people.com.cn+or+cyol.com+or+bjnews.com.cn+or+gmw.cn+or+dahe.cn+or+xfrb.com.cn+or+cqnews.net+or+lifeweek.com.cn+or+cpd.com.cn+or+haiwainet.cn+or+yidianzixun.com+or+ftchinese.com+or+guancha.cn+or+zhcw.com+or+huanqiu.com+or+ihuawen.com+or+nytimes.com+or+flickr.com+or+quanjing.com+or+vcg.com+or+gettyimages.co.uk+or+paixin.com)+%e5%85%b3%e7%a8%8e+%e5%a2%9e%e5%8a%a0+%e6%af%8f%e4%b8%aa+%e4%b8%8d%e6%b3%95%e8%a1%8c%e4%b8%ba&id=C9F56906F4AA5B5F750D29CB19EEB8A6A84FBE7A&simid=608034460036432107", 
            "hostPageUrl": "http://caijing.chinadaily.com.cn/finance/2017-03/01/content_28394901.htm", 
            "thumbnailUrl": "https://tse3.mm.bing.net/th?id=OIP.2paSJ59z37I4Qt3rN2OiuAHaE7&pid=Api", 
            "thumbnail": {
                "width": 474, 
                "height": 315
            }, 
            "hostPageFavIconUrl": "https://www.bing.com/th?id=AR_6bbc59f7064ed213027d1c4ffbd7baac&pid=Api", 
            "contentSize": "37571 B"
        }, 
        {
            "contentUrl": "http://hainan.sinaimg.cn/2013/0923/U10120P1455DT20130923081909.jpg", 
            "insightsMetadata": {
                "pagesIncludingCount": 2, 
                "availableSizesCount": 1
            }, 
            "height": 448, 
            "accentColor": "377294", 
            "hostPageDisplayUrl": "hainan.sina.com.cn/news/m/2013-09-23/081926245.html", 
            "name": "旅游法将实施 出境游价涨惊人自由行受捧 _新浪海南资讯_新浪海南", 
            "width": 550, 
            "imageInsightsToken": "ccid_eNBvgImI*mid_8EEA609D7382815A4E84D8219C6FB9583135B699*simid_608007805454517089*thid_OIP.eNBvgImI41erAaiTFegtbAHaGC", 
            "imageId": "8EEA609D7382815A4E84D8219C6FB9583135B699", 
            "isFamilyFriendly": true, 
            "datePublished": "2019-02-02T04:15:00.0000000Z", 
            "encodingFormat": "jpeg", 
            "webSearchUrl": "https://www.bing.com/images/search?view=detailv2&FORM=OIIRPO&q=site%3a(thepaper.cn+or+chinadaily.com.cn+or+china.com.cn+or+chinanews.com+or+youth.cn+or+sina.com.cn+or+xinhuanet.com+or+cri.cn+or+163.com+or+cankaoxiaoxi.com+or+cctv.com+or+ifeng.com+or+qq.com+or+takungpao.com+or+people.com.cn+or+southcn.com+or+southcn.com+or+cnr.cn+or+people.com.cn+or+cyol.com+or+bjnews.com.cn+or+gmw.cn+or+dahe.cn+or+xfrb.com.cn+or+cqnews.net+or+lifeweek.com.cn+or+cpd.com.cn+or+haiwainet.cn+or+yidianzixun.com+or+ftchinese.com+or+guancha.cn+or+zhcw.com+or+huanqiu.com+or+ihuawen.com+or+nytimes.com+or+flickr.com+or+quanjing.com+or+vcg.com+or+gettyimages.co.uk+or+paixin.com)+%e5%85%b3%e7%a8%8e+%e5%a2%9e%e5%8a%a0+%e6%af%8f%e4%b8%aa+%e4%b8%8d%e6%b3%95%e8%a1%8c%e4%b8%ba&id=8EEA609D7382815A4E84D8219C6FB9583135B699&simid=608007805454517089", 
            "hostPageUrl": "http://hainan.sina.com.cn/news/m/2013-09-23/081926245.html", 
            "thumbnailUrl": "https://tse1.mm.bing.net/th?id=OIP.eNBvgImI41erAaiTFegtbAHaGC&pid=Api", 
            "thumbnail": {
                "width": 474, 
                "height": 386
            }, 
            "contentSize": "46024 B"
        }, 
        {
            "contentUrl": "http://n.sinaimg.cn/translate/304/w721h383/20180617/e21T-heauxvy7139458.jpg", 
            "insightsMetadata": {
                "pagesIncludingCount": 1, 
                "availableSizesCount": 1
            }, 
            "height": 383, 
            "accentColor": "A18E2A", 
            "hostPageDisplayUrl": "news.sina.com.cn/c/2018-06-18/doc-iheauxvy7152147.shtml", 
            "name": "美国对中国加征关税 美媒：特朗普最冒险的一步|贸易战|关税 ...", 
            "width": 721, 
            "imageInsightsToken": "ccid_qsOQLGAx*mid_2A962394A3060E0A2C5DDBE0AD6E87E538228A8C*simid_607991587684353857*thid_OIP.qsOQLGAxoJs-xxrPcFeYvgHaD7", 
            "imageId": "2A962394A3060E0A2C5DDBE0AD6E87E538228A8C", 
            "isFamilyFriendly": true, 
            "datePublished": "2018-06-17T19:04:00.0000000Z", 
            "encodingFormat": "jpeg", 
            "webSearchUrl": "https://www.bing.com/images/search?view=detailv2&FORM=OIIRPO&q=site%3a(thepaper.cn+or+chinadaily.com.cn+or+china.com.cn+or+chinanews.com+or+youth.cn+or+sina.com.cn+or+xinhuanet.com+or+cri.cn+or+163.com+or+cankaoxiaoxi.com+or+cctv.com+or+ifeng.com+or+qq.com+or+takungpao.com+or+people.com.cn+or+southcn.com+or+southcn.com+or+cnr.cn+or+people.com.cn+or+cyol.com+or+bjnews.com.cn+or+gmw.cn+or+dahe.cn+or+xfrb.com.cn+or+cqnews.net+or+lifeweek.com.cn+or+cpd.com.cn+or+haiwainet.cn+or+yidianzixun.com+or+ftchinese.com+or+guancha.cn+or+zhcw.com+or+huanqiu.com+or+ihuawen.com+or+nytimes.com+or+flickr.com+or+quanjing.com+or+vcg.com+or+gettyimages.co.uk+or+paixin.com)+%e5%85%b3%e7%a8%8e+%e5%a2%9e%e5%8a%a0+%e6%af%8f%e4%b8%aa+%e4%b8%8d%e6%b3%95%e8%a1%8c%e4%b8%ba&id=2A962394A3060E0A2C5DDBE0AD6E87E538228A8C&simid=607991587684353857", 
            "hostPageUrl": "http://news.sina.com.cn/c/2018-06-18/doc-iheauxvy7152147.shtml", 
            "thumbnailUrl": "https://tse2.mm.bing.net/th?id=OIP.qsOQLGAxoJs-xxrPcFeYvgHaD7&pid=Api", 
            "thumbnail": {
                "width": 474, 
                "height": 251
            }, 
            "contentSize": "52660 B"
        }, 
        {
            "contentUrl": "http://n.sinaimg.cn/collect/crawl/20170425/j33W-fyepsec0845723.jpg", 
            "insightsMetadata": {
                "pagesIncludingCount": 4, 
                "availableSizesCount": 1
            }, 
            "height": 412, 
            "accentColor": "8C7B3F", 
            "hostPageDisplayUrl": "collection.sina.com.cn/cqyw/2017-04-25/doc...", 
            "name": "万元鳄鱼包与收藏证不符 法院：商家非欺诈可退款|收藏证_新浪 ...", 
            "width": 550, 
            "imageInsightsToken": "ccid_uaJzaBem*mid_D4B2A60FC77184468C51BC71E30EF99C5ED1A0D2*simid_608052971338074038*thid_OIP.uaJzaBemH4R5hZGO32GPMwHaFj", 
            "imageId": "D4B2A60FC77184468C51BC71E30EF99C5ED1A0D2", 
            "isFamilyFriendly": true, 
            "datePublished": "2017-04-25T00:34:00.0000000Z", 
            "encodingFormat": "jpeg", 
            "webSearchUrl": "https://www.bing.com/images/search?view=detailv2&FORM=OIIRPO&q=site%3a(thepaper.cn+or+chinadaily.com.cn+or+china.com.cn+or+chinanews.com+or+youth.cn+or+sina.com.cn+or+xinhuanet.com+or+cri.cn+or+163.com+or+cankaoxiaoxi.com+or+cctv.com+or+ifeng.com+or+qq.com+or+takungpao.com+or+people.com.cn+or+southcn.com+or+southcn.com+or+cnr.cn+or+people.com.cn+or+cyol.com+or+bjnews.com.cn+or+gmw.cn+or+dahe.cn+or+xfrb.com.cn+or+cqnews.net+or+lifeweek.com.cn+or+cpd.com.cn+or+haiwainet.cn+or+yidianzixun.com+or+ftchinese.com+or+guancha.cn+or+zhcw.com+or+huanqiu.com+or+ihuawen.com+or+nytimes.com+or+flickr.com+or+quanjing.com+or+vcg.com+or+gettyimages.co.uk+or+paixin.com)+%e5%85%b3%e7%a8%8e+%e5%a2%9e%e5%8a%a0+%e6%af%8f%e4%b8%aa+%e4%b8%8d%e6%b3%95%e8%a1%8c%e4%b8%ba&id=D4B2A60FC77184468C51BC71E30EF99C5ED1A0D2&simid=608052971338074038", 
            "hostPageUrl": "http://collection.sina.com.cn/cqyw/2017-04-25/doc-ifyepsch3095849.shtml", 
            "thumbnailUrl": "https://tse2.mm.bing.net/th?id=OIP.uaJzaBemH4R5hZGO32GPMwHaFj&pid=Api", 
            "thumbnail": {
                "width": 474, 
                "height": 355
            }, 
            "contentSize": "46896 B"
        }, 
        {
            "contentUrl": "http://n.sinaimg.cn/translate/39/w500h339/20180614/w85K-hcwpcmr0725555.jpg", 
            "insightsMetadata": {
                "pagesIncludingCount": 4, 
                "availableSizesCount": 3
            }, 
            "height": 339, 
            "accentColor": "167EB5", 
            "hostPageDisplayUrl": "finance.sina.com.cn/money/forex/hbfx/2018-06-14/doc...", 
            "name": "冈拉克称十年期美债收益飙至6% 7500万资金表示不服|收益率_新浪 ...", 
            "width": 500, 
            "imageInsightsToken": "ccid_Gh8xo6wB*mid_3C8F153AE80CC54CFE12CDBBFC053744D4AFA20B*simid_608005696651724647*thid_OIP.Gh8xo6wBlmZEv!_J41Ud0IAHaFB", 
            "imageId": "3C8F153AE80CC54CFE12CDBBFC053744D4AFA20B", 
            "isFamilyFriendly": true, 
            "datePublished": "2018-06-14T10:21:00.0000000Z", 
            "encodingFormat": "jpeg", 
            "webSearchUrl": "https://www.bing.com/images/search?view=detailv2&FORM=OIIRPO&q=site%3a(thepaper.cn+or+chinadaily.com.cn+or+china.com.cn+or+chinanews.com+or+youth.cn+or+sina.com.cn+or+xinhuanet.com+or+cri.cn+or+163.com+or+cankaoxiaoxi.com+or+cctv.com+or+ifeng.com+or+qq.com+or+takungpao.com+or+people.com.cn+or+southcn.com+or+southcn.com+or+cnr.cn+or+people.com.cn+or+cyol.com+or+bjnews.com.cn+or+gmw.cn+or+dahe.cn+or+xfrb.com.cn+or+cqnews.net+or+lifeweek.com.cn+or+cpd.com.cn+or+haiwainet.cn+or+yidianzixun.com+or+ftchinese.com+or+guancha.cn+or+zhcw.com+or+huanqiu.com+or+ihuawen.com+or+nytimes.com+or+flickr.com+or+quanjing.com+or+vcg.com+or+gettyimages.co.uk+or+paixin.com)+%e5%85%b3%e7%a8%8e+%e5%a2%9e%e5%8a%a0+%e6%af%8f%e4%b8%aa+%e4%b8%8d%e6%b3%95%e8%a1%8c%e4%b8%ba&id=3C8F153AE80CC54CFE12CDBBFC053744D4AFA20B&simid=608005696651724647", 
            "hostPageUrl": "http://finance.sina.com.cn/money/forex/hbfx/2018-06-14/doc-ihcwpcmr0727077.shtml", 
            "thumbnailUrl": "https://tse4.mm.bing.net/th?id=OIP.Gh8xo6wBlmZEv_J41Ud0IAHaFB&pid=Api", 
            "thumbnail": {
                "width": 474, 
                "height": 321
            }, 
            "contentSize": "28704 B"
        }, 
        {
            "contentUrl": "http://hn.cnr.cn/ds/lh/lhxw/20150104/W020150104549518522796.jpg", 
            "insightsMetadata": {
                "pagesIncludingCount": 2, 
                "availableSizesCount": 1
            }, 
            "height": 397, 
            "accentColor": "865E45", 
            "hostPageDisplayUrl": "hn.cnr.cn/ds/lh/lhxw/20150104/t20150104_517299623.html", 
            "name": "漯河市积极推进基层医疗卫生人才培养工作--中国广播网 中央 ...", 
            "width": 500, 
            "imageInsightsToken": "ccid_Dk8Iahld*mid_4EE49151BDA6385164D2F49BD51D4F19AB0B92C1*simid_608015124132463245*thid_OIP.Dk8IahldvWXQVLunW5czJQHaF4", 
            "imageId": "4EE49151BDA6385164D2F49BD51D4F19AB0B92C1", 
            "isFamilyFriendly": true, 
            "datePublished": "2018-08-20T13:23:00.0000000Z", 
            "encodingFormat": "jpeg", 
            "webSearchUrl": "https://www.bing.com/images/search?view=detailv2&FORM=OIIRPO&q=site%3a(thepaper.cn+or+chinadaily.com.cn+or+china.com.cn+or+chinanews.com+or+youth.cn+or+sina.com.cn+or+xinhuanet.com+or+cri.cn+or+163.com+or+cankaoxiaoxi.com+or+cctv.com+or+ifeng.com+or+qq.com+or+takungpao.com+or+people.com.cn+or+southcn.com+or+southcn.com+or+cnr.cn+or+people.com.cn+or+cyol.com+or+bjnews.com.cn+or+gmw.cn+or+dahe.cn+or+xfrb.com.cn+or+cqnews.net+or+lifeweek.com.cn+or+cpd.com.cn+or+haiwainet.cn+or+yidianzixun.com+or+ftchinese.com+or+guancha.cn+or+zhcw.com+or+huanqiu.com+or+ihuawen.com+or+nytimes.com+or+flickr.com+or+quanjing.com+or+vcg.com+or+gettyimages.co.uk+or+paixin.com)+%e5%85%b3%e7%a8%8e+%e5%a2%9e%e5%8a%a0+%e6%af%8f%e4%b8%aa+%e4%b8%8d%e6%b3%95%e8%a1%8c%e4%b8%ba&id=4EE49151BDA6385164D2F49BD51D4F19AB0B92C1&simid=608015124132463245", 
            "hostPageUrl": "http://hn.cnr.cn/ds/lh/lhxw/20150104/t20150104_517299623.html", 
            "thumbnailUrl": "https://tse2.mm.bing.net/th?id=OIP.Dk8IahldvWXQVLunW5czJQHaF4&pid=Api", 
            "thumbnail": {
                "width": 474, 
                "height": 376
            }, 
            "contentSize": "28247 B"
        }, 
        {
            "contentUrl": "http://n.sinaimg.cn/translate/20171120/SFe6-fynwnws1017923.jpg", 
            "insightsMetadata": {
                "pagesIncludingCount": 1, 
                "availableSizesCount": 1
            }, 
            "height": 574, 
            "accentColor": "BA4608", 
            "hostPageDisplayUrl": "k.sina.com.cn/article_1841017701_6dbbb365019003e2t.html", 
            "name": "【重磅】秋名山上的那辆五菱宏光S3下山了！目前已经抵达广州 ...", 
            "width": 923, 
            "imageInsightsToken": "ccid_TWs3lXON*mid_F464D5923ECCA72DB92FE1A5D35039AFE26102D3*simid_608016335314552788*thid_OIP.TWs3lXONp4YFSxOq1mh9kQHaEm", 
            "imageId": "F464D5923ECCA72DB92FE1A5D35039AFE26102D3", 
            "isFamilyFriendly": true, 
            "datePublished": "2018-10-25T03:58:00.0000000Z", 
            "encodingFormat": "jpeg", 
            "webSearchUrl": "https://www.bing.com/images/search?view=detailv2&FORM=OIIRPO&q=site%3a(thepaper.cn+or+chinadaily.com.cn+or+china.com.cn+or+chinanews.com+or+youth.cn+or+sina.com.cn+or+xinhuanet.com+or+cri.cn+or+163.com+or+cankaoxiaoxi.com+or+cctv.com+or+ifeng.com+or+qq.com+or+takungpao.com+or+people.com.cn+or+southcn.com+or+southcn.com+or+cnr.cn+or+people.com.cn+or+cyol.com+or+bjnews.com.cn+or+gmw.cn+or+dahe.cn+or+xfrb.com.cn+or+cqnews.net+or+lifeweek.com.cn+or+cpd.com.cn+or+haiwainet.cn+or+yidianzixun.com+or+ftchinese.com+or+guancha.cn+or+zhcw.com+or+huanqiu.com+or+ihuawen.com+or+nytimes.com+or+flickr.com+or+quanjing.com+or+vcg.com+or+gettyimages.co.uk+or+paixin.com)+%e5%85%b3%e7%a8%8e+%e5%a2%9e%e5%8a%a0+%e6%af%8f%e4%b8%aa+%e4%b8%8d%e6%b3%95%e8%a1%8c%e4%b8%ba&id=F464D5923ECCA72DB92FE1A5D35039AFE26102D3&simid=608016335314552788", 
            "hostPageUrl": "http://k.sina.com.cn/article_1841017701_6dbbb365019003e2t.html", 
            "thumbnailUrl": "https://tse3.mm.bing.net/th?id=OIP.TWs3lXONp4YFSxOq1mh9kQHaEm&pid=Api", 
            "thumbnail": {
                "width": 474, 
                "height": 294
            }, 
            "contentSize": "62525 B"
        }, 
        {
            "contentUrl": "http://www.chinadaily.com.cn/hqgj/images/attachement/jpg/site1/20110427/0013729e47600f223b0304.jpg", 
            "insightsMetadata": {
                "pagesIncludingCount": 2, 
                "availableSizesCount": 3
            }, 
            "height": 1407, 
            "accentColor": "776B54", 
            "hostPageDisplayUrl": "www.chinadaily.com.cn/hqgj/2011-04/28/content_12408085_2.htm", 
            "name": "英媒指责西方国家双重标准 轰炸利比亚放任叙利亚", 
            "width": 2000, 
            "imageInsightsToken": "ccid_EYLJsVph*mid_1BAF74D2CE81B88D12B7A6E1F6F8C11236F7D11E*simid_607991420189475916*thid_OIP.EYLJsVphPXNYf3ROno0NCQHaFN", 
            "imageId": "1BAF74D2CE81B88D12B7A6E1F6F8C11236F7D11E", 
            "isFamilyFriendly": true, 
            "datePublished": "2011-04-28T18:33:00.0000000Z", 
            "encodingFormat": "jpeg", 
            "webSearchUrl": "https://www.bing.com/images/search?view=detailv2&FORM=OIIRPO&q=site%3a(thepaper.cn+or+chinadaily.com.cn+or+china.com.cn+or+chinanews.com+or+youth.cn+or+sina.com.cn+or+xinhuanet.com+or+cri.cn+or+163.com+or+cankaoxiaoxi.com+or+cctv.com+or+ifeng.com+or+qq.com+or+takungpao.com+or+people.com.cn+or+southcn.com+or+southcn.com+or+cnr.cn+or+people.com.cn+or+cyol.com+or+bjnews.com.cn+or+gmw.cn+or+dahe.cn+or+xfrb.com.cn+or+cqnews.net+or+lifeweek.com.cn+or+cpd.com.cn+or+haiwainet.cn+or+yidianzixun.com+or+ftchinese.com+or+guancha.cn+or+zhcw.com+or+huanqiu.com+or+ihuawen.com+or+nytimes.com+or+flickr.com+or+quanjing.com+or+vcg.com+or+gettyimages.co.uk+or+paixin.com)+%e5%85%b3%e7%a8%8e+%e5%a2%9e%e5%8a%a0+%e6%af%8f%e4%b8%aa+%e4%b8%8d%e6%b3%95%e8%a1%8c%e4%b8%ba&id=1BAF74D2CE81B88D12B7A6E1F6F8C11236F7D11E&simid=607991420189475916", 
            "hostPageUrl": "http://www.chinadaily.com.cn/hqgj/2011-04/28/content_12408085_2.htm", 
            "thumbnailUrl": "https://tse3.mm.bing.net/th?id=OIP.EYLJsVphPXNYf3ROno0NCQHaFN&pid=Api", 
            "thumbnail": {
                "width": 474, 
                "height": 333
            }, 
            "hostPageFavIconUrl": "https://www.bing.com/th?id=AR_6bbc59f7064ed213027d1c4ffbd7baac&pid=Api", 
            "contentSize": "453989 B"
        }
    ], 
    "nextOffset": 24, 
    "queryContext": {
        "alterationMethod": "AM_JustChangeIt", 
        "alterationType": "CombinedAlterationsChained", 
        "originalQuery": "site:(thepaper.cn or chinadaily.com.cn or china.com.cn or chinanews.com or youth.cn or sina.com.cn or xinhuanet.com or cri.cn or 163.com or cankaoxiaoxi.com or cctv.com or ifeng.com or qq.com or takungpao.com or people.com.cn or southcn.com or southcn.com or cnr.cn or people.com.cn or cyol.com or bjnews.com.cn or gmw.cn or dahe.cn or xfrb.com.cn or cqnews.net or lifeweek.com.cn or cpd.com.cn or haiwainet.cn or yidianzixun.com or ftchinese.com or guancha.cn or zhcw.com or huanqiu.com or ihuawen.com or nytimes.com or flickr.com or quanjing.com or vcg.com or gettyimages.co.uk or paixin.com) 关税 增加 每个 不法行为", 
        "alterationOverrideQuery": "+site:(thepaper.cn or chinadaily.com.cn or china.com.cn or chinanews.com or youth.cn or sina.com.cn or xinhuanet.com or cri.cn or 163.com or cankaoxiaoxi.com or cctv.com or ifeng.com or qq.com or takungpao.com or people.com.cn or southcn.com or southcn.com or cnr.cn or people.com.cn or cyol.com or bjnews.com.cn or gmw.cn or dahe.cn or xfrb.com.cn or cqnews.net or lifeweek.com.cn or cpd.com.cn or haiwainet.cn or yidianzixun.com or ftchinese.com or guancha.cn or zhcw.com or huanqiu.com or ihuawen.com or nytimes.com or flickr.com or quanjing.com or vcg.com or gettyimages.co.uk or paixin.com) 关税 增加 每个 不法行为", 
        "alterationDisplayQuery": "关税 增加 每个 不 法行为"
    }, 
    "currentOffset": 0, 
    "readLink": "images/search?q=site:(thepaper.cn or chinadaily.com.cn or china.com.cn or chinanews.com or youth.cn or sina.com.cn or xinhuanet.com or cri.cn or 163.com or cankaoxiaoxi.com or cctv.com or ifeng.com or qq.com or takungpao.com or people.com.cn or southcn.com or southcn.com or cnr.cn or people.com.cn or cyol.com or bjnews.com.cn or gmw.cn or dahe.cn or xfrb.com.cn or cqnews.net or lifeweek.com.cn or cpd.com.cn or haiwainet.cn or yidianzixun.com or ftchinese.com or guancha.cn or zhcw.com or huanqiu.com or ihuawen.com or nytimes.com or flickr.com or quanjing.com or vcg.com or gettyimages.co.uk or paixin.com) 关税 增加 每个 不法行为", 
    "totalEstimatedMatches": 24
}