{
    "instrumentation": {
        "_type": "ResponseInstrumentation"
    }, 
    "_type": "Images", 
    "webSearchUrl": "https://www.bing.com/images/search?q=site:(thepaper.cn or chinadaily.com.cn or china.com.cn or chinanews.com or youth.cn or sina.com.cn or xinhuanet.com or cri.cn or 163.com or cankaoxiaoxi.com or cctv.com or ifeng.com or qq.com or takungpao.com or people.com.cn or southcn.com or southcn.com or cnr.cn or people.com.cn or cyol.com or bjnews.com.cn or gmw.cn or dahe.cn or xfrb.com.cn or cqnews.net or lifeweek.com.cn or cpd.com.cn or haiwainet.cn or yidianzixun.com or ftchinese.com or guancha.cn or zhcw.com or huanqiu.com or ihuawen.com or nytimes.com or flickr.com or quanjing.com or vcg.com or gettyimages.co.uk or paixin.com) 坚强 罗斯 说&FORM=OIIARP", 
    "value": [
        {
            "contentUrl": "http://inews.gtimg.com/newsapp_bt/0/5870102020/641", 
            "insightsMetadata": {
                "pagesIncludingCount": 10, 
                "availableSizesCount": 8
            }, 
            "height": 443, 
            "accentColor": "B81322", 
            "hostPageDisplayUrl": "wimbledon.qq.com/a/20181019/010218.htm", 
            "name": "专访罗斯：决心和牺牲让我重生 中国球迷一直给予爱_体育_腾讯网", 
            "width": 641, 
            "imageInsightsToken": "ccid_pRTKtAep*mid_57DE1E98D5AE5F453C7823735633D792DA57BAD8*simid_608014089057599768*thid_OIP.pRTKtAep1ARBtTkYhSFKhAHaFH", 
            "imageId": "57DE1E98D5AE5F453C7823735633D792DA57BAD8", 
            "isFamilyFriendly": true, 
            "datePublished": "2018-10-19T21:02:00.0000000Z", 
            "encodingFormat": "jpeg", 
            "webSearchUrl": "https://www.bing.com/images/search?view=detailv2&FORM=OIIRPO&q=site%3a(thepaper.cn+or+chinadaily.com.cn+or+china.com.cn+or+chinanews.com+or+youth.cn+or+sina.com.cn+or+xinhuanet.com+or+cri.cn+or+163.com+or+cankaoxiaoxi.com+or+cctv.com+or+ifeng.com+or+qq.com+or+takungpao.com+or+people.com.cn+or+southcn.com+or+southcn.com+or+cnr.cn+or+people.com.cn+or+cyol.com+or+bjnews.com.cn+or+gmw.cn+or+dahe.cn+or+xfrb.com.cn+or+cqnews.net+or+lifeweek.com.cn+or+cpd.com.cn+or+haiwainet.cn+or+yidianzixun.com+or+ftchinese.com+or+guancha.cn+or+zhcw.com+or+huanqiu.com+or+ihuawen.com+or+nytimes.com+or+flickr.com+or+quanjing.com+or+vcg.com+or+gettyimages.co.uk+or+paixin.com)+%e5%9d%9a%e5%bc%ba+%e7%bd%97%e6%96%af+%e8%af%b4&id=57DE1E98D5AE5F453C7823735633D792DA57BAD8&simid=608014089057599768", 
            "hostPageUrl": "http://wimbledon.qq.com/a/20181019/010218.htm", 
            "thumbnailUrl": "https://tse2.mm.bing.net/th?id=OIP.pRTKtAep1ARBtTkYhSFKhAHaFH&pid=Api", 
            "thumbnail": {
                "width": 474, 
                "height": 327
            }, 
            "contentSize": "36134 B"
        }, 
        {
            "contentUrl": "http://n.sinaimg.cn/sports/crawl/255/w491h564/20181222/D-uG-hqqzpku1336252.jpg", 
            "insightsMetadata": {
                "pagesIncludingCount": 1, 
                "availableSizesCount": 1
            }, 
            "height": 564, 
            "accentColor": "3F5E8C", 
            "hostPageDisplayUrl": "sports.sina.com.cn/basketball/nba/2018-12-22/doc...", 
            "name": "罗斯受伤退场！这画面看着让人心疼_NBA_新浪竞技风暴_新浪网", 
            "width": 491, 
            "imageInsightsToken": "ccid_1bysqx2E*mid_00C5F9A4F184BCCDCC79FD248B1D4DF044CC4AD1*simid_607988340673874972*thid_OIP.1bysqx2EzZx-OOyYgYEW-gHaIg", 
            "imageId": "00C5F9A4F184BCCDCC79FD248B1D4DF044CC4AD1", 
            "isFamilyFriendly": true, 
            "datePublished": "2019-02-05T21:51:00.0000000Z", 
            "encodingFormat": "jpeg", 
            "webSearchUrl": "https://www.bing.com/images/search?view=detailv2&FORM=OIIRPO&q=site%3a(thepaper.cn+or+chinadaily.com.cn+or+china.com.cn+or+chinanews.com+or+youth.cn+or+sina.com.cn+or+xinhuanet.com+or+cri.cn+or+163.com+or+cankaoxiaoxi.com+or+cctv.com+or+ifeng.com+or+qq.com+or+takungpao.com+or+people.com.cn+or+southcn.com+or+southcn.com+or+cnr.cn+or+people.com.cn+or+cyol.com+or+bjnews.com.cn+or+gmw.cn+or+dahe.cn+or+xfrb.com.cn+or+cqnews.net+or+lifeweek.com.cn+or+cpd.com.cn+or+haiwainet.cn+or+yidianzixun.com+or+ftchinese.com+or+guancha.cn+or+zhcw.com+or+huanqiu.com+or+ihuawen.com+or+nytimes.com+or+flickr.com+or+quanjing.com+or+vcg.com+or+gettyimages.co.uk+or+paixin.com)+%e5%9d%9a%e5%bc%ba+%e7%bd%97%e6%96%af+%e8%af%b4&id=00C5F9A4F184BCCDCC79FD248B1D4DF044CC4AD1&simid=607988340673874972", 
            "hostPageUrl": "http://sports.sina.com.cn/basketball/nba/2018-12-22/doc-ihmutuee1645607.shtml", 
            "thumbnailUrl": "https://tse2.mm.bing.net/th?id=OIP.1bysqx2EzZx-OOyYgYEW-gHaIg&pid=Api", 
            "thumbnail": {
                "width": 474, 
                "height": 544
            }, 
            "contentSize": "38935 B"
        }, 
        {
            "contentUrl": "http://n.sinaimg.cn/sports/crawl/209/w550h459/20181222/5POH-hqqzpku1336181.jpg", 
            "insightsMetadata": {
                "pagesIncludingCount": 1, 
                "availableSizesCount": 1
            }, 
            "height": 459, 
            "accentColor": "985D33", 
            "hostPageDisplayUrl": "sports.sina.com.cn/basketball/nba/2018-12-22/doc...", 
            "name": "罗斯受伤退场！这画面看着让人心疼_NBA_新浪竞技风暴_新浪网", 
            "width": 550, 
            "imageInsightsToken": "ccid_d9d9vrB1*mid_00C5F9A4F184BCCDCC797D101337AD54C7667BCA*simid_607989130949034867*thid_OIP.d9d9vrB1PC6qNWg93AeDgAHaGL", 
            "imageId": "00C5F9A4F184BCCDCC797D101337AD54C7667BCA", 
            "isFamilyFriendly": true, 
            "datePublished": "2019-02-05T21:51:00.0000000Z", 
            "encodingFormat": "jpeg", 
            "webSearchUrl": "https://www.bing.com/images/search?view=detailv2&FORM=OIIRPO&q=site%3a(thepaper.cn+or+chinadaily.com.cn+or+china.com.cn+or+chinanews.com+or+youth.cn+or+sina.com.cn+or+xinhuanet.com+or+cri.cn+or+163.com+or+cankaoxiaoxi.com+or+cctv.com+or+ifeng.com+or+qq.com+or+takungpao.com+or+people.com.cn+or+southcn.com+or+southcn.com+or+cnr.cn+or+people.com.cn+or+cyol.com+or+bjnews.com.cn+or+gmw.cn+or+dahe.cn+or+xfrb.com.cn+or+cqnews.net+or+lifeweek.com.cn+or+cpd.com.cn+or+haiwainet.cn+or+yidianzixun.com+or+ftchinese.com+or+guancha.cn+or+zhcw.com+or+huanqiu.com+or+ihuawen.com+or+nytimes.com+or+flickr.com+or+quanjing.com+or+vcg.com+or+gettyimages.co.uk+or+paixin.com)+%e5%9d%9a%e5%bc%ba+%e7%bd%97%e6%96%af+%e8%af%b4&id=00C5F9A4F184BCCDCC797D101337AD54C7667BCA&simid=607989130949034867", 
            "hostPageUrl": "http://sports.sina.com.cn/basketball/nba/2018-12-22/doc-ihmutuee1645607.shtml", 
            "thumbnailUrl": "https://tse4.mm.bing.net/th?id=OIP.d9d9vrB1PC6qNWg93AeDgAHaGL&pid=Api", 
            "thumbnail": {
                "width": 474, 
                "height": 395
            }, 
            "contentSize": "54564 B"
        }, 
        {
            "contentUrl": "http://images.china.cn/attachement/jpg/site1000/20140605/c03fd54abc0f14fa0de747.jpg", 
            "insightsMetadata": {
                "pagesIncludingCount": 2, 
                "availableSizesCount": 1
            }, 
            "height": 666, 
            "accentColor": "7F18B3", 
            "hostPageDisplayUrl": "www.china.com.cn/sports/2014-06/05/content_32577662_7.htm", 
            "name": "世界杯十大型男：魅力大叔阿隆索 C罗完美身材_体育中国_中国网", 
            "width": 500, 
            "imageInsightsToken": "ccid_RhvoM93l*mid_3420EA5167355B77C742690A2BE97B1EE1AFCCB4*simid_608037135812920559*thid_OIP.RhvoM93l0WXaORqS!_OCqoQHaJ3", 
            "imageId": "3420EA5167355B77C742690A2BE97B1EE1AFCCB4", 
            "isFamilyFriendly": true, 
            "datePublished": "2018-09-30T18:04:00.0000000Z", 
            "encodingFormat": "jpeg", 
            "webSearchUrl": "https://www.bing.com/images/search?view=detailv2&FORM=OIIRPO&q=site%3a(thepaper.cn+or+chinadaily.com.cn+or+china.com.cn+or+chinanews.com+or+youth.cn+or+sina.com.cn+or+xinhuanet.com+or+cri.cn+or+163.com+or+cankaoxiaoxi.com+or+cctv.com+or+ifeng.com+or+qq.com+or+takungpao.com+or+people.com.cn+or+southcn.com+or+southcn.com+or+cnr.cn+or+people.com.cn+or+cyol.com+or+bjnews.com.cn+or+gmw.cn+or+dahe.cn+or+xfrb.com.cn+or+cqnews.net+or+lifeweek.com.cn+or+cpd.com.cn+or+haiwainet.cn+or+yidianzixun.com+or+ftchinese.com+or+guancha.cn+or+zhcw.com+or+huanqiu.com+or+ihuawen.com+or+nytimes.com+or+flickr.com+or+quanjing.com+or+vcg.com+or+gettyimages.co.uk+or+paixin.com)+%e5%9d%9a%e5%bc%ba+%e7%bd%97%e6%96%af+%e8%af%b4&id=3420EA5167355B77C742690A2BE97B1EE1AFCCB4&simid=608037135812920559", 
            "hostPageUrl": "http://www.china.com.cn/sports/2014-06/05/content_32577662_7.htm", 
            "thumbnailUrl": "https://tse4.mm.bing.net/th?id=OIP.RhvoM93l0WXaORqS_OCqoQHaJ3&pid=Api", 
            "thumbnail": {
                "width": 474, 
                "height": 631
            }, 
            "contentSize": "296096 B"
        }, 
        {
            "contentUrl": "http://cnews.chinadaily.com.cn/img/attachement/jpg/site1/20160616/eca86bd9e2f118cc98cb18.jpg", 
            "insightsMetadata": {
                "pagesIncludingCount": 1, 
                "availableSizesCount": 1
            }, 
            "height": 557, 
            "accentColor": "A13F2A", 
            "hostPageDisplayUrl": "cnews.chinadaily.com.cn/2016-06/16/content_25735181_5.htm", 
            "name": "他带着即将死亡的狗狗去全球旅行一年 留下满满的回忆[5]- 中国 ...", 
            "width": 600, 
            "imageInsightsToken": "ccid_r5N8aJKX*mid_6070B4E67B8CDBF33E25F91BF54689BF7F2272A8*simid_608035091391318769*thid_OIP.r5N8aJKXwvf71g7bpV5ungHaG4", 
            "imageId": "6070B4E67B8CDBF33E25F91BF54689BF7F2272A8", 
            "isFamilyFriendly": true, 
            "datePublished": "2016-06-16T07:45:00.0000000Z", 
            "encodingFormat": "jpeg", 
            "webSearchUrl": "https://www.bing.com/images/search?view=detailv2&FORM=OIIRPO&q=site%3a(thepaper.cn+or+chinadaily.com.cn+or+china.com.cn+or+chinanews.com+or+youth.cn+or+sina.com.cn+or+xinhuanet.com+or+cri.cn+or+163.com+or+cankaoxiaoxi.com+or+cctv.com+or+ifeng.com+or+qq.com+or+takungpao.com+or+people.com.cn+or+southcn.com+or+southcn.com+or+cnr.cn+or+people.com.cn+or+cyol.com+or+bjnews.com.cn+or+gmw.cn+or+dahe.cn+or+xfrb.com.cn+or+cqnews.net+or+lifeweek.com.cn+or+cpd.com.cn+or+haiwainet.cn+or+yidianzixun.com+or+ftchinese.com+or+guancha.cn+or+zhcw.com+or+huanqiu.com+or+ihuawen.com+or+nytimes.com+or+flickr.com+or+quanjing.com+or+vcg.com+or+gettyimages.co.uk+or+paixin.com)+%e5%9d%9a%e5%bc%ba+%e7%bd%97%e6%96%af+%e8%af%b4&id=6070B4E67B8CDBF33E25F91BF54689BF7F2272A8&simid=608035091391318769", 
            "hostPageUrl": "http://cnews.chinadaily.com.cn/2016-06/16/content_25735181_5.htm", 
            "thumbnailUrl": "https://tse4.mm.bing.net/th?id=OIP.r5N8aJKXwvf71g7bpV5ungHaG4&pid=Api", 
            "thumbnail": {
                "width": 474, 
                "height": 440
            }, 
            "hostPageFavIconUrl": "https://www.bing.com/th?id=AR_6bbc59f7064ed213027d1c4ffbd7baac&pid=Api", 
            "contentSize": "70507 B"
        }, 
        {
            "contentUrl": "http://y1.ifengimg.com/a/2015_09/12cd5467871bfbe.jpg", 
            "insightsMetadata": {
                "pagesIncludingCount": 2, 
                "availableSizesCount": 1
            }, 
            "height": 679, 
            "accentColor": "AF241C", 
            "hostPageDisplayUrl": "sports.ifeng.com/a/20150225/43218326_0.shtml", 
            "name": "詹皇领衔众星为罗斯送祝福 乔治：伤病乃最大敌人|罗斯|公牛 ...", 
            "width": 1013, 
            "imageInsightsToken": "ccid_StuUplOS*mid_CA8C17CE445DA4B71D3E005BD56FCD69047583BD*simid_608049299174132605*thid_OIP.StuUplOSOizXib!_M7jSUTwHaE9", 
            "imageId": "CA8C17CE445DA4B71D3E005BD56FCD69047583BD", 
            "isFamilyFriendly": true, 
            "datePublished": "2015-02-25T06:36:00.0000000Z", 
            "encodingFormat": "jpeg", 
            "webSearchUrl": "https://www.bing.com/images/search?view=detailv2&FORM=OIIRPO&q=site%3a(thepaper.cn+or+chinadaily.com.cn+or+china.com.cn+or+chinanews.com+or+youth.cn+or+sina.com.cn+or+xinhuanet.com+or+cri.cn+or+163.com+or+cankaoxiaoxi.com+or+cctv.com+or+ifeng.com+or+qq.com+or+takungpao.com+or+people.com.cn+or+southcn.com+or+southcn.com+or+cnr.cn+or+people.com.cn+or+cyol.com+or+bjnews.com.cn+or+gmw.cn+or+dahe.cn+or+xfrb.com.cn+or+cqnews.net+or+lifeweek.com.cn+or+cpd.com.cn+or+haiwainet.cn+or+yidianzixun.com+or+ftchinese.com+or+guancha.cn+or+zhcw.com+or+huanqiu.com+or+ihuawen.com+or+nytimes.com+or+flickr.com+or+quanjing.com+or+vcg.com+or+gettyimages.co.uk+or+paixin.com)+%e5%9d%9a%e5%bc%ba+%e7%bd%97%e6%96%af+%e8%af%b4&id=CA8C17CE445DA4B71D3E005BD56FCD69047583BD&simid=608049299174132605", 
            "hostPageUrl": "http://sports.ifeng.com/a/20150225/43218326_0.shtml", 
            "thumbnailUrl": "https://tse2.mm.bing.net/th?id=OIP.StuUplOSOizXib_M7jSUTwHaE9&pid=Api", 
            "thumbnail": {
                "width": 474, 
                "height": 317
            }, 
            "contentSize": "647350 B"
        }, 
        {
            "contentUrl": "http://n.sinaimg.cn/sports/crawl/20170122/p3bK-fxzusxt8012751.jpg", 
            "insightsMetadata": {
                "pagesIncludingCount": 7, 
                "availableSizesCount": 5
            }, 
            "height": 393, 
            "accentColor": "7B2620", 
            "hostPageDisplayUrl": "sports.sina.com.cn/basketball/nba/2017-01-22/doc...", 
            "name": "威少劲爆语录：喷科比动机不纯 讽记者抽大麻_NBA_新浪竞技风暴 ...", 
            "width": 550, 
            "imageInsightsToken": "ccid_iMhClqwi*mid_90F6B7DF3A6BD1601F4DDD921179FFB4451F62BC*simid_608034996911671267*thid_OIP.iMhClqwigpTcAFEfmWFNHwHaFS", 
            "imageId": "90F6B7DF3A6BD1601F4DDD921179FFB4451F62BC", 
            "isFamilyFriendly": true, 
            "datePublished": "2018-02-12T00:32:00.0000000Z", 
            "encodingFormat": "jpeg", 
            "webSearchUrl": "https://www.bing.com/images/search?view=detailv2&FORM=OIIRPO&q=site%3a(thepaper.cn+or+chinadaily.com.cn+or+china.com.cn+or+chinanews.com+or+youth.cn+or+sina.com.cn+or+xinhuanet.com+or+cri.cn+or+163.com+or+cankaoxiaoxi.com+or+cctv.com+or+ifeng.com+or+qq.com+or+takungpao.com+or+people.com.cn+or+southcn.com+or+southcn.com+or+cnr.cn+or+people.com.cn+or+cyol.com+or+bjnews.com.cn+or+gmw.cn+or+dahe.cn+or+xfrb.com.cn+or+cqnews.net+or+lifeweek.com.cn+or+cpd.com.cn+or+haiwainet.cn+or+yidianzixun.com+or+ftchinese.com+or+guancha.cn+or+zhcw.com+or+huanqiu.com+or+ihuawen.com+or+nytimes.com+or+flickr.com+or+quanjing.com+or+vcg.com+or+gettyimages.co.uk+or+paixin.com)+%e5%9d%9a%e5%bc%ba+%e7%bd%97%e6%96%af+%e8%af%b4&id=90F6B7DF3A6BD1601F4DDD921179FFB4451F62BC&simid=608034996911671267", 
            "hostPageUrl": "http://sports.sina.com.cn/basketball/nba/2017-01-22/doc-ifxzusws0032375.shtml", 
            "thumbnailUrl": "https://tse4.mm.bing.net/th?id=OIP.iMhClqwigpTcAFEfmWFNHwHaFS&pid=Api", 
            "thumbnail": {
                "width": 474, 
                "height": 338
            }, 
            "contentSize": "55424 B"
        }, 
        {
            "contentUrl": "http://img1.cache.netease.com/catchpic/F/F7/F79DCC980843B9D9DADBCA4D6D99F885.jpg", 
            "insightsMetadata": {
                "pagesIncludingCount": 10, 
                "availableSizesCount": 4
            }, 
            "height": 403, 
            "accentColor": "3E708D", 
            "hostPageDisplayUrl": "edu.163.com/12/1011/18/8DIBKFTP00294IJA.html", 
            "name": "胖子的防御体系：英男子被捅38刀依然坚强_网易教育", 
            "width": 468, 
            "imageInsightsToken": "ccid_4X5ukdUA*mid_86D25A728F7DB59CE9B9CDB675A6C486A50566CF*simid_608012491329046106*thid_OIP.4X5ukdUA0vdRZHCFUrtXtAAAAA", 
            "imageId": "86D25A728F7DB59CE9B9CDB675A6C486A50566CF", 
            "isFamilyFriendly": true, 
            "datePublished": "2019-02-19T05:36:00.0000000Z", 
            "encodingFormat": "jpeg", 
            "webSearchUrl": "https://www.bing.com/images/search?view=detailv2&FORM=OIIRPO&q=site%3a(thepaper.cn+or+chinadaily.com.cn+or+china.com.cn+or+chinanews.com+or+youth.cn+or+sina.com.cn+or+xinhuanet.com+or+cri.cn+or+163.com+or+cankaoxiaoxi.com+or+cctv.com+or+ifeng.com+or+qq.com+or+takungpao.com+or+people.com.cn+or+southcn.com+or+southcn.com+or+cnr.cn+or+people.com.cn+or+cyol.com+or+bjnews.com.cn+or+gmw.cn+or+dahe.cn+or+xfrb.com.cn+or+cqnews.net+or+lifeweek.com.cn+or+cpd.com.cn+or+haiwainet.cn+or+yidianzixun.com+or+ftchinese.com+or+guancha.cn+or+zhcw.com+or+huanqiu.com+or+ihuawen.com+or+nytimes.com+or+flickr.com+or+quanjing.com+or+vcg.com+or+gettyimages.co.uk+or+paixin.com)+%e5%9d%9a%e5%bc%ba+%e7%bd%97%e6%96%af+%e8%af%b4&id=86D25A728F7DB59CE9B9CDB675A6C486A50566CF&simid=608012491329046106", 
            "hostPageUrl": "http://edu.163.com/12/1011/18/8DIBKFTP00294IJA.html", 
            "thumbnailUrl": "https://tse1.mm.bing.net/th?id=OIP.4X5ukdUA0vdRZHCFUrtXtAAAAA&pid=Api", 
            "thumbnail": {
                "width": 468, 
                "height": 403
            }, 
            "contentSize": "41540 B"
        }, 
        {
            "contentUrl": "http://n.sinaimg.cn/sports/crawl/162/w550h412/20180725/73Q0-hfvkitw5919523.jpg", 
            "insightsMetadata": {
                "pagesIncludingCount": 2, 
                "availableSizesCount": 1
            }, 
            "height": 412, 
            "accentColor": "733D31", 
            "hostPageDisplayUrl": "sports.sina.com.cn/tennis/wta/2018-07-25/doc...", 
            "name": "美国天才少女接受手腕手术 本赛季可能提前报销_WTA赛事新闻 ...", 
            "width": 550, 
            "imageInsightsToken": "ccid_S/llatE5*mid_14BD5FCF5E0FB37C4B1243D22104DEF0836BD1AB*simid_608001904182167536*thid_OIP.S!_llatE5YuakJx-mLXWVAgHaFj", 
            "imageId": "14BD5FCF5E0FB37C4B1243D22104DEF0836BD1AB", 
            "isFamilyFriendly": true, 
            "datePublished": "2018-07-25T13:39:00.0000000Z", 
            "encodingFormat": "jpeg", 
            "webSearchUrl": "https://www.bing.com/images/search?view=detailv2&FORM=OIIRPO&q=site%3a(thepaper.cn+or+chinadaily.com.cn+or+china.com.cn+or+chinanews.com+or+youth.cn+or+sina.com.cn+or+xinhuanet.com+or+cri.cn+or+163.com+or+cankaoxiaoxi.com+or+cctv.com+or+ifeng.com+or+qq.com+or+takungpao.com+or+people.com.cn+or+southcn.com+or+southcn.com+or+cnr.cn+or+people.com.cn+or+cyol.com+or+bjnews.com.cn+or+gmw.cn+or+dahe.cn+or+xfrb.com.cn+or+cqnews.net+or+lifeweek.com.cn+or+cpd.com.cn+or+haiwainet.cn+or+yidianzixun.com+or+ftchinese.com+or+guancha.cn+or+zhcw.com+or+huanqiu.com+or+ihuawen.com+or+nytimes.com+or+flickr.com+or+quanjing.com+or+vcg.com+or+gettyimages.co.uk+or+paixin.com)+%e5%9d%9a%e5%bc%ba+%e7%bd%97%e6%96%af+%e8%af%b4&id=14BD5FCF5E0FB37C4B1243D22104DEF0836BD1AB&simid=608001904182167536", 
            "hostPageUrl": "http://sports.sina.com.cn/tennis/wta/2018-07-25/doc-ihfvkitw5931128.shtml", 
            "thumbnailUrl": "https://tse2.mm.bing.net/th?id=OIP.S_llatE5YuakJx-mLXWVAgHaFj&pid=Api", 
            "thumbnail": {
                "width": 474, 
                "height": 355
            }, 
            "contentSize": "39016 B"
        }, 
        {
            "contentUrl": "http://n.sinaimg.cn/translate/20170601/jlNa-fyfuzny1751975.jpg", 
            "insightsMetadata": {
                "pagesIncludingCount": 1, 
                "availableSizesCount": 1
            }, 
            "height": 400, 
            "accentColor": "2D3F6C", 
            "hostPageDisplayUrl": "news.sina.com.cn/o/2017-06-01/doc-ifyfuvpm7003878.shtml", 
            "name": "新疆卡尔罗：做社会稳定和长治久安的守护者|卡尔罗|长治久安 ...", 
            "width": 600, 
            "imageInsightsToken": "ccid_fptGyCbt*mid_9E27049CFC0C6BCC1AA1226F51EDF017CF3FD7A3*simid_608036495860762859*thid_OIP.fptGyCbtnI-fvN4IWtN6bwHaE8", 
            "imageId": "9E27049CFC0C6BCC1AA1226F51EDF017CF3FD7A3", 
            "isFamilyFriendly": true, 
            "datePublished": "2017-06-01T19:37:00.0000000Z", 
            "encodingFormat": "jpeg", 
            "webSearchUrl": "https://www.bing.com/images/search?view=detailv2&FORM=OIIRPO&q=site%3a(thepaper.cn+or+chinadaily.com.cn+or+china.com.cn+or+chinanews.com+or+youth.cn+or+sina.com.cn+or+xinhuanet.com+or+cri.cn+or+163.com+or+cankaoxiaoxi.com+or+cctv.com+or+ifeng.com+or+qq.com+or+takungpao.com+or+people.com.cn+or+southcn.com+or+southcn.com+or+cnr.cn+or+people.com.cn+or+cyol.com+or+bjnews.com.cn+or+gmw.cn+or+dahe.cn+or+xfrb.com.cn+or+cqnews.net+or+lifeweek.com.cn+or+cpd.com.cn+or+haiwainet.cn+or+yidianzixun.com+or+ftchinese.com+or+guancha.cn+or+zhcw.com+or+huanqiu.com+or+ihuawen.com+or+nytimes.com+or+flickr.com+or+quanjing.com+or+vcg.com+or+gettyimages.co.uk+or+paixin.com)+%e5%9d%9a%e5%bc%ba+%e7%bd%97%e6%96%af+%e8%af%b4&id=9E27049CFC0C6BCC1AA1226F51EDF017CF3FD7A3&simid=608036495860762859", 
            "hostPageUrl": "http://news.sina.com.cn/o/2017-06-01/doc-ifyfuvpm7003878.shtml", 
            "thumbnailUrl": "https://tse3.mm.bing.net/th?id=OIP.fptGyCbtnI-fvN4IWtN6bwHaE8&pid=Api", 
            "thumbnail": {
                "width": 474, 
                "height": 316
            }, 
            "contentSize": "62859 B"
        }
    ], 
    "nextOffset": 10, 
    "queryContext": {
        "alterationMethod": "AM_JustChangeIt", 
        "alterationType": "CombinedAlterationsChained", 
        "originalQuery": "site:(thepaper.cn or chinadaily.com.cn or china.com.cn or chinanews.com or youth.cn or sina.com.cn or xinhuanet.com or cri.cn or 163.com or cankaoxiaoxi.com or cctv.com or ifeng.com or qq.com or takungpao.com or people.com.cn or southcn.com or southcn.com or cnr.cn or people.com.cn or cyol.com or bjnews.com.cn or gmw.cn or dahe.cn or xfrb.com.cn or cqnews.net or lifeweek.com.cn or cpd.com.cn or haiwainet.cn or yidianzixun.com or ftchinese.com or guancha.cn or zhcw.com or huanqiu.com or ihuawen.com or nytimes.com or flickr.com or quanjing.com or vcg.com or gettyimages.co.uk or paixin.com) 坚强 罗斯 说", 
        "alterationOverrideQuery": "+site:(thepaper.cn or chinadaily.com.cn or china.com.cn or chinanews.com or youth.cn or sina.com.cn or xinhuanet.com or cri.cn or 163.com or cankaoxiaoxi.com or cctv.com or ifeng.com or qq.com or takungpao.com or people.com.cn or southcn.com or southcn.com or cnr.cn or people.com.cn or cyol.com or bjnews.com.cn or gmw.cn or dahe.cn or xfrb.com.cn or cqnews.net or lifeweek.com.cn or cpd.com.cn or haiwainet.cn or yidianzixun.com or ftchinese.com or guancha.cn or zhcw.com or huanqiu.com or ihuawen.com or nytimes.com or flickr.com or quanjing.com or vcg.com or gettyimages.co.uk or paixin.com) 坚强 罗斯 说", 
        "alterationDisplayQuery": "坚强 罗 斯 说"
    }, 
    "currentOffset": 0, 
    "readLink": "images/search?q=site:(thepaper.cn or chinadaily.com.cn or china.com.cn or chinanews.com or youth.cn or sina.com.cn or xinhuanet.com or cri.cn or 163.com or cankaoxiaoxi.com or cctv.com or ifeng.com or qq.com or takungpao.com or people.com.cn or southcn.com or southcn.com or cnr.cn or people.com.cn or cyol.com or bjnews.com.cn or gmw.cn or dahe.cn or xfrb.com.cn or cqnews.net or lifeweek.com.cn or cpd.com.cn or haiwainet.cn or yidianzixun.com or ftchinese.com or guancha.cn or zhcw.com or huanqiu.com or ihuawen.com or nytimes.com or flickr.com or quanjing.com or vcg.com or gettyimages.co.uk or paixin.com) 坚强 罗斯 说", 
    "totalEstimatedMatches": 70, 
    "relatedSearches": [
        {
            "text": "罗斯壁纸", 
            "displayText": "罗斯壁纸", 
            "thumbnail": {
                "thumbnailUrl": "https://tse4.mm.bing.net/th?q=%e7%bd%97%e6%96%af%e5%a3%81%e7%ba%b8&pid=Api&mkt=zh-CN&adlt=strict&t=1"
            }, 
            "searchLink": "https://api.cognitive.microsoft.com/api/v7/images/search?q=%e7%bd%97%e6%96%af%e5%a3%81%e7%ba%b8", 
            "webSearchUrl": "https://www.bing.com/images/search?q=%e7%bd%97%e6%96%af%e5%a3%81%e7%ba%b8&FORM=IRPATC"
        }, 
        {
            "text": "Nba罗斯", 
            "displayText": "Nba罗斯", 
            "thumbnail": {
                "thumbnailUrl": "https://tse4.mm.bing.net/th?q=Nba%e7%bd%97%e6%96%af&pid=Api&mkt=zh-CN&adlt=strict&t=1"
            }, 
            "searchLink": "https://api.cognitive.microsoft.com/api/v7/images/search?q=Nba%e7%bd%97%e6%96%af", 
            "webSearchUrl": "https://www.bing.com/images/search?q=Nba%e7%bd%97%e6%96%af&FORM=IRPATC"
        }, 
        {
            "text": "卡斯罗", 
            "displayText": "卡斯罗", 
            "thumbnail": {
                "thumbnailUrl": "https://tse4.mm.bing.net/th?q=%e5%8d%a1%e6%96%af%e7%bd%97&pid=Api&mkt=zh-CN&adlt=strict&t=1"
            }, 
            "searchLink": "https://api.cognitive.microsoft.com/api/v7/images/search?q=%e5%8d%a1%e6%96%af%e7%bd%97", 
            "webSearchUrl": "https://www.bing.com/images/search?q=%e5%8d%a1%e6%96%af%e7%bd%97&FORM=IRPATC"
        }, 
        {
            "text": "德里克罗斯", 
            "displayText": "德里克罗斯", 
            "thumbnail": {
                "thumbnailUrl": "https://tse1.mm.bing.net/th?q=%e5%be%b7%e9%87%8c%e5%85%8b%e7%bd%97%e6%96%af&pid=Api&mkt=zh-CN&adlt=strict&t=1"
            }, 
            "searchLink": "https://api.cognitive.microsoft.com/api/v7/images/search?q=%e5%be%b7%e9%87%8c%e5%85%8b%e7%bd%97%e6%96%af", 
            "webSearchUrl": "https://www.bing.com/images/search?q=%e5%be%b7%e9%87%8c%e5%85%8b%e7%bd%97%e6%96%af&FORM=IRPATC"
        }, 
        {
            "text": "卡斯罗犬", 
            "displayText": "卡斯罗犬", 
            "thumbnail": {
                "thumbnailUrl": "https://tse2.mm.bing.net/th?q=%e5%8d%a1%e6%96%af%e7%bd%97%e7%8a%ac&pid=Api&mkt=zh-CN&adlt=strict&t=1"
            }, 
            "searchLink": "https://api.cognitive.microsoft.com/api/v7/images/search?q=%e5%8d%a1%e6%96%af%e7%bd%97%e7%8a%ac", 
            "webSearchUrl": "https://www.bing.com/images/search?q=%e5%8d%a1%e6%96%af%e7%bd%97%e7%8a%ac&FORM=IRPATC"
        }, 
        {
            "text": "罗伊斯", 
            "displayText": "罗伊斯", 
            "thumbnail": {
                "thumbnailUrl": "https://tse1.mm.bing.net/th?q=%e7%bd%97%e4%bc%8a%e6%96%af&pid=Api&mkt=zh-CN&adlt=strict&t=1"
            }, 
            "searchLink": "https://api.cognitive.microsoft.com/api/v7/images/search?q=%e7%bd%97%e4%bc%8a%e6%96%af", 
            "webSearchUrl": "https://www.bing.com/images/search?q=%e7%bd%97%e4%bc%8a%e6%96%af&FORM=IRPATC"
        }, 
        {
            "text": "索罗斯", 
            "displayText": "索罗斯", 
            "thumbnail": {
                "thumbnailUrl": "https://tse3.mm.bing.net/th?q=%e7%b4%a2%e7%bd%97%e6%96%af&pid=Api&mkt=zh-CN&adlt=strict&t=1"
            }, 
            "searchLink": "https://api.cognitive.microsoft.com/api/v7/images/search?q=%e7%b4%a2%e7%bd%97%e6%96%af", 
            "webSearchUrl": "https://www.bing.com/images/search?q=%e7%b4%a2%e7%bd%97%e6%96%af&FORM=IRPATC"
        }, 
        {
            "text": "密斯凡德罗", 
            "displayText": "密斯凡德罗", 
            "thumbnail": {
                "thumbnailUrl": "https://tse3.mm.bing.net/th?q=%e5%af%86%e6%96%af%e5%87%a1%e5%be%b7%e7%bd%97&pid=Api&mkt=zh-CN&adlt=strict&t=1"
            }, 
            "searchLink": "https://api.cognitive.microsoft.com/api/v7/images/search?q=%e5%af%86%e6%96%af%e5%87%a1%e5%be%b7%e7%bd%97", 
            "webSearchUrl": "https://www.bing.com/images/search?q=%e5%af%86%e6%96%af%e5%87%a1%e5%be%b7%e7%bd%97&FORM=IRPATC"
        }, 
        {
            "text": "罗斯柴尔德家族", 
            "displayText": "罗斯柴尔德家族", 
            "thumbnail": {
                "thumbnailUrl": "https://tse3.mm.bing.net/th?q=%e7%bd%97%e6%96%af%e6%9f%b4%e5%b0%94%e5%be%b7%e5%ae%b6%e6%97%8f&pid=Api&mkt=zh-CN&adlt=strict&t=1"
            }, 
            "searchLink": "https://api.cognitive.microsoft.com/api/v7/images/search?q=%e7%bd%97%e6%96%af%e6%9f%b4%e5%b0%94%e5%be%b7%e5%ae%b6%e6%97%8f", 
            "webSearchUrl": "https://www.bing.com/images/search?q=%e7%bd%97%e6%96%af%e6%9f%b4%e5%b0%94%e5%be%b7%e5%ae%b6%e6%97%8f&FORM=IRPATC"
        }, 
        {
            "text": "罗斯战靴", 
            "displayText": "罗斯战靴", 
            "thumbnail": {
                "thumbnailUrl": "https://tse1.mm.bing.net/th?q=%e7%bd%97%e6%96%af%e6%88%98%e9%9d%b4&pid=Api&mkt=zh-CN&adlt=strict&t=1"
            }, 
            "searchLink": "https://api.cognitive.microsoft.com/api/v7/images/search?q=%e7%bd%97%e6%96%af%e6%88%98%e9%9d%b4", 
            "webSearchUrl": "https://www.bing.com/images/search?q=%e7%bd%97%e6%96%af%e6%88%98%e9%9d%b4&FORM=IRPATC"
        }, 
        {
            "text": "密斯凡德罗作品", 
            "displayText": "密斯凡德罗作品", 
            "thumbnail": {
                "thumbnailUrl": "https://tse2.mm.bing.net/th?q=%e5%af%86%e6%96%af%e5%87%a1%e5%be%b7%e7%bd%97%e4%bd%9c%e5%93%81&pid=Api&mkt=zh-CN&adlt=strict&t=1"
            }, 
            "searchLink": "https://api.cognitive.microsoft.com/api/v7/images/search?q=%e5%af%86%e6%96%af%e5%87%a1%e5%be%b7%e7%bd%97%e4%bd%9c%e5%93%81", 
            "webSearchUrl": "https://www.bing.com/images/search?q=%e5%af%86%e6%96%af%e5%87%a1%e5%be%b7%e7%bd%97%e4%bd%9c%e5%93%81&FORM=IRPATC"
        }, 
        {
            "text": "迷你罗特斯", 
            "displayText": "迷你罗特斯", 
            "thumbnail": {
                "thumbnailUrl": "https://tse3.mm.bing.net/th?q=%e8%bf%b7%e4%bd%a0%e7%bd%97%e7%89%b9%e6%96%af&pid=Api&mkt=zh-CN&adlt=strict&t=1"
            }, 
            "searchLink": "https://api.cognitive.microsoft.com/api/v7/images/search?q=%e8%bf%b7%e4%bd%a0%e7%bd%97%e7%89%b9%e6%96%af", 
            "webSearchUrl": "https://www.bing.com/images/search?q=%e8%bf%b7%e4%bd%a0%e7%bd%97%e7%89%b9%e6%96%af&FORM=IRPATC"
        }, 
        {
            "text": "罗伊斯发型", 
            "displayText": "罗伊斯发型", 
            "thumbnail": {
                "thumbnailUrl": "https://tse1.mm.bing.net/th?q=%e7%bd%97%e4%bc%8a%e6%96%af%e5%8f%91%e5%9e%8b&pid=Api&mkt=zh-CN&adlt=strict&t=1"
            }, 
            "searchLink": "https://api.cognitive.microsoft.com/api/v7/images/search?q=%e7%bd%97%e4%bc%8a%e6%96%af%e5%8f%91%e5%9e%8b", 
            "webSearchUrl": "https://www.bing.com/images/search?q=%e7%bd%97%e4%bc%8a%e6%96%af%e5%8f%91%e5%9e%8b&FORM=IRPATC"
        }, 
        {
            "text": "Dnf迷你罗特斯1号", 
            "displayText": "Dnf迷你罗特斯1号", 
            "thumbnail": {
                "thumbnailUrl": "https://tse3.mm.bing.net/th?q=Dnf%e8%bf%b7%e4%bd%a0%e7%bd%97%e7%89%b9%e6%96%af1%e5%8f%b7&pid=Api&mkt=zh-CN&adlt=strict&t=1"
            }, 
            "searchLink": "https://api.cognitive.microsoft.com/api/v7/images/search?q=Dnf%e8%bf%b7%e4%bd%a0%e7%bd%97%e7%89%b9%e6%96%af1%e5%8f%b7", 
            "webSearchUrl": "https://www.bing.com/images/search?q=Dnf%e8%bf%b7%e4%bd%a0%e7%bd%97%e7%89%b9%e6%96%af1%e5%8f%b7&FORM=IRPATC"
        }, 
        {
            "text": "迷你罗特斯1号", 
            "displayText": "迷你罗特斯1号", 
            "thumbnail": {
                "thumbnailUrl": "https://tse3.mm.bing.net/th?q=%e8%bf%b7%e4%bd%a0%e7%bd%97%e7%89%b9%e6%96%af1%e5%8f%b7&pid=Api&mkt=zh-CN&adlt=strict&t=1"
            }, 
            "searchLink": "https://api.cognitive.microsoft.com/api/v7/images/search?q=%e8%bf%b7%e4%bd%a0%e7%bd%97%e7%89%b9%e6%96%af1%e5%8f%b7", 
            "webSearchUrl": "https://www.bing.com/images/search?q=%e8%bf%b7%e4%bd%a0%e7%bd%97%e7%89%b9%e6%96%af1%e5%8f%b7&FORM=IRPATC"
        }
    ]
}