{
    "instrumentation": {
        "_type": "ResponseInstrumentation"
    }, 
    "_type": "Images", 
    "webSearchUrl": "https://www.bing.com/images/search?q=site:(thepaper.cn or chinadaily.com.cn or china.com.cn or chinanews.com or youth.cn or sina.com.cn or xinhuanet.com or cri.cn or 163.com or cankaoxiaoxi.com or cctv.com or ifeng.com or qq.com or takungpao.com or people.com.cn or southcn.com or southcn.com or cnr.cn or people.com.cn or cyol.com or bjnews.com.cn or gmw.cn or dahe.cn or xfrb.com.cn or cqnews.net or lifeweek.com.cn or cpd.com.cn or haiwainet.cn or yidianzixun.com or ftchinese.com or guancha.cn or zhcw.com or huanqiu.com or ihuawen.com or nytimes.com or flickr.com or quanjing.com or vcg.com or gettyimages.co.uk or paixin.com) 切换 Netflix&FORM=OIIARP", 
    "value": [
        {
            "contentUrl": "http://inews.gtimg.com/newsapp_bt/0/2219857182/641", 
            "insightsMetadata": {
                "pagesIncludingCount": 1, 
                "availableSizesCount": 1
            }, 
            "height": 361, 
            "accentColor": "213C67", 
            "hostPageDisplayUrl": "digi.tech.qq.com/a/20171029/002641.htm", 
            "name": "三星DeX手机扩展坞1个月使用记：我几乎要放弃PC了_数码_腾讯网", 
            "width": 641, 
            "imageInsightsToken": "ccid_QipSDgm1*mid_5DB84A040D08AC0A415428BB159009BC01481ED6*simid_608018770518476905*thid_OIP.QipSDgm1b5ri8RY4H0Q!_MQHaEK", 
            "imageId": "5DB84A040D08AC0A415428BB159009BC01481ED6", 
            "isFamilyFriendly": true, 
            "datePublished": "2017-10-28T23:28:00.0000000Z", 
            "encodingFormat": "jpeg", 
            "webSearchUrl": "https://www.bing.com/images/search?view=detailv2&FORM=OIIRPO&q=site%3a(thepaper.cn+or+chinadaily.com.cn+or+china.com.cn+or+chinanews.com+or+youth.cn+or+sina.com.cn+or+xinhuanet.com+or+cri.cn+or+163.com+or+cankaoxiaoxi.com+or+cctv.com+or+ifeng.com+or+qq.com+or+takungpao.com+or+people.com.cn+or+southcn.com+or+southcn.com+or+cnr.cn+or+people.com.cn+or+cyol.com+or+bjnews.com.cn+or+gmw.cn+or+dahe.cn+or+xfrb.com.cn+or+cqnews.net+or+lifeweek.com.cn+or+cpd.com.cn+or+haiwainet.cn+or+yidianzixun.com+or+ftchinese.com+or+guancha.cn+or+zhcw.com+or+huanqiu.com+or+ihuawen.com+or+nytimes.com+or+flickr.com+or+quanjing.com+or+vcg.com+or+gettyimages.co.uk+or+paixin.com)+%e5%88%87%e6%8d%a2+Netflix&id=5DB84A040D08AC0A415428BB159009BC01481ED6&simid=608018770518476905", 
            "hostPageUrl": "http://digi.tech.qq.com/a/20171029/002641.htm", 
            "thumbnailUrl": "https://tse3.mm.bing.net/th?id=OIP.QipSDgm1b5ri8RY4H0Q_MQHaEK&pid=Api", 
            "thumbnail": {
                "width": 474, 
                "height": 266
            }, 
            "contentSize": "31171 B"
        }, 
        {
            "contentUrl": "http://cnews.chinadaily.com.cn/img/attachement/jpg/site1/20150528/eca86bd9ddb216d1024826.jpg", 
            "insightsMetadata": {
                "pagesIncludingCount": 1, 
                "availableSizesCount": 1
            }, 
            "height": 356, 
            "accentColor": "A0241D", 
            "hostPageDisplayUrl": "cnews.chinadaily.com.cn/2015-05/28/content_20845505.htm", 
            "name": "Netflix全美推荐海信 入华只差一步 - 国内新闻 - 中国日报网", 
            "width": 499, 
            "imageInsightsToken": "ccid_bf6jr1MH*mid_115ABD69A6F6018CFF5AF21EAF9915A507BF53BB*simid_607995599192391952*thid_OIP.bf6jr1MHq5SPykJ8xpZFZQHaFS", 
            "imageId": "115ABD69A6F6018CFF5AF21EAF9915A507BF53BB", 
            "isFamilyFriendly": true, 
            "datePublished": "2018-04-17T18:22:00.0000000Z", 
            "encodingFormat": "jpeg", 
            "webSearchUrl": "https://www.bing.com/images/search?view=detailv2&FORM=OIIRPO&q=site%3a(thepaper.cn+or+chinadaily.com.cn+or+china.com.cn+or+chinanews.com+or+youth.cn+or+sina.com.cn+or+xinhuanet.com+or+cri.cn+or+163.com+or+cankaoxiaoxi.com+or+cctv.com+or+ifeng.com+or+qq.com+or+takungpao.com+or+people.com.cn+or+southcn.com+or+southcn.com+or+cnr.cn+or+people.com.cn+or+cyol.com+or+bjnews.com.cn+or+gmw.cn+or+dahe.cn+or+xfrb.com.cn+or+cqnews.net+or+lifeweek.com.cn+or+cpd.com.cn+or+haiwainet.cn+or+yidianzixun.com+or+ftchinese.com+or+guancha.cn+or+zhcw.com+or+huanqiu.com+or+ihuawen.com+or+nytimes.com+or+flickr.com+or+quanjing.com+or+vcg.com+or+gettyimages.co.uk+or+paixin.com)+%e5%88%87%e6%8d%a2+Netflix&id=115ABD69A6F6018CFF5AF21EAF9915A507BF53BB&simid=607995599192391952", 
            "hostPageUrl": "http://cnews.chinadaily.com.cn/2015-05/28/content_20845505.htm", 
            "thumbnailUrl": "https://tse3.mm.bing.net/th?id=OIP.bf6jr1MHq5SPykJ8xpZFZQHaFS&pid=Api", 
            "thumbnail": {
                "width": 474, 
                "height": 338
            }, 
            "hostPageFavIconUrl": "https://www.bing.com/th?id=AR_6bbc59f7064ed213027d1c4ffbd7baac&pid=Api", 
            "contentSize": "64853 B"
        }, 
        {
            "contentUrl": "https://inews.gtimg.com/newsapp_match/0/3100125022/0", 
            "insightsMetadata": {
                "pagesIncludingCount": 1, 
                "availableSizesCount": 1
            }, 
            "height": 425, 
            "accentColor": "C50607", 
            "hostPageDisplayUrl": "https://new.qq.com/omn/20180324/20180324A08UN9.html", 
            "name": "关于数字时代的数据转移和服务更换，这里有 10 个建议-腾讯网", 
            "width": 750, 
            "imageInsightsToken": "ccid_KK20/0ai*mid_C41E1F9A58388B8CA0CBC14B17490D3FCD1B27E8*simid_608022322492278635*thid_OIP.KK20!_0aiqm0B3UUaQBzg0AHaEM", 
            "imageId": "C41E1F9A58388B8CA0CBC14B17490D3FCD1B27E8", 
            "isFamilyFriendly": true, 
            "datePublished": "2018-12-18T21:59:00.0000000Z", 
            "encodingFormat": "jpeg", 
            "webSearchUrl": "https://www.bing.com/images/search?view=detailv2&FORM=OIIRPO&q=site%3a(thepaper.cn+or+chinadaily.com.cn+or+china.com.cn+or+chinanews.com+or+youth.cn+or+sina.com.cn+or+xinhuanet.com+or+cri.cn+or+163.com+or+cankaoxiaoxi.com+or+cctv.com+or+ifeng.com+or+qq.com+or+takungpao.com+or+people.com.cn+or+southcn.com+or+southcn.com+or+cnr.cn+or+people.com.cn+or+cyol.com+or+bjnews.com.cn+or+gmw.cn+or+dahe.cn+or+xfrb.com.cn+or+cqnews.net+or+lifeweek.com.cn+or+cpd.com.cn+or+haiwainet.cn+or+yidianzixun.com+or+ftchinese.com+or+guancha.cn+or+zhcw.com+or+huanqiu.com+or+ihuawen.com+or+nytimes.com+or+flickr.com+or+quanjing.com+or+vcg.com+or+gettyimages.co.uk+or+paixin.com)+%e5%88%87%e6%8d%a2+Netflix&id=C41E1F9A58388B8CA0CBC14B17490D3FCD1B27E8&simid=608022322492278635", 
            "hostPageUrl": "https://new.qq.com/omn/20180324/20180324A08UN9.html", 
            "thumbnailUrl": "https://tse2.mm.bing.net/th?id=OIP.KK20_0aiqm0B3UUaQBzg0AHaEM&pid=Api", 
            "thumbnail": {
                "width": 474, 
                "height": 268
            }, 
            "contentSize": "18480 B"
        }, 
        {
            "contentUrl": "http://inews.gtimg.com/newsapp_bt/0/2219856997/641", 
            "insightsMetadata": {
                "pagesIncludingCount": 2, 
                "availableSizesCount": 2
            }, 
            "height": 361, 
            "accentColor": "904E3B", 
            "hostPageDisplayUrl": "digi.tech.qq.com/a/20171029/002641.htm", 
            "name": "三星DeX手机扩展坞1个月使用记：我几乎要放弃PC了_数码_腾讯网", 
            "width": 641, 
            "imageInsightsToken": "ccid_qu4zM1l5*mid_5DB84A040D08AC0A415485F6C6091251B8956374*simid_608007521999716907*thid_OIP.qu4zM1l5OBjZTKTtL!_0LiQHaEK", 
            "imageId": "5DB84A040D08AC0A415485F6C6091251B8956374", 
            "isFamilyFriendly": true, 
            "datePublished": "2017-10-28T23:28:00.0000000Z", 
            "encodingFormat": "jpeg", 
            "webSearchUrl": "https://www.bing.com/images/search?view=detailv2&FORM=OIIRPO&q=site%3a(thepaper.cn+or+chinadaily.com.cn+or+china.com.cn+or+chinanews.com+or+youth.cn+or+sina.com.cn+or+xinhuanet.com+or+cri.cn+or+163.com+or+cankaoxiaoxi.com+or+cctv.com+or+ifeng.com+or+qq.com+or+takungpao.com+or+people.com.cn+or+southcn.com+or+southcn.com+or+cnr.cn+or+people.com.cn+or+cyol.com+or+bjnews.com.cn+or+gmw.cn+or+dahe.cn+or+xfrb.com.cn+or+cqnews.net+or+lifeweek.com.cn+or+cpd.com.cn+or+haiwainet.cn+or+yidianzixun.com+or+ftchinese.com+or+guancha.cn+or+zhcw.com+or+huanqiu.com+or+ihuawen.com+or+nytimes.com+or+flickr.com+or+quanjing.com+or+vcg.com+or+gettyimages.co.uk+or+paixin.com)+%e5%88%87%e6%8d%a2+Netflix&id=5DB84A040D08AC0A415485F6C6091251B8956374&simid=608007521999716907", 
            "hostPageUrl": "http://digi.tech.qq.com/a/20171029/002641.htm", 
            "thumbnailUrl": "https://tse4.mm.bing.net/th?id=OIP.qu4zM1l5OBjZTKTtL_0LiQHaEK&pid=Api", 
            "thumbnail": {
                "width": 474, 
                "height": 266
            }, 
            "contentSize": "31922 B"
        }, 
        {
            "contentUrl": "http://img1.cache.netease.com/catchpic/B/BD/BDE12F7B964331ECAF359956A1827361.jpg", 
            "insightsMetadata": {
                "pagesIncludingCount": 4, 
                "availableSizesCount": 3
            }, 
            "height": 309, 
            "accentColor": "B51660", 
            "hostPageDisplayUrl": "digi.163.com/14/0427/16/9QROA46V00162OUT.html", 
            "name": "LG WebOS智能电视操作平台体验_网易数码", 
            "width": 550, 
            "imageInsightsToken": "ccid_C86eanjM*mid_F2260F8EAD3E25D6BA4CE985C1B29CDE6073F307*simid_607994542625391623*thid_OIP.C86eanjMj0yBavLwdOeS6gHaEK", 
            "imageId": "F2260F8EAD3E25D6BA4CE985C1B29CDE6073F307", 
            "isFamilyFriendly": true, 
            "datePublished": "2014-04-27T08:40:00.0000000Z", 
            "encodingFormat": "jpeg", 
            "webSearchUrl": "https://www.bing.com/images/search?view=detailv2&FORM=OIIRPO&q=site%3a(thepaper.cn+or+chinadaily.com.cn+or+china.com.cn+or+chinanews.com+or+youth.cn+or+sina.com.cn+or+xinhuanet.com+or+cri.cn+or+163.com+or+cankaoxiaoxi.com+or+cctv.com+or+ifeng.com+or+qq.com+or+takungpao.com+or+people.com.cn+or+southcn.com+or+southcn.com+or+cnr.cn+or+people.com.cn+or+cyol.com+or+bjnews.com.cn+or+gmw.cn+or+dahe.cn+or+xfrb.com.cn+or+cqnews.net+or+lifeweek.com.cn+or+cpd.com.cn+or+haiwainet.cn+or+yidianzixun.com+or+ftchinese.com+or+guancha.cn+or+zhcw.com+or+huanqiu.com+or+ihuawen.com+or+nytimes.com+or+flickr.com+or+quanjing.com+or+vcg.com+or+gettyimages.co.uk+or+paixin.com)+%e5%88%87%e6%8d%a2+Netflix&id=F2260F8EAD3E25D6BA4CE985C1B29CDE6073F307&simid=607994542625391623", 
            "hostPageUrl": "http://digi.163.com/14/0427/16/9QROA46V00162OUT.html", 
            "thumbnailUrl": "https://tse3.mm.bing.net/th?id=OIP.C86eanjMj0yBavLwdOeS6gHaEK&pid=Api", 
            "thumbnail": {
                "width": 474, 
                "height": 266
            }, 
            "contentSize": "28781 B"
        }, 
        {
            "contentUrl": "http://d.youth.cn/newtech/201412/W020141221316669717020.jpg", 
            "insightsMetadata": {
                "pagesIncludingCount": 2, 
                "availableSizesCount": 1
            }, 
            "height": 363, 
            "accentColor": "9D2E33", 
            "hostPageDisplayUrl": "d.youth.cn/newtech/201412/t20141219_6294132.htm", 
            "name": "Dish 机顶盒集成Netflix 流媒体服务_发现频道__中国青年网", 
            "width": 711, 
            "imageInsightsToken": "ccid_v5gl6J69*mid_304B19B86F42BCBB281B8FEFE1EE5DC5319B8DEA*simid_608055466702866119*thid_OIP.v5gl6J69W-WwMCK9uA3OWwHaDy", 
            "imageId": "304B19B86F42BCBB281B8FEFE1EE5DC5319B8DEA", 
            "isFamilyFriendly": true, 
            "datePublished": "2019-02-13T03:41:00.0000000Z", 
            "encodingFormat": "jpeg", 
            "webSearchUrl": "https://www.bing.com/images/search?view=detailv2&FORM=OIIRPO&q=site%3a(thepaper.cn+or+chinadaily.com.cn+or+china.com.cn+or+chinanews.com+or+youth.cn+or+sina.com.cn+or+xinhuanet.com+or+cri.cn+or+163.com+or+cankaoxiaoxi.com+or+cctv.com+or+ifeng.com+or+qq.com+or+takungpao.com+or+people.com.cn+or+southcn.com+or+southcn.com+or+cnr.cn+or+people.com.cn+or+cyol.com+or+bjnews.com.cn+or+gmw.cn+or+dahe.cn+or+xfrb.com.cn+or+cqnews.net+or+lifeweek.com.cn+or+cpd.com.cn+or+haiwainet.cn+or+yidianzixun.com+or+ftchinese.com+or+guancha.cn+or+zhcw.com+or+huanqiu.com+or+ihuawen.com+or+nytimes.com+or+flickr.com+or+quanjing.com+or+vcg.com+or+gettyimages.co.uk+or+paixin.com)+%e5%88%87%e6%8d%a2+Netflix&id=304B19B86F42BCBB281B8FEFE1EE5DC5319B8DEA&simid=608055466702866119", 
            "hostPageUrl": "http://d.youth.cn/newtech/201412/t20141219_6294132.htm", 
            "thumbnailUrl": "https://tse4.mm.bing.net/th?id=OIP.v5gl6J69W-WwMCK9uA3OWwHaDy&pid=Api", 
            "thumbnail": {
                "width": 474, 
                "height": 242
            }, 
            "contentSize": "106317 B"
        }, 
        {
            "contentUrl": "http://img1.cache.netease.com/catchpic/C/C2/C29D4387C8647862FB6B68BB7B834C22.jpg", 
            "insightsMetadata": {
                "pagesIncludingCount": 4, 
                "availableSizesCount": 4
            }, 
            "height": 309, 
            "accentColor": "673B35", 
            "hostPageDisplayUrl": "digi.163.com/14/0427/16/9QROA46V00162OUT.html", 
            "name": "LG WebOS智能电视操作平台体验_网易数码", 
            "width": 550, 
            "imageInsightsToken": "ccid_luUNSWK1*mid_F2260F8EAD3E25D6BA4C67A1FF0F97E3095EFDB2*simid_607988168896349828*thid_OIP.luUNSWK1NYH-hcte-8d1ZAHaEK", 
            "imageId": "F2260F8EAD3E25D6BA4C67A1FF0F97E3095EFDB2", 
            "isFamilyFriendly": true, 
            "datePublished": "2018-10-30T17:50:00.0000000Z", 
            "encodingFormat": "jpeg", 
            "webSearchUrl": "https://www.bing.com/images/search?view=detailv2&FORM=OIIRPO&q=site%3a(thepaper.cn+or+chinadaily.com.cn+or+china.com.cn+or+chinanews.com+or+youth.cn+or+sina.com.cn+or+xinhuanet.com+or+cri.cn+or+163.com+or+cankaoxiaoxi.com+or+cctv.com+or+ifeng.com+or+qq.com+or+takungpao.com+or+people.com.cn+or+southcn.com+or+southcn.com+or+cnr.cn+or+people.com.cn+or+cyol.com+or+bjnews.com.cn+or+gmw.cn+or+dahe.cn+or+xfrb.com.cn+or+cqnews.net+or+lifeweek.com.cn+or+cpd.com.cn+or+haiwainet.cn+or+yidianzixun.com+or+ftchinese.com+or+guancha.cn+or+zhcw.com+or+huanqiu.com+or+ihuawen.com+or+nytimes.com+or+flickr.com+or+quanjing.com+or+vcg.com+or+gettyimages.co.uk+or+paixin.com)+%e5%88%87%e6%8d%a2+Netflix&id=F2260F8EAD3E25D6BA4C67A1FF0F97E3095EFDB2&simid=607988168896349828", 
            "hostPageUrl": "http://digi.163.com/14/0427/16/9QROA46V00162OUT.html", 
            "thumbnailUrl": "https://tse3.mm.bing.net/th?id=OIP.luUNSWK1NYH-hcte-8d1ZAHaEK&pid=Api", 
            "thumbnail": {
                "width": 474, 
                "height": 266
            }, 
            "contentSize": "29015 B"
        }, 
        {
            "contentUrl": "http://d.youth.cn/tech_focus/201501/W020150109097188287108.jpg", 
            "insightsMetadata": {
                "pagesIncludingCount": 1, 
                "availableSizesCount": 1
            }, 
            "height": 500, 
            "accentColor": "24627D", 
            "hostPageDisplayUrl": "d.youth.cn/tech_focus/201501/t20150109_6394883.html", 
            "name": "三星电子三年来首度出现年利润下跌_科技大事件_百度新闻出品", 
            "width": 592, 
            "imageInsightsToken": "ccid_RV93ViQ+*mid_E8D53472738E56763B5C05CA9C5475A4243DE7F9*simid_607988667113016525*thid_OIP.RV93ViQ-BnMXsTIc4lfjYgHaGQ", 
            "imageId": "E8D53472738E56763B5C05CA9C5475A4243DE7F9", 
            "isFamilyFriendly": true, 
            "datePublished": "2019-01-27T14:10:00.0000000Z", 
            "encodingFormat": "jpeg", 
            "webSearchUrl": "https://www.bing.com/images/search?view=detailv2&FORM=OIIRPO&q=site%3a(thepaper.cn+or+chinadaily.com.cn+or+china.com.cn+or+chinanews.com+or+youth.cn+or+sina.com.cn+or+xinhuanet.com+or+cri.cn+or+163.com+or+cankaoxiaoxi.com+or+cctv.com+or+ifeng.com+or+qq.com+or+takungpao.com+or+people.com.cn+or+southcn.com+or+southcn.com+or+cnr.cn+or+people.com.cn+or+cyol.com+or+bjnews.com.cn+or+gmw.cn+or+dahe.cn+or+xfrb.com.cn+or+cqnews.net+or+lifeweek.com.cn+or+cpd.com.cn+or+haiwainet.cn+or+yidianzixun.com+or+ftchinese.com+or+guancha.cn+or+zhcw.com+or+huanqiu.com+or+ihuawen.com+or+nytimes.com+or+flickr.com+or+quanjing.com+or+vcg.com+or+gettyimages.co.uk+or+paixin.com)+%e5%88%87%e6%8d%a2+Netflix&id=E8D53472738E56763B5C05CA9C5475A4243DE7F9&simid=607988667113016525", 
            "hostPageUrl": "http://d.youth.cn/tech_focus/201501/t20150109_6394883.html", 
            "thumbnailUrl": "https://tse3.mm.bing.net/th?id=OIP.RV93ViQ-BnMXsTIc4lfjYgHaGQ&pid=Api", 
            "thumbnail": {
                "width": 474, 
                "height": 400
            }, 
            "contentSize": "111316 B"
        }, 
        {
            "contentUrl": "http://img1.cache.netease.com/catchpic/8/81/8130DF786378EC83F358489DF7BDCF47.jpg", 
            "insightsMetadata": {
                "pagesIncludingCount": 5, 
                "availableSizesCount": 3
            }, 
            "height": 331, 
            "accentColor": "133CB8", 
            "hostPageDisplayUrl": "hea.163.com/15/0106/10/AF94TAO1001628C1.html", 
            "name": "CES2015：能屈能伸 LG新款4K OLED电视_网易数码", 
            "width": 500, 
            "imageInsightsToken": "ccid_8Jpp9b62*mid_17D0CF1C309A99C9164740E0B80E294D3751CF59*simid_608023413405319626*thid_OIP.8Jpp9b62G43s1fhWE8gnBgHaE5", 
            "imageId": "17D0CF1C309A99C9164740E0B80E294D3751CF59", 
            "isFamilyFriendly": true, 
            "datePublished": "2019-03-01T17:20:00.0000000Z", 
            "encodingFormat": "jpeg", 
            "webSearchUrl": "https://www.bing.com/images/search?view=detailv2&FORM=OIIRPO&q=site%3a(thepaper.cn+or+chinadaily.com.cn+or+china.com.cn+or+chinanews.com+or+youth.cn+or+sina.com.cn+or+xinhuanet.com+or+cri.cn+or+163.com+or+cankaoxiaoxi.com+or+cctv.com+or+ifeng.com+or+qq.com+or+takungpao.com+or+people.com.cn+or+southcn.com+or+southcn.com+or+cnr.cn+or+people.com.cn+or+cyol.com+or+bjnews.com.cn+or+gmw.cn+or+dahe.cn+or+xfrb.com.cn+or+cqnews.net+or+lifeweek.com.cn+or+cpd.com.cn+or+haiwainet.cn+or+yidianzixun.com+or+ftchinese.com+or+guancha.cn+or+zhcw.com+or+huanqiu.com+or+ihuawen.com+or+nytimes.com+or+flickr.com+or+quanjing.com+or+vcg.com+or+gettyimages.co.uk+or+paixin.com)+%e5%88%87%e6%8d%a2+Netflix&id=17D0CF1C309A99C9164740E0B80E294D3751CF59&simid=608023413405319626", 
            "hostPageUrl": "http://hea.163.com/15/0106/10/AF94TAO1001628C1.html", 
            "thumbnailUrl": "https://tse1.mm.bing.net/th?id=OIP.8Jpp9b62G43s1fhWE8gnBgHaE5&pid=Api", 
            "thumbnail": {
                "width": 474, 
                "height": 313
            }, 
            "contentSize": "36354 B"
        }, 
        {
            "contentUrl": "http://img1.cache.netease.com/catchpic/9/90/9076D12895670E03CF11EE9E60DD17BA.jpg", 
            "insightsMetadata": {
                "pagesIncludingCount": 3, 
                "availableSizesCount": 2
            }, 
            "height": 366, 
            "accentColor": "A46627", 
            "hostPageDisplayUrl": "digi.163.com/15/0303/10/AJPABDNI00162OUT.html", 
            "name": "[图]Jolla的旗鱼系统平板上手_网易数码", 
            "width": 550, 
            "imageInsightsToken": "ccid_YR0HtwAC*mid_363B716D4CAC3E1587E08FB3B91F9F705EC18656*simid_607987988515391581*thid_OIP.YR0HtwAC8Av1OXzvd-sLSAHaE7", 
            "imageId": "363B716D4CAC3E1587E08FB3B91F9F705EC18656", 
            "isFamilyFriendly": true, 
            "datePublished": "2015-03-03T02:38:00.0000000Z", 
            "encodingFormat": "jpeg", 
            "webSearchUrl": "https://www.bing.com/images/search?view=detailv2&FORM=OIIRPO&q=site%3a(thepaper.cn+or+chinadaily.com.cn+or+china.com.cn+or+chinanews.com+or+youth.cn+or+sina.com.cn+or+xinhuanet.com+or+cri.cn+or+163.com+or+cankaoxiaoxi.com+or+cctv.com+or+ifeng.com+or+qq.com+or+takungpao.com+or+people.com.cn+or+southcn.com+or+southcn.com+or+cnr.cn+or+people.com.cn+or+cyol.com+or+bjnews.com.cn+or+gmw.cn+or+dahe.cn+or+xfrb.com.cn+or+cqnews.net+or+lifeweek.com.cn+or+cpd.com.cn+or+haiwainet.cn+or+yidianzixun.com+or+ftchinese.com+or+guancha.cn+or+zhcw.com+or+huanqiu.com+or+ihuawen.com+or+nytimes.com+or+flickr.com+or+quanjing.com+or+vcg.com+or+gettyimages.co.uk+or+paixin.com)+%e5%88%87%e6%8d%a2+Netflix&id=363B716D4CAC3E1587E08FB3B91F9F705EC18656&simid=607987988515391581", 
            "hostPageUrl": "http://digi.163.com/15/0303/10/AJPABDNI00162OUT.html", 
            "thumbnailUrl": "https://tse1.mm.bing.net/th?id=OIP.YR0HtwAC8Av1OXzvd-sLSAHaE7&pid=Api", 
            "thumbnail": {
                "width": 474, 
                "height": 315
            }, 
            "contentSize": "25315 B"
        }
    ], 
    "nextOffset": 13, 
    "queryContext": {
        "alterationMethod": "AM_JustChangeIt", 
        "alterationType": "CombinedAlterationsChained", 
        "originalQuery": "site:(thepaper.cn or chinadaily.com.cn or china.com.cn or chinanews.com or youth.cn or sina.com.cn or xinhuanet.com or cri.cn or 163.com or cankaoxiaoxi.com or cctv.com or ifeng.com or qq.com or takungpao.com or people.com.cn or southcn.com or southcn.com or cnr.cn or people.com.cn or cyol.com or bjnews.com.cn or gmw.cn or dahe.cn or xfrb.com.cn or cqnews.net or lifeweek.com.cn or cpd.com.cn or haiwainet.cn or yidianzixun.com or ftchinese.com or guancha.cn or zhcw.com or huanqiu.com or ihuawen.com or nytimes.com or flickr.com or quanjing.com or vcg.com or gettyimages.co.uk or paixin.com) 切换 Netflix", 
        "alterationOverrideQuery": "+site:(thepaper.cn or chinadaily.com.cn or china.com.cn or chinanews.com or youth.cn or sina.com.cn or xinhuanet.com or cri.cn or 163.com or cankaoxiaoxi.com or cctv.com or ifeng.com or qq.com or takungpao.com or people.com.cn or southcn.com or southcn.com or cnr.cn or people.com.cn or cyol.com or bjnews.com.cn or gmw.cn or dahe.cn or xfrb.com.cn or cqnews.net or lifeweek.com.cn or cpd.com.cn or haiwainet.cn or yidianzixun.com or ftchinese.com or guancha.cn or zhcw.com or huanqiu.com or ihuawen.com or nytimes.com or flickr.com or quanjing.com or vcg.com or gettyimages.co.uk or paixin.com) 切换 Netflix", 
        "alterationDisplayQuery": "切换 netflix"
    }, 
    "currentOffset": 0, 
    "readLink": "images/search?q=site:(thepaper.cn or chinadaily.com.cn or china.com.cn or chinanews.com or youth.cn or sina.com.cn or xinhuanet.com or cri.cn or 163.com or cankaoxiaoxi.com or cctv.com or ifeng.com or qq.com or takungpao.com or people.com.cn or southcn.com or southcn.com or cnr.cn or people.com.cn or cyol.com or bjnews.com.cn or gmw.cn or dahe.cn or xfrb.com.cn or cqnews.net or lifeweek.com.cn or cpd.com.cn or haiwainet.cn or yidianzixun.com or ftchinese.com or guancha.cn or zhcw.com or huanqiu.com or ihuawen.com or nytimes.com or flickr.com or quanjing.com or vcg.com or gettyimages.co.uk or paixin.com) 切换 Netflix", 
    "totalEstimatedMatches": 61
}