{
    "instrumentation": {
        "_type": "ResponseInstrumentation"
    }, 
    "_type": "Images", 
    "webSearchUrl": "https://www.bing.com/images/search?q=site:(thepaper.cn or chinadaily.com.cn or china.com.cn or chinanews.com or youth.cn or sina.com.cn or xinhuanet.com or cri.cn or 163.com or cankaoxiaoxi.com or cctv.com or ifeng.com or qq.com or takungpao.com or people.com.cn or southcn.com or southcn.com or cnr.cn or people.com.cn or cyol.com or bjnews.com.cn or gmw.cn or dahe.cn or xfrb.com.cn or cqnews.net or lifeweek.com.cn or cpd.com.cn or haiwainet.cn or yidianzixun.com or ftchinese.com or guancha.cn or zhcw.com or huanqiu.com or ihuawen.com or nytimes.com or flickr.com or quanjing.com or vcg.com or gettyimages.co.uk or paixin.com) 问题 正在 发生&FORM=OIIARP", 
    "value": [
        {
            "contentUrl": "http://p3.ifengimg.com/a/2017_21/3db52fb8d9a7cd6_size41_w599_h340.jpg", 
            "insightsMetadata": {
                "pagesIncludingCount": 5, 
                "availableSizesCount": 1
            }, 
            "height": 340, 
            "accentColor": "A62533", 
            "hostPageDisplayUrl": "https://finance.ifeng.com/a/20170526/15410984_0.shtml", 
            "name": "中国正在发生一些奇怪的事情 瑞银是这么解释的_凤凰财经", 
            "width": 599, 
            "imageInsightsToken": "ccid_FX7Eyuj3*mid_F7D3DDE440AF755927767BA7EE9E909447C7ADD1*simid_608026153547074633*thid_OIP.FX7Eyuj3bw6lUxcyWcOO2gHaEN", 
            "imageId": "F7D3DDE440AF755927767BA7EE9E909447C7ADD1", 
            "isFamilyFriendly": true, 
            "datePublished": "2018-10-13T01:35:00.0000000Z", 
            "encodingFormat": "jpeg", 
            "webSearchUrl": "https://www.bing.com/images/search?view=detailv2&FORM=OIIRPO&q=site%3a(thepaper.cn+or+chinadaily.com.cn+or+china.com.cn+or+chinanews.com+or+youth.cn+or+sina.com.cn+or+xinhuanet.com+or+cri.cn+or+163.com+or+cankaoxiaoxi.com+or+cctv.com+or+ifeng.com+or+qq.com+or+takungpao.com+or+people.com.cn+or+southcn.com+or+southcn.com+or+cnr.cn+or+people.com.cn+or+cyol.com+or+bjnews.com.cn+or+gmw.cn+or+dahe.cn+or+xfrb.com.cn+or+cqnews.net+or+lifeweek.com.cn+or+cpd.com.cn+or+haiwainet.cn+or+yidianzixun.com+or+ftchinese.com+or+guancha.cn+or+zhcw.com+or+huanqiu.com+or+ihuawen.com+or+nytimes.com+or+flickr.com+or+quanjing.com+or+vcg.com+or+gettyimages.co.uk+or+paixin.com)+%e9%97%ae%e9%a2%98+%e6%ad%a3%e5%9c%a8+%e5%8f%91%e7%94%9f&id=F7D3DDE440AF755927767BA7EE9E909447C7ADD1&simid=608026153547074633", 
            "hostPageUrl": "https://finance.ifeng.com/a/20170526/15410984_0.shtml", 
            "thumbnailUrl": "https://tse1.mm.bing.net/th?id=OIP.FX7Eyuj3bw6lUxcyWcOO2gHaEN&pid=Api", 
            "thumbnail": {
                "width": 474, 
                "height": 269
            }, 
            "contentSize": "42129 B"
        }, 
        {
            "contentUrl": "http://img1.gtimg.com/finance/pics/hv1/65/237/1412/91875800.jpg", 
            "insightsMetadata": {
                "pagesIncludingCount": 8, 
                "availableSizesCount": 7
            }, 
            "height": 300, 
            "accentColor": "2353A8", 
            "hostPageDisplayUrl": "finance.qq.com/a/20130907/000637.htm", 
            "name": "高盛：新兴市场危机常见问题速答_财经_腾讯网", 
            "width": 450, 
            "imageInsightsToken": "ccid_LI0ptq1V*mid_2686496A98C770CE95B6378164750E0966A2F295*simid_608016696097178034*thid_OIP.LI0ptq1V0jiJtYULd740GwAAAA", 
            "imageId": "2686496A98C770CE95B6378164750E0966A2F295", 
            "isFamilyFriendly": true, 
            "datePublished": "2013-09-07T12:00:00.0000000Z", 
            "encodingFormat": "jpeg", 
            "webSearchUrl": "https://www.bing.com/images/search?view=detailv2&FORM=OIIRPO&q=site%3a(thepaper.cn+or+chinadaily.com.cn+or+china.com.cn+or+chinanews.com+or+youth.cn+or+sina.com.cn+or+xinhuanet.com+or+cri.cn+or+163.com+or+cankaoxiaoxi.com+or+cctv.com+or+ifeng.com+or+qq.com+or+takungpao.com+or+people.com.cn+or+southcn.com+or+southcn.com+or+cnr.cn+or+people.com.cn+or+cyol.com+or+bjnews.com.cn+or+gmw.cn+or+dahe.cn+or+xfrb.com.cn+or+cqnews.net+or+lifeweek.com.cn+or+cpd.com.cn+or+haiwainet.cn+or+yidianzixun.com+or+ftchinese.com+or+guancha.cn+or+zhcw.com+or+huanqiu.com+or+ihuawen.com+or+nytimes.com+or+flickr.com+or+quanjing.com+or+vcg.com+or+gettyimages.co.uk+or+paixin.com)+%e9%97%ae%e9%a2%98+%e6%ad%a3%e5%9c%a8+%e5%8f%91%e7%94%9f&id=2686496A98C770CE95B6378164750E0966A2F295&simid=608016696097178034", 
            "hostPageUrl": "http://finance.qq.com/a/20130907/000637.htm", 
            "thumbnailUrl": "https://tse4.mm.bing.net/th?id=OIP.LI0ptq1V0jiJtYULd740GwAAAA&pid=Api", 
            "thumbnail": {
                "width": 450, 
                "height": 300
            }, 
            "contentSize": "21508 B"
        }, 
        {
            "contentUrl": "http://image.thepaper.cn/wap/image/5/448/193.jpg", 
            "insightsMetadata": {
                "pagesIncludingCount": 1, 
                "availableSizesCount": 1
            }, 
            "height": 250, 
            "accentColor": "0C4E5F", 
            "hostPageDisplayUrl": "www.thepaper.cn/newsDetail_forward_1608708", 
            "name": "【社论】不放鞭炮，共识正在达成_社论_澎湃新闻-The Paper", 
            "width": 600, 
            "imageInsightsToken": "ccid_Oj+QMXPn*mid_B7B6883F3D2E244251F09A7CF4AB431441100838*simid_608027399087655278*thid_OIP.Oj-QMXPnAUGES0FWxBDC!_AHaDF", 
            "imageId": "B7B6883F3D2E244251F09A7CF4AB431441100838", 
            "isFamilyFriendly": true, 
            "datePublished": "2017-01-27T06:40:00.0000000Z", 
            "encodingFormat": "jpeg", 
            "webSearchUrl": "https://www.bing.com/images/search?view=detailv2&FORM=OIIRPO&q=site%3a(thepaper.cn+or+chinadaily.com.cn+or+china.com.cn+or+chinanews.com+or+youth.cn+or+sina.com.cn+or+xinhuanet.com+or+cri.cn+or+163.com+or+cankaoxiaoxi.com+or+cctv.com+or+ifeng.com+or+qq.com+or+takungpao.com+or+people.com.cn+or+southcn.com+or+southcn.com+or+cnr.cn+or+people.com.cn+or+cyol.com+or+bjnews.com.cn+or+gmw.cn+or+dahe.cn+or+xfrb.com.cn+or+cqnews.net+or+lifeweek.com.cn+or+cpd.com.cn+or+haiwainet.cn+or+yidianzixun.com+or+ftchinese.com+or+guancha.cn+or+zhcw.com+or+huanqiu.com+or+ihuawen.com+or+nytimes.com+or+flickr.com+or+quanjing.com+or+vcg.com+or+gettyimages.co.uk+or+paixin.com)+%e9%97%ae%e9%a2%98+%e6%ad%a3%e5%9c%a8+%e5%8f%91%e7%94%9f&id=B7B6883F3D2E244251F09A7CF4AB431441100838&simid=608027399087655278", 
            "hostPageUrl": "http://www.thepaper.cn/newsDetail_forward_1608708", 
            "thumbnailUrl": "https://tse1.mm.bing.net/th?id=OIP.Oj-QMXPnAUGES0FWxBDC_AHaDF&pid=Api", 
            "thumbnail": {
                "width": 474, 
                "height": 197
            }, 
            "contentSize": "55170 B"
        }, 
        {
            "contentUrl": "http://n.sinaimg.cn/finance/transform/20171124/rvPU-fypathz5467055.jpg", 
            "insightsMetadata": {
                "pagesIncludingCount": 2, 
                "availableSizesCount": 1
            }, 
            "height": 281, 
            "accentColor": "12193E", 
            "hostPageDisplayUrl": "finance.sina.com.cn/zl/china/2017-11-24/zl...", 
            "name": "吴晓球：中国金融正在发生三个重要变化|人民币|经济|金融_新浪 ...", 
            "width": 500, 
            "imageInsightsToken": "ccid_ZPD1P+0I*mid_7E933C790D51CE8D43EE22AF541E405EC9A4BE45*simid_608000323642592761*thid_OIP.ZPD1P-0IylutUlt0BQy6PQHaEK", 
            "imageId": "7E933C790D51CE8D43EE22AF541E405EC9A4BE45", 
            "isFamilyFriendly": true, 
            "datePublished": "2017-11-23T23:44:00.0000000Z", 
            "encodingFormat": "jpeg", 
            "webSearchUrl": "https://www.bing.com/images/search?view=detailv2&FORM=OIIRPO&q=site%3a(thepaper.cn+or+chinadaily.com.cn+or+china.com.cn+or+chinanews.com+or+youth.cn+or+sina.com.cn+or+xinhuanet.com+or+cri.cn+or+163.com+or+cankaoxiaoxi.com+or+cctv.com+or+ifeng.com+or+qq.com+or+takungpao.com+or+people.com.cn+or+southcn.com+or+southcn.com+or+cnr.cn+or+people.com.cn+or+cyol.com+or+bjnews.com.cn+or+gmw.cn+or+dahe.cn+or+xfrb.com.cn+or+cqnews.net+or+lifeweek.com.cn+or+cpd.com.cn+or+haiwainet.cn+or+yidianzixun.com+or+ftchinese.com+or+guancha.cn+or+zhcw.com+or+huanqiu.com+or+ihuawen.com+or+nytimes.com+or+flickr.com+or+quanjing.com+or+vcg.com+or+gettyimages.co.uk+or+paixin.com)+%e9%97%ae%e9%a2%98+%e6%ad%a3%e5%9c%a8+%e5%8f%91%e7%94%9f&id=7E933C790D51CE8D43EE22AF541E405EC9A4BE45&simid=608000323642592761", 
            "hostPageUrl": "http://finance.sina.com.cn/zl/china/2017-11-24/zl-ifypathz5467457.shtml", 
            "thumbnailUrl": "https://tse3.mm.bing.net/th?id=OIP.ZPD1P-0IylutUlt0BQy6PQHaEK&pid=Api", 
            "thumbnail": {
                "width": 474, 
                "height": 266
            }, 
            "contentSize": "27554 B"
        }, 
        {
            "contentUrl": "http://n.sinaimg.cn/collect/crawl/20160307/Z4tA-fxqaser9030427.jpg", 
            "insightsMetadata": {
                "pagesIncludingCount": 3, 
                "availableSizesCount": 1
            }, 
            "height": 312, 
            "accentColor": "353535", 
            "hostPageDisplayUrl": "collection.sina.com.cn/yjjj/2016-03-07/doc...", 
            "name": "文化部新规望治理艺术品市场三假 解决鉴定难问题_业界聚焦 ...", 
            "width": 445, 
            "imageInsightsToken": "ccid_C1YTe/rc*mid_1B81FE6A6B7AABF750B8757ADF141C1DDAD0A25D*simid_608054642065867076*thid_OIP.C1YTe!_rcHY!_cVa3K0VplsgAAAA", 
            "imageId": "1B81FE6A6B7AABF750B8757ADF141C1DDAD0A25D", 
            "isFamilyFriendly": true, 
            "datePublished": "2018-06-13T07:13:00.0000000Z", 
            "encodingFormat": "jpeg", 
            "webSearchUrl": "https://www.bing.com/images/search?view=detailv2&FORM=OIIRPO&q=site%3a(thepaper.cn+or+chinadaily.com.cn+or+china.com.cn+or+chinanews.com+or+youth.cn+or+sina.com.cn+or+xinhuanet.com+or+cri.cn+or+163.com+or+cankaoxiaoxi.com+or+cctv.com+or+ifeng.com+or+qq.com+or+takungpao.com+or+people.com.cn+or+southcn.com+or+southcn.com+or+cnr.cn+or+people.com.cn+or+cyol.com+or+bjnews.com.cn+or+gmw.cn+or+dahe.cn+or+xfrb.com.cn+or+cqnews.net+or+lifeweek.com.cn+or+cpd.com.cn+or+haiwainet.cn+or+yidianzixun.com+or+ftchinese.com+or+guancha.cn+or+zhcw.com+or+huanqiu.com+or+ihuawen.com+or+nytimes.com+or+flickr.com+or+quanjing.com+or+vcg.com+or+gettyimages.co.uk+or+paixin.com)+%e9%97%ae%e9%a2%98+%e6%ad%a3%e5%9c%a8+%e5%8f%91%e7%94%9f&id=1B81FE6A6B7AABF750B8757ADF141C1DDAD0A25D&simid=608054642065867076", 
            "hostPageUrl": "http://collection.sina.com.cn/yjjj/2016-03-07/doc-ifxqafha0421549.shtml", 
            "thumbnailUrl": "https://tse1.mm.bing.net/th?id=OIP.C1YTe_rcHY_cVa3K0VplsgAAAA&pid=Api", 
            "thumbnail": {
                "width": 445, 
                "height": 312
            }, 
            "contentSize": "14792 B"
        }, 
        {
            "contentUrl": "http://img1.cache.netease.com/catchpic/6/68/68B1E2F71D9244E19F7B0E3A607DBFE9.jpg", 
            "insightsMetadata": {
                "pagesIncludingCount": 1, 
                "availableSizesCount": 1
            }, 
            "height": 408, 
            "accentColor": "6D7F4C", 
            "hostPageDisplayUrl": "news.163.com/16/0416/11/BKP74Q7400014AEE.html", 
            "name": "西安小寨发生一起砍人事件 一名女子被当街砍伤(组图)_网易新闻", 
            "width": 544, 
            "imageInsightsToken": "ccid_D2rI7p22*mid_7914E7869025F8FCFA0B6F369A57D6DD21C88A0F*simid_607990342145017204*thid_OIP.D2rI7p22mLX0YJtH3xGzoQHaFj", 
            "imageId": "7914E7869025F8FCFA0B6F369A57D6DD21C88A0F", 
            "isFamilyFriendly": true, 
            "datePublished": "2019-02-20T13:12:00.0000000Z", 
            "encodingFormat": "jpeg", 
            "webSearchUrl": "https://www.bing.com/images/search?view=detailv2&FORM=OIIRPO&q=site%3a(thepaper.cn+or+chinadaily.com.cn+or+china.com.cn+or+chinanews.com+or+youth.cn+or+sina.com.cn+or+xinhuanet.com+or+cri.cn+or+163.com+or+cankaoxiaoxi.com+or+cctv.com+or+ifeng.com+or+qq.com+or+takungpao.com+or+people.com.cn+or+southcn.com+or+southcn.com+or+cnr.cn+or+people.com.cn+or+cyol.com+or+bjnews.com.cn+or+gmw.cn+or+dahe.cn+or+xfrb.com.cn+or+cqnews.net+or+lifeweek.com.cn+or+cpd.com.cn+or+haiwainet.cn+or+yidianzixun.com+or+ftchinese.com+or+guancha.cn+or+zhcw.com+or+huanqiu.com+or+ihuawen.com+or+nytimes.com+or+flickr.com+or+quanjing.com+or+vcg.com+or+gettyimages.co.uk+or+paixin.com)+%e9%97%ae%e9%a2%98+%e6%ad%a3%e5%9c%a8+%e5%8f%91%e7%94%9f&id=7914E7869025F8FCFA0B6F369A57D6DD21C88A0F&simid=607990342145017204", 
            "hostPageUrl": "http://news.163.com/16/0416/11/BKP74Q7400014AEE.html", 
            "thumbnailUrl": "https://tse4.mm.bing.net/th?id=OIP.D2rI7p22mLX0YJtH3xGzoQHaFj&pid=Api", 
            "thumbnail": {
                "width": 474, 
                "height": 355
            }, 
            "contentSize": "45344 B"
        }, 
        {
            "contentUrl": "http://p0.ifengimg.com/a/2017_21/ce594a4f38890a9_size44_w600_h282.jpg", 
            "insightsMetadata": {
                "pagesIncludingCount": 4, 
                "availableSizesCount": 1
            }, 
            "height": 282, 
            "accentColor": "A52638", 
            "hostPageDisplayUrl": "https://finance.ifeng.com/a/20170526/15410984_0.shtml", 
            "name": "中国正在发生一些奇怪的事情 瑞银是这么解释的_凤凰财经", 
            "width": 600, 
            "imageInsightsToken": "ccid_GnJW16nI*mid_F7D3DDE440AF755927761A35654B66C85E964769*simid_608018152032963902*thid_OIP.GnJW16nIdtDT1mVpQboAjQHaDe", 
            "imageId": "F7D3DDE440AF755927761A35654B66C85E964769", 
            "isFamilyFriendly": true, 
            "datePublished": "2018-10-13T01:35:00.0000000Z", 
            "encodingFormat": "jpeg", 
            "webSearchUrl": "https://www.bing.com/images/search?view=detailv2&FORM=OIIRPO&q=site%3a(thepaper.cn+or+chinadaily.com.cn+or+china.com.cn+or+chinanews.com+or+youth.cn+or+sina.com.cn+or+xinhuanet.com+or+cri.cn+or+163.com+or+cankaoxiaoxi.com+or+cctv.com+or+ifeng.com+or+qq.com+or+takungpao.com+or+people.com.cn+or+southcn.com+or+southcn.com+or+cnr.cn+or+people.com.cn+or+cyol.com+or+bjnews.com.cn+or+gmw.cn+or+dahe.cn+or+xfrb.com.cn+or+cqnews.net+or+lifeweek.com.cn+or+cpd.com.cn+or+haiwainet.cn+or+yidianzixun.com+or+ftchinese.com+or+guancha.cn+or+zhcw.com+or+huanqiu.com+or+ihuawen.com+or+nytimes.com+or+flickr.com+or+quanjing.com+or+vcg.com+or+gettyimages.co.uk+or+paixin.com)+%e9%97%ae%e9%a2%98+%e6%ad%a3%e5%9c%a8+%e5%8f%91%e7%94%9f&id=F7D3DDE440AF755927761A35654B66C85E964769&simid=608018152032963902", 
            "hostPageUrl": "https://finance.ifeng.com/a/20170526/15410984_0.shtml", 
            "thumbnailUrl": "https://tse3.mm.bing.net/th?id=OIP.GnJW16nIdtDT1mVpQboAjQHaDe&pid=Api", 
            "thumbnail": {
                "width": 474, 
                "height": 222
            }, 
            "contentSize": "44567 B"
        }, 
        {
            "contentUrl": "http://n.sinaimg.cn/finance/transform/20171124/B2N7-fypathz5467037.jpg", 
            "insightsMetadata": {
                "pagesIncludingCount": 2, 
                "availableSizesCount": 1
            }, 
            "height": 281, 
            "accentColor": "2F619C", 
            "hostPageDisplayUrl": "finance.sina.com.cn/zl/china/2017-11-24/zl...", 
            "name": "吴晓球：中国金融正在发生三个重要变化|人民币|经济|金融_新浪 ...", 
            "width": 500, 
            "imageInsightsToken": "ccid_1MiMMQUT*mid_7E933C790D51CE8D43EEF239B0710747C2CDCE49*simid_608014771958973469*thid_OIP.1MiMMQUTD!_JCcpC169l!_qQHaEK", 
            "imageId": "7E933C790D51CE8D43EEF239B0710747C2CDCE49", 
            "isFamilyFriendly": true, 
            "datePublished": "2017-11-23T23:44:00.0000000Z", 
            "encodingFormat": "jpeg", 
            "webSearchUrl": "https://www.bing.com/images/search?view=detailv2&FORM=OIIRPO&q=site%3a(thepaper.cn+or+chinadaily.com.cn+or+china.com.cn+or+chinanews.com+or+youth.cn+or+sina.com.cn+or+xinhuanet.com+or+cri.cn+or+163.com+or+cankaoxiaoxi.com+or+cctv.com+or+ifeng.com+or+qq.com+or+takungpao.com+or+people.com.cn+or+southcn.com+or+southcn.com+or+cnr.cn+or+people.com.cn+or+cyol.com+or+bjnews.com.cn+or+gmw.cn+or+dahe.cn+or+xfrb.com.cn+or+cqnews.net+or+lifeweek.com.cn+or+cpd.com.cn+or+haiwainet.cn+or+yidianzixun.com+or+ftchinese.com+or+guancha.cn+or+zhcw.com+or+huanqiu.com+or+ihuawen.com+or+nytimes.com+or+flickr.com+or+quanjing.com+or+vcg.com+or+gettyimages.co.uk+or+paixin.com)+%e9%97%ae%e9%a2%98+%e6%ad%a3%e5%9c%a8+%e5%8f%91%e7%94%9f&id=7E933C790D51CE8D43EEF239B0710747C2CDCE49&simid=608014771958973469", 
            "hostPageUrl": "http://finance.sina.com.cn/zl/china/2017-11-24/zl-ifypathz5467457.shtml", 
            "thumbnailUrl": "https://tse4.mm.bing.net/th?id=OIP.1MiMMQUTD_JCcpC169l_qQHaEK&pid=Api", 
            "thumbnail": {
                "width": 474, 
                "height": 266
            }, 
            "contentSize": "51267 B"
        }, 
        {
            "contentUrl": "http://news.xinhuanet.com/world/2015-11/20/128455107_14481870082011n.jpg", 
            "insightsMetadata": {
                "pagesIncludingCount": 3, 
                "availableSizesCount": 1
            }, 
            "height": 206, 
            "accentColor": "343434", 
            "hostPageDisplayUrl": "news.xinhuanet.com/world/2015-11/20/c_128455107.htm", 
            "name": "叙利亚问题，博弈进入深水区-新华网", 
            "width": 400, 
            "imageInsightsToken": "ccid_QBkySc3R*mid_13092F5794444A423F38AA812FA92369633DDE5B*simid_607987606261596851*thid_OIP.QBkySc3RmCBToyfsGT-6SQAAAA", 
            "imageId": "13092F5794444A423F38AA812FA92369633DDE5B", 
            "isFamilyFriendly": true, 
            "datePublished": "2015-11-20T12:00:00.0000000Z", 
            "encodingFormat": "jpeg", 
            "webSearchUrl": "https://www.bing.com/images/search?view=detailv2&FORM=OIIRPO&q=site%3a(thepaper.cn+or+chinadaily.com.cn+or+china.com.cn+or+chinanews.com+or+youth.cn+or+sina.com.cn+or+xinhuanet.com+or+cri.cn+or+163.com+or+cankaoxiaoxi.com+or+cctv.com+or+ifeng.com+or+qq.com+or+takungpao.com+or+people.com.cn+or+southcn.com+or+southcn.com+or+cnr.cn+or+people.com.cn+or+cyol.com+or+bjnews.com.cn+or+gmw.cn+or+dahe.cn+or+xfrb.com.cn+or+cqnews.net+or+lifeweek.com.cn+or+cpd.com.cn+or+haiwainet.cn+or+yidianzixun.com+or+ftchinese.com+or+guancha.cn+or+zhcw.com+or+huanqiu.com+or+ihuawen.com+or+nytimes.com+or+flickr.com+or+quanjing.com+or+vcg.com+or+gettyimages.co.uk+or+paixin.com)+%e9%97%ae%e9%a2%98+%e6%ad%a3%e5%9c%a8+%e5%8f%91%e7%94%9f&id=13092F5794444A423F38AA812FA92369633DDE5B&simid=607987606261596851", 
            "hostPageUrl": "http://news.xinhuanet.com/world/2015-11/20/c_128455107.htm", 
            "thumbnailUrl": "https://tse4.mm.bing.net/th?id=OIP.QBkySc3RmCBToyfsGT-6SQAAAA&pid=Api", 
            "thumbnail": {
                "width": 400, 
                "height": 206
            }, 
            "hostPageFavIconUrl": "https://www.bing.com/th?id=AR_6034f89765965526777239fbb6bac707&pid=Api", 
            "contentSize": "51432 B"
        }, 
        {
            "contentUrl": "http://img2.utuku.china.com/650x0/news/20180110/d26d1219-949c-4f5d-aac9-c5efd423c3e4.jpg", 
            "insightsMetadata": {
                "pagesIncludingCount": 2, 
                "availableSizesCount": 2
            }, 
            "height": 487, 
            "accentColor": "9A7A31", 
            "hostPageDisplayUrl": "cnews.chinadaily.com.cn/2018-01/11/content_35479386.htm", 
            "name": "咸阳小区发生爆炸两死一伤 疑似感情问题发生矛盾 - 中国日报网", 
            "width": 650, 
            "imageInsightsToken": "ccid_juRsjdRR*mid_6930B5361E789173D265C6F7E74F12AAFF45E54E*simid_607991514677512852*thid_OIP.juRsjdRRH0wpvKyBV9d4rgHaFj", 
            "imageId": "6930B5361E789173D265C6F7E74F12AAFF45E54E", 
            "isFamilyFriendly": true, 
            "datePublished": "2018-01-11T00:05:00.0000000Z", 
            "encodingFormat": "jpeg", 
            "webSearchUrl": "https://www.bing.com/images/search?view=detailv2&FORM=OIIRPO&q=site%3a(thepaper.cn+or+chinadaily.com.cn+or+china.com.cn+or+chinanews.com+or+youth.cn+or+sina.com.cn+or+xinhuanet.com+or+cri.cn+or+163.com+or+cankaoxiaoxi.com+or+cctv.com+or+ifeng.com+or+qq.com+or+takungpao.com+or+people.com.cn+or+southcn.com+or+southcn.com+or+cnr.cn+or+people.com.cn+or+cyol.com+or+bjnews.com.cn+or+gmw.cn+or+dahe.cn+or+xfrb.com.cn+or+cqnews.net+or+lifeweek.com.cn+or+cpd.com.cn+or+haiwainet.cn+or+yidianzixun.com+or+ftchinese.com+or+guancha.cn+or+zhcw.com+or+huanqiu.com+or+ihuawen.com+or+nytimes.com+or+flickr.com+or+quanjing.com+or+vcg.com+or+gettyimages.co.uk+or+paixin.com)+%e9%97%ae%e9%a2%98+%e6%ad%a3%e5%9c%a8+%e5%8f%91%e7%94%9f&id=6930B5361E789173D265C6F7E74F12AAFF45E54E&simid=607991514677512852", 
            "hostPageUrl": "http://cnews.chinadaily.com.cn/2018-01/11/content_35479386.htm", 
            "thumbnailUrl": "https://tse3.mm.bing.net/th?id=OIP.juRsjdRRH0wpvKyBV9d4rgHaFj&pid=Api", 
            "thumbnail": {
                "width": 474, 
                "height": 355
            }, 
            "hostPageFavIconUrl": "https://www.bing.com/th?id=AR_6bbc59f7064ed213027d1c4ffbd7baac&pid=Api", 
            "contentSize": "48001 B"
        }
    ], 
    "nextOffset": 10, 
    "queryContext": {
        "alterationMethod": "AM_JustChangeIt", 
        "alterationType": "CombinedAlterationsChained", 
        "originalQuery": "site:(thepaper.cn or chinadaily.com.cn or china.com.cn or chinanews.com or youth.cn or sina.com.cn or xinhuanet.com or cri.cn or 163.com or cankaoxiaoxi.com or cctv.com or ifeng.com or qq.com or takungpao.com or people.com.cn or southcn.com or southcn.com or cnr.cn or people.com.cn or cyol.com or bjnews.com.cn or gmw.cn or dahe.cn or xfrb.com.cn or cqnews.net or lifeweek.com.cn or cpd.com.cn or haiwainet.cn or yidianzixun.com or ftchinese.com or guancha.cn or zhcw.com or huanqiu.com or ihuawen.com or nytimes.com or flickr.com or quanjing.com or vcg.com or gettyimages.co.uk or paixin.com) 问题 正在 发生", 
        "alterationOverrideQuery": "+site:(thepaper.cn or chinadaily.com.cn or china.com.cn or chinanews.com or youth.cn or sina.com.cn or xinhuanet.com or cri.cn or 163.com or cankaoxiaoxi.com or cctv.com or ifeng.com or qq.com or takungpao.com or people.com.cn or southcn.com or southcn.com or cnr.cn or people.com.cn or cyol.com or bjnews.com.cn or gmw.cn or dahe.cn or xfrb.com.cn or cqnews.net or lifeweek.com.cn or cpd.com.cn or haiwainet.cn or yidianzixun.com or ftchinese.com or guancha.cn or zhcw.com or huanqiu.com or ihuawen.com or nytimes.com or flickr.com or quanjing.com or vcg.com or gettyimages.co.uk or paixin.com) 问题 正在 发生", 
        "alterationDisplayQuery": "问题 正在 发生"
    }, 
    "currentOffset": 0, 
    "readLink": "images/search?q=site:(thepaper.cn or chinadaily.com.cn or china.com.cn or chinanews.com or youth.cn or sina.com.cn or xinhuanet.com or cri.cn or 163.com or cankaoxiaoxi.com or cctv.com or ifeng.com or qq.com or takungpao.com or people.com.cn or southcn.com or southcn.com or cnr.cn or people.com.cn or cyol.com or bjnews.com.cn or gmw.cn or dahe.cn or xfrb.com.cn or cqnews.net or lifeweek.com.cn or cpd.com.cn or haiwainet.cn or yidianzixun.com or ftchinese.com or guancha.cn or zhcw.com or huanqiu.com or ihuawen.com or nytimes.com or flickr.com or quanjing.com or vcg.com or gettyimages.co.uk or paixin.com) 问题 正在 发生", 
    "totalEstimatedMatches": 100
}