{
    "instrumentation": {
        "_type": "ResponseInstrumentation"
    }, 
    "_type": "Images", 
    "webSearchUrl": "https://www.bing.com/images/search?q=site:(thepaper.cn or chinadaily.com.cn or china.com.cn or chinanews.com or youth.cn or sina.com.cn or xinhuanet.com or cri.cn or 163.com or cankaoxiaoxi.com or cctv.com or ifeng.com or qq.com or takungpao.com or people.com.cn or southcn.com or southcn.com or cnr.cn or people.com.cn or cyol.com or bjnews.com.cn or gmw.cn or dahe.cn or xfrb.com.cn or cqnews.net or lifeweek.com.cn or cpd.com.cn or haiwainet.cn or yidianzixun.com or ftchinese.com or guancha.cn or zhcw.com or huanqiu.com or ihuawen.com or nytimes.com or flickr.com or quanjing.com or vcg.com or gettyimages.co.uk or paixin.com) 罗斯 没关系&FORM=OIIARP", 
    "value": [
        {
            "contentUrl": "http://n.sinaimg.cn/sports/crawl/27/w550h277/20180921/sdii-hhuhism5434294.jpg", 
            "insightsMetadata": {
                "pagesIncludingCount": 53, 
                "availableSizesCount": 28
            }, 
            "height": 277, 
            "accentColor": "B2191F", 
            "hostPageDisplayUrl": "sports.sina.com.cn/basketball/nba/2018-09-21/doc...", 
            "name": "E妹吐槽|睡友妻还怒喷人软!他竟一夜成了人渣?_NBA_新浪竞技风暴 ...", 
            "width": 550, 
            "imageInsightsToken": "ccid_2EZU3m3P*mid_2B978E48F0BE4F2D4CA2364B2F691932C2B64D90*simid_607988310608839502*thid_OIP.2EZU3m3Pt21A-TepVEC0bgHaDu", 
            "imageId": "2B978E48F0BE4F2D4CA2364B2F691932C2B64D90", 
            "isFamilyFriendly": true, 
            "datePublished": "2018-09-21T08:28:00.0000000Z", 
            "encodingFormat": "jpeg", 
            "webSearchUrl": "https://www.bing.com/images/search?view=detailv2&FORM=OIIRPO&q=site%3a(thepaper.cn+or+chinadaily.com.cn+or+china.com.cn+or+chinanews.com+or+youth.cn+or+sina.com.cn+or+xinhuanet.com+or+cri.cn+or+163.com+or+cankaoxiaoxi.com+or+cctv.com+or+ifeng.com+or+qq.com+or+takungpao.com+or+people.com.cn+or+southcn.com+or+southcn.com+or+cnr.cn+or+people.com.cn+or+cyol.com+or+bjnews.com.cn+or+gmw.cn+or+dahe.cn+or+xfrb.com.cn+or+cqnews.net+or+lifeweek.com.cn+or+cpd.com.cn+or+haiwainet.cn+or+yidianzixun.com+or+ftchinese.com+or+guancha.cn+or+zhcw.com+or+huanqiu.com+or+ihuawen.com+or+nytimes.com+or+flickr.com+or+quanjing.com+or+vcg.com+or+gettyimages.co.uk+or+paixin.com)+%e7%bd%97%e6%96%af+%e6%b2%a1%e5%85%b3%e7%b3%bb&id=2B978E48F0BE4F2D4CA2364B2F691932C2B64D90&simid=607988310608839502", 
            "hostPageUrl": "http://sports.sina.com.cn/basketball/nba/2018-09-21/doc-ihkhfqnt4750665.shtml", 
            "thumbnailUrl": "https://tse3.mm.bing.net/th?id=OIP.2EZU3m3Pt21A-TepVEC0bgHaDu&pid=Api", 
            "thumbnail": {
                "width": 474, 
                "height": 238
            }, 
            "contentSize": "19105 B"
        }, 
        {
            "contentUrl": "http://n.sinaimg.cn/sports/gif_image/469/w331h138/20181127/c_a0-hpfyces5945650.gif", 
            "insightsMetadata": {
                "pagesIncludingCount": 1, 
                "availableSizesCount": 1
            }, 
            "height": 138, 
            "proxyContentUrl": "https://tse3.mm.bing.net/th?id=OGC.5342832e5884021ae95c118860601924&pid=Api&rurl=http%3a%2f%2fn.sinaimg.cn%2fsports%2fgif_image%2f469%2fw331h138%2f20181127%2fc_a0-hpfyces5945650.gif&ehk=dSM8CzAQOkND1Slg5kKaAA", 
            "hostPageDisplayUrl": "sports.sina.com.cn/basketball/nba/2018-11-27/doc...", 
            "name": "末节发飙直接杀死比赛！全明星，投罗斯就对了_NBA_新浪竞技风暴 ...", 
            "width": 331, 
            "imageInsightsToken": "ccid_U0KDLliE*mid_8243E3004F9C8D943CB6BF411E70684826A7A130*simid_607991458824523165*thid_OIP.U0KDLliEAhrpXBGIYGAZJAAAAA", 
            "imageId": "8243E3004F9C8D943CB6BF411E70684826A7A130", 
            "isFamilyFriendly": true, 
            "datePublished": "2018-11-27T05:20:00.0000000Z", 
            "encodingFormat": "animatedgif", 
            "webSearchUrl": "https://www.bing.com/images/search?view=detailv2&FORM=OIIRPO&q=site%3a(thepaper.cn+or+chinadaily.com.cn+or+china.com.cn+or+chinanews.com+or+youth.cn+or+sina.com.cn+or+xinhuanet.com+or+cri.cn+or+163.com+or+cankaoxiaoxi.com+or+cctv.com+or+ifeng.com+or+qq.com+or+takungpao.com+or+people.com.cn+or+southcn.com+or+southcn.com+or+cnr.cn+or+people.com.cn+or+cyol.com+or+bjnews.com.cn+or+gmw.cn+or+dahe.cn+or+xfrb.com.cn+or+cqnews.net+or+lifeweek.com.cn+or+cpd.com.cn+or+haiwainet.cn+or+yidianzixun.com+or+ftchinese.com+or+guancha.cn+or+zhcw.com+or+huanqiu.com+or+ihuawen.com+or+nytimes.com+or+flickr.com+or+quanjing.com+or+vcg.com+or+gettyimages.co.uk+or+paixin.com)+%e7%bd%97%e6%96%af+%e6%b2%a1%e5%85%b3%e7%b3%bb&id=8243E3004F9C8D943CB6BF411E70684826A7A130&simid=607991458824523165", 
            "hostPageUrl": "http://sports.sina.com.cn/basketball/nba/2018-11-27/doc-ihpevhck9324513.shtml", 
            "accentColor": "A06F2B", 
            "thumbnailUrl": "https://tse4.mm.bing.net/th?id=OIP.U0KDLliEAhrpXBGIYGAZJAAAAA&pid=Api", 
            "thumbnail": {
                "width": 331, 
                "height": 138
            }, 
            "contentSize": "814799 B"
        }, 
        {
            "contentUrl": "http://p0.ifengimg.com/pmop/2017/0111/2688A17B0ECE93561DA03230FF2C0CB9F8756F7D_size47_w600_h400.jpeg", 
            "insightsMetadata": {
                "pagesIncludingCount": 1, 
                "availableSizesCount": 1
            }, 
            "height": 400, 
            "accentColor": "A42C27", 
            "hostPageDisplayUrl": "sports.ifeng.com/a/20170111/50555801_0.shtml", 
            "name": "罗斯已向球队道歉，不会面临禁赛处罚_凤凰体育", 
            "width": 600, 
            "imageInsightsToken": "ccid_mVdAsBvP*mid_F28D9B4AD33D2C2F96F95A4A23253EBEED9A5847*simid_608042568942026764*thid_OIP.mVdAsBvP9ZFeb4UrGcsp2wHaE8", 
            "imageId": "F28D9B4AD33D2C2F96F95A4A23253EBEED9A5847", 
            "isFamilyFriendly": true, 
            "datePublished": "2019-01-26T08:06:00.0000000Z", 
            "encodingFormat": "jpeg", 
            "webSearchUrl": "https://www.bing.com/images/search?view=detailv2&FORM=OIIRPO&q=site%3a(thepaper.cn+or+chinadaily.com.cn+or+china.com.cn+or+chinanews.com+or+youth.cn+or+sina.com.cn+or+xinhuanet.com+or+cri.cn+or+163.com+or+cankaoxiaoxi.com+or+cctv.com+or+ifeng.com+or+qq.com+or+takungpao.com+or+people.com.cn+or+southcn.com+or+southcn.com+or+cnr.cn+or+people.com.cn+or+cyol.com+or+bjnews.com.cn+or+gmw.cn+or+dahe.cn+or+xfrb.com.cn+or+cqnews.net+or+lifeweek.com.cn+or+cpd.com.cn+or+haiwainet.cn+or+yidianzixun.com+or+ftchinese.com+or+guancha.cn+or+zhcw.com+or+huanqiu.com+or+ihuawen.com+or+nytimes.com+or+flickr.com+or+quanjing.com+or+vcg.com+or+gettyimages.co.uk+or+paixin.com)+%e7%bd%97%e6%96%af+%e6%b2%a1%e5%85%b3%e7%b3%bb&id=F28D9B4AD33D2C2F96F95A4A23253EBEED9A5847&simid=608042568942026764", 
            "hostPageUrl": "http://sports.ifeng.com/a/20170111/50555801_0.shtml", 
            "thumbnailUrl": "https://tse1.mm.bing.net/th?id=OIP.mVdAsBvP9ZFeb4UrGcsp2wHaE8&pid=Api", 
            "thumbnail": {
                "width": 474, 
                "height": 316
            }, 
            "contentSize": "48906 B"
        }, 
        {
            "contentUrl": "http://img1.cache.netease.com/sports/2016/8/28/20160828093100b83ef.png", 
            "insightsMetadata": {
                "pagesIncludingCount": 1, 
                "availableSizesCount": 1
            }, 
            "height": 530, 
            "accentColor": "6F2F27", 
            "hostPageDisplayUrl": "sports.163.com/16/0828/09/BVI0S02R00051CA1.html", 
            "name": "一图破不和传言!巴特勒晒照:与罗斯一起看棒球赛_网易体育", 
            "width": 529, 
            "imageInsightsToken": "ccid_xOQre1Ys*mid_F0CD3E585872804EA33AE929A317204DAE4FC46E*simid_608017005291245264*thid_OIP.xOQre1YspIp0PkbCMNyxsgHaHa", 
            "imageId": "F0CD3E585872804EA33AE929A317204DAE4FC46E", 
            "isFamilyFriendly": true, 
            "datePublished": "2016-08-28T01:37:00.0000000Z", 
            "encodingFormat": "png", 
            "webSearchUrl": "https://www.bing.com/images/search?view=detailv2&FORM=OIIRPO&q=site%3a(thepaper.cn+or+chinadaily.com.cn+or+china.com.cn+or+chinanews.com+or+youth.cn+or+sina.com.cn+or+xinhuanet.com+or+cri.cn+or+163.com+or+cankaoxiaoxi.com+or+cctv.com+or+ifeng.com+or+qq.com+or+takungpao.com+or+people.com.cn+or+southcn.com+or+southcn.com+or+cnr.cn+or+people.com.cn+or+cyol.com+or+bjnews.com.cn+or+gmw.cn+or+dahe.cn+or+xfrb.com.cn+or+cqnews.net+or+lifeweek.com.cn+or+cpd.com.cn+or+haiwainet.cn+or+yidianzixun.com+or+ftchinese.com+or+guancha.cn+or+zhcw.com+or+huanqiu.com+or+ihuawen.com+or+nytimes.com+or+flickr.com+or+quanjing.com+or+vcg.com+or+gettyimages.co.uk+or+paixin.com)+%e7%bd%97%e6%96%af+%e6%b2%a1%e5%85%b3%e7%b3%bb&id=F0CD3E585872804EA33AE929A317204DAE4FC46E&simid=608017005291245264", 
            "hostPageUrl": "http://sports.163.com/16/0828/09/BVI0S02R00051CA1.html", 
            "thumbnailUrl": "https://tse4.mm.bing.net/th?id=OIP.xOQre1YspIp0PkbCMNyxsgHaHa&pid=Api", 
            "thumbnail": {
                "width": 474, 
                "height": 474
            }, 
            "contentSize": "460910 B"
        }, 
        {
            "contentUrl": "http://img6.cache.netease.com/paipai/2014/2/24/201402241627322b05a.jpg", 
            "insightsMetadata": {
                "pagesIncludingCount": 1, 
                "availableSizesCount": 1
            }, 
            "height": 309, 
            "accentColor": "B75214", 
            "hostPageDisplayUrl": "jiu.163.com/14/0224/16/9LS5K1FA00824ISU.html", 
            "name": "看老友记学调玛格丽塔酒_网易酒香_jiu.163.com", 
            "width": 550, 
            "imageInsightsToken": "ccid_usACwhMt*mid_53C16F3F4CB347FD13B2246ABD0842F588E24D42*simid_608011864241278859*thid_OIP.usACwhMtRMMeJGsDuXfGnwHaEK", 
            "imageId": "53C16F3F4CB347FD13B2246ABD0842F588E24D42", 
            "isFamilyFriendly": true, 
            "datePublished": "2014-04-08T04:17:00.0000000Z", 
            "encodingFormat": "jpeg", 
            "webSearchUrl": "https://www.bing.com/images/search?view=detailv2&FORM=OIIRPO&q=site%3a(thepaper.cn+or+chinadaily.com.cn+or+china.com.cn+or+chinanews.com+or+youth.cn+or+sina.com.cn+or+xinhuanet.com+or+cri.cn+or+163.com+or+cankaoxiaoxi.com+or+cctv.com+or+ifeng.com+or+qq.com+or+takungpao.com+or+people.com.cn+or+southcn.com+or+southcn.com+or+cnr.cn+or+people.com.cn+or+cyol.com+or+bjnews.com.cn+or+gmw.cn+or+dahe.cn+or+xfrb.com.cn+or+cqnews.net+or+lifeweek.com.cn+or+cpd.com.cn+or+haiwainet.cn+or+yidianzixun.com+or+ftchinese.com+or+guancha.cn+or+zhcw.com+or+huanqiu.com+or+ihuawen.com+or+nytimes.com+or+flickr.com+or+quanjing.com+or+vcg.com+or+gettyimages.co.uk+or+paixin.com)+%e7%bd%97%e6%96%af+%e6%b2%a1%e5%85%b3%e7%b3%bb&id=53C16F3F4CB347FD13B2246ABD0842F588E24D42&simid=608011864241278859", 
            "hostPageUrl": "http://jiu.163.com/14/0224/16/9LS5K1FA00824ISU.html", 
            "thumbnailUrl": "https://tse2.mm.bing.net/th?id=OIP.usACwhMtRMMeJGsDuXfGnwHaEK&pid=Api", 
            "thumbnail": {
                "width": 474, 
                "height": 266
            }, 
            "contentSize": "23784 B"
        }, 
        {
            "contentUrl": "http://i3.sinaimg.cn/IT/h/2008-03-14/51af21e82f42f5432223247ac0754367.jpg", 
            "insightsMetadata": {
                "pagesIncludingCount": 1, 
                "availableSizesCount": 1
            }, 
            "height": 282, 
            "accentColor": "37946A", 
            "hostPageDisplayUrl": "tech.sina.com.cn/h/2008-03-14/0552603662.shtml", 
            "name": "《神奇绿巨人》：首部预告片正式发布_硬件_科技时代_新浪网", 
            "width": 500, 
            "imageInsightsToken": "ccid_vmwz94XF*mid_4841B6EDF52AC60C2EC40750DCD9EE5127B56B1F*simid_607989053637986671*thid_OIP.vmwz94XFVKTkiFzOnfyzKgHaEL", 
            "imageId": "4841B6EDF52AC60C2EC40750DCD9EE5127B56B1F", 
            "isFamilyFriendly": true, 
            "datePublished": "2008-03-14T12:00:00.0000000Z", 
            "encodingFormat": "png", 
            "webSearchUrl": "https://www.bing.com/images/search?view=detailv2&FORM=OIIRPO&q=site%3a(thepaper.cn+or+chinadaily.com.cn+or+china.com.cn+or+chinanews.com+or+youth.cn+or+sina.com.cn+or+xinhuanet.com+or+cri.cn+or+163.com+or+cankaoxiaoxi.com+or+cctv.com+or+ifeng.com+or+qq.com+or+takungpao.com+or+people.com.cn+or+southcn.com+or+southcn.com+or+cnr.cn+or+people.com.cn+or+cyol.com+or+bjnews.com.cn+or+gmw.cn+or+dahe.cn+or+xfrb.com.cn+or+cqnews.net+or+lifeweek.com.cn+or+cpd.com.cn+or+haiwainet.cn+or+yidianzixun.com+or+ftchinese.com+or+guancha.cn+or+zhcw.com+or+huanqiu.com+or+ihuawen.com+or+nytimes.com+or+flickr.com+or+quanjing.com+or+vcg.com+or+gettyimages.co.uk+or+paixin.com)+%e7%bd%97%e6%96%af+%e6%b2%a1%e5%85%b3%e7%b3%bb&id=4841B6EDF52AC60C2EC40750DCD9EE5127B56B1F&simid=607989053637986671", 
            "hostPageUrl": "http://tech.sina.com.cn/h/2008-03-14/0552603662.shtml", 
            "thumbnailUrl": "https://tse3.mm.bing.net/th?id=OIP.vmwz94XFVKTkiFzOnfyzKgHaEL&pid=Api", 
            "thumbnail": {
                "width": 474, 
                "height": 267
            }, 
            "contentSize": "281767 B"
        }, 
        {
            "contentUrl": "http://himg2.huanqiu.com/saronscms/uploadfile/2015/0109/20150109023858358.jpg", 
            "insightsMetadata": {
                "pagesIncludingCount": 16, 
                "availableSizesCount": 5
            }, 
            "height": 375, 
            "accentColor": "386C93", 
            "hostPageDisplayUrl": "go.huanqiu.com/html/2015/picture_0109/1591_9.html", 
            "name": "世界各地徒有虚名的旅游景点环球旅行_环球网", 
            "width": 500, 
            "imageInsightsToken": "ccid_uHHK9D2c*mid_828C458104883DDEC18632C3ABD9591B589001EE*simid_608019792710929040*thid_OIP.uHHK9D2cfxwFt50KQTm79gHaFj", 
            "imageId": "828C458104883DDEC18632C3ABD9591B589001EE", 
            "isFamilyFriendly": true, 
            "datePublished": "2018-07-30T04:23:00.0000000Z", 
            "encodingFormat": "jpeg", 
            "webSearchUrl": "https://www.bing.com/images/search?view=detailv2&FORM=OIIRPO&q=site%3a(thepaper.cn+or+chinadaily.com.cn+or+china.com.cn+or+chinanews.com+or+youth.cn+or+sina.com.cn+or+xinhuanet.com+or+cri.cn+or+163.com+or+cankaoxiaoxi.com+or+cctv.com+or+ifeng.com+or+qq.com+or+takungpao.com+or+people.com.cn+or+southcn.com+or+southcn.com+or+cnr.cn+or+people.com.cn+or+cyol.com+or+bjnews.com.cn+or+gmw.cn+or+dahe.cn+or+xfrb.com.cn+or+cqnews.net+or+lifeweek.com.cn+or+cpd.com.cn+or+haiwainet.cn+or+yidianzixun.com+or+ftchinese.com+or+guancha.cn+or+zhcw.com+or+huanqiu.com+or+ihuawen.com+or+nytimes.com+or+flickr.com+or+quanjing.com+or+vcg.com+or+gettyimages.co.uk+or+paixin.com)+%e7%bd%97%e6%96%af+%e6%b2%a1%e5%85%b3%e7%b3%bb&id=828C458104883DDEC18632C3ABD9591B589001EE&simid=608019792710929040", 
            "hostPageUrl": "http://go.huanqiu.com/html/2015/picture_0109/1591_9.html", 
            "thumbnailUrl": "https://tse4.mm.bing.net/th?id=OIP.uHHK9D2cfxwFt50KQTm79gHaFj&pid=Api", 
            "thumbnail": {
                "width": 474, 
                "height": 355
            }, 
            "contentSize": "34139 B"
        }, 
        {
            "contentUrl": "http://img1.cache.netease.com/catchpic/A/AE/AE65E6DBF68C619D7FC2BF58CB2E6073.jpg", 
            "insightsMetadata": {
                "pagesIncludingCount": 1, 
                "availableSizesCount": 1
            }, 
            "height": 388, 
            "accentColor": "71415F", 
            "hostPageDisplayUrl": "sports.163.com/14/1201/19/ACDCPSQD00051C8U.html", 
            "name": "罗伊斯转投拜仁？经纪人辟谣：没有接触过_网易体育", 
            "width": 550, 
            "imageInsightsToken": "ccid_e/BgAKSW*mid_C817A471754830E863D9FAEA26492108FB7536F5*simid_608036010529655172*thid_OIP.e!_BgAKSWyEv6rR2TDDdtAAHaFO", 
            "imageId": "C817A471754830E863D9FAEA26492108FB7536F5", 
            "isFamilyFriendly": true, 
            "datePublished": "2014-12-01T11:09:00.0000000Z", 
            "encodingFormat": "jpeg", 
            "webSearchUrl": "https://www.bing.com/images/search?view=detailv2&FORM=OIIRPO&q=site%3a(thepaper.cn+or+chinadaily.com.cn+or+china.com.cn+or+chinanews.com+or+youth.cn+or+sina.com.cn+or+xinhuanet.com+or+cri.cn+or+163.com+or+cankaoxiaoxi.com+or+cctv.com+or+ifeng.com+or+qq.com+or+takungpao.com+or+people.com.cn+or+southcn.com+or+southcn.com+or+cnr.cn+or+people.com.cn+or+cyol.com+or+bjnews.com.cn+or+gmw.cn+or+dahe.cn+or+xfrb.com.cn+or+cqnews.net+or+lifeweek.com.cn+or+cpd.com.cn+or+haiwainet.cn+or+yidianzixun.com+or+ftchinese.com+or+guancha.cn+or+zhcw.com+or+huanqiu.com+or+ihuawen.com+or+nytimes.com+or+flickr.com+or+quanjing.com+or+vcg.com+or+gettyimages.co.uk+or+paixin.com)+%e7%bd%97%e6%96%af+%e6%b2%a1%e5%85%b3%e7%b3%bb&id=C817A471754830E863D9FAEA26492108FB7536F5&simid=608036010529655172", 
            "hostPageUrl": "http://sports.163.com/14/1201/19/ACDCPSQD00051C8U.html", 
            "thumbnailUrl": "https://tse2.mm.bing.net/th?id=OIP.e_BgAKSWyEv6rR2TDDdtAAHaFO&pid=Api", 
            "thumbnail": {
                "width": 474, 
                "height": 334
            }, 
            "contentSize": "35192 B"
        }, 
        {
            "contentUrl": "http://n.sinaimg.cn/sports/transform/20170118/jyjF-fxzqnkq9579656.jpg", 
            "insightsMetadata": {
                "pagesIncludingCount": 3, 
                "availableSizesCount": 2
            }, 
            "height": 379, 
            "accentColor": "0C1863", 
            "hostPageDisplayUrl": "sports.sina.com.cn/golf/pgatour/2017-01-18/doc...", 
            "name": "奥运金牌不直通SBS冠军赛 罗斯遗憾美巡开年受阻_美巡赛_新浪 ...", 
            "width": 570, 
            "imageInsightsToken": "ccid_kKoIpPQW*mid_F9EB0BE1E485D4AFDEBBB9DB6296E9C4A32C490E*simid_608025066962159167*thid_OIP.kKoIpPQWxC3VRjZlMOt0BgHaE7", 
            "imageId": "F9EB0BE1E485D4AFDEBBB9DB6296E9C4A32C490E", 
            "isFamilyFriendly": true, 
            "datePublished": "2018-07-15T11:50:00.0000000Z", 
            "encodingFormat": "jpeg", 
            "webSearchUrl": "https://www.bing.com/images/search?view=detailv2&FORM=OIIRPO&q=site%3a(thepaper.cn+or+chinadaily.com.cn+or+china.com.cn+or+chinanews.com+or+youth.cn+or+sina.com.cn+or+xinhuanet.com+or+cri.cn+or+163.com+or+cankaoxiaoxi.com+or+cctv.com+or+ifeng.com+or+qq.com+or+takungpao.com+or+people.com.cn+or+southcn.com+or+southcn.com+or+cnr.cn+or+people.com.cn+or+cyol.com+or+bjnews.com.cn+or+gmw.cn+or+dahe.cn+or+xfrb.com.cn+or+cqnews.net+or+lifeweek.com.cn+or+cpd.com.cn+or+haiwainet.cn+or+yidianzixun.com+or+ftchinese.com+or+guancha.cn+or+zhcw.com+or+huanqiu.com+or+ihuawen.com+or+nytimes.com+or+flickr.com+or+quanjing.com+or+vcg.com+or+gettyimages.co.uk+or+paixin.com)+%e7%bd%97%e6%96%af+%e6%b2%a1%e5%85%b3%e7%b3%bb&id=F9EB0BE1E485D4AFDEBBB9DB6296E9C4A32C490E&simid=608025066962159167", 
            "hostPageUrl": "http://sports.sina.com.cn/golf/pgatour/2017-01-18/doc-ifxzqnip1672434.shtml", 
            "thumbnailUrl": "https://tse1.mm.bing.net/th?id=OIP.kKoIpPQWxC3VRjZlMOt0BgHaE7&pid=Api", 
            "thumbnail": {
                "width": 474, 
                "height": 315
            }, 
            "contentSize": "29528 B"
        }, 
        {
            "contentUrl": "http://n.sinaimg.cn/sports/transform/20160817/sezt-fxuxnak0463290.jpg", 
            "insightsMetadata": {
                "pagesIncludingCount": 2, 
                "availableSizesCount": 2
            }, 
            "height": 366, 
            "accentColor": "8B8140", 
            "hostPageDisplayUrl": "sports.sina.com.cn/golf/pgatour/2016-08-17/doc...", 
            "name": "奥运与大满贯应归入两个类别 奥运金牌将伴你终身_美巡赛_新浪 ...", 
            "width": 550, 
            "imageInsightsToken": "ccid_xCnT9MNg*mid_A0CCA9F77B6E585EC1001011900FC51E67236735*simid_607993700809114798*thid_OIP.xCnT9MNgro4d8VqOdU7e9gHaE7", 
            "imageId": "A0CCA9F77B6E585EC1001011900FC51E67236735", 
            "isFamilyFriendly": true, 
            "datePublished": "2016-08-17T04:22:00.0000000Z", 
            "encodingFormat": "jpeg", 
            "webSearchUrl": "https://www.bing.com/images/search?view=detailv2&FORM=OIIRPO&q=site%3a(thepaper.cn+or+chinadaily.com.cn+or+china.com.cn+or+chinanews.com+or+youth.cn+or+sina.com.cn+or+xinhuanet.com+or+cri.cn+or+163.com+or+cankaoxiaoxi.com+or+cctv.com+or+ifeng.com+or+qq.com+or+takungpao.com+or+people.com.cn+or+southcn.com+or+southcn.com+or+cnr.cn+or+people.com.cn+or+cyol.com+or+bjnews.com.cn+or+gmw.cn+or+dahe.cn+or+xfrb.com.cn+or+cqnews.net+or+lifeweek.com.cn+or+cpd.com.cn+or+haiwainet.cn+or+yidianzixun.com+or+ftchinese.com+or+guancha.cn+or+zhcw.com+or+huanqiu.com+or+ihuawen.com+or+nytimes.com+or+flickr.com+or+quanjing.com+or+vcg.com+or+gettyimages.co.uk+or+paixin.com)+%e7%bd%97%e6%96%af+%e6%b2%a1%e5%85%b3%e7%b3%bb&id=A0CCA9F77B6E585EC1001011900FC51E67236735&simid=607993700809114798", 
            "hostPageUrl": "http://sports.sina.com.cn/golf/pgatour/2016-08-17/doc-ifxuxnah3739139.shtml", 
            "thumbnailUrl": "https://tse4.mm.bing.net/th?id=OIP.xCnT9MNgro4d8VqOdU7e9gHaE7&pid=Api", 
            "thumbnail": {
                "width": 474, 
                "height": 315
            }, 
            "contentSize": "26122 B"
        }
    ], 
    "nextOffset": 10, 
    "queryContext": {
        "alterationMethod": "AM_JustChangeIt", 
        "alterationType": "CombinedAlterationsChained", 
        "originalQuery": "site:(thepaper.cn or chinadaily.com.cn or china.com.cn or chinanews.com or youth.cn or sina.com.cn or xinhuanet.com or cri.cn or 163.com or cankaoxiaoxi.com or cctv.com or ifeng.com or qq.com or takungpao.com or people.com.cn or southcn.com or southcn.com or cnr.cn or people.com.cn or cyol.com or bjnews.com.cn or gmw.cn or dahe.cn or xfrb.com.cn or cqnews.net or lifeweek.com.cn or cpd.com.cn or haiwainet.cn or yidianzixun.com or ftchinese.com or guancha.cn or zhcw.com or huanqiu.com or ihuawen.com or nytimes.com or flickr.com or quanjing.com or vcg.com or gettyimages.co.uk or paixin.com) 罗斯 没关系", 
        "alterationOverrideQuery": "+site:(thepaper.cn or chinadaily.com.cn or china.com.cn or chinanews.com or youth.cn or sina.com.cn or xinhuanet.com or cri.cn or 163.com or cankaoxiaoxi.com or cctv.com or ifeng.com or qq.com or takungpao.com or people.com.cn or southcn.com or southcn.com or cnr.cn or people.com.cn or cyol.com or bjnews.com.cn or gmw.cn or dahe.cn or xfrb.com.cn or cqnews.net or lifeweek.com.cn or cpd.com.cn or haiwainet.cn or yidianzixun.com or ftchinese.com or guancha.cn or zhcw.com or huanqiu.com or ihuawen.com or nytimes.com or flickr.com or quanjing.com or vcg.com or gettyimages.co.uk or paixin.com) 罗斯 没关系", 
        "alterationDisplayQuery": "罗 斯 没 关系"
    }, 
    "currentOffset": 0, 
    "readLink": "images/search?q=site:(thepaper.cn or chinadaily.com.cn or china.com.cn or chinanews.com or youth.cn or sina.com.cn or xinhuanet.com or cri.cn or 163.com or cankaoxiaoxi.com or cctv.com or ifeng.com or qq.com or takungpao.com or people.com.cn or southcn.com or southcn.com or cnr.cn or people.com.cn or cyol.com or bjnews.com.cn or gmw.cn or dahe.cn or xfrb.com.cn or cqnews.net or lifeweek.com.cn or cpd.com.cn or haiwainet.cn or yidianzixun.com or ftchinese.com or guancha.cn or zhcw.com or huanqiu.com or ihuawen.com or nytimes.com or flickr.com or quanjing.com or vcg.com or gettyimages.co.uk or paixin.com) 罗斯 没关系", 
    "totalEstimatedMatches": 100, 
    "relatedSearches": [
        {
            "text": "因为爱你所以没关系", 
            "displayText": "因为爱你所以没关系", 
            "thumbnail": {
                "thumbnailUrl": "https://tse4.mm.bing.net/th?q=%e5%9b%a0%e4%b8%ba%e7%88%b1%e4%bd%a0%e6%89%80%e4%bb%a5%e6%b2%a1%e5%85%b3%e7%b3%bb&pid=Api&mkt=zh-CN&adlt=strict&t=1"
            }, 
            "searchLink": "https://api.cognitive.microsoft.com/api/v7/images/search?q=%e5%9b%a0%e4%b8%ba%e7%88%b1%e4%bd%a0%e6%89%80%e4%bb%a5%e6%b2%a1%e5%85%b3%e7%b3%bb", 
            "webSearchUrl": "https://www.bing.com/images/search?q=%e5%9b%a0%e4%b8%ba%e7%88%b1%e4%bd%a0%e6%89%80%e4%bb%a5%e6%b2%a1%e5%85%b3%e7%b3%bb&FORM=IRPATC"
        }, 
        {
            "text": "王老吉 没关系", 
            "displayText": "王老吉 没关系", 
            "thumbnail": {
                "thumbnailUrl": "https://tse1.mm.bing.net/th?q=%e7%8e%8b%e8%80%81%e5%90%89+%e6%b2%a1%e5%85%b3%e7%b3%bb&pid=Api&mkt=zh-CN&adlt=strict&t=1"
            }, 
            "searchLink": "https://api.cognitive.microsoft.com/api/v7/images/search?q=%e7%8e%8b%e8%80%81%e5%90%89+%e6%b2%a1%e5%85%b3%e7%b3%bb", 
            "webSearchUrl": "https://www.bing.com/images/search?q=%e7%8e%8b%e8%80%81%e5%90%89+%e6%b2%a1%e5%85%b3%e7%b3%bb&FORM=IRPATC"
        }, 
        {
            "text": "对不起 没关系", 
            "displayText": "对不起 没关系", 
            "thumbnail": {
                "thumbnailUrl": "https://tse1.mm.bing.net/th?q=%e5%af%b9%e4%b8%8d%e8%b5%b7+%e6%b2%a1%e5%85%b3%e7%b3%bb&pid=Api&mkt=zh-CN&adlt=strict&t=1"
            }, 
            "searchLink": "https://api.cognitive.microsoft.com/api/v7/images/search?q=%e5%af%b9%e4%b8%8d%e8%b5%b7+%e6%b2%a1%e5%85%b3%e7%b3%bb", 
            "webSearchUrl": "https://www.bing.com/images/search?q=%e5%af%b9%e4%b8%8d%e8%b5%b7+%e6%b2%a1%e5%85%b3%e7%b3%bb&FORM=IRPATC"
        }, 
        {
            "text": "没关系 吴克群", 
            "displayText": "没关系 吴克群", 
            "thumbnail": {
                "thumbnailUrl": "https://tse1.mm.bing.net/th?q=%e6%b2%a1%e5%85%b3%e7%b3%bb+%e5%90%b4%e5%85%8b%e7%be%a4&pid=Api&mkt=zh-CN&adlt=strict&t=1"
            }, 
            "searchLink": "https://api.cognitive.microsoft.com/api/v7/images/search?q=%e6%b2%a1%e5%85%b3%e7%b3%bb+%e5%90%b4%e5%85%8b%e7%be%a4", 
            "webSearchUrl": "https://www.bing.com/images/search?q=%e6%b2%a1%e5%85%b3%e7%b3%bb+%e5%90%b4%e5%85%8b%e7%be%a4&FORM=IRPATC"
        }
    ]
}