{
    "instrumentation": {
        "_type": "ResponseInstrumentation"
    }, 
    "_type": "Images", 
    "webSearchUrl": "https://www.bing.com/images/search?q=site:(thepaper.cn or chinadaily.com.cn or china.com.cn or chinanews.com or youth.cn or sina.com.cn or xinhuanet.com or cri.cn or 163.com or cankaoxiaoxi.com or cctv.com or ifeng.com or qq.com or takungpao.com or people.com.cn or southcn.com or southcn.com or cnr.cn or people.com.cn or cyol.com or bjnews.com.cn or gmw.cn or dahe.cn or xfrb.com.cn or cqnews.net or lifeweek.com.cn or cpd.com.cn or haiwainet.cn or yidianzixun.com or ftchinese.com or guancha.cn or zhcw.com or huanqiu.com or ihuawen.com or nytimes.com or flickr.com or quanjing.com or vcg.com or gettyimages.co.uk or paixin.com) 杰克 说 不会 胜利 视而不见&FORM=OIIARP", 
    "value": [
        {
            "contentUrl": "http://img.bjnews.com.cn/epaper/20130312/C06/0335319E17E3.jpg", 
            "insightsMetadata": {
                "pagesIncludingCount": 1, 
                "availableSizesCount": 1
            }, 
            "height": 600, 
            "accentColor": "0C6F48", 
            "hostPageDisplayUrl": "www.bjnews.com.cn/ent/2013/03/12/252460.html", 
            "name": "老了，不会乱来了…… - 娱乐 - 新京报网", 
            "width": 380, 
            "imageInsightsToken": "ccid_AR9uT+Tu*mid_83977B2CA2FAD88F543B4BE6F7250EC8549843FD*simid_607997029409293584*thid_OIP.AR9uT-Tu4KzdWK11YmZWRQAAAA", 
            "imageId": "83977B2CA2FAD88F543B4BE6F7250EC8549843FD", 
            "isFamilyFriendly": true, 
            "datePublished": "2019-02-23T08:01:00.0000000Z", 
            "encodingFormat": "jpeg", 
            "webSearchUrl": "https://www.bing.com/images/search?view=detailv2&FORM=OIIRPO&q=site%3a(thepaper.cn+or+chinadaily.com.cn+or+china.com.cn+or+chinanews.com+or+youth.cn+or+sina.com.cn+or+xinhuanet.com+or+cri.cn+or+163.com+or+cankaoxiaoxi.com+or+cctv.com+or+ifeng.com+or+qq.com+or+takungpao.com+or+people.com.cn+or+southcn.com+or+southcn.com+or+cnr.cn+or+people.com.cn+or+cyol.com+or+bjnews.com.cn+or+gmw.cn+or+dahe.cn+or+xfrb.com.cn+or+cqnews.net+or+lifeweek.com.cn+or+cpd.com.cn+or+haiwainet.cn+or+yidianzixun.com+or+ftchinese.com+or+guancha.cn+or+zhcw.com+or+huanqiu.com+or+ihuawen.com+or+nytimes.com+or+flickr.com+or+quanjing.com+or+vcg.com+or+gettyimages.co.uk+or+paixin.com)+%e6%9d%b0%e5%85%8b+%e8%af%b4+%e4%b8%8d%e4%bc%9a+%e8%83%9c%e5%88%a9+%e8%a7%86%e8%80%8c%e4%b8%8d%e8%a7%81&id=83977B2CA2FAD88F543B4BE6F7250EC8549843FD&simid=607997029409293584", 
            "hostPageUrl": "http://www.bjnews.com.cn/ent/2013/03/12/252460.html", 
            "thumbnailUrl": "https://tse3.mm.bing.net/th?id=OIP.AR9uT-Tu4KzdWK11YmZWRQAAAA&pid=Api", 
            "thumbnail": {
                "width": 380, 
                "height": 600
            }, 
            "contentSize": "238722 B"
        }, 
        {
            "contentUrl": "http://img.bjnews.com.cn/epaper/20130312/C06/038F31771708.jpg", 
            "insightsMetadata": {
                "pagesIncludingCount": 2, 
                "availableSizesCount": 1
            }, 
            "height": 386, 
            "accentColor": "428C3F", 
            "hostPageDisplayUrl": "www.bjnews.com.cn/ent/2013/03/12/252460.html", 
            "name": "老了，不会乱来了…… - 娱乐 - 新京报网", 
            "width": 315, 
            "imageInsightsToken": "ccid_V/W/QRKV*mid_83977B2CA2FAD88F543BBA13397F1729B02ABD7C*simid_608017589401092119*thid_OIP.V!_W!_QRKV7qLlnsFWAmqInwAAAA", 
            "imageId": "83977B2CA2FAD88F543BBA13397F1729B02ABD7C", 
            "isFamilyFriendly": true, 
            "datePublished": "2019-02-23T08:01:00.0000000Z", 
            "encodingFormat": "jpeg", 
            "webSearchUrl": "https://www.bing.com/images/search?view=detailv2&FORM=OIIRPO&q=site%3a(thepaper.cn+or+chinadaily.com.cn+or+china.com.cn+or+chinanews.com+or+youth.cn+or+sina.com.cn+or+xinhuanet.com+or+cri.cn+or+163.com+or+cankaoxiaoxi.com+or+cctv.com+or+ifeng.com+or+qq.com+or+takungpao.com+or+people.com.cn+or+southcn.com+or+southcn.com+or+cnr.cn+or+people.com.cn+or+cyol.com+or+bjnews.com.cn+or+gmw.cn+or+dahe.cn+or+xfrb.com.cn+or+cqnews.net+or+lifeweek.com.cn+or+cpd.com.cn+or+haiwainet.cn+or+yidianzixun.com+or+ftchinese.com+or+guancha.cn+or+zhcw.com+or+huanqiu.com+or+ihuawen.com+or+nytimes.com+or+flickr.com+or+quanjing.com+or+vcg.com+or+gettyimages.co.uk+or+paixin.com)+%e6%9d%b0%e5%85%8b+%e8%af%b4+%e4%b8%8d%e4%bc%9a+%e8%83%9c%e5%88%a9+%e8%a7%86%e8%80%8c%e4%b8%8d%e8%a7%81&id=83977B2CA2FAD88F543BBA13397F1729B02ABD7C&simid=608017589401092119", 
            "hostPageUrl": "http://www.bjnews.com.cn/ent/2013/03/12/252460.html", 
            "thumbnailUrl": "https://tse1.mm.bing.net/th?id=OIP.V_W_QRKV7qLlnsFWAmqInwAAAA&pid=Api", 
            "thumbnail": {
                "width": 315, 
                "height": 386
            }, 
            "contentSize": "89343 B"
        }, 
        {
            "contentUrl": "http://n.sinaimg.cn/ent/transform/20160725/hCcb-fxuifip3072707.jpg", 
            "insightsMetadata": {
                "pagesIncludingCount": 2, 
                "availableSizesCount": 1
            }, 
            "height": 432, 
            "accentColor": "2E7642", 
            "hostPageDisplayUrl": "ent.sina.com.cn/m/f/2016-07-25/doc-ifxuhukv7414811.shtml", 
            "name": "鸡冻！这部丧到骨子里的神剧终于回归了！|Netflix|马男波杰克 ...", 
            "width": 600, 
            "imageInsightsToken": "ccid_W1EXKvx+*mid_0EBFABD28AD6823A58CC18B6F7160B556592F4BA*simid_608043436510413845*thid_OIP.W1EXKvx-xT-Oe9NOdouCRwHaFV", 
            "imageId": "0EBFABD28AD6823A58CC18B6F7160B556592F4BA", 
            "isFamilyFriendly": true, 
            "datePublished": "2016-07-25T05:54:00.0000000Z", 
            "encodingFormat": "jpeg", 
            "webSearchUrl": "https://www.bing.com/images/search?view=detailv2&FORM=OIIRPO&q=site%3a(thepaper.cn+or+chinadaily.com.cn+or+china.com.cn+or+chinanews.com+or+youth.cn+or+sina.com.cn+or+xinhuanet.com+or+cri.cn+or+163.com+or+cankaoxiaoxi.com+or+cctv.com+or+ifeng.com+or+qq.com+or+takungpao.com+or+people.com.cn+or+southcn.com+or+southcn.com+or+cnr.cn+or+people.com.cn+or+cyol.com+or+bjnews.com.cn+or+gmw.cn+or+dahe.cn+or+xfrb.com.cn+or+cqnews.net+or+lifeweek.com.cn+or+cpd.com.cn+or+haiwainet.cn+or+yidianzixun.com+or+ftchinese.com+or+guancha.cn+or+zhcw.com+or+huanqiu.com+or+ihuawen.com+or+nytimes.com+or+flickr.com+or+quanjing.com+or+vcg.com+or+gettyimages.co.uk+or+paixin.com)+%e6%9d%b0%e5%85%8b+%e8%af%b4+%e4%b8%8d%e4%bc%9a+%e8%83%9c%e5%88%a9+%e8%a7%86%e8%80%8c%e4%b8%8d%e8%a7%81&id=0EBFABD28AD6823A58CC18B6F7160B556592F4BA&simid=608043436510413845", 
            "hostPageUrl": "http://ent.sina.com.cn/m/f/2016-07-25/doc-ifxuhukv7414811.shtml", 
            "thumbnailUrl": "https://tse2.mm.bing.net/th?id=OIP.W1EXKvx-xT-Oe9NOdouCRwHaFV&pid=Api", 
            "thumbnail": {
                "width": 474, 
                "height": 341
            }, 
            "contentSize": "49047 B"
        }, 
        {
            "contentUrl": "http://n.sinaimg.cn/sinacn10102/200/w640h360/20190122/cb6b-hryfqhk4643925.jpg", 
            "insightsMetadata": {
                "pagesIncludingCount": 1, 
                "availableSizesCount": 1
            }, 
            "height": 360, 
            "accentColor": "A0502B", 
            "hostPageDisplayUrl": "https://k.sina.com.cn/article_6445035746...", 
            "name": "前拳王杰克额头缝了25针，可能就此结束拳击生涯！|布朗|拳王 ...", 
            "width": 640, 
            "imageInsightsToken": "ccid_iWk4nXP/*mid_6BD4AC00E6DC81D031B996A9C636C434425ED397*simid_608004378104300471*thid_OIP.iWk4nXP!_5nyjseX0fvCsDgHaEK", 
            "imageId": "6BD4AC00E6DC81D031B996A9C636C434425ED397", 
            "isFamilyFriendly": true, 
            "datePublished": "2019-02-06T22:04:00.0000000Z", 
            "encodingFormat": "jpeg", 
            "webSearchUrl": "https://www.bing.com/images/search?view=detailv2&FORM=OIIRPO&q=site%3a(thepaper.cn+or+chinadaily.com.cn+or+china.com.cn+or+chinanews.com+or+youth.cn+or+sina.com.cn+or+xinhuanet.com+or+cri.cn+or+163.com+or+cankaoxiaoxi.com+or+cctv.com+or+ifeng.com+or+qq.com+or+takungpao.com+or+people.com.cn+or+southcn.com+or+southcn.com+or+cnr.cn+or+people.com.cn+or+cyol.com+or+bjnews.com.cn+or+gmw.cn+or+dahe.cn+or+xfrb.com.cn+or+cqnews.net+or+lifeweek.com.cn+or+cpd.com.cn+or+haiwainet.cn+or+yidianzixun.com+or+ftchinese.com+or+guancha.cn+or+zhcw.com+or+huanqiu.com+or+ihuawen.com+or+nytimes.com+or+flickr.com+or+quanjing.com+or+vcg.com+or+gettyimages.co.uk+or+paixin.com)+%e6%9d%b0%e5%85%8b+%e8%af%b4+%e4%b8%8d%e4%bc%9a+%e8%83%9c%e5%88%a9+%e8%a7%86%e8%80%8c%e4%b8%8d%e8%a7%81&id=6BD4AC00E6DC81D031B996A9C636C434425ED397&simid=608004378104300471", 
            "hostPageUrl": "https://k.sina.com.cn/article_6445035746_1802770e200100k7jm.html", 
            "thumbnailUrl": "https://tse1.mm.bing.net/th?id=OIP.iWk4nXP_5nyjseX0fvCsDgHaEK&pid=Api", 
            "thumbnail": {
                "width": 474, 
                "height": 266
            }, 
            "contentSize": "30730 B"
        }, 
        {
            "contentUrl": "http://img.bjnews.com.cn/epaper/20130312/C06/03F7311417F8.jpg", 
            "insightsMetadata": {
                "pagesIncludingCount": 1, 
                "availableSizesCount": 1
            }, 
            "height": 600, 
            "accentColor": "666D5E", 
            "hostPageDisplayUrl": "www.bjnews.com.cn/ent/2013/03/12/252460.html", 
            "name": "老了，不会乱来了…… - 娱乐 - 新京报网", 
            "width": 398, 
            "imageInsightsToken": "ccid_a9hnCU3t*mid_83977B2CA2FAD88F543BFB120268425E6634530E*simid_607987120932981923*thid_OIP.a9hnCU3tM63GQf1o-h8xXgAAAA", 
            "imageId": "83977B2CA2FAD88F543BFB120268425E6634530E", 
            "isFamilyFriendly": true, 
            "datePublished": "2013-03-11T19:28:00.0000000Z", 
            "encodingFormat": "jpeg", 
            "webSearchUrl": "https://www.bing.com/images/search?view=detailv2&FORM=OIIRPO&q=site%3a(thepaper.cn+or+chinadaily.com.cn+or+china.com.cn+or+chinanews.com+or+youth.cn+or+sina.com.cn+or+xinhuanet.com+or+cri.cn+or+163.com+or+cankaoxiaoxi.com+or+cctv.com+or+ifeng.com+or+qq.com+or+takungpao.com+or+people.com.cn+or+southcn.com+or+southcn.com+or+cnr.cn+or+people.com.cn+or+cyol.com+or+bjnews.com.cn+or+gmw.cn+or+dahe.cn+or+xfrb.com.cn+or+cqnews.net+or+lifeweek.com.cn+or+cpd.com.cn+or+haiwainet.cn+or+yidianzixun.com+or+ftchinese.com+or+guancha.cn+or+zhcw.com+or+huanqiu.com+or+ihuawen.com+or+nytimes.com+or+flickr.com+or+quanjing.com+or+vcg.com+or+gettyimages.co.uk+or+paixin.com)+%e6%9d%b0%e5%85%8b+%e8%af%b4+%e4%b8%8d%e4%bc%9a+%e8%83%9c%e5%88%a9+%e8%a7%86%e8%80%8c%e4%b8%8d%e8%a7%81&id=83977B2CA2FAD88F543BFB120268425E6634530E&simid=607987120932981923", 
            "hostPageUrl": "http://www.bjnews.com.cn/ent/2013/03/12/252460.html", 
            "thumbnailUrl": "https://tse4.mm.bing.net/th?id=OIP.a9hnCU3tM63GQf1o-h8xXgAAAA&pid=Api", 
            "thumbnail": {
                "width": 398, 
                "height": 600
            }, 
            "contentSize": "187631 B"
        }, 
        {
            "contentUrl": "http://n.sinaimg.cn/ent/transform/20160725/RBwK-fxuifip3072700.jpg", 
            "insightsMetadata": {
                "pagesIncludingCount": 2, 
                "availableSizesCount": 1
            }, 
            "height": 337, 
            "accentColor": "277442", 
            "hostPageDisplayUrl": "ent.sina.com.cn/m/f/2016-07-25/doc-ifxuhukv7414811.shtml", 
            "name": "鸡冻！这部丧到骨子里的神剧终于回归了！|Netflix|马男波杰克 ...", 
            "width": 600, 
            "imageInsightsToken": "ccid_77Sz2mME*mid_0EBFABD28AD6823A58CCB5147FFD564B12D5433C*simid_607994254863172879*thid_OIP.77Sz2mME9OS-q!_4RhDzxvQHaEK", 
            "imageId": "0EBFABD28AD6823A58CCB5147FFD564B12D5433C", 
            "isFamilyFriendly": true, 
            "datePublished": "2018-02-17T17:23:00.0000000Z", 
            "encodingFormat": "jpeg", 
            "webSearchUrl": "https://www.bing.com/images/search?view=detailv2&FORM=OIIRPO&q=site%3a(thepaper.cn+or+chinadaily.com.cn+or+china.com.cn+or+chinanews.com+or+youth.cn+or+sina.com.cn+or+xinhuanet.com+or+cri.cn+or+163.com+or+cankaoxiaoxi.com+or+cctv.com+or+ifeng.com+or+qq.com+or+takungpao.com+or+people.com.cn+or+southcn.com+or+southcn.com+or+cnr.cn+or+people.com.cn+or+cyol.com+or+bjnews.com.cn+or+gmw.cn+or+dahe.cn+or+xfrb.com.cn+or+cqnews.net+or+lifeweek.com.cn+or+cpd.com.cn+or+haiwainet.cn+or+yidianzixun.com+or+ftchinese.com+or+guancha.cn+or+zhcw.com+or+huanqiu.com+or+ihuawen.com+or+nytimes.com+or+flickr.com+or+quanjing.com+or+vcg.com+or+gettyimages.co.uk+or+paixin.com)+%e6%9d%b0%e5%85%8b+%e8%af%b4+%e4%b8%8d%e4%bc%9a+%e8%83%9c%e5%88%a9+%e8%a7%86%e8%80%8c%e4%b8%8d%e8%a7%81&id=0EBFABD28AD6823A58CCB5147FFD564B12D5433C&simid=607994254863172879", 
            "hostPageUrl": "http://ent.sina.com.cn/m/f/2016-07-25/doc-ifxuhukv7414811.shtml", 
            "thumbnailUrl": "https://tse3.mm.bing.net/th?id=OIP.77Sz2mME9OS-q_4RhDzxvQHaEK&pid=Api", 
            "thumbnail": {
                "width": 474, 
                "height": 266
            }, 
            "contentSize": "26893 B"
        }, 
        {
            "contentUrl": "http://img.bjnews.com.cn/epaper/20130312/C06/03AE31AB17CF.jpg", 
            "insightsMetadata": {
                "pagesIncludingCount": 1, 
                "availableSizesCount": 1
            }, 
            "height": 400, 
            "accentColor": "AD321E", 
            "hostPageDisplayUrl": "www.bjnews.com.cn/ent/2013/03/12/252460.html", 
            "name": "老了，不会乱来了…… - 娱乐 - 新京报网", 
            "width": 400, 
            "imageInsightsToken": "ccid_rKUimia2*mid_83977B2CA2FAD88F543B38859F95AA55F3E8EDE6*simid_608035907450768381*thid_OIP.rKUimia2l6YMZSTS97vrDQAAAA", 
            "imageId": "83977B2CA2FAD88F543B38859F95AA55F3E8EDE6", 
            "isFamilyFriendly": true, 
            "datePublished": "2019-02-23T08:01:00.0000000Z", 
            "encodingFormat": "jpeg", 
            "webSearchUrl": "https://www.bing.com/images/search?view=detailv2&FORM=OIIRPO&q=site%3a(thepaper.cn+or+chinadaily.com.cn+or+china.com.cn+or+chinanews.com+or+youth.cn+or+sina.com.cn+or+xinhuanet.com+or+cri.cn+or+163.com+or+cankaoxiaoxi.com+or+cctv.com+or+ifeng.com+or+qq.com+or+takungpao.com+or+people.com.cn+or+southcn.com+or+southcn.com+or+cnr.cn+or+people.com.cn+or+cyol.com+or+bjnews.com.cn+or+gmw.cn+or+dahe.cn+or+xfrb.com.cn+or+cqnews.net+or+lifeweek.com.cn+or+cpd.com.cn+or+haiwainet.cn+or+yidianzixun.com+or+ftchinese.com+or+guancha.cn+or+zhcw.com+or+huanqiu.com+or+ihuawen.com+or+nytimes.com+or+flickr.com+or+quanjing.com+or+vcg.com+or+gettyimages.co.uk+or+paixin.com)+%e6%9d%b0%e5%85%8b+%e8%af%b4+%e4%b8%8d%e4%bc%9a+%e8%83%9c%e5%88%a9+%e8%a7%86%e8%80%8c%e4%b8%8d%e8%a7%81&id=83977B2CA2FAD88F543B38859F95AA55F3E8EDE6&simid=608035907450768381", 
            "hostPageUrl": "http://www.bjnews.com.cn/ent/2013/03/12/252460.html", 
            "thumbnailUrl": "https://tse2.mm.bing.net/th?id=OIP.rKUimia2l6YMZSTS97vrDQAAAA&pid=Api", 
            "thumbnail": {
                "width": 400, 
                "height": 400
            }, 
            "contentSize": "123112 B"
        }, 
        {
            "contentUrl": "http://n.sinaimg.cn/ent/transform/20160725/0PWI-fxuifip3072716.jpg", 
            "insightsMetadata": {
                "pagesIncludingCount": 1, 
                "availableSizesCount": 1
            }, 
            "height": 337, 
            "accentColor": "248BA7", 
            "hostPageDisplayUrl": "ent.sina.com.cn/m/f/2016-07-25/doc-ifxuhukv7414811.shtml", 
            "name": "鸡冻！这部丧到骨子里的神剧终于回归了！|Netflix|马男波杰克 ...", 
            "width": 600, 
            "imageInsightsToken": "ccid_AxNP7Rav*mid_0EBFABD28AD6823A58CC1DF181A17BB06218887A*simid_608025835724014739*thid_OIP.AxNP7Ravqis4ORRBoPRQsAHaEK", 
            "imageId": "0EBFABD28AD6823A58CC1DF181A17BB06218887A", 
            "isFamilyFriendly": true, 
            "datePublished": "2016-07-25T05:54:00.0000000Z", 
            "encodingFormat": "jpeg", 
            "webSearchUrl": "https://www.bing.com/images/search?view=detailv2&FORM=OIIRPO&q=site%3a(thepaper.cn+or+chinadaily.com.cn+or+china.com.cn+or+chinanews.com+or+youth.cn+or+sina.com.cn+or+xinhuanet.com+or+cri.cn+or+163.com+or+cankaoxiaoxi.com+or+cctv.com+or+ifeng.com+or+qq.com+or+takungpao.com+or+people.com.cn+or+southcn.com+or+southcn.com+or+cnr.cn+or+people.com.cn+or+cyol.com+or+bjnews.com.cn+or+gmw.cn+or+dahe.cn+or+xfrb.com.cn+or+cqnews.net+or+lifeweek.com.cn+or+cpd.com.cn+or+haiwainet.cn+or+yidianzixun.com+or+ftchinese.com+or+guancha.cn+or+zhcw.com+or+huanqiu.com+or+ihuawen.com+or+nytimes.com+or+flickr.com+or+quanjing.com+or+vcg.com+or+gettyimages.co.uk+or+paixin.com)+%e6%9d%b0%e5%85%8b+%e8%af%b4+%e4%b8%8d%e4%bc%9a+%e8%83%9c%e5%88%a9+%e8%a7%86%e8%80%8c%e4%b8%8d%e8%a7%81&id=0EBFABD28AD6823A58CC1DF181A17BB06218887A&simid=608025835724014739", 
            "hostPageUrl": "http://ent.sina.com.cn/m/f/2016-07-25/doc-ifxuhukv7414811.shtml", 
            "thumbnailUrl": "https://tse1.mm.bing.net/th?id=OIP.AxNP7Ravqis4ORRBoPRQsAHaEK&pid=Api", 
            "thumbnail": {
                "width": 474, 
                "height": 266
            }, 
            "contentSize": "39687 B"
        }, 
        {
            "contentUrl": "http://img.bjnews.com.cn/epaper/20130312/C06/034331181885.jpg", 
            "insightsMetadata": {
                "pagesIncludingCount": 1, 
                "availableSizesCount": 1
            }, 
            "height": 600, 
            "accentColor": "849635", 
            "hostPageDisplayUrl": "www.bjnews.com.cn/ent/2013/03/12/252460.html", 
            "name": "老了，不会乱来了…… - 娱乐 - 新京报网", 
            "width": 399, 
            "imageInsightsToken": "ccid_loAzXnWm*mid_83977B2CA2FAD88F543BF3E2B9F50F4423B58F0A*simid_608038724945119174*thid_OIP.loAzXnWmwmDd5jMVgQ2WqwAAAA", 
            "imageId": "83977B2CA2FAD88F543BF3E2B9F50F4423B58F0A", 
            "isFamilyFriendly": true, 
            "datePublished": "2019-02-23T08:01:00.0000000Z", 
            "encodingFormat": "jpeg", 
            "webSearchUrl": "https://www.bing.com/images/search?view=detailv2&FORM=OIIRPO&q=site%3a(thepaper.cn+or+chinadaily.com.cn+or+china.com.cn+or+chinanews.com+or+youth.cn+or+sina.com.cn+or+xinhuanet.com+or+cri.cn+or+163.com+or+cankaoxiaoxi.com+or+cctv.com+or+ifeng.com+or+qq.com+or+takungpao.com+or+people.com.cn+or+southcn.com+or+southcn.com+or+cnr.cn+or+people.com.cn+or+cyol.com+or+bjnews.com.cn+or+gmw.cn+or+dahe.cn+or+xfrb.com.cn+or+cqnews.net+or+lifeweek.com.cn+or+cpd.com.cn+or+haiwainet.cn+or+yidianzixun.com+or+ftchinese.com+or+guancha.cn+or+zhcw.com+or+huanqiu.com+or+ihuawen.com+or+nytimes.com+or+flickr.com+or+quanjing.com+or+vcg.com+or+gettyimages.co.uk+or+paixin.com)+%e6%9d%b0%e5%85%8b+%e8%af%b4+%e4%b8%8d%e4%bc%9a+%e8%83%9c%e5%88%a9+%e8%a7%86%e8%80%8c%e4%b8%8d%e8%a7%81&id=83977B2CA2FAD88F543BF3E2B9F50F4423B58F0A&simid=608038724945119174", 
            "hostPageUrl": "http://www.bjnews.com.cn/ent/2013/03/12/252460.html", 
            "thumbnailUrl": "https://tse2.mm.bing.net/th?id=OIP.loAzXnWmwmDd5jMVgQ2WqwAAAA&pid=Api", 
            "thumbnail": {
                "width": 399, 
                "height": 600
            }, 
            "contentSize": "212675 B"
        }, 
        {
            "contentUrl": "http://n.sinaimg.cn/translate/20170715/RsVK-fyiavtv7071250.jpg", 
            "insightsMetadata": {
                "pagesIncludingCount": 14, 
                "availableSizesCount": 9
            }, 
            "height": 503, 
            "accentColor": "507B79", 
            "hostPageDisplayUrl": "tech.sina.com.cn/roll/2017-07-15/doc-ifyiaewh9201949.shtml", 
            "name": "科技乱谈琴：悔创阿里杰克马 负责到底贾跃亭|贾跃亭|阿里杰克 ...", 
            "width": 550, 
            "imageInsightsToken": "ccid_gN6hVCZr*mid_7D3891314F94FFEF85D371C2486B618610656881*simid_608043247529429897*thid_OIP.gN6hVCZramdTU0-YIvYy9QHaGx", 
            "imageId": "7D3891314F94FFEF85D371C2486B618610656881", 
            "isFamilyFriendly": true, 
            "datePublished": "2017-07-15T09:56:00.0000000Z", 
            "encodingFormat": "jpeg", 
            "webSearchUrl": "https://www.bing.com/images/search?view=detailv2&FORM=OIIRPO&q=site%3a(thepaper.cn+or+chinadaily.com.cn+or+china.com.cn+or+chinanews.com+or+youth.cn+or+sina.com.cn+or+xinhuanet.com+or+cri.cn+or+163.com+or+cankaoxiaoxi.com+or+cctv.com+or+ifeng.com+or+qq.com+or+takungpao.com+or+people.com.cn+or+southcn.com+or+southcn.com+or+cnr.cn+or+people.com.cn+or+cyol.com+or+bjnews.com.cn+or+gmw.cn+or+dahe.cn+or+xfrb.com.cn+or+cqnews.net+or+lifeweek.com.cn+or+cpd.com.cn+or+haiwainet.cn+or+yidianzixun.com+or+ftchinese.com+or+guancha.cn+or+zhcw.com+or+huanqiu.com+or+ihuawen.com+or+nytimes.com+or+flickr.com+or+quanjing.com+or+vcg.com+or+gettyimages.co.uk+or+paixin.com)+%e6%9d%b0%e5%85%8b+%e8%af%b4+%e4%b8%8d%e4%bc%9a+%e8%83%9c%e5%88%a9+%e8%a7%86%e8%80%8c%e4%b8%8d%e8%a7%81&id=7D3891314F94FFEF85D371C2486B618610656881&simid=608043247529429897", 
            "hostPageUrl": "http://tech.sina.com.cn/roll/2017-07-15/doc-ifyiaewh9201949.shtml", 
            "thumbnailUrl": "https://tse3.mm.bing.net/th?id=OIP.gN6hVCZramdTU0-YIvYy9QHaGx&pid=Api", 
            "thumbnail": {
                "width": 474, 
                "height": 433
            }, 
            "contentSize": "21225 B"
        }
    ], 
    "nextOffset": 36, 
    "queryContext": {
        "alterationMethod": "AM_JustChangeIt", 
        "alterationType": "CombinedAlterations", 
        "originalQuery": "site:(thepaper.cn or chinadaily.com.cn or china.com.cn or chinanews.com or youth.cn or sina.com.cn or xinhuanet.com or cri.cn or 163.com or cankaoxiaoxi.com or cctv.com or ifeng.com or qq.com or takungpao.com or people.com.cn or southcn.com or southcn.com or cnr.cn or people.com.cn or cyol.com or bjnews.com.cn or gmw.cn or dahe.cn or xfrb.com.cn or cqnews.net or lifeweek.com.cn or cpd.com.cn or haiwainet.cn or yidianzixun.com or ftchinese.com or guancha.cn or zhcw.com or huanqiu.com or ihuawen.com or nytimes.com or flickr.com or quanjing.com or vcg.com or gettyimages.co.uk or paixin.com) 杰克 说 不会 胜利 视而不见", 
        "alterationOverrideQuery": "+site:(thepaper.cn or chinadaily.com.cn or china.com.cn or chinanews.com or youth.cn or sina.com.cn or xinhuanet.com or cri.cn or 163.com or cankaoxiaoxi.com or cctv.com or ifeng.com or qq.com or takungpao.com or people.com.cn or southcn.com or southcn.com or cnr.cn or people.com.cn or cyol.com or bjnews.com.cn or gmw.cn or dahe.cn or xfrb.com.cn or cqnews.net or lifeweek.com.cn or cpd.com.cn or haiwainet.cn or yidianzixun.com or ftchinese.com or guancha.cn or zhcw.com or huanqiu.com or ihuawen.com or nytimes.com or flickr.com or quanjing.com or vcg.com or gettyimages.co.uk or paixin.com) 杰克 说 不会 胜利 视而不见", 
        "alterationDisplayQuery": "杰克 说 不 会 胜利 视而不见"
    }, 
    "currentOffset": 0, 
    "readLink": "images/search?q=site:(thepaper.cn or chinadaily.com.cn or china.com.cn or chinanews.com or youth.cn or sina.com.cn or xinhuanet.com or cri.cn or 163.com or cankaoxiaoxi.com or cctv.com or ifeng.com or qq.com or takungpao.com or people.com.cn or southcn.com or southcn.com or cnr.cn or people.com.cn or cyol.com or bjnews.com.cn or gmw.cn or dahe.cn or xfrb.com.cn or cqnews.net or lifeweek.com.cn or cpd.com.cn or haiwainet.cn or yidianzixun.com or ftchinese.com or guancha.cn or zhcw.com or huanqiu.com or ihuawen.com or nytimes.com or flickr.com or quanjing.com or vcg.com or gettyimages.co.uk or paixin.com) 杰克 说 不会 胜利 视而不见", 
    "totalEstimatedMatches": 36, 
    "relatedSearches": [
        {
            "text": "不看不听不说", 
            "displayText": "不看不听不说", 
            "thumbnail": {
                "thumbnailUrl": "https://tse3.mm.bing.net/th?q=%e4%b8%8d%e7%9c%8b%e4%b8%8d%e5%90%ac%e4%b8%8d%e8%af%b4&pid=Api&mkt=zh-CN&adlt=strict&t=1"
            }, 
            "searchLink": "https://api.cognitive.microsoft.com/api/v7/images/search?q=%e4%b8%8d%e7%9c%8b%e4%b8%8d%e5%90%ac%e4%b8%8d%e8%af%b4", 
            "webSearchUrl": "https://www.bing.com/images/search?q=%e4%b8%8d%e7%9c%8b%e4%b8%8d%e5%90%ac%e4%b8%8d%e8%af%b4&FORM=IRPATC"
        }, 
        {
            "text": "不能说的秘密", 
            "displayText": "不能说的秘密", 
            "thumbnail": {
                "thumbnailUrl": "https://tse3.mm.bing.net/th?q=%e4%b8%8d%e8%83%bd%e8%af%b4%e7%9a%84%e7%a7%98%e5%af%86&pid=Api&mkt=zh-CN&adlt=strict&t=1"
            }, 
            "searchLink": "https://api.cognitive.microsoft.com/api/v7/images/search?q=%e4%b8%8d%e8%83%bd%e8%af%b4%e7%9a%84%e7%a7%98%e5%af%86", 
            "webSearchUrl": "https://www.bing.com/images/search?q=%e4%b8%8d%e8%83%bd%e8%af%b4%e7%9a%84%e7%a7%98%e5%af%86&FORM=IRPATC"
        }, 
        {
            "text": "希腊 永远不说再见", 
            "displayText": "希腊 永远不说再见", 
            "thumbnail": {
                "thumbnailUrl": "https://tse4.mm.bing.net/th?q=%e5%b8%8c%e8%85%8a+%e6%b0%b8%e8%bf%9c%e4%b8%8d%e8%af%b4%e5%86%8d%e8%a7%81&pid=Api&mkt=zh-CN&adlt=strict&t=1"
            }, 
            "searchLink": "https://api.cognitive.microsoft.com/api/v7/images/search?q=%e5%b8%8c%e8%85%8a+%e6%b0%b8%e8%bf%9c%e4%b8%8d%e8%af%b4%e5%86%8d%e8%a7%81", 
            "webSearchUrl": "https://www.bing.com/images/search?q=%e5%b8%8c%e8%85%8a+%e6%b0%b8%e8%bf%9c%e4%b8%8d%e8%af%b4%e5%86%8d%e8%a7%81&FORM=IRPATC"
        }, 
        {
            "text": "不能说的秘密桂纶镁", 
            "displayText": "不能说的秘密桂纶镁", 
            "thumbnail": {
                "thumbnailUrl": "https://tse4.mm.bing.net/th?q=%e4%b8%8d%e8%83%bd%e8%af%b4%e7%9a%84%e7%a7%98%e5%af%86%e6%a1%82%e7%ba%b6%e9%95%81&pid=Api&mkt=zh-CN&adlt=strict&t=1"
            }, 
            "searchLink": "https://api.cognitive.microsoft.com/api/v7/images/search?q=%e4%b8%8d%e8%83%bd%e8%af%b4%e7%9a%84%e7%a7%98%e5%af%86%e6%a1%82%e7%ba%b6%e9%95%81", 
            "webSearchUrl": "https://www.bing.com/images/search?q=%e4%b8%8d%e8%83%bd%e8%af%b4%e7%9a%84%e7%a7%98%e5%af%86%e6%a1%82%e7%ba%b6%e9%95%81&FORM=IRPATC"
        }, 
        {
            "text": "不能说的秘密海报", 
            "displayText": "不能说的秘密海报", 
            "thumbnail": {
                "thumbnailUrl": "https://tse3.mm.bing.net/th?q=%e4%b8%8d%e8%83%bd%e8%af%b4%e7%9a%84%e7%a7%98%e5%af%86%e6%b5%b7%e6%8a%a5&pid=Api&mkt=zh-CN&adlt=strict&t=1"
            }, 
            "searchLink": "https://api.cognitive.microsoft.com/api/v7/images/search?q=%e4%b8%8d%e8%83%bd%e8%af%b4%e7%9a%84%e7%a7%98%e5%af%86%e6%b5%b7%e6%8a%a5", 
            "webSearchUrl": "https://www.bing.com/images/search?q=%e4%b8%8d%e8%83%bd%e8%af%b4%e7%9a%84%e7%a7%98%e5%af%86%e6%b5%b7%e6%8a%a5&FORM=IRPATC"
        }, 
        {
            "text": "我和刘亦菲不得不说的故事", 
            "displayText": "我和刘亦菲不得不说的故事", 
            "thumbnail": {
                "thumbnailUrl": "https://tse1.mm.bing.net/th?q=%e6%88%91%e5%92%8c%e5%88%98%e4%ba%a6%e8%8f%b2%e4%b8%8d%e5%be%97%e4%b8%8d%e8%af%b4%e7%9a%84%e6%95%85%e4%ba%8b&pid=Api&mkt=zh-CN&adlt=strict&t=1"
            }, 
            "searchLink": "https://api.cognitive.microsoft.com/api/v7/images/search?q=%e6%88%91%e5%92%8c%e5%88%98%e4%ba%a6%e8%8f%b2%e4%b8%8d%e5%be%97%e4%b8%8d%e8%af%b4%e7%9a%84%e6%95%85%e4%ba%8b", 
            "webSearchUrl": "https://www.bing.com/images/search?q=%e6%88%91%e5%92%8c%e5%88%98%e4%ba%a6%e8%8f%b2%e4%b8%8d%e5%be%97%e4%b8%8d%e8%af%b4%e7%9a%84%e6%95%85%e4%ba%8b&FORM=IRPATC"
        }, 
        {
            "text": "不能说的秘密剧照", 
            "displayText": "不能说的秘密剧照", 
            "thumbnail": {
                "thumbnailUrl": "https://tse1.mm.bing.net/th?q=%e4%b8%8d%e8%83%bd%e8%af%b4%e7%9a%84%e7%a7%98%e5%af%86%e5%89%a7%e7%85%a7&pid=Api&mkt=zh-CN&adlt=strict&t=1"
            }, 
            "searchLink": "https://api.cognitive.microsoft.com/api/v7/images/search?q=%e4%b8%8d%e8%83%bd%e8%af%b4%e7%9a%84%e7%a7%98%e5%af%86%e5%89%a7%e7%85%a7", 
            "webSearchUrl": "https://www.bing.com/images/search?q=%e4%b8%8d%e8%83%bd%e8%af%b4%e7%9a%84%e7%a7%98%e5%af%86%e5%89%a7%e7%85%a7&FORM=IRPATC"
        }, 
        {
            "text": "周杰伦不能说的秘密", 
            "displayText": "周杰伦不能说的秘密", 
            "thumbnail": {
                "thumbnailUrl": "https://tse1.mm.bing.net/th?q=%e5%91%a8%e6%9d%b0%e4%bc%a6%e4%b8%8d%e8%83%bd%e8%af%b4%e7%9a%84%e7%a7%98%e5%af%86&pid=Api&mkt=zh-CN&adlt=strict&t=1"
            }, 
            "searchLink": "https://api.cognitive.microsoft.com/api/v7/images/search?q=%e5%91%a8%e6%9d%b0%e4%bc%a6%e4%b8%8d%e8%83%bd%e8%af%b4%e7%9a%84%e7%a7%98%e5%af%86", 
            "webSearchUrl": "https://www.bing.com/images/search?q=%e5%91%a8%e6%9d%b0%e4%bc%a6%e4%b8%8d%e8%83%bd%e8%af%b4%e7%9a%84%e7%a7%98%e5%af%86&FORM=IRPATC"
        }, 
        {
            "text": "不能说的秘密女主角", 
            "displayText": "不能说的秘密女主角", 
            "thumbnail": {
                "thumbnailUrl": "https://tse3.mm.bing.net/th?q=%e4%b8%8d%e8%83%bd%e8%af%b4%e7%9a%84%e7%a7%98%e5%af%86%e5%a5%b3%e4%b8%bb%e8%a7%92&pid=Api&mkt=zh-CN&adlt=strict&t=1"
            }, 
            "searchLink": "https://api.cognitive.microsoft.com/api/v7/images/search?q=%e4%b8%8d%e8%83%bd%e8%af%b4%e7%9a%84%e7%a7%98%e5%af%86%e5%a5%b3%e4%b8%bb%e8%a7%92", 
            "webSearchUrl": "https://www.bing.com/images/search?q=%e4%b8%8d%e8%83%bd%e8%af%b4%e7%9a%84%e7%a7%98%e5%af%86%e5%a5%b3%e4%b8%bb%e8%a7%92&FORM=IRPATC"
        }, 
        {
            "text": "不能说的秘密壁纸", 
            "displayText": "不能说的秘密壁纸", 
            "thumbnail": {
                "thumbnailUrl": "https://tse4.mm.bing.net/th?q=%e4%b8%8d%e8%83%bd%e8%af%b4%e7%9a%84%e7%a7%98%e5%af%86%e5%a3%81%e7%ba%b8&pid=Api&mkt=zh-CN&adlt=strict&t=1"
            }, 
            "searchLink": "https://api.cognitive.microsoft.com/api/v7/images/search?q=%e4%b8%8d%e8%83%bd%e8%af%b4%e7%9a%84%e7%a7%98%e5%af%86%e5%a3%81%e7%ba%b8", 
            "webSearchUrl": "https://www.bing.com/images/search?q=%e4%b8%8d%e8%83%bd%e8%af%b4%e7%9a%84%e7%a7%98%e5%af%86%e5%a3%81%e7%ba%b8&FORM=IRPATC"
        }, 
        {
            "text": "不能说的秘密甜蜜图片", 
            "displayText": "不能说的秘密甜蜜图片", 
            "thumbnail": {
                "thumbnailUrl": "https://tse4.mm.bing.net/th?q=%e4%b8%8d%e8%83%bd%e8%af%b4%e7%9a%84%e7%a7%98%e5%af%86%e7%94%9c%e8%9c%9c%e5%9b%be%e7%89%87&pid=Api&mkt=zh-CN&adlt=strict&t=1"
            }, 
            "searchLink": "https://api.cognitive.microsoft.com/api/v7/images/search?q=%e4%b8%8d%e8%83%bd%e8%af%b4%e7%9a%84%e7%a7%98%e5%af%86%e7%94%9c%e8%9c%9c%e5%9b%be%e7%89%87", 
            "webSearchUrl": "https://www.bing.com/images/search?q=%e4%b8%8d%e8%83%bd%e8%af%b4%e7%9a%84%e7%a7%98%e5%af%86%e7%94%9c%e8%9c%9c%e5%9b%be%e7%89%87&FORM=IRPATC"
        }, 
        {
            "text": "不能说的秘密电影海报", 
            "displayText": "不能说的秘密电影海报", 
            "thumbnail": {
                "thumbnailUrl": "https://tse1.mm.bing.net/th?q=%e4%b8%8d%e8%83%bd%e8%af%b4%e7%9a%84%e7%a7%98%e5%af%86%e7%94%b5%e5%bd%b1%e6%b5%b7%e6%8a%a5&pid=Api&mkt=zh-CN&adlt=strict&t=1"
            }, 
            "searchLink": "https://api.cognitive.microsoft.com/api/v7/images/search?q=%e4%b8%8d%e8%83%bd%e8%af%b4%e7%9a%84%e7%a7%98%e5%af%86%e7%94%b5%e5%bd%b1%e6%b5%b7%e6%8a%a5", 
            "webSearchUrl": "https://www.bing.com/images/search?q=%e4%b8%8d%e8%83%bd%e8%af%b4%e7%9a%84%e7%a7%98%e5%af%86%e7%94%b5%e5%bd%b1%e6%b5%b7%e6%8a%a5&FORM=IRPATC"
        }, 
        {
            "text": "不能说的秘密 电影", 
            "displayText": "不能说的秘密 电影", 
            "thumbnail": {
                "thumbnailUrl": "https://tse1.mm.bing.net/th?q=%e4%b8%8d%e8%83%bd%e8%af%b4%e7%9a%84%e7%a7%98%e5%af%86+%e7%94%b5%e5%bd%b1&pid=Api&mkt=zh-CN&adlt=strict&t=1"
            }, 
            "searchLink": "https://api.cognitive.microsoft.com/api/v7/images/search?q=%e4%b8%8d%e8%83%bd%e8%af%b4%e7%9a%84%e7%a7%98%e5%af%86+%e7%94%b5%e5%bd%b1", 
            "webSearchUrl": "https://www.bing.com/images/search?q=%e4%b8%8d%e8%83%bd%e8%af%b4%e7%9a%84%e7%a7%98%e5%af%86+%e7%94%b5%e5%bd%b1&FORM=IRPATC"
        }, 
        {
            "text": "说不出的爱", 
            "displayText": "说不出的爱", 
            "thumbnail": {
                "thumbnailUrl": "https://tse3.mm.bing.net/th?q=%e8%af%b4%e4%b8%8d%e5%87%ba%e7%9a%84%e7%88%b1&pid=Api&mkt=zh-CN&adlt=strict&t=1"
            }, 
            "searchLink": "https://api.cognitive.microsoft.com/api/v7/images/search?q=%e8%af%b4%e4%b8%8d%e5%87%ba%e7%9a%84%e7%88%b1", 
            "webSearchUrl": "https://www.bing.com/images/search?q=%e8%af%b4%e4%b8%8d%e5%87%ba%e7%9a%84%e7%88%b1&FORM=IRPATC"
        }, 
        {
            "text": "不想说", 
            "displayText": "不想说", 
            "thumbnail": {
                "thumbnailUrl": "https://tse3.mm.bing.net/th?q=%e4%b8%8d%e6%83%b3%e8%af%b4&pid=Api&mkt=zh-CN&adlt=strict&t=1"
            }, 
            "searchLink": "https://api.cognitive.microsoft.com/api/v7/images/search?q=%e4%b8%8d%e6%83%b3%e8%af%b4", 
            "webSearchUrl": "https://www.bing.com/images/search?q=%e4%b8%8d%e6%83%b3%e8%af%b4&FORM=IRPATC"
        }
    ]
}