{
    "instrumentation": {
        "_type": "ResponseInstrumentation"
    }, 
    "_type": "Images", 
    "webSearchUrl": "https://www.bing.com/images/search?q=site:(thepaper.cn or chinadaily.com.cn or china.com.cn or chinanews.com or youth.cn or sina.com.cn or xinhuanet.com or cri.cn or 163.com or cankaoxiaoxi.com or cctv.com or ifeng.com or qq.com or takungpao.com or people.com.cn or southcn.com or southcn.com or cnr.cn or people.com.cn or cyol.com or bjnews.com.cn or gmw.cn or dahe.cn or xfrb.com.cn or cqnews.net or lifeweek.com.cn or cpd.com.cn or haiwainet.cn or yidianzixun.com or ftchinese.com or guancha.cn or zhcw.com or huanqiu.com or ihuawen.com or nytimes.com or flickr.com or quanjing.com or vcg.com or gettyimages.co.uk or paixin.com) 大多数 情况&FORM=OIIARP", 
    "value": [
        {
            "contentUrl": "http://i2.sinaimg.cn/lx/2011/0929/U1205P622DT20110929132921.jpg", 
            "insightsMetadata": {
                "pagesIncludingCount": 57, 
                "availableSizesCount": 12
            }, 
            "height": 436, 
            "accentColor": "C23E09", 
            "hostPageDisplayUrl": "style.sina.com.cn/tas/wine/2011-09-30/091384950.shtml", 
            "name": "小拉菲与拉菲差距有多大？_尚品频道_新浪网", 
            "width": 500, 
            "imageInsightsToken": "ccid_zPSylc9/*mid_F0D7F77097185497CBDFACBB29E9A4844C67BA66*simid_608000267806507500*thid_OIP.zPSylc9!_OSIP1NY5had4KgHaGd", 
            "imageId": "F0D7F77097185497CBDFACBB29E9A4844C67BA66", 
            "isFamilyFriendly": true, 
            "datePublished": "2011-09-30T02:38:00.0000000Z", 
            "encodingFormat": "jpeg", 
            "webSearchUrl": "https://www.bing.com/images/search?view=detailv2&FORM=OIIRPO&q=site%3a(thepaper.cn+or+chinadaily.com.cn+or+china.com.cn+or+chinanews.com+or+youth.cn+or+sina.com.cn+or+xinhuanet.com+or+cri.cn+or+163.com+or+cankaoxiaoxi.com+or+cctv.com+or+ifeng.com+or+qq.com+or+takungpao.com+or+people.com.cn+or+southcn.com+or+southcn.com+or+cnr.cn+or+people.com.cn+or+cyol.com+or+bjnews.com.cn+or+gmw.cn+or+dahe.cn+or+xfrb.com.cn+or+cqnews.net+or+lifeweek.com.cn+or+cpd.com.cn+or+haiwainet.cn+or+yidianzixun.com+or+ftchinese.com+or+guancha.cn+or+zhcw.com+or+huanqiu.com+or+ihuawen.com+or+nytimes.com+or+flickr.com+or+quanjing.com+or+vcg.com+or+gettyimages.co.uk+or+paixin.com)+%e5%a4%a7%e5%a4%9a%e6%95%b0+%e6%83%85%e5%86%b5&id=F0D7F77097185497CBDFACBB29E9A4844C67BA66&simid=608000267806507500", 
            "hostPageUrl": "http://style.sina.com.cn/tas/wine/2011-09-30/091384950.shtml", 
            "thumbnailUrl": "https://tse1.mm.bing.net/th?id=OIP.zPSylc9_OSIP1NY5had4KgHaGd&pid=Api", 
            "thumbnail": {
                "width": 474, 
                "height": 413
            }, 
            "contentSize": "42747 B"
        }, 
        {
            "contentUrl": "http://i0.sinaimg.cn/IT/2010/0409/2010498525.jpg", 
            "insightsMetadata": {
                "pagesIncludingCount": 9, 
                "availableSizesCount": 2
            }, 
            "height": 524, 
            "accentColor": "444487", 
            "hostPageDisplayUrl": "tech.sina.com.cn/d/2010-04-09/08594037296.shtml", 
            "name": "十种奇特紫色动物：紫色海蜗牛雌雄同体(组图)_科学探索_科技 ...", 
            "width": 468, 
            "imageInsightsToken": "ccid_rVXC/dW6*mid_1440A48FBE9A31383197339FA006F5849393C478*simid_608052241163225054*thid_OIP.rVXC!_dW6iVhERJAdCFG6hgHaIS", 
            "imageId": "1440A48FBE9A31383197339FA006F5849393C478", 
            "isFamilyFriendly": true, 
            "datePublished": "2010-04-09T12:00:00.0000000Z", 
            "encodingFormat": "jpeg", 
            "webSearchUrl": "https://www.bing.com/images/search?view=detailv2&FORM=OIIRPO&q=site%3a(thepaper.cn+or+chinadaily.com.cn+or+china.com.cn+or+chinanews.com+or+youth.cn+or+sina.com.cn+or+xinhuanet.com+or+cri.cn+or+163.com+or+cankaoxiaoxi.com+or+cctv.com+or+ifeng.com+or+qq.com+or+takungpao.com+or+people.com.cn+or+southcn.com+or+southcn.com+or+cnr.cn+or+people.com.cn+or+cyol.com+or+bjnews.com.cn+or+gmw.cn+or+dahe.cn+or+xfrb.com.cn+or+cqnews.net+or+lifeweek.com.cn+or+cpd.com.cn+or+haiwainet.cn+or+yidianzixun.com+or+ftchinese.com+or+guancha.cn+or+zhcw.com+or+huanqiu.com+or+ihuawen.com+or+nytimes.com+or+flickr.com+or+quanjing.com+or+vcg.com+or+gettyimages.co.uk+or+paixin.com)+%e5%a4%a7%e5%a4%9a%e6%95%b0+%e6%83%85%e5%86%b5&id=1440A48FBE9A31383197339FA006F5849393C478&simid=608052241163225054", 
            "hostPageUrl": "http://tech.sina.com.cn/d/2010-04-09/08594037296.shtml", 
            "thumbnailUrl": "https://tse1.mm.bing.net/th?id=OIP.rVXC_dW6iVhERJAdCFG6hgHaIS&pid=Api", 
            "thumbnail": {
                "width": 474, 
                "height": 530
            }, 
            "contentSize": "90306 B"
        }, 
        {
            "contentUrl": "http://himg2.huanqiu.com/attachment2010/2017/1031/20171031123222495.jpeg", 
            "insightsMetadata": {
                "pagesIncludingCount": 4, 
                "availableSizesCount": 1
            }, 
            "height": 719, 
            "accentColor": "30799B", 
            "hostPageDisplayUrl": "fashion.huanqiu.com/news/2017-10/11343536.html", 
            "name": "为什么直男都不喜欢太时髦的女生？_时尚_环球网", 
            "width": 1167, 
            "imageInsightsToken": "ccid_aQRjouho*mid_95EE6B3F8B633CEF77127FE431CBC9074D96B831*simid_608024160706170877*thid_OIP.aQRjouholMeKshs7o8PO1wHaEk", 
            "imageId": "95EE6B3F8B633CEF77127FE431CBC9074D96B831", 
            "isFamilyFriendly": true, 
            "datePublished": "2017-10-31T04:50:00.0000000Z", 
            "encodingFormat": "jpeg", 
            "webSearchUrl": "https://www.bing.com/images/search?view=detailv2&FORM=OIIRPO&q=site%3a(thepaper.cn+or+chinadaily.com.cn+or+china.com.cn+or+chinanews.com+or+youth.cn+or+sina.com.cn+or+xinhuanet.com+or+cri.cn+or+163.com+or+cankaoxiaoxi.com+or+cctv.com+or+ifeng.com+or+qq.com+or+takungpao.com+or+people.com.cn+or+southcn.com+or+southcn.com+or+cnr.cn+or+people.com.cn+or+cyol.com+or+bjnews.com.cn+or+gmw.cn+or+dahe.cn+or+xfrb.com.cn+or+cqnews.net+or+lifeweek.com.cn+or+cpd.com.cn+or+haiwainet.cn+or+yidianzixun.com+or+ftchinese.com+or+guancha.cn+or+zhcw.com+or+huanqiu.com+or+ihuawen.com+or+nytimes.com+or+flickr.com+or+quanjing.com+or+vcg.com+or+gettyimages.co.uk+or+paixin.com)+%e5%a4%a7%e5%a4%9a%e6%95%b0+%e6%83%85%e5%86%b5&id=95EE6B3F8B633CEF77127FE431CBC9074D96B831&simid=608024160706170877", 
            "hostPageUrl": "http://fashion.huanqiu.com/news/2017-10/11343536.html", 
            "thumbnailUrl": "https://tse1.mm.bing.net/th?id=OIP.aQRjouholMeKshs7o8PO1wHaEk&pid=Api", 
            "thumbnail": {
                "width": 474, 
                "height": 292
            }, 
            "contentSize": "118943 B"
        }, 
        {
            "contentUrl": "http://himg2.huanqiu.com/attachment2010/2016/0809/09/43/20160809094307330.jpg", 
            "insightsMetadata": {
                "pagesIncludingCount": 2, 
                "availableSizesCount": 1
            }, 
            "height": 613, 
            "accentColor": "C41D07", 
            "hostPageDisplayUrl": "smart.huanqiu.com/original/2016-08/9283583.html", 
            "name": "一张图告诉你全球互联网设备覆盖情况_智能_环球网", 
            "width": 470, 
            "imageInsightsToken": "ccid_Qjw9asAW*mid_6A8252D2EDED01D22E46B894B888B08BE797EDE0*simid_608010227850349211*thid_OIP.Qjw9asAWWSDf7f9bqNYAIwAAAA", 
            "imageId": "6A8252D2EDED01D22E46B894B888B08BE797EDE0", 
            "isFamilyFriendly": true, 
            "datePublished": "2018-10-24T15:26:00.0000000Z", 
            "encodingFormat": "jpeg", 
            "webSearchUrl": "https://www.bing.com/images/search?view=detailv2&FORM=OIIRPO&q=site%3a(thepaper.cn+or+chinadaily.com.cn+or+china.com.cn+or+chinanews.com+or+youth.cn+or+sina.com.cn+or+xinhuanet.com+or+cri.cn+or+163.com+or+cankaoxiaoxi.com+or+cctv.com+or+ifeng.com+or+qq.com+or+takungpao.com+or+people.com.cn+or+southcn.com+or+southcn.com+or+cnr.cn+or+people.com.cn+or+cyol.com+or+bjnews.com.cn+or+gmw.cn+or+dahe.cn+or+xfrb.com.cn+or+cqnews.net+or+lifeweek.com.cn+or+cpd.com.cn+or+haiwainet.cn+or+yidianzixun.com+or+ftchinese.com+or+guancha.cn+or+zhcw.com+or+huanqiu.com+or+ihuawen.com+or+nytimes.com+or+flickr.com+or+quanjing.com+or+vcg.com+or+gettyimages.co.uk+or+paixin.com)+%e5%a4%a7%e5%a4%9a%e6%95%b0+%e6%83%85%e5%86%b5&id=6A8252D2EDED01D22E46B894B888B08BE797EDE0&simid=608010227850349211", 
            "hostPageUrl": "http://smart.huanqiu.com/original/2016-08/9283583.html", 
            "thumbnailUrl": "https://tse1.mm.bing.net/th?id=OIP.Qjw9asAWWSDf7f9bqNYAIwAAAA&pid=Api", 
            "thumbnail": {
                "width": 470, 
                "height": 613
            }, 
            "contentSize": "67266 B"
        }, 
        {
            "contentUrl": "http://img1.cache.netease.com/catchpic/E/E7/E7324EC38B96563417DE3F7CCBE077D2.jpg", 
            "insightsMetadata": {
                "pagesIncludingCount": 9, 
                "availableSizesCount": 2
            }, 
            "height": 600, 
            "accentColor": "157AB6", 
            "hostPageDisplayUrl": "lady.163.com/13/1021/18/9BNUJIVT00264M4F_all.html", 
            "name": "范冰冰小S张柏芝 明星真实身高大曝光(图)_网易女人", 
            "width": 400, 
            "imageInsightsToken": "ccid_zXnuMIh0*mid_FF87710FDA6AEAA8D0266BD055A8327309B879F1*simid_608047271907363876*thid_OIP.zXnuMIh016mCat9mrYPfQAAAAA", 
            "imageId": "FF87710FDA6AEAA8D0266BD055A8327309B879F1", 
            "isFamilyFriendly": true, 
            "datePublished": "2019-02-18T14:19:00.0000000Z", 
            "encodingFormat": "jpeg", 
            "webSearchUrl": "https://www.bing.com/images/search?view=detailv2&FORM=OIIRPO&q=site%3a(thepaper.cn+or+chinadaily.com.cn+or+china.com.cn+or+chinanews.com+or+youth.cn+or+sina.com.cn+or+xinhuanet.com+or+cri.cn+or+163.com+or+cankaoxiaoxi.com+or+cctv.com+or+ifeng.com+or+qq.com+or+takungpao.com+or+people.com.cn+or+southcn.com+or+southcn.com+or+cnr.cn+or+people.com.cn+or+cyol.com+or+bjnews.com.cn+or+gmw.cn+or+dahe.cn+or+xfrb.com.cn+or+cqnews.net+or+lifeweek.com.cn+or+cpd.com.cn+or+haiwainet.cn+or+yidianzixun.com+or+ftchinese.com+or+guancha.cn+or+zhcw.com+or+huanqiu.com+or+ihuawen.com+or+nytimes.com+or+flickr.com+or+quanjing.com+or+vcg.com+or+gettyimages.co.uk+or+paixin.com)+%e5%a4%a7%e5%a4%9a%e6%95%b0+%e6%83%85%e5%86%b5&id=FF87710FDA6AEAA8D0266BD055A8327309B879F1&simid=608047271907363876", 
            "hostPageUrl": "http://lady.163.com/13/1021/18/9BNUJIVT00264M4F_all.html", 
            "thumbnailUrl": "https://tse1.mm.bing.net/th?id=OIP.zXnuMIh016mCat9mrYPfQAAAAA&pid=Api", 
            "thumbnail": {
                "width": 400, 
                "height": 600
            }, 
            "contentSize": "22793 B"
        }, 
        {
            "contentUrl": "http://www.chinanews.com/cr/2013/0712/522886615.gif", 
            "insightsMetadata": {
                "pagesIncludingCount": 1, 
                "availableSizesCount": 1
            }, 
            "height": 520, 
            "accentColor": "191919", 
            "hostPageDisplayUrl": "www.chinanews.com/edu/2013/07-12/5034649.shtml", 
            "name": "郑州发布人才供求情况：绝大多数企业不招研究生-中新网", 
            "width": 450, 
            "imageInsightsToken": "ccid_zXgeTXCQ*mid_9197880FA49A1299BEEBBF714E8D7319DB40B575*simid_608020557218646691*thid_OIP.zXgeTXCQPW3rRGDGrVzevAHaIj", 
            "imageId": "9197880FA49A1299BEEBBF714E8D7319DB40B575", 
            "isFamilyFriendly": true, 
            "datePublished": "2013-07-12T12:00:00.0000000Z", 
            "encodingFormat": "gif", 
            "webSearchUrl": "https://www.bing.com/images/search?view=detailv2&FORM=OIIRPO&q=site%3a(thepaper.cn+or+chinadaily.com.cn+or+china.com.cn+or+chinanews.com+or+youth.cn+or+sina.com.cn+or+xinhuanet.com+or+cri.cn+or+163.com+or+cankaoxiaoxi.com+or+cctv.com+or+ifeng.com+or+qq.com+or+takungpao.com+or+people.com.cn+or+southcn.com+or+southcn.com+or+cnr.cn+or+people.com.cn+or+cyol.com+or+bjnews.com.cn+or+gmw.cn+or+dahe.cn+or+xfrb.com.cn+or+cqnews.net+or+lifeweek.com.cn+or+cpd.com.cn+or+haiwainet.cn+or+yidianzixun.com+or+ftchinese.com+or+guancha.cn+or+zhcw.com+or+huanqiu.com+or+ihuawen.com+or+nytimes.com+or+flickr.com+or+quanjing.com+or+vcg.com+or+gettyimages.co.uk+or+paixin.com)+%e5%a4%a7%e5%a4%9a%e6%95%b0+%e6%83%85%e5%86%b5&id=9197880FA49A1299BEEBBF714E8D7319DB40B575&simid=608020557218646691", 
            "hostPageUrl": "http://www.chinanews.com/edu/2013/07-12/5034649.shtml", 
            "thumbnailUrl": "https://tse1.mm.bing.net/th?id=OIP.zXgeTXCQPW3rRGDGrVzevAHaIj&pid=Api", 
            "thumbnail": {
                "width": 474, 
                "height": 547
            }, 
            "contentSize": "106058 B"
        }, 
        {
            "contentUrl": "http://n.sinaimg.cn/translate/20170724/hA7y-fyiiahy9222106.jpg", 
            "insightsMetadata": {
                "pagesIncludingCount": 1, 
                "availableSizesCount": 1
            }, 
            "height": 841, 
            "accentColor": "033DC8", 
            "hostPageDisplayUrl": "eladies.sina.com.cn/wzx/star/2017-07-27/0805/doc...", 
            "name": "杨紫赵丽颖同框示范头肩比，杨紫因这个像大头娃娃|杨紫|赵丽颖 ...", 
            "width": 1000, 
            "imageInsightsToken": "ccid_r4vJ1nWj*mid_E7B0C2C6CD3267A42D564FE2055A152B1207FB80*simid_608052760859708396*thid_OIP.r4vJ1nWjEeEGVRIeJoueyAHaGO", 
            "imageId": "E7B0C2C6CD3267A42D564FE2055A152B1207FB80", 
            "isFamilyFriendly": true, 
            "datePublished": "2018-06-14T01:35:00.0000000Z", 
            "encodingFormat": "jpeg", 
            "webSearchUrl": "https://www.bing.com/images/search?view=detailv2&FORM=OIIRPO&q=site%3a(thepaper.cn+or+chinadaily.com.cn+or+china.com.cn+or+chinanews.com+or+youth.cn+or+sina.com.cn+or+xinhuanet.com+or+cri.cn+or+163.com+or+cankaoxiaoxi.com+or+cctv.com+or+ifeng.com+or+qq.com+or+takungpao.com+or+people.com.cn+or+southcn.com+or+southcn.com+or+cnr.cn+or+people.com.cn+or+cyol.com+or+bjnews.com.cn+or+gmw.cn+or+dahe.cn+or+xfrb.com.cn+or+cqnews.net+or+lifeweek.com.cn+or+cpd.com.cn+or+haiwainet.cn+or+yidianzixun.com+or+ftchinese.com+or+guancha.cn+or+zhcw.com+or+huanqiu.com+or+ihuawen.com+or+nytimes.com+or+flickr.com+or+quanjing.com+or+vcg.com+or+gettyimages.co.uk+or+paixin.com)+%e5%a4%a7%e5%a4%9a%e6%95%b0+%e6%83%85%e5%86%b5&id=E7B0C2C6CD3267A42D564FE2055A152B1207FB80&simid=608052760859708396", 
            "hostPageUrl": "http://eladies.sina.com.cn/wzx/star/2017-07-27/0805/doc-ifyihrwk2148539.shtml", 
            "thumbnailUrl": "https://tse3.mm.bing.net/th?id=OIP.r4vJ1nWjEeEGVRIeJoueyAHaGO&pid=Api", 
            "thumbnail": {
                "width": 474, 
                "height": 398
            }, 
            "contentSize": "90570 B"
        }, 
        {
            "contentUrl": "http://himg2.huanqiu.com/attachment2010/2017/0223/20170223013808111.jpg", 
            "insightsMetadata": {
                "pagesIncludingCount": 2, 
                "availableSizesCount": 1
            }, 
            "height": 291, 
            "accentColor": "69342F", 
            "hostPageDisplayUrl": "auto.huanqiu.com/maintenanceofvehicles/2017-02/10187555.html", 
            "name": "这些驾驶习惯看似平常 但分分钟帮你节省大罚款！_汽车_环球网", 
            "width": 465, 
            "imageInsightsToken": "ccid_kvprtrto*mid_8699BB5A99B0DCC36C8C13654C33DD5F1FC3FF72*simid_608011155568787665*thid_OIP.kvprtrto95zfFms!_87hinQAAAA", 
            "imageId": "8699BB5A99B0DCC36C8C13654C33DD5F1FC3FF72", 
            "isFamilyFriendly": true, 
            "datePublished": "2017-02-23T05:46:00.0000000Z", 
            "encodingFormat": "png", 
            "webSearchUrl": "https://www.bing.com/images/search?view=detailv2&FORM=OIIRPO&q=site%3a(thepaper.cn+or+chinadaily.com.cn+or+china.com.cn+or+chinanews.com+or+youth.cn+or+sina.com.cn+or+xinhuanet.com+or+cri.cn+or+163.com+or+cankaoxiaoxi.com+or+cctv.com+or+ifeng.com+or+qq.com+or+takungpao.com+or+people.com.cn+or+southcn.com+or+southcn.com+or+cnr.cn+or+people.com.cn+or+cyol.com+or+bjnews.com.cn+or+gmw.cn+or+dahe.cn+or+xfrb.com.cn+or+cqnews.net+or+lifeweek.com.cn+or+cpd.com.cn+or+haiwainet.cn+or+yidianzixun.com+or+ftchinese.com+or+guancha.cn+or+zhcw.com+or+huanqiu.com+or+ihuawen.com+or+nytimes.com+or+flickr.com+or+quanjing.com+or+vcg.com+or+gettyimages.co.uk+or+paixin.com)+%e5%a4%a7%e5%a4%9a%e6%95%b0+%e6%83%85%e5%86%b5&id=8699BB5A99B0DCC36C8C13654C33DD5F1FC3FF72&simid=608011155568787665", 
            "hostPageUrl": "http://auto.huanqiu.com/maintenanceofvehicles/2017-02/10187555.html", 
            "thumbnailUrl": "https://tse3.mm.bing.net/th?id=OIP.kvprtrto95zfFms_87hinQAAAA&pid=Api", 
            "thumbnail": {
                "width": 465, 
                "height": 291
            }, 
            "contentSize": "294258 B"
        }, 
        {
            "contentUrl": "http://img1.cache.netease.com/catchpic/3/3B/3BD8A91610AC35CC29971FAD8257B4BA.jpg", 
            "insightsMetadata": {
                "pagesIncludingCount": 15, 
                "availableSizesCount": 9
            }, 
            "height": 300, 
            "accentColor": "6B5B49", 
            "hostPageDisplayUrl": "money.163.com/12/0922/10/8C0ISIEB00253G87_all.html", 
            "name": "维珍集团理查德·布兰森的18个成功技巧_网易财经", 
            "width": 400, 
            "imageInsightsToken": "ccid_O9wgEtDr*mid_DABB9DDC82989F88A6B99B70444D60644181C3B4*simid_608039201712310908*thid_OIP.O9wgEtDrfIAosO77-8uwjQAAAA", 
            "imageId": "DABB9DDC82989F88A6B99B70444D60644181C3B4", 
            "isFamilyFriendly": true, 
            "datePublished": "2019-02-24T20:10:00.0000000Z", 
            "encodingFormat": "jpeg", 
            "webSearchUrl": "https://www.bing.com/images/search?view=detailv2&FORM=OIIRPO&q=site%3a(thepaper.cn+or+chinadaily.com.cn+or+china.com.cn+or+chinanews.com+or+youth.cn+or+sina.com.cn+or+xinhuanet.com+or+cri.cn+or+163.com+or+cankaoxiaoxi.com+or+cctv.com+or+ifeng.com+or+qq.com+or+takungpao.com+or+people.com.cn+or+southcn.com+or+southcn.com+or+cnr.cn+or+people.com.cn+or+cyol.com+or+bjnews.com.cn+or+gmw.cn+or+dahe.cn+or+xfrb.com.cn+or+cqnews.net+or+lifeweek.com.cn+or+cpd.com.cn+or+haiwainet.cn+or+yidianzixun.com+or+ftchinese.com+or+guancha.cn+or+zhcw.com+or+huanqiu.com+or+ihuawen.com+or+nytimes.com+or+flickr.com+or+quanjing.com+or+vcg.com+or+gettyimages.co.uk+or+paixin.com)+%e5%a4%a7%e5%a4%9a%e6%95%b0+%e6%83%85%e5%86%b5&id=DABB9DDC82989F88A6B99B70444D60644181C3B4&simid=608039201712310908", 
            "hostPageUrl": "http://money.163.com/12/0922/10/8C0ISIEB00253G87_all.html", 
            "thumbnailUrl": "https://tse1.mm.bing.net/th?id=OIP.O9wgEtDrfIAosO77-8uwjQAAAA&pid=Api", 
            "thumbnail": {
                "width": 400, 
                "height": 300
            }, 
            "contentSize": "18148 B"
        }, 
        {
            "contentUrl": "http://n.sinaimg.cn/top/transform/20170615/VL7q-fyhfxph0266621.jpg", 
            "insightsMetadata": {
                "pagesIncludingCount": 2, 
                "availableSizesCount": 2
            }, 
            "height": 366, 
            "accentColor": "C99202", 
            "hostPageDisplayUrl": "baby.sina.com.cn/wemedia/2017-06-15/doc-ifyhfnqa4320444...", 
            "name": "宝宝一生病就输液？危害有多大你知道么？|宝宝|输液|发烧_新浪 ...", 
            "width": 550, 
            "imageInsightsToken": "ccid_XXq3i+w6*mid_5508736DC91996A7AB1734A96CC81315DE54AC60*simid_608005980091844724*thid_OIP.XXq3i-w6B8Rz59k4eLHeegHaE7", 
            "imageId": "5508736DC91996A7AB1734A96CC81315DE54AC60", 
            "isFamilyFriendly": true, 
            "datePublished": "2018-08-29T06:24:00.0000000Z", 
            "encodingFormat": "jpeg", 
            "webSearchUrl": "https://www.bing.com/images/search?view=detailv2&FORM=OIIRPO&q=site%3a(thepaper.cn+or+chinadaily.com.cn+or+china.com.cn+or+chinanews.com+or+youth.cn+or+sina.com.cn+or+xinhuanet.com+or+cri.cn+or+163.com+or+cankaoxiaoxi.com+or+cctv.com+or+ifeng.com+or+qq.com+or+takungpao.com+or+people.com.cn+or+southcn.com+or+southcn.com+or+cnr.cn+or+people.com.cn+or+cyol.com+or+bjnews.com.cn+or+gmw.cn+or+dahe.cn+or+xfrb.com.cn+or+cqnews.net+or+lifeweek.com.cn+or+cpd.com.cn+or+haiwainet.cn+or+yidianzixun.com+or+ftchinese.com+or+guancha.cn+or+zhcw.com+or+huanqiu.com+or+ihuawen.com+or+nytimes.com+or+flickr.com+or+quanjing.com+or+vcg.com+or+gettyimages.co.uk+or+paixin.com)+%e5%a4%a7%e5%a4%9a%e6%95%b0+%e6%83%85%e5%86%b5&id=5508736DC91996A7AB1734A96CC81315DE54AC60&simid=608005980091844724", 
            "hostPageUrl": "http://baby.sina.com.cn/wemedia/2017-06-15/doc-ifyhfnqa4320444.shtml?cre=babypc&mod=f&loc=2&r=9&doct=0&rfunc=100", 
            "thumbnailUrl": "https://tse2.mm.bing.net/th?id=OIP.XXq3i-w6B8Rz59k4eLHeegHaE7&pid=Api", 
            "thumbnail": {
                "width": 474, 
                "height": 315
            }, 
            "contentSize": "16141 B"
        }
    ], 
    "nextOffset": 10, 
    "queryContext": {
        "alterationMethod": "AM_JustChangeIt", 
        "alterationType": "CombinedAlterationsChained", 
        "originalQuery": "site:(thepaper.cn or chinadaily.com.cn or china.com.cn or chinanews.com or youth.cn or sina.com.cn or xinhuanet.com or cri.cn or 163.com or cankaoxiaoxi.com or cctv.com or ifeng.com or qq.com or takungpao.com or people.com.cn or southcn.com or southcn.com or cnr.cn or people.com.cn or cyol.com or bjnews.com.cn or gmw.cn or dahe.cn or xfrb.com.cn or cqnews.net or lifeweek.com.cn or cpd.com.cn or haiwainet.cn or yidianzixun.com or ftchinese.com or guancha.cn or zhcw.com or huanqiu.com or ihuawen.com or nytimes.com or flickr.com or quanjing.com or vcg.com or gettyimages.co.uk or paixin.com) 大多数 情况", 
        "alterationOverrideQuery": "+site:(thepaper.cn or chinadaily.com.cn or china.com.cn or chinanews.com or youth.cn or sina.com.cn or xinhuanet.com or cri.cn or 163.com or cankaoxiaoxi.com or cctv.com or ifeng.com or qq.com or takungpao.com or people.com.cn or southcn.com or southcn.com or cnr.cn or people.com.cn or cyol.com or bjnews.com.cn or gmw.cn or dahe.cn or xfrb.com.cn or cqnews.net or lifeweek.com.cn or cpd.com.cn or haiwainet.cn or yidianzixun.com or ftchinese.com or guancha.cn or zhcw.com or huanqiu.com or ihuawen.com or nytimes.com or flickr.com or quanjing.com or vcg.com or gettyimages.co.uk or paixin.com) 大多数 情况", 
        "alterationDisplayQuery": "大 多数 情况"
    }, 
    "currentOffset": 0, 
    "readLink": "images/search?q=site:(thepaper.cn or chinadaily.com.cn or china.com.cn or chinanews.com or youth.cn or sina.com.cn or xinhuanet.com or cri.cn or 163.com or cankaoxiaoxi.com or cctv.com or ifeng.com or qq.com or takungpao.com or people.com.cn or southcn.com or southcn.com or cnr.cn or people.com.cn or cyol.com or bjnews.com.cn or gmw.cn or dahe.cn or xfrb.com.cn or cqnews.net or lifeweek.com.cn or cpd.com.cn or haiwainet.cn or yidianzixun.com or ftchinese.com or guancha.cn or zhcw.com or huanqiu.com or ihuawen.com or nytimes.com or flickr.com or quanjing.com or vcg.com or gettyimages.co.uk or paixin.com) 大多数 情况", 
    "totalEstimatedMatches": 100, 
    "relatedSearches": [
        {
            "text": "沉默的大多数", 
            "displayText": "沉默的大多数", 
            "thumbnail": {
                "thumbnailUrl": "https://tse1.mm.bing.net/th?q=%e6%b2%89%e9%bb%98%e7%9a%84%e5%a4%a7%e5%a4%9a%e6%95%b0&pid=Api&mkt=zh-CN&adlt=strict&t=1"
            }, 
            "searchLink": "https://api.cognitive.microsoft.com/api/v7/images/search?q=%e6%b2%89%e9%bb%98%e7%9a%84%e5%a4%a7%e5%a4%9a%e6%95%b0", 
            "webSearchUrl": "https://www.bing.com/images/search?q=%e6%b2%89%e9%bb%98%e7%9a%84%e5%a4%a7%e5%a4%9a%e6%95%b0&FORM=IRPATC"
        }, 
        {
            "text": "唯美大多数女孩说喜欢的头像", 
            "displayText": "唯美大多数女孩说喜欢的头像", 
            "thumbnail": {
                "thumbnailUrl": "https://tse2.mm.bing.net/th?q=%e5%94%af%e7%be%8e%e5%a4%a7%e5%a4%9a%e6%95%b0%e5%a5%b3%e5%ad%a9%e8%af%b4%e5%96%9c%e6%ac%a2%e7%9a%84%e5%a4%b4%e5%83%8f&pid=Api&mkt=zh-CN&adlt=strict&t=1"
            }, 
            "searchLink": "https://api.cognitive.microsoft.com/api/v7/images/search?q=%e5%94%af%e7%be%8e%e5%a4%a7%e5%a4%9a%e6%95%b0%e5%a5%b3%e5%ad%a9%e8%af%b4%e5%96%9c%e6%ac%a2%e7%9a%84%e5%a4%b4%e5%83%8f", 
            "webSearchUrl": "https://www.bing.com/images/search?q=%e5%94%af%e7%be%8e%e5%a4%a7%e5%a4%9a%e6%95%b0%e5%a5%b3%e5%ad%a9%e8%af%b4%e5%96%9c%e6%ac%a2%e7%9a%84%e5%a4%b4%e5%83%8f&FORM=IRPATC"
        }, 
        {
            "text": "绝大多数", 
            "displayText": "绝大多数", 
            "thumbnail": {
                "thumbnailUrl": "https://tse1.mm.bing.net/th?q=%e7%bb%9d%e5%a4%a7%e5%a4%9a%e6%95%b0&pid=Api&mkt=zh-CN&adlt=strict&t=1"
            }, 
            "searchLink": "https://api.cognitive.microsoft.com/api/v7/images/search?q=%e7%bb%9d%e5%a4%a7%e5%a4%9a%e6%95%b0", 
            "webSearchUrl": "https://www.bing.com/images/search?q=%e7%bb%9d%e5%a4%a7%e5%a4%9a%e6%95%b0&FORM=IRPATC"
        }, 
        {
            "text": "大多数人都会混淆的英文单词", 
            "displayText": "大多数人都会混淆的英文单词", 
            "thumbnail": {
                "thumbnailUrl": "https://tse4.mm.bing.net/th?q=%e5%a4%a7%e5%a4%9a%e6%95%b0%e4%ba%ba%e9%83%bd%e4%bc%9a%e6%b7%b7%e6%b7%86%e7%9a%84%e8%8b%b1%e6%96%87%e5%8d%95%e8%af%8d&pid=Api&mkt=zh-CN&adlt=strict&t=1"
            }, 
            "searchLink": "https://api.cognitive.microsoft.com/api/v7/images/search?q=%e5%a4%a7%e5%a4%9a%e6%95%b0%e4%ba%ba%e9%83%bd%e4%bc%9a%e6%b7%b7%e6%b7%86%e7%9a%84%e8%8b%b1%e6%96%87%e5%8d%95%e8%af%8d", 
            "webSearchUrl": "https://www.bing.com/images/search?q=%e5%a4%a7%e5%a4%9a%e6%95%b0%e4%ba%ba%e9%83%bd%e4%bc%9a%e6%b7%b7%e6%b7%86%e7%9a%84%e8%8b%b1%e6%96%87%e5%8d%95%e8%af%8d&FORM=IRPATC"
        }, 
        {
            "text": "娜英大多数", 
            "displayText": "娜英大多数", 
            "thumbnail": {
                "thumbnailUrl": "https://tse1.mm.bing.net/th?q=%e5%a8%9c%e8%8b%b1%e5%a4%a7%e5%a4%9a%e6%95%b0&pid=Api&mkt=zh-CN&adlt=strict&t=1"
            }, 
            "searchLink": "https://api.cognitive.microsoft.com/api/v7/images/search?q=%e5%a8%9c%e8%8b%b1%e5%a4%a7%e5%a4%9a%e6%95%b0", 
            "webSearchUrl": "https://www.bing.com/images/search?q=%e5%a8%9c%e8%8b%b1%e5%a4%a7%e5%a4%9a%e6%95%b0&FORM=IRPATC"
        }, 
        {
            "text": "沉默的大多数 精编版", 
            "displayText": "沉默的大多数 精编版", 
            "thumbnail": {
                "thumbnailUrl": "https://tse1.mm.bing.net/th?q=%e6%b2%89%e9%bb%98%e7%9a%84%e5%a4%a7%e5%a4%9a%e6%95%b0+%e7%b2%be%e7%bc%96%e7%89%88&pid=Api&mkt=zh-CN&adlt=strict&t=1"
            }, 
            "searchLink": "https://api.cognitive.microsoft.com/api/v7/images/search?q=%e6%b2%89%e9%bb%98%e7%9a%84%e5%a4%a7%e5%a4%9a%e6%95%b0+%e7%b2%be%e7%bc%96%e7%89%88", 
            "webSearchUrl": "https://www.bing.com/images/search?q=%e6%b2%89%e9%bb%98%e7%9a%84%e5%a4%a7%e5%a4%9a%e6%95%b0+%e7%b2%be%e7%bc%96%e7%89%88&FORM=IRPATC"
        }, 
        {
            "text": "这个世界绝大多数的运作", 
            "displayText": "这个世界绝大多数的运作", 
            "thumbnail": {
                "thumbnailUrl": "https://tse2.mm.bing.net/th?q=%e8%bf%99%e4%b8%aa%e4%b8%96%e7%95%8c%e7%bb%9d%e5%a4%a7%e5%a4%9a%e6%95%b0%e7%9a%84%e8%bf%90%e4%bd%9c&pid=Api&mkt=zh-CN&adlt=strict&t=1"
            }, 
            "searchLink": "https://api.cognitive.microsoft.com/api/v7/images/search?q=%e8%bf%99%e4%b8%aa%e4%b8%96%e7%95%8c%e7%bb%9d%e5%a4%a7%e5%a4%9a%e6%95%b0%e7%9a%84%e8%bf%90%e4%bd%9c", 
            "webSearchUrl": "https://www.bing.com/images/search?q=%e8%bf%99%e4%b8%aa%e4%b8%96%e7%95%8c%e7%bb%9d%e5%a4%a7%e5%a4%9a%e6%95%b0%e7%9a%84%e8%bf%90%e4%bd%9c&FORM=IRPATC"
        }, 
        {
            "text": "都不在你眼前发生", 
            "displayText": "都不在你眼前发生", 
            "thumbnail": {
                "thumbnailUrl": "https://tse2.mm.bing.net/th?q=%e9%83%bd%e4%b8%8d%e5%9c%a8%e4%bd%a0%e7%9c%bc%e5%89%8d%e5%8f%91%e7%94%9f&pid=Api&mkt=zh-CN&adlt=strict&t=1"
            }, 
            "searchLink": "https://api.cognitive.microsoft.com/api/v7/images/search?q=%e9%83%bd%e4%b8%8d%e5%9c%a8%e4%bd%a0%e7%9c%bc%e5%89%8d%e5%8f%91%e7%94%9f", 
            "webSearchUrl": "https://www.bing.com/images/search?q=%e9%83%bd%e4%b8%8d%e5%9c%a8%e4%bd%a0%e7%9c%bc%e5%89%8d%e5%8f%91%e7%94%9f&FORM=IRPATC"
        }, 
        {
            "text": "大多数女人逼是啥形", 
            "displayText": "大多数女人逼是啥形", 
            "thumbnail": {
                "thumbnailUrl": "https://tse3.mm.bing.net/th?q=%e5%a4%a7%e5%a4%9a%e6%95%b0%e5%a5%b3%e4%ba%ba%e9%80%bc%e6%98%af%e5%95%a5%e5%bd%a2&pid=Api&mkt=zh-CN&adlt=strict&t=1"
            }, 
            "searchLink": "https://api.cognitive.microsoft.com/api/v7/images/search?q=%e5%a4%a7%e5%a4%9a%e6%95%b0%e5%a5%b3%e4%ba%ba%e9%80%bc%e6%98%af%e5%95%a5%e5%bd%a2", 
            "webSearchUrl": "https://www.bing.com/images/search?q=%e5%a4%a7%e5%a4%9a%e6%95%b0%e5%a5%b3%e4%ba%ba%e9%80%bc%e6%98%af%e5%95%a5%e5%bd%a2&FORM=IRPATC"
        }, 
        {
            "text": "是大多数女人第一次看av时候的样子", 
            "displayText": "是大多数女人第一次看av时候的样子", 
            "thumbnail": {
                "thumbnailUrl": "https://tse1.mm.bing.net/th?q=%e6%98%af%e5%a4%a7%e5%a4%9a%e6%95%b0%e5%a5%b3%e4%ba%ba%e7%ac%ac%e4%b8%80%e6%ac%a1%e7%9c%8bav%e6%97%b6%e5%80%99%e7%9a%84%e6%a0%b7%e5%ad%90&pid=Api&mkt=zh-CN&adlt=strict&t=1"
            }, 
            "searchLink": "https://api.cognitive.microsoft.com/api/v7/images/search?q=%e6%98%af%e5%a4%a7%e5%a4%9a%e6%95%b0%e5%a5%b3%e4%ba%ba%e7%ac%ac%e4%b8%80%e6%ac%a1%e7%9c%8bav%e6%97%b6%e5%80%99%e7%9a%84%e6%a0%b7%e5%ad%90", 
            "webSearchUrl": "https://www.bing.com/images/search?q=%e6%98%af%e5%a4%a7%e5%a4%9a%e6%95%b0%e5%a5%b3%e4%ba%ba%e7%ac%ac%e4%b8%80%e6%ac%a1%e7%9c%8bav%e6%97%b6%e5%80%99%e7%9a%84%e6%a0%b7%e5%ad%90&FORM=IRPATC"
        }, 
        {
            "text": "大多数人的选择 广告", 
            "displayText": "大多数人的选择 广告", 
            "thumbnail": {
                "thumbnailUrl": "https://tse3.mm.bing.net/th?q=%e5%a4%a7%e5%a4%9a%e6%95%b0%e4%ba%ba%e7%9a%84%e9%80%89%e6%8b%a9+%e5%b9%bf%e5%91%8a&pid=Api&mkt=zh-CN&adlt=strict&t=1"
            }, 
            "searchLink": "https://api.cognitive.microsoft.com/api/v7/images/search?q=%e5%a4%a7%e5%a4%9a%e6%95%b0%e4%ba%ba%e7%9a%84%e9%80%89%e6%8b%a9+%e5%b9%bf%e5%91%8a", 
            "webSearchUrl": "https://www.bing.com/images/search?q=%e5%a4%a7%e5%a4%9a%e6%95%b0%e4%ba%ba%e7%9a%84%e9%80%89%e6%8b%a9+%e5%b9%bf%e5%91%8a&FORM=IRPATC"
        }, 
        {
            "text": "百草枯中毒患者绝大多数是经口服所致", 
            "displayText": "百草枯中毒患者绝大多数是经口服所致", 
            "thumbnail": {
                "thumbnailUrl": "https://tse4.mm.bing.net/th?q=%e7%99%be%e8%8d%89%e6%9e%af%e4%b8%ad%e6%af%92%e6%82%a3%e8%80%85%e7%bb%9d%e5%a4%a7%e5%a4%9a%e6%95%b0%e6%98%af%e7%bb%8f%e5%8f%a3%e6%9c%8d%e6%89%80%e8%87%b4&pid=Api&mkt=zh-CN&adlt=strict&t=1"
            }, 
            "searchLink": "https://api.cognitive.microsoft.com/api/v7/images/search?q=%e7%99%be%e8%8d%89%e6%9e%af%e4%b8%ad%e6%af%92%e6%82%a3%e8%80%85%e7%bb%9d%e5%a4%a7%e5%a4%9a%e6%95%b0%e6%98%af%e7%bb%8f%e5%8f%a3%e6%9c%8d%e6%89%80%e8%87%b4", 
            "webSearchUrl": "https://www.bing.com/images/search?q=%e7%99%be%e8%8d%89%e6%9e%af%e4%b8%ad%e6%af%92%e6%82%a3%e8%80%85%e7%bb%9d%e5%a4%a7%e5%a4%9a%e6%95%b0%e6%98%af%e7%bb%8f%e5%8f%a3%e6%9c%8d%e6%89%80%e8%87%b4&FORM=IRPATC"
        }, 
        {
            "text": "沉默的大多数pdf", 
            "displayText": "沉默的大多数pdf", 
            "thumbnail": {
                "thumbnailUrl": "https://tse3.mm.bing.net/th?q=%e6%b2%89%e9%bb%98%e7%9a%84%e5%a4%a7%e5%a4%9a%e6%95%b0pdf&pid=Api&mkt=zh-CN&adlt=strict&t=1"
            }, 
            "searchLink": "https://api.cognitive.microsoft.com/api/v7/images/search?q=%e6%b2%89%e9%bb%98%e7%9a%84%e5%a4%a7%e5%a4%9a%e6%95%b0pdf", 
            "webSearchUrl": "https://www.bing.com/images/search?q=%e6%b2%89%e9%bb%98%e7%9a%84%e5%a4%a7%e5%a4%9a%e6%95%b0pdf&FORM=IRPATC"
        }, 
        {
            "text": "真人福利", 
            "displayText": "真人福利", 
            "thumbnail": {
                "thumbnailUrl": "https://tse2.mm.bing.net/th?q=%e7%9c%9f%e4%ba%ba%e7%a6%8f%e5%88%a9&pid=Api&mkt=zh-CN&adlt=strict&t=1"
            }, 
            "searchLink": "https://api.cognitive.microsoft.com/api/v7/images/search?q=%e7%9c%9f%e4%ba%ba%e7%a6%8f%e5%88%a9", 
            "webSearchUrl": "https://www.bing.com/images/search?q=%e7%9c%9f%e4%ba%ba%e7%a6%8f%e5%88%a9&FORM=IRPATC"
        }
    ]
}