{
    "instrumentation": {
        "_type": "ResponseInstrumentation"
    }, 
    "_type": "Images", 
    "value": [
        {
            "contentUrl": "http://graphics8.nytimes.com/images/2012/09/06/arts/SOUTH-obit/SOUTH-obit-superJumbo.jpg", 
            "insightsMetadata": {
                "pagesIncludingCount": 12, 
                "availableSizesCount": 6
            }, 
            "height": 2048, 
            "accentColor": "2B2B2B", 
            "hostPageDisplayUrl": "www.nytimes.com/2012/09/06/arts/music/joe-south-singer...", 
            "name": "Joe South, Singer and Songwriter, Dies at 72 - NYTimes.com", 
            "width": 1418, 
            "imageInsightsToken": "ccid_13uUnUnC*mid_73A6D2BC93CD4BC48E8A841F56A560A71CD4C6A7*simid_608051270533120077*thid_OIP.13uUnUnCpIC4ZeXDkUDWKAHaKs", 
            "imageId": "73A6D2BC93CD4BC48E8A841F56A560A71CD4C6A7", 
            "isFamilyFriendly": true, 
            "datePublished": "2012-09-06T01:02:00.0000000Z", 
            "encodingFormat": "jpeg", 
            "webSearchUrl": "https://www.bing.com/images/search?view=detailv2&FORM=OIIRPO&q=site%3a(thepaper.cn+or+chinadaily.com.cn+or+china.com.cn+or+chinanews.com+or+youth.cn+or+sina.com.cn+or+xinhuanet.com+or+cri.cn+or+163.com+or+cankaoxiaoxi.com+or+cctv.com+or+ifeng.com+or+qq.com+or+takungpao.com+or+people.com.cn+or+southcn.com+or+southcn.com+or+cnr.cn+or+people.com.cn+or+cyol.com+or+bjnews.com.cn+or+gmw.cn+or+dahe.cn+or+xfrb.com.cn+or+cqnews.net+or+lifeweek.com.cn+or+cpd.com.cn+or+haiwainet.cn+or+yidianzixun.com+or+ftchinese.com+or+guancha.cn+or+zhcw.com+or+huanqiu.com+or+ihuawen.com+or+nytimes.com+or+flickr.com+or+quanjing.com+or+vcg.com+or+gettyimages.co.uk+or+paixin.com)+++%e2%80%a6&id=73A6D2BC93CD4BC48E8A841F56A560A71CD4C6A7&simid=608051270533120077", 
            "hostPageUrl": "http://www.nytimes.com/2012/09/06/arts/music/joe-south-singer-and-songwriter-dies-at-72.html", 
            "thumbnailUrl": "https://tse4.mm.bing.net/th?id=OIP.13uUnUnCpIC4ZeXDkUDWKAHaKs&pid=Api", 
            "thumbnail": {
                "width": 474, 
                "height": 684
            }, 
            "hostPageFavIconUrl": "https://www.bing.com/th?id=AR_cc657c1af702fae867766bbf2aa25756&pid=Api", 
            "contentSize": "595564 B"
        }, 
        {
            "contentUrl": "http://graphics8.nytimes.com/images/2012/07/04/sports/subDAVIDSON/subDAVIDSON-superJumbo.jpg", 
            "insightsMetadata": {
                "pagesIncludingCount": 3, 
                "availableSizesCount": 2
            }, 
            "height": 1883, 
            "accentColor": "345B97", 
            "hostPageDisplayUrl": "www.nytimes.com/2012/07/04/sports/football/ben-davidson...", 
            "name": "Ben Davidson, Defensive End, Dies at 72 - The New York Times", 
            "width": 1129, 
            "imageInsightsToken": "ccid_lZm0sRZM*mid_023BB93E125924CD797FEC988E82ECE1FD21F9CD*simid_608028442762807350*thid_OIP.lZm0sRZMu3BRLImUWP7pRAHaMW", 
            "imageId": "023BB93E125924CD797FEC988E82ECE1FD21F9CD", 
            "isFamilyFriendly": true, 
            "datePublished": "2012-07-04T01:58:00.0000000Z", 
            "encodingFormat": "jpeg", 
            "webSearchUrl": "https://www.bing.com/images/search?view=detailv2&FORM=OIIRPO&q=site%3a(thepaper.cn+or+chinadaily.com.cn+or+china.com.cn+or+chinanews.com+or+youth.cn+or+sina.com.cn+or+xinhuanet.com+or+cri.cn+or+163.com+or+cankaoxiaoxi.com+or+cctv.com+or+ifeng.com+or+qq.com+or+takungpao.com+or+people.com.cn+or+southcn.com+or+southcn.com+or+cnr.cn+or+people.com.cn+or+cyol.com+or+bjnews.com.cn+or+gmw.cn+or+dahe.cn+or+xfrb.com.cn+or+cqnews.net+or+lifeweek.com.cn+or+cpd.com.cn+or+haiwainet.cn+or+yidianzixun.com+or+ftchinese.com+or+guancha.cn+or+zhcw.com+or+huanqiu.com+or+ihuawen.com+or+nytimes.com+or+flickr.com+or+quanjing.com+or+vcg.com+or+gettyimages.co.uk+or+paixin.com)+++%e2%80%a6&id=023BB93E125924CD797FEC988E82ECE1FD21F9CD&simid=608028442762807350", 
            "hostPageUrl": "http://www.nytimes.com/2012/07/04/sports/football/ben-davidson-defensive-end-dies-at-72.html", 
            "thumbnailUrl": "https://tse1.mm.bing.net/th?id=OIP.lZm0sRZMu3BRLImUWP7pRAHaMW&pid=Api", 
            "thumbnail": {
                "width": 474, 
                "height": 790
            }, 
            "hostPageFavIconUrl": "https://www.bing.com/th?id=AR_cc657c1af702fae867766bbf2aa25756&pid=Api", 
            "contentSize": "307856 B"
        }
    ], 
    "nextOffset": 37, 
    "webSearchUrl": "https://www.bing.com/images/search?q=site:(thepaper.cn or chinadaily.com.cn or china.com.cn or chinanews.com or youth.cn or sina.com.cn or xinhuanet.com or cri.cn or 163.com or cankaoxiaoxi.com or cctv.com or ifeng.com or qq.com or takungpao.com or people.com.cn or southcn.com or southcn.com or cnr.cn or people.com.cn or cyol.com or bjnews.com.cn or gmw.cn or dahe.cn or xfrb.com.cn or cqnews.net or lifeweek.com.cn or cpd.com.cn or haiwainet.cn or yidianzixun.com or ftchinese.com or guancha.cn or zhcw.com or huanqiu.com or ihuawen.com or nytimes.com or flickr.com or quanjing.com or vcg.com or gettyimages.co.uk or paixin.com)   …&FORM=OIIARP", 
    "currentOffset": 0, 
    "readLink": "images/search?q=site:(thepaper.cn or chinadaily.com.cn or china.com.cn or chinanews.com or youth.cn or sina.com.cn or xinhuanet.com or cri.cn or 163.com or cankaoxiaoxi.com or cctv.com or ifeng.com or qq.com or takungpao.com or people.com.cn or southcn.com or southcn.com or cnr.cn or people.com.cn or cyol.com or bjnews.com.cn or gmw.cn or dahe.cn or xfrb.com.cn or cqnews.net or lifeweek.com.cn or cpd.com.cn or haiwainet.cn or yidianzixun.com or ftchinese.com or guancha.cn or zhcw.com or huanqiu.com or ihuawen.com or nytimes.com or flickr.com or quanjing.com or vcg.com or gettyimages.co.uk or paixin.com)   …", 
    "totalEstimatedMatches": 100
}