{
    "instrumentation": {
        "_type": "ResponseInstrumentation"
    }, 
    "_type": "Images", 
    "webSearchUrl": "https://www.bing.com/images/search?q=site:(thepaper.cn or chinadaily.com.cn or china.com.cn or chinanews.com or youth.cn or sina.com.cn or xinhuanet.com or cri.cn or 163.com or cankaoxiaoxi.com or cctv.com or ifeng.com or qq.com or takungpao.com or people.com.cn or southcn.com or southcn.com or cnr.cn or people.com.cn or cyol.com or bjnews.com.cn or gmw.cn or dahe.cn or xfrb.com.cn or cqnews.net or lifeweek.com.cn or cpd.com.cn or haiwainet.cn or yidianzixun.com or ftchinese.com or guancha.cn or zhcw.com or huanqiu.com or ihuawen.com or nytimes.com or flickr.com or quanjing.com or vcg.com or gettyimages.co.uk or paixin.com) 成为 冠军&FORM=OIIARP", 
    "value": [
        {
            "contentUrl": "http://i2.sinaimg.cn/ty/nba/2014-10-29/U10236P6T12D7387321F44DT20141029050946.jpg", 
            "insightsMetadata": {
                "pagesIncludingCount": 5, 
                "availableSizesCount": 3
            }, 
            "height": 367, 
            "accentColor": "BD960E", 
            "hostPageDisplayUrl": "sports.sina.com.cn/nba/2014-10-29/05097387321.shtml", 
            "name": "ESPN预测骑士获总冠军 马刺仍是LBJ最大对手_篮球-NBA_新浪竞技风暴 ...", 
            "width": 550, 
            "imageInsightsToken": "ccid_60usktl8*mid_25BCA66B8CC4D84E053D3E507F8077F24F53D3DB*simid_608050226868192375*thid_OIP.60usktl8u61Natf53zV9fwHaE8", 
            "imageId": "25BCA66B8CC4D84E053D3E507F8077F24F53D3DB", 
            "isFamilyFriendly": true, 
            "datePublished": "2014-10-29T12:00:00.0000000Z", 
            "encodingFormat": "jpeg", 
            "webSearchUrl": "https://www.bing.com/images/search?view=detailv2&FORM=OIIRPO&q=site%3a(thepaper.cn+or+chinadaily.com.cn+or+china.com.cn+or+chinanews.com+or+youth.cn+or+sina.com.cn+or+xinhuanet.com+or+cri.cn+or+163.com+or+cankaoxiaoxi.com+or+cctv.com+or+ifeng.com+or+qq.com+or+takungpao.com+or+people.com.cn+or+southcn.com+or+southcn.com+or+cnr.cn+or+people.com.cn+or+cyol.com+or+bjnews.com.cn+or+gmw.cn+or+dahe.cn+or+xfrb.com.cn+or+cqnews.net+or+lifeweek.com.cn+or+cpd.com.cn+or+haiwainet.cn+or+yidianzixun.com+or+ftchinese.com+or+guancha.cn+or+zhcw.com+or+huanqiu.com+or+ihuawen.com+or+nytimes.com+or+flickr.com+or+quanjing.com+or+vcg.com+or+gettyimages.co.uk+or+paixin.com)+%e6%88%90%e4%b8%ba+%e5%86%a0%e5%86%9b&id=25BCA66B8CC4D84E053D3E507F8077F24F53D3DB&simid=608050226868192375", 
            "hostPageUrl": "http://sports.sina.com.cn/nba/2014-10-29/05097387321.shtml", 
            "thumbnailUrl": "https://tse1.mm.bing.net/th?id=OIP.60usktl8u61Natf53zV9fwHaE8&pid=Api", 
            "thumbnail": {
                "width": 474, 
                "height": 316
            }, 
            "contentSize": "29927 B"
        }, 
        {
            "contentUrl": "http://k.sinaimg.cn/n/sports/transform/20151213/Lejv-fxmpnqi6421273.jpg/w57060d.jpg", 
            "insightsMetadata": {
                "pagesIncludingCount": 3, 
                "availableSizesCount": 1
            }, 
            "height": 344, 
            "accentColor": "75372D", 
            "hostPageDisplayUrl": "sports.sina.com.cn/ufc2015/news/2015-12-13/news...", 
            "name": "UFC194综述：卢克TKO韦德曼 康纳13秒KO奥_UFC官网", 
            "width": 520, 
            "imageInsightsToken": "ccid_T8z4TjNy*mid_71E9D9599B892E28AB9776202C46645B56CD8E10*simid_607992841815065512*thid_OIP.T8z4TjNywpIZnun36yjkTwHaE5", 
            "imageId": "71E9D9599B892E28AB9776202C46645B56CD8E10", 
            "isFamilyFriendly": true, 
            "datePublished": "2018-09-29T01:44:00.0000000Z", 
            "encodingFormat": "jpeg", 
            "webSearchUrl": "https://www.bing.com/images/search?view=detailv2&FORM=OIIRPO&q=site%3a(thepaper.cn+or+chinadaily.com.cn+or+china.com.cn+or+chinanews.com+or+youth.cn+or+sina.com.cn+or+xinhuanet.com+or+cri.cn+or+163.com+or+cankaoxiaoxi.com+or+cctv.com+or+ifeng.com+or+qq.com+or+takungpao.com+or+people.com.cn+or+southcn.com+or+southcn.com+or+cnr.cn+or+people.com.cn+or+cyol.com+or+bjnews.com.cn+or+gmw.cn+or+dahe.cn+or+xfrb.com.cn+or+cqnews.net+or+lifeweek.com.cn+or+cpd.com.cn+or+haiwainet.cn+or+yidianzixun.com+or+ftchinese.com+or+guancha.cn+or+zhcw.com+or+huanqiu.com+or+ihuawen.com+or+nytimes.com+or+flickr.com+or+quanjing.com+or+vcg.com+or+gettyimages.co.uk+or+paixin.com)+%e6%88%90%e4%b8%ba+%e5%86%a0%e5%86%9b&id=71E9D9599B892E28AB9776202C46645B56CD8E10&simid=607992841815065512", 
            "hostPageUrl": "http://sports.sina.com.cn/ufc2015/news/2015-12-13/news-ifxmpnqm3207752.shtml", 
            "thumbnailUrl": "https://tse2.mm.bing.net/th?id=OIP.T8z4TjNywpIZnun36yjkTwHaE5&pid=Api", 
            "thumbnail": {
                "width": 300, 
                "height": 198
            }, 
            "contentSize": "25854 B"
        }, 
        {
            "contentUrl": "http://y3.ifengimg.com/cmpp/2015/03/31/12/f1483f8e-0010-46fa-a074-262901d5485a_size122_w550_h367.jpg", 
            "insightsMetadata": {
                "pagesIncludingCount": 6, 
                "availableSizesCount": 3
            }, 
            "height": 367, 
            "accentColor": "264471", 
            "hostPageDisplayUrl": "sports.ifeng.com/a/20150331/43454149_0.shtml", 
            "name": "多米尼克 克鲁兹：我回归后将亲自证明TJ 迪拉肖并不是最好的 ...", 
            "width": 550, 
            "imageInsightsToken": "ccid_t1LFrkVu*mid_1D962A05F013EDB9F1EB163311F3ACA056D202F2*simid_608036955421082869*thid_OIP.t1LFrkVu1RVvB46ojBIFmQHaE8", 
            "imageId": "1D962A05F013EDB9F1EB163311F3ACA056D202F2", 
            "isFamilyFriendly": true, 
            "datePublished": "2015-08-08T01:28:00.0000000Z", 
            "encodingFormat": "jpeg", 
            "webSearchUrl": "https://www.bing.com/images/search?view=detailv2&FORM=OIIRPO&q=site%3a(thepaper.cn+or+chinadaily.com.cn+or+china.com.cn+or+chinanews.com+or+youth.cn+or+sina.com.cn+or+xinhuanet.com+or+cri.cn+or+163.com+or+cankaoxiaoxi.com+or+cctv.com+or+ifeng.com+or+qq.com+or+takungpao.com+or+people.com.cn+or+southcn.com+or+southcn.com+or+cnr.cn+or+people.com.cn+or+cyol.com+or+bjnews.com.cn+or+gmw.cn+or+dahe.cn+or+xfrb.com.cn+or+cqnews.net+or+lifeweek.com.cn+or+cpd.com.cn+or+haiwainet.cn+or+yidianzixun.com+or+ftchinese.com+or+guancha.cn+or+zhcw.com+or+huanqiu.com+or+ihuawen.com+or+nytimes.com+or+flickr.com+or+quanjing.com+or+vcg.com+or+gettyimages.co.uk+or+paixin.com)+%e6%88%90%e4%b8%ba+%e5%86%a0%e5%86%9b&id=1D962A05F013EDB9F1EB163311F3ACA056D202F2&simid=608036955421082869", 
            "hostPageUrl": "http://sports.ifeng.com/a/20150331/43454149_0.shtml", 
            "thumbnailUrl": "https://tse3.mm.bing.net/th?id=OIP.t1LFrkVu1RVvB46ojBIFmQHaE8&pid=Api", 
            "thumbnail": {
                "width": 474, 
                "height": 316
            }, 
            "contentSize": "125725 B"
        }, 
        {
            "contentUrl": "http://k.sinaimg.cn/n/sports/transform/20161004/ygRo-fxwmnwx9468650.jpg/w57061d.jpg", 
            "insightsMetadata": {
                "pagesIncludingCount": 1, 
                "availableSizesCount": 1
            }, 
            "height": 379, 
            "accentColor": "B47317", 
            "hostPageDisplayUrl": "sports.sina.com.cn/others/pingpang/2016-10-04/doc...", 
            "name": "历史课|单打世界冠军张继科马琳最多 马龙全满贯_乒乓球_新浪 ...", 
            "width": 570, 
            "imageInsightsToken": "ccid_NvXJRnBi*mid_A25BAC24B809BB960B012308FCC094AF590C0540*simid_608030397013034961*thid_OIP.NvXJRnBivijwiSNxQdW-dQHaE7", 
            "imageId": "A25BAC24B809BB960B012308FCC094AF590C0540", 
            "isFamilyFriendly": true, 
            "datePublished": "2018-02-09T22:11:00.0000000Z", 
            "encodingFormat": "jpeg", 
            "webSearchUrl": "https://www.bing.com/images/search?view=detailv2&FORM=OIIRPO&q=site%3a(thepaper.cn+or+chinadaily.com.cn+or+china.com.cn+or+chinanews.com+or+youth.cn+or+sina.com.cn+or+xinhuanet.com+or+cri.cn+or+163.com+or+cankaoxiaoxi.com+or+cctv.com+or+ifeng.com+or+qq.com+or+takungpao.com+or+people.com.cn+or+southcn.com+or+southcn.com+or+cnr.cn+or+people.com.cn+or+cyol.com+or+bjnews.com.cn+or+gmw.cn+or+dahe.cn+or+xfrb.com.cn+or+cqnews.net+or+lifeweek.com.cn+or+cpd.com.cn+or+haiwainet.cn+or+yidianzixun.com+or+ftchinese.com+or+guancha.cn+or+zhcw.com+or+huanqiu.com+or+ihuawen.com+or+nytimes.com+or+flickr.com+or+quanjing.com+or+vcg.com+or+gettyimages.co.uk+or+paixin.com)+%e6%88%90%e4%b8%ba+%e5%86%a0%e5%86%9b&id=A25BAC24B809BB960B012308FCC094AF590C0540&simid=608030397013034961", 
            "hostPageUrl": "http://sports.sina.com.cn/others/pingpang/2016-10-04/doc-ifxwkzyh4181838.shtml", 
            "thumbnailUrl": "https://tse3.mm.bing.net/th?id=OIP.NvXJRnBivijwiSNxQdW-dQHaE7&pid=Api", 
            "thumbnail": {
                "width": 474, 
                "height": 315
            }, 
            "contentSize": "33490 B"
        }, 
        {
            "contentUrl": "http://n.sinaimg.cn/sports/crawl/66/w550h316/20180424/HVOR-fzqvvsa2758643.jpg", 
            "insightsMetadata": {
                "pagesIncludingCount": 1, 
                "availableSizesCount": 1
            }, 
            "height": 316, 
            "accentColor": "AD1E37", 
            "hostPageDisplayUrl": "sports.sina.com.cn/cba/2018-04-24/doc-ifzqvvsa2785436.shtml", 
            "name": "京媒:辽宁冠军当之无愧 未来他们将更难被击败_CBA_新浪竞技风暴 ...", 
            "width": 550, 
            "imageInsightsToken": "ccid_Ta9cExie*mid_A143B716DE9A62D31B064E1F71682806DD21858D*simid_607986755867381669*thid_OIP.Ta9cExieVQVrq6hk2e0GPgHaEQ", 
            "imageId": "A143B716DE9A62D31B064E1F71682806DD21858D", 
            "isFamilyFriendly": true, 
            "datePublished": "2018-04-24T03:15:00.0000000Z", 
            "encodingFormat": "jpeg", 
            "webSearchUrl": "https://www.bing.com/images/search?view=detailv2&FORM=OIIRPO&q=site%3a(thepaper.cn+or+chinadaily.com.cn+or+china.com.cn+or+chinanews.com+or+youth.cn+or+sina.com.cn+or+xinhuanet.com+or+cri.cn+or+163.com+or+cankaoxiaoxi.com+or+cctv.com+or+ifeng.com+or+qq.com+or+takungpao.com+or+people.com.cn+or+southcn.com+or+southcn.com+or+cnr.cn+or+people.com.cn+or+cyol.com+or+bjnews.com.cn+or+gmw.cn+or+dahe.cn+or+xfrb.com.cn+or+cqnews.net+or+lifeweek.com.cn+or+cpd.com.cn+or+haiwainet.cn+or+yidianzixun.com+or+ftchinese.com+or+guancha.cn+or+zhcw.com+or+huanqiu.com+or+ihuawen.com+or+nytimes.com+or+flickr.com+or+quanjing.com+or+vcg.com+or+gettyimages.co.uk+or+paixin.com)+%e6%88%90%e4%b8%ba+%e5%86%a0%e5%86%9b&id=A143B716DE9A62D31B064E1F71682806DD21858D&simid=607986755867381669", 
            "hostPageUrl": "http://sports.sina.com.cn/cba/2018-04-24/doc-ifzqvvsa2785436.shtml", 
            "thumbnailUrl": "https://tse4.mm.bing.net/th?id=OIP.Ta9cExieVQVrq6hk2e0GPgHaEQ&pid=Api", 
            "thumbnail": {
                "width": 474, 
                "height": 272
            }, 
            "contentSize": "54226 B"
        }, 
        {
            "contentUrl": "http://n.sinaimg.cn/sports/transform/283/w650h433/20181231/3Yt2-hqwsysz8666727.jpg", 
            "insightsMetadata": {
                "pagesIncludingCount": 1, 
                "availableSizesCount": 1
            }, 
            "height": 433, 
            "accentColor": "AA2125", 
            "hostPageDisplayUrl": "sports.sina.com.cn/china/j/2018-12-31/doc-ihqhqcis1859107...", 
            "name": "2018中国足球事件:武磊助上港破垄断 军训VAR抢眼_中超_新浪竞技 ...", 
            "width": 650, 
            "imageInsightsToken": "ccid_B5GLnIFj*mid_1BA3776C229017D510C422B7D9DB7DE362D03B83*simid_608040623346683860*thid_OIP.B5GLnIFjWYlxAI7Uq63CZQHaE7", 
            "imageId": "1BA3776C229017D510C422B7D9DB7DE362D03B83", 
            "isFamilyFriendly": true, 
            "datePublished": "2018-12-31T03:05:00.0000000Z", 
            "encodingFormat": "jpeg", 
            "webSearchUrl": "https://www.bing.com/images/search?view=detailv2&FORM=OIIRPO&q=site%3a(thepaper.cn+or+chinadaily.com.cn+or+china.com.cn+or+chinanews.com+or+youth.cn+or+sina.com.cn+or+xinhuanet.com+or+cri.cn+or+163.com+or+cankaoxiaoxi.com+or+cctv.com+or+ifeng.com+or+qq.com+or+takungpao.com+or+people.com.cn+or+southcn.com+or+southcn.com+or+cnr.cn+or+people.com.cn+or+cyol.com+or+bjnews.com.cn+or+gmw.cn+or+dahe.cn+or+xfrb.com.cn+or+cqnews.net+or+lifeweek.com.cn+or+cpd.com.cn+or+haiwainet.cn+or+yidianzixun.com+or+ftchinese.com+or+guancha.cn+or+zhcw.com+or+huanqiu.com+or+ihuawen.com+or+nytimes.com+or+flickr.com+or+quanjing.com+or+vcg.com+or+gettyimages.co.uk+or+paixin.com)+%e6%88%90%e4%b8%ba+%e5%86%a0%e5%86%9b&id=1BA3776C229017D510C422B7D9DB7DE362D03B83&simid=608040623346683860", 
            "hostPageUrl": "http://sports.sina.com.cn/china/j/2018-12-31/doc-ihqhqcis1859107.shtml", 
            "thumbnailUrl": "https://tse3.mm.bing.net/th?id=OIP.B5GLnIFjWYlxAI7Uq63CZQHaE7&pid=Api", 
            "thumbnail": {
                "width": 474, 
                "height": 315
            }, 
            "contentSize": "73003 B"
        }, 
        {
            "contentUrl": "http://n.sinaimg.cn/sports/transform/w650h433/20180305/E5kC-fxipenn1330429.jpg", 
            "insightsMetadata": {
                "pagesIncludingCount": 1, 
                "availableSizesCount": 1
            }, 
            "height": 433, 
            "accentColor": "A6252C", 
            "hostPageDisplayUrl": "sports.sina.com.cn/golf/pgatour/2018-03-05/doc...", 
            "name": "47岁老米成为最年长世锦赛冠军 自信50胜没问题_美巡赛_新浪竞技 ...", 
            "width": 650, 
            "imageInsightsToken": "ccid_I81A6dny*mid_80081E6B32A547D2F39EAB504AC520C6852191AD*simid_607999056627434523*thid_OIP.I81A6dnywbObkoeVdr--dAHaE7", 
            "imageId": "80081E6B32A547D2F39EAB504AC520C6852191AD", 
            "isFamilyFriendly": true, 
            "datePublished": "2018-03-05T06:51:00.0000000Z", 
            "encodingFormat": "jpeg", 
            "webSearchUrl": "https://www.bing.com/images/search?view=detailv2&FORM=OIIRPO&q=site%3a(thepaper.cn+or+chinadaily.com.cn+or+china.com.cn+or+chinanews.com+or+youth.cn+or+sina.com.cn+or+xinhuanet.com+or+cri.cn+or+163.com+or+cankaoxiaoxi.com+or+cctv.com+or+ifeng.com+or+qq.com+or+takungpao.com+or+people.com.cn+or+southcn.com+or+southcn.com+or+cnr.cn+or+people.com.cn+or+cyol.com+or+bjnews.com.cn+or+gmw.cn+or+dahe.cn+or+xfrb.com.cn+or+cqnews.net+or+lifeweek.com.cn+or+cpd.com.cn+or+haiwainet.cn+or+yidianzixun.com+or+ftchinese.com+or+guancha.cn+or+zhcw.com+or+huanqiu.com+or+ihuawen.com+or+nytimes.com+or+flickr.com+or+quanjing.com+or+vcg.com+or+gettyimages.co.uk+or+paixin.com)+%e6%88%90%e4%b8%ba+%e5%86%a0%e5%86%9b&id=80081E6B32A547D2F39EAB504AC520C6852191AD&simid=607999056627434523", 
            "hostPageUrl": "http://sports.sina.com.cn/golf/pgatour/2018-03-05/doc-ifxipenn1335202.shtml", 
            "thumbnailUrl": "https://tse4.mm.bing.net/th?id=OIP.I81A6dnywbObkoeVdr--dAHaE7&pid=Api", 
            "thumbnail": {
                "width": 474, 
                "height": 315
            }, 
            "contentSize": "37308 B"
        }, 
        {
            "contentUrl": "http://src.house.sina.com.cn/imp/imp/deal/3d/3f/8/3ff9d8a7a5d4d9310bb57d227a2_p1_mk1.jpg", 
            "insightsMetadata": {
                "pagesIncludingCount": 1, 
                "availableSizesCount": 1
            }, 
            "height": 337, 
            "accentColor": "A62825", 
            "hostPageDisplayUrl": "hz.jiaju.sina.com.cn/news/20140703/659299.shtml", 
            "name": "解密南通森歌集成灶成为销售冠军密码_新浪家居", 
            "width": 450, 
            "imageInsightsToken": "ccid_Us3GQ2LK*mid_D673F31374098EBBD5794C1DD78AE609565B9155*simid_608033145786795936*thid_OIP.Us3GQ2LKEbe6CMdGe!_8dgAAAAA", 
            "imageId": "D673F31374098EBBD5794C1DD78AE609565B9155", 
            "isFamilyFriendly": true, 
            "datePublished": "2018-08-10T00:13:00.0000000Z", 
            "encodingFormat": "jpeg", 
            "webSearchUrl": "https://www.bing.com/images/search?view=detailv2&FORM=OIIRPO&q=site%3a(thepaper.cn+or+chinadaily.com.cn+or+china.com.cn+or+chinanews.com+or+youth.cn+or+sina.com.cn+or+xinhuanet.com+or+cri.cn+or+163.com+or+cankaoxiaoxi.com+or+cctv.com+or+ifeng.com+or+qq.com+or+takungpao.com+or+people.com.cn+or+southcn.com+or+southcn.com+or+cnr.cn+or+people.com.cn+or+cyol.com+or+bjnews.com.cn+or+gmw.cn+or+dahe.cn+or+xfrb.com.cn+or+cqnews.net+or+lifeweek.com.cn+or+cpd.com.cn+or+haiwainet.cn+or+yidianzixun.com+or+ftchinese.com+or+guancha.cn+or+zhcw.com+or+huanqiu.com+or+ihuawen.com+or+nytimes.com+or+flickr.com+or+quanjing.com+or+vcg.com+or+gettyimages.co.uk+or+paixin.com)+%e6%88%90%e4%b8%ba+%e5%86%a0%e5%86%9b&id=D673F31374098EBBD5794C1DD78AE609565B9155&simid=608033145786795936", 
            "hostPageUrl": "http://hz.jiaju.sina.com.cn/news/20140703/659299.shtml", 
            "thumbnailUrl": "https://tse4.mm.bing.net/th?id=OIP.Us3GQ2LKEbe6CMdGe_8dgAAAAA&pid=Api", 
            "thumbnail": {
                "width": 450, 
                "height": 337
            }, 
            "contentSize": "77614 B"
        }, 
        {
            "contentUrl": "http://shanxiji.sinaimg.cn/2014/0322/U10776P1335DT20140322101944.jpg", 
            "insightsMetadata": {
                "pagesIncludingCount": 3, 
                "availableSizesCount": 2
            }, 
            "height": 494, 
            "accentColor": "0BB4C0", 
            "hostPageDisplayUrl": "shanxi.sina.com.cn/yangquan/fashion/2014-03-22/1020796.html", 
            "name": "中国好歌曲霍尊成为冠军王_新浪阳泉", 
            "width": 542, 
            "imageInsightsToken": "ccid_Fe8KSAkl*mid_ABBAE80EC101D66FF55771E3B74CE23BF73D3C37*simid_608025724044709434*thid_OIP.Fe8KSAklMakkPCWLF4i9pQEsER", 
            "imageId": "ABBAE80EC101D66FF55771E3B74CE23BF73D3C37", 
            "isFamilyFriendly": true, 
            "datePublished": "2019-02-06T13:58:00.0000000Z", 
            "encodingFormat": "jpeg", 
            "webSearchUrl": "https://www.bing.com/images/search?view=detailv2&FORM=OIIRPO&q=site%3a(thepaper.cn+or+chinadaily.com.cn+or+china.com.cn+or+chinanews.com+or+youth.cn+or+sina.com.cn+or+xinhuanet.com+or+cri.cn+or+163.com+or+cankaoxiaoxi.com+or+cctv.com+or+ifeng.com+or+qq.com+or+takungpao.com+or+people.com.cn+or+southcn.com+or+southcn.com+or+cnr.cn+or+people.com.cn+or+cyol.com+or+bjnews.com.cn+or+gmw.cn+or+dahe.cn+or+xfrb.com.cn+or+cqnews.net+or+lifeweek.com.cn+or+cpd.com.cn+or+haiwainet.cn+or+yidianzixun.com+or+ftchinese.com+or+guancha.cn+or+zhcw.com+or+huanqiu.com+or+ihuawen.com+or+nytimes.com+or+flickr.com+or+quanjing.com+or+vcg.com+or+gettyimages.co.uk+or+paixin.com)+%e6%88%90%e4%b8%ba+%e5%86%a0%e5%86%9b&id=ABBAE80EC101D66FF55771E3B74CE23BF73D3C37&simid=608025724044709434", 
            "hostPageUrl": "http://shanxi.sina.com.cn/yangquan/fashion/2014-03-22/1020796.html", 
            "thumbnailUrl": "https://tse2.mm.bing.net/th?id=OIP.Fe8KSAklMakkPCWLF4i9pQEsER&pid=Api", 
            "thumbnail": {
                "width": 474, 
                "height": 432
            }, 
            "contentSize": "37705 B"
        }, 
        {
            "contentUrl": "http://n.sinaimg.cn/sports/transform/284/w650h434/20180822/aUhb-hhzsnea7718038.jpg", 
            "insightsMetadata": {
                "pagesIncludingCount": 12, 
                "availableSizesCount": 7
            }, 
            "height": 434, 
            "accentColor": "235DA8", 
            "hostPageDisplayUrl": "sports.sina.com.cn/others/freefight/2018-08-22/doc...", 
            "name": "卡比布十大毁灭性胜绩 判定完胜亚昆塔夺冠军头衔_武术散打 ...", 
            "width": 650, 
            "imageInsightsToken": "ccid_U1PTY0xr*mid_05790313128130C88B2F002B8A23C03CA6A1E91C*simid_608053443768224538*thid_OIP.U1PTY0xrdwRWhLaz0x9xIgHaE8", 
            "imageId": "05790313128130C88B2F002B8A23C03CA6A1E91C", 
            "isFamilyFriendly": true, 
            "datePublished": "2018-08-22T02:39:00.0000000Z", 
            "encodingFormat": "jpeg", 
            "webSearchUrl": "https://www.bing.com/images/search?view=detailv2&FORM=OIIRPO&q=site%3a(thepaper.cn+or+chinadaily.com.cn+or+china.com.cn+or+chinanews.com+or+youth.cn+or+sina.com.cn+or+xinhuanet.com+or+cri.cn+or+163.com+or+cankaoxiaoxi.com+or+cctv.com+or+ifeng.com+or+qq.com+or+takungpao.com+or+people.com.cn+or+southcn.com+or+southcn.com+or+cnr.cn+or+people.com.cn+or+cyol.com+or+bjnews.com.cn+or+gmw.cn+or+dahe.cn+or+xfrb.com.cn+or+cqnews.net+or+lifeweek.com.cn+or+cpd.com.cn+or+haiwainet.cn+or+yidianzixun.com+or+ftchinese.com+or+guancha.cn+or+zhcw.com+or+huanqiu.com+or+ihuawen.com+or+nytimes.com+or+flickr.com+or+quanjing.com+or+vcg.com+or+gettyimages.co.uk+or+paixin.com)+%e6%88%90%e4%b8%ba+%e5%86%a0%e5%86%9b&id=05790313128130C88B2F002B8A23C03CA6A1E91C&simid=608053443768224538", 
            "hostPageUrl": "http://sports.sina.com.cn/others/freefight/2018-08-22/doc-ihhzsnea7718523.shtml", 
            "thumbnailUrl": "https://tse4.mm.bing.net/th?id=OIP.U1PTY0xrdwRWhLaz0x9xIgHaE8&pid=Api", 
            "thumbnail": {
                "width": 474, 
                "height": 316
            }, 
            "contentSize": "47409 B"
        }
    ], 
    "nextOffset": 10, 
    "queryContext": {
        "alterationMethod": "AM_JustChangeIt", 
        "alterationType": "CombinedAlterationsChained", 
        "originalQuery": "site:(thepaper.cn or chinadaily.com.cn or china.com.cn or chinanews.com or youth.cn or sina.com.cn or xinhuanet.com or cri.cn or 163.com or cankaoxiaoxi.com or cctv.com or ifeng.com or qq.com or takungpao.com or people.com.cn or southcn.com or southcn.com or cnr.cn or people.com.cn or cyol.com or bjnews.com.cn or gmw.cn or dahe.cn or xfrb.com.cn or cqnews.net or lifeweek.com.cn or cpd.com.cn or haiwainet.cn or yidianzixun.com or ftchinese.com or guancha.cn or zhcw.com or huanqiu.com or ihuawen.com or nytimes.com or flickr.com or quanjing.com or vcg.com or gettyimages.co.uk or paixin.com) 成为 冠军", 
        "alterationOverrideQuery": "+site:(thepaper.cn or chinadaily.com.cn or china.com.cn or chinanews.com or youth.cn or sina.com.cn or xinhuanet.com or cri.cn or 163.com or cankaoxiaoxi.com or cctv.com or ifeng.com or qq.com or takungpao.com or people.com.cn or southcn.com or southcn.com or cnr.cn or people.com.cn or cyol.com or bjnews.com.cn or gmw.cn or dahe.cn or xfrb.com.cn or cqnews.net or lifeweek.com.cn or cpd.com.cn or haiwainet.cn or yidianzixun.com or ftchinese.com or guancha.cn or zhcw.com or huanqiu.com or ihuawen.com or nytimes.com or flickr.com or quanjing.com or vcg.com or gettyimages.co.uk or paixin.com) 成为 冠军", 
        "alterationDisplayQuery": "成为 冠军"
    }, 
    "currentOffset": 0, 
    "readLink": "images/search?q=site:(thepaper.cn or chinadaily.com.cn or china.com.cn or chinanews.com or youth.cn or sina.com.cn or xinhuanet.com or cri.cn or 163.com or cankaoxiaoxi.com or cctv.com or ifeng.com or qq.com or takungpao.com or people.com.cn or southcn.com or southcn.com or cnr.cn or people.com.cn or cyol.com or bjnews.com.cn or gmw.cn or dahe.cn or xfrb.com.cn or cqnews.net or lifeweek.com.cn or cpd.com.cn or haiwainet.cn or yidianzixun.com or ftchinese.com or guancha.cn or zhcw.com or huanqiu.com or ihuawen.com or nytimes.com or flickr.com or quanjing.com or vcg.com or gettyimages.co.uk or paixin.com) 成为 冠军", 
    "totalEstimatedMatches": 100
}