{
    "instrumentation": {
        "_type": "ResponseInstrumentation"
    }, 
    "_type": "Images", 
    "webSearchUrl": "https://www.bing.com/images/search?q=site:(thepaper.cn or chinadaily.com.cn or china.com.cn or chinanews.com or youth.cn or sina.com.cn or xinhuanet.com or cri.cn or 163.com or cankaoxiaoxi.com or cctv.com or ifeng.com or qq.com or takungpao.com or people.com.cn or southcn.com or southcn.com or cnr.cn or people.com.cn or cyol.com or bjnews.com.cn or gmw.cn or dahe.cn or xfrb.com.cn or cqnews.net or lifeweek.com.cn or cpd.com.cn or haiwainet.cn or yidianzixun.com or ftchinese.com or guancha.cn or zhcw.com or huanqiu.com or ihuawen.com or nytimes.com or flickr.com or quanjing.com or vcg.com or gettyimages.co.uk or paixin.com) 杰克 说 房子 整天 起床&FORM=OIIARP", 
    "value": [
        {
            "contentUrl": "http://img1.gtimg.com/news/pics/hv1/211/253/1785/116134351.jpg", 
            "insightsMetadata": {
                "pagesIncludingCount": 2, 
                "availableSizesCount": 1
            }, 
            "height": 333, 
            "accentColor": "9F6A2D", 
            "hostPageDisplayUrl": "news.qq.com/a/20150203/024044.htm", 
            "name": "一家7兄弟3人是渐冻人 老母亲摔伤需救助(图) _新闻_腾讯网", 
            "width": 500, 
            "imageInsightsToken": "ccid_5yOkmGoP*mid_388B42F20848A66FF8BB1EBE0FCEA73D688F0380*simid_608028958171335840*thid_OIP.5yOkmGoPgX2Kr6afQKiLHAHaE7", 
            "imageId": "388B42F20848A66FF8BB1EBE0FCEA73D688F0380", 
            "isFamilyFriendly": true, 
            "datePublished": "2015-02-03T02:25:00.0000000Z", 
            "encodingFormat": "jpeg", 
            "webSearchUrl": "https://www.bing.com/images/search?view=detailv2&FORM=OIIRPO&q=site%3a(thepaper.cn+or+chinadaily.com.cn+or+china.com.cn+or+chinanews.com+or+youth.cn+or+sina.com.cn+or+xinhuanet.com+or+cri.cn+or+163.com+or+cankaoxiaoxi.com+or+cctv.com+or+ifeng.com+or+qq.com+or+takungpao.com+or+people.com.cn+or+southcn.com+or+southcn.com+or+cnr.cn+or+people.com.cn+or+cyol.com+or+bjnews.com.cn+or+gmw.cn+or+dahe.cn+or+xfrb.com.cn+or+cqnews.net+or+lifeweek.com.cn+or+cpd.com.cn+or+haiwainet.cn+or+yidianzixun.com+or+ftchinese.com+or+guancha.cn+or+zhcw.com+or+huanqiu.com+or+ihuawen.com+or+nytimes.com+or+flickr.com+or+quanjing.com+or+vcg.com+or+gettyimages.co.uk+or+paixin.com)+%e6%9d%b0%e5%85%8b+%e8%af%b4+%e6%88%bf%e5%ad%90+%e6%95%b4%e5%a4%a9+%e8%b5%b7%e5%ba%8a&id=388B42F20848A66FF8BB1EBE0FCEA73D688F0380&simid=608028958171335840", 
            "hostPageUrl": "http://news.qq.com/a/20150203/024044.htm", 
            "thumbnailUrl": "https://tse4.mm.bing.net/th?id=OIP.5yOkmGoPgX2Kr6afQKiLHAHaE7&pid=Api", 
            "thumbnail": {
                "width": 474, 
                "height": 315
            }, 
            "contentSize": "39856 B"
        }, 
        {
            "contentUrl": "http://img1.gtimg.com/ninja/0/ninja142348678261972.jpg", 
            "insightsMetadata": {
                "pagesIncludingCount": 3, 
                "availableSizesCount": 2
            }, 
            "height": 396, 
            "accentColor": "AB3020", 
            "hostPageDisplayUrl": "fashion.qq.com/original/ruliu/r195.html", 
            "name": "你以为苏珊大妈只会读盘？_腾讯时尚", 
            "width": 594, 
            "imageInsightsToken": "ccid_+wf1Qs12*mid_FD3FD89809962326059DC0AA896F2941AD974519*simid_607992459570839790*thid_OIP.-wf1Qs12oirevYxWl69jrQHaE8", 
            "imageId": "FD3FD89809962326059DC0AA896F2941AD974519", 
            "isFamilyFriendly": true, 
            "datePublished": "2018-07-02T17:34:00.0000000Z", 
            "encodingFormat": "jpeg", 
            "webSearchUrl": "https://www.bing.com/images/search?view=detailv2&FORM=OIIRPO&q=site%3a(thepaper.cn+or+chinadaily.com.cn+or+china.com.cn+or+chinanews.com+or+youth.cn+or+sina.com.cn+or+xinhuanet.com+or+cri.cn+or+163.com+or+cankaoxiaoxi.com+or+cctv.com+or+ifeng.com+or+qq.com+or+takungpao.com+or+people.com.cn+or+southcn.com+or+southcn.com+or+cnr.cn+or+people.com.cn+or+cyol.com+or+bjnews.com.cn+or+gmw.cn+or+dahe.cn+or+xfrb.com.cn+or+cqnews.net+or+lifeweek.com.cn+or+cpd.com.cn+or+haiwainet.cn+or+yidianzixun.com+or+ftchinese.com+or+guancha.cn+or+zhcw.com+or+huanqiu.com+or+ihuawen.com+or+nytimes.com+or+flickr.com+or+quanjing.com+or+vcg.com+or+gettyimages.co.uk+or+paixin.com)+%e6%9d%b0%e5%85%8b+%e8%af%b4+%e6%88%bf%e5%ad%90+%e6%95%b4%e5%a4%a9+%e8%b5%b7%e5%ba%8a&id=FD3FD89809962326059DC0AA896F2941AD974519&simid=607992459570839790", 
            "hostPageUrl": "http://fashion.qq.com/original/ruliu/r195.html", 
            "thumbnailUrl": "https://tse4.mm.bing.net/th?id=OIP.-wf1Qs12oirevYxWl69jrQHaE8&pid=Api", 
            "thumbnail": {
                "width": 474, 
                "height": 316
            }, 
            "contentSize": "78055 B"
        }, 
        {
            "contentUrl": "http://y2.ifengimg.com/f7553f5880ccd067/2014/0716/rdn_53c6415dc7dfc.jpg", 
            "insightsMetadata": {
                "pagesIncludingCount": 2, 
                "availableSizesCount": 1
            }, 
            "height": 600, 
            "accentColor": "173677", 
            "hostPageDisplayUrl": "gongyi.ifeng.com/news/detail_2014_07/17/37377490_0.shtml", 
            "name": "壹基金明星义工陶虹：治愈心理疾病的最好方式是做义工|陶虹|壹 ...", 
            "width": 950, 
            "imageInsightsToken": "ccid_4+g8vVKD*mid_E95D5D0367DBAE2CFFBA75A4A7DE040FEA7626B1*simid_608005142608677597*thid_OIP.4-g8vVKDxB4r7X!_9KG6nFAHaEr", 
            "imageId": "E95D5D0367DBAE2CFFBA75A4A7DE040FEA7626B1", 
            "isFamilyFriendly": true, 
            "datePublished": "2014-08-05T13:33:00.0000000Z", 
            "encodingFormat": "jpeg", 
            "webSearchUrl": "https://www.bing.com/images/search?view=detailv2&FORM=OIIRPO&q=site%3a(thepaper.cn+or+chinadaily.com.cn+or+china.com.cn+or+chinanews.com+or+youth.cn+or+sina.com.cn+or+xinhuanet.com+or+cri.cn+or+163.com+or+cankaoxiaoxi.com+or+cctv.com+or+ifeng.com+or+qq.com+or+takungpao.com+or+people.com.cn+or+southcn.com+or+southcn.com+or+cnr.cn+or+people.com.cn+or+cyol.com+or+bjnews.com.cn+or+gmw.cn+or+dahe.cn+or+xfrb.com.cn+or+cqnews.net+or+lifeweek.com.cn+or+cpd.com.cn+or+haiwainet.cn+or+yidianzixun.com+or+ftchinese.com+or+guancha.cn+or+zhcw.com+or+huanqiu.com+or+ihuawen.com+or+nytimes.com+or+flickr.com+or+quanjing.com+or+vcg.com+or+gettyimages.co.uk+or+paixin.com)+%e6%9d%b0%e5%85%8b+%e8%af%b4+%e6%88%bf%e5%ad%90+%e6%95%b4%e5%a4%a9+%e8%b5%b7%e5%ba%8a&id=E95D5D0367DBAE2CFFBA75A4A7DE040FEA7626B1&simid=608005142608677597", 
            "hostPageUrl": "http://gongyi.ifeng.com/news/detail_2014_07/17/37377490_0.shtml", 
            "thumbnailUrl": "https://tse4.mm.bing.net/th?id=OIP.4-g8vVKDxB4r7X_9KG6nFAHaEr&pid=Api", 
            "thumbnail": {
                "width": 474, 
                "height": 299
            }, 
            "contentSize": "77174 B"
        }, 
        {
            "contentUrl": "http://i3.sinaimg.cn/dy/cr/2010/0629/2723006416.jpg", 
            "insightsMetadata": {
                "pagesIncludingCount": 2, 
                "availableSizesCount": 1
            }, 
            "height": 300, 
            "accentColor": "3F693E", 
            "hostPageDisplayUrl": "news.sina.com.cn/c/2010-06-29/111417726243s.shtml", 
            "name": "十二岁女孩撑起父亲的天_新闻中心_新浪网", 
            "width": 450, 
            "imageInsightsToken": "ccid_DoKBF/lp*mid_B7A66E60E2ECB75759B2C9AB60448F3887854016*simid_608032179419941798*thid_OIP.DoKBF!_lp15RnTuQ328r2fQHaE8", 
            "imageId": "B7A66E60E2ECB75759B2C9AB60448F3887854016", 
            "isFamilyFriendly": true, 
            "datePublished": "2011-03-13T14:10:00.0000000Z", 
            "encodingFormat": "jpeg", 
            "webSearchUrl": "https://www.bing.com/images/search?view=detailv2&FORM=OIIRPO&q=site%3a(thepaper.cn+or+chinadaily.com.cn+or+china.com.cn+or+chinanews.com+or+youth.cn+or+sina.com.cn+or+xinhuanet.com+or+cri.cn+or+163.com+or+cankaoxiaoxi.com+or+cctv.com+or+ifeng.com+or+qq.com+or+takungpao.com+or+people.com.cn+or+southcn.com+or+southcn.com+or+cnr.cn+or+people.com.cn+or+cyol.com+or+bjnews.com.cn+or+gmw.cn+or+dahe.cn+or+xfrb.com.cn+or+cqnews.net+or+lifeweek.com.cn+or+cpd.com.cn+or+haiwainet.cn+or+yidianzixun.com+or+ftchinese.com+or+guancha.cn+or+zhcw.com+or+huanqiu.com+or+ihuawen.com+or+nytimes.com+or+flickr.com+or+quanjing.com+or+vcg.com+or+gettyimages.co.uk+or+paixin.com)+%e6%9d%b0%e5%85%8b+%e8%af%b4+%e6%88%bf%e5%ad%90+%e6%95%b4%e5%a4%a9+%e8%b5%b7%e5%ba%8a&id=B7A66E60E2ECB75759B2C9AB60448F3887854016&simid=608032179419941798", 
            "hostPageUrl": "http://news.sina.com.cn/c/2010-06-29/111417726243s.shtml", 
            "thumbnailUrl": "https://tse2.mm.bing.net/th?id=OIP.DoKBF_lp15RnTuQ328r2fQHaE8&pid=Api", 
            "thumbnail": {
                "width": 474, 
                "height": 316
            }, 
            "contentSize": "19866 B"
        }, 
        {
            "contentUrl": "https://n.sinaimg.cn/tech/crawl/146/w550h396/20190114/Wh3d-hrpcmqw5045722.jpg", 
            "insightsMetadata": {
                "pagesIncludingCount": 1, 
                "availableSizesCount": 1
            }, 
            "height": 396, 
            "accentColor": "4E5C70", 
            "hostPageDisplayUrl": "https://tech.sina.com.cn/it/2019-01-14/doc...", 
            "name": "守成者库克:沿着乔布斯的步伐 开创属于他的苹果时代|库克|苹果 ...", 
            "width": 550, 
            "imageInsightsToken": "ccid_Cb/UdaaU*mid_B72FBFFE8F826141A8C8483004201963721C6B6E*simid_607995809645268938*thid_OIP.Cb!_UdaaUgfuJbegj8kj64QHaFV", 
            "imageId": "B72FBFFE8F826141A8C8483004201963721C6B6E", 
            "isFamilyFriendly": true, 
            "datePublished": "2019-01-14T02:09:00.0000000Z", 
            "encodingFormat": "jpeg", 
            "webSearchUrl": "https://www.bing.com/images/search?view=detailv2&FORM=OIIRPO&q=site%3a(thepaper.cn+or+chinadaily.com.cn+or+china.com.cn+or+chinanews.com+or+youth.cn+or+sina.com.cn+or+xinhuanet.com+or+cri.cn+or+163.com+or+cankaoxiaoxi.com+or+cctv.com+or+ifeng.com+or+qq.com+or+takungpao.com+or+people.com.cn+or+southcn.com+or+southcn.com+or+cnr.cn+or+people.com.cn+or+cyol.com+or+bjnews.com.cn+or+gmw.cn+or+dahe.cn+or+xfrb.com.cn+or+cqnews.net+or+lifeweek.com.cn+or+cpd.com.cn+or+haiwainet.cn+or+yidianzixun.com+or+ftchinese.com+or+guancha.cn+or+zhcw.com+or+huanqiu.com+or+ihuawen.com+or+nytimes.com+or+flickr.com+or+quanjing.com+or+vcg.com+or+gettyimages.co.uk+or+paixin.com)+%e6%9d%b0%e5%85%8b+%e8%af%b4+%e6%88%bf%e5%ad%90+%e6%95%b4%e5%a4%a9+%e8%b5%b7%e5%ba%8a&id=B72FBFFE8F826141A8C8483004201963721C6B6E&simid=607995809645268938", 
            "hostPageUrl": "https://tech.sina.com.cn/it/2019-01-14/doc-ihqfskcn6894981.shtml", 
            "thumbnailUrl": "https://tse2.mm.bing.net/th?id=OIP.Cb_UdaaUgfuJbegj8kj64QHaFV&pid=Api", 
            "thumbnail": {
                "width": 474, 
                "height": 341
            }, 
            "contentSize": "29301 B"
        }, 
        {
            "contentUrl": "http://himg2.huanqiu.com/attachment2010/2018/1126/20181126100729761.jpg", 
            "insightsMetadata": {
                "pagesIncludingCount": 3, 
                "availableSizesCount": 1
            }, 
            "height": 540, 
            "accentColor": "957036", 
            "hostPageDisplayUrl": "society.huanqiu.com/article/2018-11/13641398.html", 
            "name": "一诺千金说的就是这样的男人！朋友去世，他照顾俩孩子整整18年 ...", 
            "width": 720, 
            "imageInsightsToken": "ccid_WgLt5p7y*mid_91A6A5CAB494BB329B58C059AA560D4FEEAC0D33*simid_608052060783904258*thid_OIP.WgLt5p7y9Q9yW-sWzpeBpAHaFj", 
            "imageId": "91A6A5CAB494BB329B58C059AA560D4FEEAC0D33", 
            "isFamilyFriendly": true, 
            "datePublished": "2018-11-26T02:19:00.0000000Z", 
            "encodingFormat": "jpeg", 
            "webSearchUrl": "https://www.bing.com/images/search?view=detailv2&FORM=OIIRPO&q=site%3a(thepaper.cn+or+chinadaily.com.cn+or+china.com.cn+or+chinanews.com+or+youth.cn+or+sina.com.cn+or+xinhuanet.com+or+cri.cn+or+163.com+or+cankaoxiaoxi.com+or+cctv.com+or+ifeng.com+or+qq.com+or+takungpao.com+or+people.com.cn+or+southcn.com+or+southcn.com+or+cnr.cn+or+people.com.cn+or+cyol.com+or+bjnews.com.cn+or+gmw.cn+or+dahe.cn+or+xfrb.com.cn+or+cqnews.net+or+lifeweek.com.cn+or+cpd.com.cn+or+haiwainet.cn+or+yidianzixun.com+or+ftchinese.com+or+guancha.cn+or+zhcw.com+or+huanqiu.com+or+ihuawen.com+or+nytimes.com+or+flickr.com+or+quanjing.com+or+vcg.com+or+gettyimages.co.uk+or+paixin.com)+%e6%9d%b0%e5%85%8b+%e8%af%b4+%e6%88%bf%e5%ad%90+%e6%95%b4%e5%a4%a9+%e8%b5%b7%e5%ba%8a&id=91A6A5CAB494BB329B58C059AA560D4FEEAC0D33&simid=608052060783904258", 
            "hostPageUrl": "http://society.huanqiu.com/article/2018-11/13641398.html", 
            "thumbnailUrl": "https://tse1.mm.bing.net/th?id=OIP.WgLt5p7y9Q9yW-sWzpeBpAHaFj&pid=Api", 
            "thumbnail": {
                "width": 474, 
                "height": 355
            }, 
            "contentSize": "98568 B"
        }, 
        {
            "contentUrl": "http://i1.sinaimg.cn/dy/cr/2010/0629/2721959891.jpg", 
            "insightsMetadata": {
                "pagesIncludingCount": 1, 
                "availableSizesCount": 1
            }, 
            "height": 300, 
            "accentColor": "713126", 
            "hostPageDisplayUrl": "news.sina.com.cn/c/2010-06-29/111417726243s.shtml", 
            "name": "十二岁女孩撑起父亲的天_新闻中心_新浪网", 
            "width": 450, 
            "imageInsightsToken": "ccid_uTQqT0Wh*mid_B7A66E60E2ECB75759B2EAB10A83D7BF3CA328DD*simid_608048272680748142*thid_OIP.uTQqT0WhNf2KLdXdZl!_!_iQHaE8", 
            "imageId": "B7A66E60E2ECB75759B2EAB10A83D7BF3CA328DD", 
            "isFamilyFriendly": true, 
            "datePublished": "2011-03-13T14:10:00.0000000Z", 
            "encodingFormat": "jpeg", 
            "webSearchUrl": "https://www.bing.com/images/search?view=detailv2&FORM=OIIRPO&q=site%3a(thepaper.cn+or+chinadaily.com.cn+or+china.com.cn+or+chinanews.com+or+youth.cn+or+sina.com.cn+or+xinhuanet.com+or+cri.cn+or+163.com+or+cankaoxiaoxi.com+or+cctv.com+or+ifeng.com+or+qq.com+or+takungpao.com+or+people.com.cn+or+southcn.com+or+southcn.com+or+cnr.cn+or+people.com.cn+or+cyol.com+or+bjnews.com.cn+or+gmw.cn+or+dahe.cn+or+xfrb.com.cn+or+cqnews.net+or+lifeweek.com.cn+or+cpd.com.cn+or+haiwainet.cn+or+yidianzixun.com+or+ftchinese.com+or+guancha.cn+or+zhcw.com+or+huanqiu.com+or+ihuawen.com+or+nytimes.com+or+flickr.com+or+quanjing.com+or+vcg.com+or+gettyimages.co.uk+or+paixin.com)+%e6%9d%b0%e5%85%8b+%e8%af%b4+%e6%88%bf%e5%ad%90+%e6%95%b4%e5%a4%a9+%e8%b5%b7%e5%ba%8a&id=B7A66E60E2ECB75759B2EAB10A83D7BF3CA328DD&simid=608048272680748142", 
            "hostPageUrl": "http://news.sina.com.cn/c/2010-06-29/111417726243s.shtml", 
            "thumbnailUrl": "https://tse2.mm.bing.net/th?id=OIP.uTQqT0WhNf2KLdXdZl__iQHaE8&pid=Api", 
            "thumbnail": {
                "width": 474, 
                "height": 316
            }, 
            "contentSize": "21732 B"
        }, 
        {
            "contentUrl": "http://e0.ifengimg.com/02/2018/1126/9878664A19828F7B06235F4D7C4293C7B9A2AE66_size54_w720_h540.jpeg", 
            "insightsMetadata": {
                "pagesIncludingCount": 1, 
                "availableSizesCount": 1
            }, 
            "height": 540, 
            "accentColor": "BB101C", 
            "hostPageDisplayUrl": "news.ifeng.com/a/20181126/60174256_0.shtml", 
            "name": "朋友去世，他照顾俩孩子整整18年_暖新闻", 
            "width": 720, 
            "imageInsightsToken": "ccid_GDmdSj20*mid_46966BA5F890AF653CC44AB74632CE73A9290427*simid_608034163697451078*thid_OIP.GDmdSj20NJHK6nCWkaJbHQHaFj", 
            "imageId": "46966BA5F890AF653CC44AB74632CE73A9290427", 
            "isFamilyFriendly": true, 
            "datePublished": "2018-11-26T06:58:00.0000000Z", 
            "encodingFormat": "jpeg", 
            "webSearchUrl": "https://www.bing.com/images/search?view=detailv2&FORM=OIIRPO&q=site%3a(thepaper.cn+or+chinadaily.com.cn+or+china.com.cn+or+chinanews.com+or+youth.cn+or+sina.com.cn+or+xinhuanet.com+or+cri.cn+or+163.com+or+cankaoxiaoxi.com+or+cctv.com+or+ifeng.com+or+qq.com+or+takungpao.com+or+people.com.cn+or+southcn.com+or+southcn.com+or+cnr.cn+or+people.com.cn+or+cyol.com+or+bjnews.com.cn+or+gmw.cn+or+dahe.cn+or+xfrb.com.cn+or+cqnews.net+or+lifeweek.com.cn+or+cpd.com.cn+or+haiwainet.cn+or+yidianzixun.com+or+ftchinese.com+or+guancha.cn+or+zhcw.com+or+huanqiu.com+or+ihuawen.com+or+nytimes.com+or+flickr.com+or+quanjing.com+or+vcg.com+or+gettyimages.co.uk+or+paixin.com)+%e6%9d%b0%e5%85%8b+%e8%af%b4+%e6%88%bf%e5%ad%90+%e6%95%b4%e5%a4%a9+%e8%b5%b7%e5%ba%8a&id=46966BA5F890AF653CC44AB74632CE73A9290427&simid=608034163697451078", 
            "hostPageUrl": "http://news.ifeng.com/a/20181126/60174256_0.shtml", 
            "thumbnailUrl": "https://tse3.mm.bing.net/th?id=OIP.GDmdSj20NJHK6nCWkaJbHQHaFj&pid=Api", 
            "thumbnail": {
                "width": 474, 
                "height": 355
            }, 
            "contentSize": "55529 B"
        }, 
        {
            "contentUrl": "http://b253.photo.store.qq.com/psb?/V13oyaUx314ezl/MUqcU9SVhv4Yink*mMeqg6Qym5VfBhKPxkdXsLC4X0A!/b/dBL12JbVFAAA&bo=IAMWAgAAAAABABA!", 
            "insightsMetadata": {
                "pagesIncludingCount": 2, 
                "availableSizesCount": 2
            }, 
            "height": 534, 
            "accentColor": "B1201A", 
            "hostPageDisplayUrl": "blog.qq.com/qzone/622006316/1366665566.htm", 
            "name": "认证空间 -- 感恩中国 -- 腾讯博客 [http://owecn.qzone.qq.com]", 
            "width": 800, 
            "imageInsightsToken": "ccid_4j43JBb7*mid_37EB5D2A8A94EB6A219900E2AB2543D49745E25F*simid_608005726708893568*thid_OIP.4j43JBb7Lp1EkRiHVTJOAQHaE8", 
            "imageId": "37EB5D2A8A94EB6A219900E2AB2543D49745E25F", 
            "isFamilyFriendly": true, 
            "datePublished": "2017-03-10T03:18:00.0000000Z", 
            "encodingFormat": "jpeg", 
            "webSearchUrl": "https://www.bing.com/images/search?view=detailv2&FORM=OIIRPO&q=site%3a(thepaper.cn+or+chinadaily.com.cn+or+china.com.cn+or+chinanews.com+or+youth.cn+or+sina.com.cn+or+xinhuanet.com+or+cri.cn+or+163.com+or+cankaoxiaoxi.com+or+cctv.com+or+ifeng.com+or+qq.com+or+takungpao.com+or+people.com.cn+or+southcn.com+or+southcn.com+or+cnr.cn+or+people.com.cn+or+cyol.com+or+bjnews.com.cn+or+gmw.cn+or+dahe.cn+or+xfrb.com.cn+or+cqnews.net+or+lifeweek.com.cn+or+cpd.com.cn+or+haiwainet.cn+or+yidianzixun.com+or+ftchinese.com+or+guancha.cn+or+zhcw.com+or+huanqiu.com+or+ihuawen.com+or+nytimes.com+or+flickr.com+or+quanjing.com+or+vcg.com+or+gettyimages.co.uk+or+paixin.com)+%e6%9d%b0%e5%85%8b+%e8%af%b4+%e6%88%bf%e5%ad%90+%e6%95%b4%e5%a4%a9+%e8%b5%b7%e5%ba%8a&id=37EB5D2A8A94EB6A219900E2AB2543D49745E25F&simid=608005726708893568", 
            "hostPageUrl": "http://blog.qq.com/qzone/622006316/1366665566.htm", 
            "thumbnailUrl": "https://tse4.mm.bing.net/th?id=OIP.4j43JBb7Lp1EkRiHVTJOAQHaE8&pid=Api", 
            "thumbnail": {
                "width": 474, 
                "height": 316
            }, 
            "contentSize": "143268 B"
        }, 
        {
            "contentUrl": "http://n.sinaimg.cn/fashion/transform/20160318/8K3a-fxqnski7722640.jpg", 
            "insightsMetadata": {
                "pagesIncludingCount": 7, 
                "availableSizesCount": 5
            }, 
            "height": 458, 
            "accentColor": "AC251F", 
            "hostPageDisplayUrl": "fashion.sina.com.cn/d/ft/2016-03-23/0746/doc...", 
            "name": "良好的饮食习惯|王昕|减肥|有氧运动_新浪时尚_新浪网", 
            "width": 550, 
            "imageInsightsToken": "ccid_aCoS0KBw*mid_D47FCC3522D5D53D367210DC61912355A1AECC2F*simid_608030422778054503*thid_OIP.aCoS0KBw7XGptWfoFID8lgHaGK", 
            "imageId": "D47FCC3522D5D53D367210DC61912355A1AECC2F", 
            "isFamilyFriendly": true, 
            "datePublished": "2016-03-23T14:58:00.0000000Z", 
            "encodingFormat": "jpeg", 
            "webSearchUrl": "https://www.bing.com/images/search?view=detailv2&FORM=OIIRPO&q=site%3a(thepaper.cn+or+chinadaily.com.cn+or+china.com.cn+or+chinanews.com+or+youth.cn+or+sina.com.cn+or+xinhuanet.com+or+cri.cn+or+163.com+or+cankaoxiaoxi.com+or+cctv.com+or+ifeng.com+or+qq.com+or+takungpao.com+or+people.com.cn+or+southcn.com+or+southcn.com+or+cnr.cn+or+people.com.cn+or+cyol.com+or+bjnews.com.cn+or+gmw.cn+or+dahe.cn+or+xfrb.com.cn+or+cqnews.net+or+lifeweek.com.cn+or+cpd.com.cn+or+haiwainet.cn+or+yidianzixun.com+or+ftchinese.com+or+guancha.cn+or+zhcw.com+or+huanqiu.com+or+ihuawen.com+or+nytimes.com+or+flickr.com+or+quanjing.com+or+vcg.com+or+gettyimages.co.uk+or+paixin.com)+%e6%9d%b0%e5%85%8b+%e8%af%b4+%e6%88%bf%e5%ad%90+%e6%95%b4%e5%a4%a9+%e8%b5%b7%e5%ba%8a&id=D47FCC3522D5D53D367210DC61912355A1AECC2F&simid=608030422778054503", 
            "hostPageUrl": "http://fashion.sina.com.cn/d/ft/2016-03-23/0746/doc-ifxqnski7719070-p4.shtml", 
            "thumbnailUrl": "https://tse4.mm.bing.net/th?id=OIP.aCoS0KBw7XGptWfoFID8lgHaGK&pid=Api", 
            "thumbnail": {
                "width": 474, 
                "height": 394
            }, 
            "contentSize": "28000 B"
        }
    ], 
    "nextOffset": 27, 
    "queryContext": {
        "alterationMethod": "AM_JustChangeIt", 
        "alterationType": "CombinedAlterations", 
        "originalQuery": "site:(thepaper.cn or chinadaily.com.cn or china.com.cn or chinanews.com or youth.cn or sina.com.cn or xinhuanet.com or cri.cn or 163.com or cankaoxiaoxi.com or cctv.com or ifeng.com or qq.com or takungpao.com or people.com.cn or southcn.com or southcn.com or cnr.cn or people.com.cn or cyol.com or bjnews.com.cn or gmw.cn or dahe.cn or xfrb.com.cn or cqnews.net or lifeweek.com.cn or cpd.com.cn or haiwainet.cn or yidianzixun.com or ftchinese.com or guancha.cn or zhcw.com or huanqiu.com or ihuawen.com or nytimes.com or flickr.com or quanjing.com or vcg.com or gettyimages.co.uk or paixin.com) 杰克 说 房子 整天 起床", 
        "alterationOverrideQuery": "+site:(thepaper.cn or chinadaily.com.cn or china.com.cn or chinanews.com or youth.cn or sina.com.cn or xinhuanet.com or cri.cn or 163.com or cankaoxiaoxi.com or cctv.com or ifeng.com or qq.com or takungpao.com or people.com.cn or southcn.com or southcn.com or cnr.cn or people.com.cn or cyol.com or bjnews.com.cn or gmw.cn or dahe.cn or xfrb.com.cn or cqnews.net or lifeweek.com.cn or cpd.com.cn or haiwainet.cn or yidianzixun.com or ftchinese.com or guancha.cn or zhcw.com or huanqiu.com or ihuawen.com or nytimes.com or flickr.com or quanjing.com or vcg.com or gettyimages.co.uk or paixin.com) 杰克 说 房子 整天 起床", 
        "alterationDisplayQuery": "杰克 说 房 整天 起床"
    }, 
    "currentOffset": 0, 
    "readLink": "images/search?q=site:(thepaper.cn or chinadaily.com.cn or china.com.cn or chinanews.com or youth.cn or sina.com.cn or xinhuanet.com or cri.cn or 163.com or cankaoxiaoxi.com or cctv.com or ifeng.com or qq.com or takungpao.com or people.com.cn or southcn.com or southcn.com or cnr.cn or people.com.cn or cyol.com or bjnews.com.cn or gmw.cn or dahe.cn or xfrb.com.cn or cqnews.net or lifeweek.com.cn or cpd.com.cn or haiwainet.cn or yidianzixun.com or ftchinese.com or guancha.cn or zhcw.com or huanqiu.com or ihuawen.com or nytimes.com or flickr.com or quanjing.com or vcg.com or gettyimages.co.uk or paixin.com) 杰克 说 房子 整天 起床", 
    "totalEstimatedMatches": 27
}